Date,eligible_count,effective_entry_k,gross_nav,gross_free_cash,gross_margin_debt,gross_long_value,gross_short_liability,gross_short_collateral,gross_short_proceeds,gross_long_count,gross_short_count,gross_gross_exposure,gross_net_exposure,gross_borrow_cost,gross_status,gross_performance_valid,gross_return,gross_turnover,gross_transaction_cost,gross_cumulative_transaction_cost,gross_planned_entry_budget,gross_planned_exit_count,net_nav,net_free_cash,net_margin_debt,net_long_value,net_short_liability,net_short_collateral,net_short_proceeds,net_long_count,net_short_count,net_gross_exposure,net_net_exposure,net_borrow_cost,net_status,net_performance_valid,net_return,net_turnover,net_transaction_cost,net_cumulative_transaction_cost,net_planned_entry_budget,net_planned_exit_count,rank_ic
2024-01-02,492,20,1000000.0,1000000.0,0.0,0.0,0.0,0.0,0.0,0,0,0.0,0.0,0.0,resolved,True,,0.0,0.0,0.0,1000000.0,0,1000000.0,1000000.0,0.0,0.0,0.0,0.0,0.0,0,0,0.0,0.0,0.0,resolved,True,,0.0,0.0,0.0,1000000.0,0,-0.07545108224272357
2024-01-03,492,20,1003834.0020418591,0.0,0.0,499310.1072581781,495476.1052163189,500000.0,500000.0,20,20,0.9909867671856519,0.0038193586131378405,0.0,resolved,True,0.0038340020418590193,1.0,0.0,0.0,0.0,7,1003834.0020418591,0.0,0.0,499310.1072581781,495476.1052163189,500000.0,500000.0,20,20,0.9909867671856519,0.0038193586131378405,0.0,resolved,True,0.0038340020418590193,1.0,0.0,0.0,0.0,7,0.11529186483121423
2024-01-04,492,20,1002877.1309157371,175648.8637687819,0.0,473352.69792206003,346124.4307751047,350000.0,350000.0,19,14,0.8171261497895479,0.12686326492536723,0.0,resolved,True,-0.0009532164921447484,0.17377866742751258,0.0,0.0,175648.8637687819,11,1002877.1309157371,175648.8637687819,0.0,473352.69792206003,346124.4307751047,350000.0,350000.0,19,14,0.8171261497895479,0.12686326492536723,0.0,resolved,True,-0.0009532164921447484,0.17377866742751258,0.0,0.0,175648.8637687819,11,-0.17800986268786195
2024-01-05,492,20,1001675.1412178373,280471.7437419696,0.0,409990.6066042115,314436.0728971262,312824.4318843912,312824.4318843912,27,25,0.7232151919239797,0.09539473405610328,0.0,resolved,True,-0.0011985413375636966,0.4482578913485419,0.0,0.0,280471.7437419696,16,1001675.1412178373,280471.7437419696,0.0,409990.6066042115,314436.0728971262,312824.4318843912,312824.4318843912,27,25,0.7232151919239797,0.09539473405610328,0.0,resolved,True,-0.0011985413375636966,0.4482578913485419,0.0,0.0,280471.7437419696,16,0.1394683504937734
2024-01-08,492,20,1008339.5542446625,180279.3153078042,0.0,443989.6980312853,395702.73703986115,389886.6389727171,389886.6389727171,31,24,0.8327476905338222,0.04788759975561552,0.0,resolved,True,0.006653267863593548,0.4591973497388078,0.0,0.0,180279.3153078042,32,1008339.5542446625,180279.3153078042,0.0,443989.6980312853,395702.73703986115,389886.6389727171,389886.6389727171,31,24,0.8327476905338222,0.04788759975561552,0.0,resolved,True,0.006653267863593548,0.4591973497388078,0.0,0.0,180279.3153078042,32,0.017030151192638385
2024-01-09,492,20,1008287.5731548561,472634.4532489858,0.0,160829.5637149296,379128.1236233142,376975.83990712743,376975.83990712743,27,27,0.5355195300570419,-0.21650426497407363,0.0,resolved,True,-5.155117597799297e-05,0.6482793249440572,0.0,0.0,472634.4532489858,16,1008287.5731548561,472634.4532489858,0.0,160829.5637149296,379128.1236233142,376975.83990712743,376975.83990712743,27,27,0.5355195300570419,-0.21650426497407363,0.0,resolved,True,-5.155117597799297e-05,0.6482793249440572,0.0,0.0,472634.4532489858,16,0.13362566826226177
2024-01-10,492,20,1010866.4542833464,105408.9007666427,0.0,339238.5984491609,569301.6935124295,567760.3242899862,567760.3242899862,31,34,0.8987738074716307,-0.22758999874654237,0.0,resolved,True,0.0025576841341217182,0.571613894439388,0.0,0.0,105408.9007666427,33,1010866.4542833464,105408.9007666427,0.0,339238.5984491609,569301.6935124295,567760.3242899862,567760.3242899862,31,34,0.8987738074716307,-0.22758999874654237,0.0,resolved,True,0.0025576841341217182,0.571613894439388,0.0,0.0,105408.9007666427,33,0.07497222047572555
2024-01-11,492,20,1014173.7037275753,462687.0617384296,0.0,203681.0717390138,346438.9820987701,347122.27617445105,347122.27617445105,29,30,0.542431786404862,-0.14076278041429435,0.0,resolved,True,0.0032716976908424567,0.5585503846802031,0.0,0.0,462687.0617384296,30,1014173.7037275753,462687.0617384296,0.0,203681.0717390138,346438.9820987701,347122.27617445105,347122.27617445105,29,30,0.542431786404862,-0.14076278041429435,0.0,resolved,True,0.0032716976908424567,0.5585503846802031,0.0,0.0,462687.0617384296,30,0.1316920000798502
2024-01-12,492,20,1021462.0276506274,241429.45693613013,0.0,322399.53378513694,441555.3039161888,449594.17042277456,449594.17042277456,25,31,0.7479033160522172,-0.11665217786422395,0.0,resolved,True,0.007186465095933903,0.6929370457255015,0.0,0.0,241429.45693613013,33,1021462.0276506274,241429.45693613013,0.0,322399.53378513694,441555.3039161888,449594.17042277456,449594.17042277456,25,31,0.7479033160522172,-0.11665217786422395,0.0,resolved,True,0.007186465095933903,0.6929370457255015,0.0,0.0,241429.45693613013,33,0.20703799275537457
2024-01-16,492,20,1025817.8507112123,474106.4572138487,0.0,289242.1643605012,255186.30834840448,258827.76874263337,258827.76874263337,28,25,0.5307262613254845,0.033198736002191226,0.0,resolved,True,0.00426430248278864,0.683214243648706,0.0,0.0,474106.4572138487,25,1025817.8507112123,474106.4572138487,0.0,289242.1643605012,255186.30834840448,258827.76874263337,258827.76874263337,28,25,0.5307262613254845,0.033198736002191226,0.0,resolved,True,0.00426430248278864,0.683214243648706,0.0,0.0,474106.4572138487,25,0.08270575401438927
2024-01-17,492,20,1029167.9559110845,230095.21432914972,0.0,416578.4648704578,374923.02988627175,378708.65329887444,378708.65329887444,31,28,0.7690693148875223,0.04047486588067159,0.0,resolved,True,0.003265789533248631,0.6787436615179113,0.0,0.0,230095.21432914972,35,1029167.9559110845,230095.21432914972,0.0,416578.4648704578,374923.02988627175,378708.65329887444,378708.65329887444,31,28,0.7690693148875223,0.04047486588067159,0.0,resolved,True,0.003265789533248631,0.6787436615179113,0.0,0.0,230095.21432914972,35,0.19536356995828008
2024-01-18,492,20,1028474.7214905445,459133.9665272748,0.0,299813.4534795183,274311.8309648025,271919.5662242769,271919.5662242769,28,25,0.5582298450780144,0.024795575410698396,0.0,resolved,True,-0.0006735872571220769,0.6631092582519357,0.0,0.0,459133.9665272748,36,1028474.7214905445,459133.9665272748,0.0,299813.4534795183,274311.8309648025,271919.5662242769,271919.5662242769,28,25,0.5582298450780144,0.024795575410698396,0.0,resolved,True,-0.0006735872571220769,0.6631092582519357,0.0,0.0,459133.9665272748,36,-0.029950962623343857
2024-01-19,492,20,1036458.6023188117,338978.1982768177,0.0,314654.2887952068,386830.94085586077,384828.528051324,384828.528051324,23,24,0.6768096941659545,-0.0696377567798435,0.0,resolved,True,0.007762836228678793,0.7758073869037261,0.0,0.0,338978.1982768177,26,1036458.6023188117,338978.1982768177,0.0,314654.2887952068,386830.94085586077,384828.528051324,384828.528051324,23,24,0.6768096941659545,-0.0696377567798435,0.0,resolved,True,0.007762836228678793,0.7758073869037261,0.0,0.0,338978.1982768177,26,-0.09952173020990322
2024-01-22,492,20,1039810.1193475233,338357.75108871143,0.0,284753.04304034973,414905.47706943064,415802.40114394634,415802.40114394634,22,26,0.6728714282457775,-0.12516942430869113,0.0,resolved,True,0.003233623630710891,0.6581304936423571,0.0,0.0,338357.75108871143,23,1039810.1193475233,338357.75108871143,0.0,284753.04304034973,414905.47706943064,415802.40114394634,415802.40114394634,22,26,0.6728714282457775,-0.12516942430869113,0.0,resolved,True,0.003233623630710891,0.6581304936423571,0.0,0.0,338357.75108871143,23,0.07843964474748329
2024-01-23,492,20,1040282.8731870258,311651.09820717585,0.0,339458.7985144452,395942.1342790292,392557.5553722169,392557.5553722169,29,27,0.7069240028344304,-0.05429613158153882,0.0,resolved,True,0.0004546540091368012,0.6172799156682572,0.0,0.0,311651.09820717585,24,1040282.8731870258,311651.09820717585,0.0,339458.7985144452,395942.1342790292,392557.5553722169,392557.5553722169,29,27,0.7069240028344304,-0.05429613158153882,0.0,resolved,True,0.0004546540091368012,0.6172799156682572,0.0,0.0,311651.09820717585,24,0.08788301560132399
2024-01-24,492,20,1043931.1727522917,243946.4667185941,0.0,346425.2585818176,456985.9089633172,455272.6782075986,455272.6782075986,28,27,0.7696016638979816,-0.10590798825367954,0.0,resolved,True,0.003507026462993501,0.5308823755793036,0.0,0.0,243946.46671859408,22,1043931.1727522917,243946.4667185941,0.0,346425.2585818176,456985.9089633172,455272.6782075986,455272.6782075986,28,27,0.7696016638979816,-0.10590798825367954,0.0,resolved,True,0.003507026462993501,0.5308823755793036,0.0,0.0,243946.46671859408,22,0.09108962757531995
2024-01-25,492,20,1036549.3952363215,269815.73259114986,0.0,343880.7641842269,428402.40513277845,425627.6517968615,425627.6517968615,29,29,0.7450519703799872,-0.08154135378110135,0.0,resolved,True,-0.007071134293756498,0.49204081250959925,0.0,0.0,269815.73259114986,36,1036549.3952363215,269815.73259114986,0.0,343880.7641842269,428402.40513277845,425627.6517968615,425627.6517968615,29,29,0.7450519703799872,-0.08154135378110135,0.0,resolved,True,-0.007071134293756498,0.49204081250959925,0.0,0.0,269815.73259114986,36,-0.06319036172355762
2024-01-26,492,20,1037674.0470387497,475114.4553290976,0.0,233088.67127134957,337275.2658900955,333373.09316419903,333373.09316419903,24,25,0.5496561649480534,-0.10040397070358194,0.0,resolved,True,0.001084995859914395,0.7161647584306939,0.0,0.0,475114.4553290976,21,1037674.0470387497,475114.4553290976,0.0,233088.67127134957,337275.2658900955,333373.09316419903,333373.09316419903,24,25,0.5496561649480534,-0.10040397070358194,0.0,resolved,True,0.001084995859914395,0.7161647584306939,0.0,0.0,475114.4553290976,21,0.15226969800398976
2024-01-29,492,20,1035878.7027074106,256184.4864444481,0.0,333604.44122021727,458462.58856198686,452276.181802366,452276.181802366,27,27,0.7646329900518553,-0.1205335595909403,0.0,resolved,True,-0.0017301621221640362,0.7102542170715519,0.0,0.0,256184.4864444481,32,1035878.7027074106,256184.4864444481,0.0,333604.44122021727,458462.58856198686,452276.181802366,452276.181802366,27,27,0.7646329900518553,-0.1205335595909403,0.0,resolved,True,-0.0017301621221640362,0.7102542170715519,0.0,0.0,256184.4864444481,32,0.3136799496523352
2024-01-30,492,20,1039977.5556096188,384704.02135163615,0.0,194314.85518205533,467327.641753909,464143.16041491815,464143.16041491815,22,27,0.636208438698583,-0.2625179602186874,0.0,resolved,True,0.00395688500158875,0.6168566981465046,0.0,0.0,384704.02135163615,27,1039977.5556096188,384704.02135163615,0.0,194314.85518205533,467327.641753909,464143.16041491815,464143.16041491815,22,27,0.636208438698583,-0.2625179602186874,0.0,resolved,True,0.00395688500158875,0.6168566981465046,0.0,0.0,384704.02135163615,27,0.03458143218130647
2024-01-31,492,20,1046473.5070121057,297590.13820326445,0.0,269057.9376179955,470726.10105378216,475275.76612231386,475275.76612231386,26,28,0.7069304991619054,-0.19271215380462925,0.0,resolved,True,0.0062462419188258345,0.651646817448894,0.0,0.0,297590.13820326445,23,1046473.5070121057,297590.13820326445,0.0,269057.9376179955,470726.10105378216,475275.76612231386,475275.76612231386,26,28,0.7069304991619054,-0.19271215380462925,0.0,resolved,True,0.0062462419188258345,0.651646817448894,0.0,0.0,297590.13820326445,23,0.015546558361791817
2024-02-01,492,20,1046792.7509991594,274127.35291404044,0.0,341297.9233288414,435592.6580783548,433480.06641731615,433480.06641731615,28,28,0.7421627448849424,-0.09007965966473254,0.0,resolved,True,0.0003050664779515877,0.5399316861498863,0.0,0.0,274127.35291404044,28,1046792.7509991594,274127.35291404044,0.0,341297.9233288414,435592.6580783548,433480.06641731615,433480.06641731615,28,28,0.7421627448849424,-0.09007965966473254,0.0,resolved,True,0.0003050664779515877,0.5399316861498863,0.0,0.0,274127.35291404044,28,0.13394177436424534
2024-02-02,492,20,1056521.6968000894,377045.8680403229,0.0,240519.2874976291,446211.79289892653,442584.16708053194,442584.16708053194,24,32,0.6499924066646934,-0.19468838739827385,0.0,resolved,True,0.009294051560486905,0.6173166435996349,0.0,0.0,377045.8680403229,27,1056521.6968000894,377045.8680403229,0.0,240519.2874976291,446211.79289892653,442584.16708053194,442584.16708053194,24,32,0.6499924066646934,-0.19468838739827385,0.0,resolved,True,0.009294051560486905,0.6173166435996349,0.0,0.0,377045.8680403229,27,0.028129310401076333
2024-02-05,492,20,1059342.2672042944,341987.24294779706,0.0,297568.5244142194,410656.1529570401,415221.3263996591,415221.3263996591,26,31,0.6685513259471202,-0.10675268234247819,0.0,resolved,True,0.0026696757981854446,0.6870741537510541,0.0,0.0,341987.24294779706,27,1059342.2672042944,341987.24294779706,0.0,297568.5244142194,410656.1529570401,415221.3263996591,415221.3263996591,26,31,0.6685513259471202,-0.10675268234247819,0.0,resolved,True,0.0026696757981854446,0.6870741537510541,0.0,0.0,341987.24294779706,27,-0.016469330631353574
2024-02-06,492,20,1052724.195532578,288389.27082335413,0.0,309394.5154864648,465197.73236643354,460069.07079459634,460069.07079459634,26,31,0.7357978957261722,-0.14800003414108592,0.0,resolved,True,-0.006247340332395268,0.5927325919245517,0.0,0.0,288389.27082335413,29,1052724.195532578,288389.27082335413,0.0,309394.5154864648,465197.73236643354,460069.07079459634,460069.07079459634,26,31,0.7357978957261722,-0.14800003414108592,0.0,resolved,True,-0.006247340332395268,0.5927325919245517,0.0,0.0,288389.27082335413,29,0.2804858062666658
2024-02-07,492,20,1051205.6562564478,321398.4558081369,0.0,313737.2410160697,429017.0503959099,422543.5049140755,422543.5049140755,25,25,0.7065737203670261,-0.10966437318305008,0.0,resolved,True,-0.0014424853941559235,0.5815868939177966,0.0,0.0,321398.4558081369,25,1051205.6562564478,321398.4558081369,0.0,313737.2410160697,429017.0503959099,422543.5049140755,422543.5049140755,25,25,0.7065737203670261,-0.10966437318305008,0.0,resolved,True,-0.0014424853941559235,0.5815868939177966,0.0,0.0,321398.4558081369,25,-0.023136559233267788
2024-02-08,492,20,1056428.6491215932,291146.53548489406,0.0,336903.67397236085,442224.92281962035,435301.68124197924,435301.68124197924,26,29,0.7375118020888742,-0.09969556290889381,0.0,resolved,True,0.004968573783883157,0.5718593644721696,0.0,0.0,291146.53548489406,30,1056428.6491215932,291146.53548489406,0.0,336903.67397236085,442224.92281962035,435301.68124197924,435301.68124197924,26,29,0.7375118020888742,-0.09969556290889381,0.0,resolved,True,0.004968573783883157,0.5718593644721696,0.0,0.0,291146.53548489406,30,-0.0012508343555856414
2024-02-09,492,20,1056847.8437405084,352839.8854786393,0.0,279362.4570651918,434870.5672135479,429758.03420511255,429758.03420511255,24,29,0.6758144311018794,-0.14714332916455145,0.0,resolved,True,0.00039680353165705284,0.6107267745478401,0.0,0.0,352839.8854786393,26,1056847.8437405084,352839.8854786393,0.0,279362.4570651918,434870.5672135479,429758.03420511255,429758.03420511255,24,29,0.6758144311018794,-0.14714332916455145,0.0,resolved,True,0.00039680353165705284,0.6107267745478401,0.0,0.0,352839.8854786393,26,-0.030546644245900187
2024-02-12,492,20,1050051.865979434,307406.7261136848,0.0,351812.98683985113,417402.07771123975,404117.11536856886,404117.11536856886,26,29,0.7325495906181804,-0.06246271541092926,0.0,resolved,True,-0.006430422128715696,0.6224807350205482,0.0,0.0,307406.7261136848,20,1050051.865979434,307406.7261136848,0.0,351812.98683985113,417402.07771123975,404117.11536856886,404117.11536856886,26,29,0.7325495906181804,-0.06246271541092926,0.0,resolved,True,-0.006430422128715696,0.6224807350205482,0.0,0.0,307406.7261136848,20,0.38293204580902074
2024-02-13,492,20,1061142.5754050394,245393.22002616225,0.0,347591.43804492574,470613.8501860215,469385.8837599865,469385.8837599865,32,28,0.7710606540489032,-0.11593391405875683,0.0,resolved,True,0.010562058680082975,0.5244115697757255,0.0,0.0,245393.22002616222,20,1061142.5754050394,245393.22002616225,0.0,347591.43804492574,470613.8501860215,469385.8837599865,469385.8837599865,32,28,0.7710606540489032,-0.11593391405875683,0.0,resolved,True,0.010562058680082975,0.5244115697757255,0.0,0.0,245393.22002616222,20,0.12345279206527164
2024-02-14,492,20,1051453.4435435566,223097.28098855563,0.0,376625.0181231835,476889.61449172726,464310.3794617723,464310.3794617723,34,29,0.8117474319532759,-0.09535809405943542,0.0,resolved,True,-0.009130848281895032,0.4449662688113626,0.0,0.0,223097.28098855563,35,1051453.4435435566,223097.28098855563,0.0,376625.0181231835,476889.61449172726,464310.3794617723,464310.3794617723,34,29,0.8117474319532759,-0.09535809405943542,0.0,resolved,True,-0.009130848281895032,0.4449662688113626,0.0,0.0,223097.28098855563,35,-0.030409370277672987
2024-02-15,492,20,1042137.1592054963,340517.8517214129,0.0,243015.0175568089,502863.8749916614,480734.0824594678,480734.0824594678,26,28,0.7157204653532485,-0.2493422820014938,0.0,resolved,True,-0.008860386919902985,0.5370110983481148,0.0,0.0,340517.85172141285,21,1042137.1592054963,340517.8517214129,0.0,243015.0175568089,502863.8749916614,480734.0824594678,480734.0824594678,26,28,0.7157204653532485,-0.2493422820014938,0.0,resolved,True,-0.008860386919902985,0.5370110983481148,0.0,0.0,340517.85172141285,21,-0.11075820204580347
2024-02-16,492,20,1058144.6435225867,186702.17408272895,0.0,345632.92554163386,524971.5105062743,525390.5272022492,525390.5272022492,28,24,0.8227650552098879,-0.16948399830066554,0.0,resolved,True,0.015360247138000549,0.513117186381359,0.0,0.0,186702.17408272898,14,1058144.6435225867,186702.17408272895,0.0,345632.92554163386,524971.5105062743,525390.5272022492,525390.5272022492,28,24,0.8227650552098879,-0.16948399830066554,0.0,resolved,True,0.015360247138000549,0.513117186381359,0.0,0.0,186702.17408272898,14,0.03565150055163397
2024-02-20,492,20,1067072.514556644,168561.46491789375,0.0,355255.50827356364,529119.4370867574,536187.489225972,536187.489225972,32,29,0.828786172725823,-0.16293543919593145,0.0,resolved,True,0.008437287934791371,0.3274779063339152,0.0,0.0,168561.46491789375,17,1067072.514556644,168561.46491789375,0.0,355255.50827356364,529119.4370867574,536187.489225972,536187.489225972,32,29,0.828786172725823,-0.16293543919593145,0.0,resolved,True,0.008437287934791371,0.3274779063339152,0.0,0.0,168561.46491789375,17,-0.049818354942165397
2024-02-21,492,20,1062378.7367476036,223622.694499816,0.0,362483.11287277954,482459.2219362504,479366.0756556292,479366.0756556292,31,31,0.7953306157046783,-0.11293157977800752,0.0,resolved,True,-0.0043987430516758685,0.34421335502723477,0.0,0.0,223622.694499816,13,1062378.7367476036,223622.694499816,0.0,362483.11287277954,482459.2219362504,479366.0756556292,479366.0756556292,31,31,0.7953306157046783,-0.11293157977800752,0.0,resolved,True,-0.0043987430516758685,0.34421335502723477,0.0,0.0,223622.694499816,13,0.42861111361631293
2024-02-22,492,20,1063735.7313173967,115447.81190412992,0.0,445111.05957534246,525383.3342663355,514280.0970521299,514280.0970521299,37,31,0.9123453930044797,-0.07546261005219672,0.0,resolved,True,0.0012773171401636585,0.3185445992340147,0.0,0.0,115447.81190412992,38,1063735.7313173967,115447.81190412992,0.0,445111.05957534246,525383.3342663355,514280.0970521299,514280.0970521299,37,31,0.9123453930044797,-0.07546261005219672,0.0,resolved,True,0.0012773171401636585,0.3185445992340147,0.0,0.0,115447.81190412992,38,0.14064567311864976
2024-02-23,492,20,1065716.3454046482,394737.5894089299,0.0,241571.3603110402,460883.3731176341,445145.3844011562,445145.3844011562,25,31,0.6591385563875864,-0.20578835423915923,0.0,resolved,True,0.0018619418610659189,0.4719533579870103,0.0,0.0,394737.5894089299,29,1065716.3454046482,394737.5894089299,0.0,241571.3603110402,460883.3731176341,445145.3844011562,445145.3844011562,25,31,0.6591385563875864,-0.20578835423915923,0.0,resolved,True,0.0018619418610659189,0.4719533579870103,0.0,0.0,394737.5894089299,29,0.22603771204694106
2024-02-26,492,20,1071708.0697508897,235364.7908819943,0.0,297644.01349800517,559613.0135218013,549156.1394463459,549156.1394463459,25,30,0.7998978931072799,-0.2444406339915765,0.0,resolved,True,0.005622250584855548,0.5936260176596636,0.0,0.0,235364.7908819943,25,1071708.0697508897,235364.7908819943,0.0,297644.01349800517,559613.0135218013,549156.1394463459,549156.1394463459,25,30,0.7998978931072799,-0.2444406339915765,0.0,resolved,True,0.005622250584855548,0.5936260176596636,0.0,0.0,235364.7908819943,25,-0.05510385567789649
2024-02-27,492,20,1064096.3592726262,330321.6253757868,0.0,193815.3988512584,581348.068096616,560653.7015710985,560653.7015710985,25,30,0.728471120301309,-0.3641894513296328,0.0,resolved,True,-0.0071024103420558315,0.5262444372597171,0.0,0.0,330321.6253757868,22,1064096.3592726262,330321.6253757868,0.0,193815.3988512584,581348.068096616,560653.7015710985,560653.7015710985,25,30,0.728471120301309,-0.3641894513296328,0.0,resolved,True,-0.0071024103420558315,0.5262444372597171,0.0,0.0,330321.6253757868,22,0.07553216312223347
2024-02-28,492,20,1066945.6037652565,237579.49405497784,0.0,274936.5841067082,591975.0323893498,573202.2789964601,573202.2789964601,29,27,0.8125171643584476,-0.29714584057876176,0.0,resolved,True,0.002677618871450571,0.5329550076916441,0.0,0.0,237579.49405497784,21,1066945.6037652565,237579.49405497784,0.0,274936.5841067082,591975.0323893498,573202.2789964601,573202.2789964601,29,27,0.8125171643584476,-0.29714584057876176,0.0,resolved,True,0.002677618871450571,0.5329550076916441,0.0,0.0,237579.49405497784,21,0.10216262951156273
2024-02-29,492,20,1066472.7487063096,239227.30230066995,0.0,259966.13345969396,605552.2643062718,586415.7886261089,586415.7886261089,30,28,0.8115710399688013,-0.32404590859522,0.0,resolved,True,-0.00044318572313173377,0.45076743555151466,0.0,0.0,239227.30230066995,34,1066472.7487063096,239227.30230066995,0.0,259966.13345969396,605552.2643062718,586415.7886261089,586415.7886261089,30,28,0.8115710399688013,-0.32404590859522,0.0,resolved,True,-0.00044318572313173377,0.45076743555151466,0.0,0.0,239227.30230066995,34,-0.07237646577787271
2024-03-01,492,20,1060233.5771902897,435167.2269281463,0.0,209173.68086152984,466299.71530326834,441096.1923519409,441096.1923519409,28,29,0.6370986645743297,-0.24251829028386804,0.0,resolved,True,-0.005850286867234322,0.637264329741329,0.0,0.0,435167.2269281463,27,1060233.5771902897,435167.2269281463,0.0,209173.68086152984,466299.71530326834,441096.1923519409,441096.1923519409,28,29,0.6370986645743297,-0.24251829028386804,0.0,resolved,True,-0.005850286867234322,0.637264329741329,0.0,0.0,435167.2269281463,27,-0.03994246605019648
2024-03-04,492,20,1065314.2764292303,220041.41361591,0.0,316510.1774940933,565378.8003971289,547070.7428581779,547070.7428581779,27,26,0.8278204820902039,-0.23361052077252262,0.0,resolved,True,0.0047920565319246045,0.6203977231140065,0.0,0.0,220041.41361591,19,1065314.2764292303,220041.41361591,0.0,316510.1774940933,565378.8003971289,547070.7428581779,547070.7428581779,27,26,0.8278204820902039,-0.23361052077252262,0.0,resolved,True,0.0047920565319246045,0.6203977231140065,0.0,0.0,220041.41361591,19,-0.13785900063769435
2024-03-05,492,20,1083504.0438532871,224922.90055177023,0.0,279708.661318545,574118.4340033673,576495.4579931695,576495.4579931695,27,31,0.7880239120155287,-0.27172004973586156,0.0,resolved,True,0.017074555205461195,0.41611400897949674,0.0,0.0,224922.90055177023,17,1083504.0438532871,224922.90055177023,0.0,279708.661318545,574118.4340033673,576495.4579931695,576495.4579931695,27,31,0.7880239120155287,-0.27172004973586156,0.0,resolved,True,0.017074555205461195,0.41611400897949674,0.0,0.0,224922.90055177023,17,0.03567442254835999
2024-03-06,492,20,1070409.9715564079,190247.14327312072,0.0,354988.1573862856,539879.5131434872,532527.0920202445,532527.0920202445,34,29,0.8360046097371538,-0.17272947811609418,0.0,resolved,True,-0.01208493163561486,0.3926106402811716,0.0,0.0,190247.14327312072,22,1070409.9715564079,190247.14327312072,0.0,354988.1573862856,539879.5131434872,532527.0920202445,532527.0920202445,34,29,0.8360046097371538,-0.17272947811609418,0.0,resolved,True,-0.01208493163561486,0.3926106402811716,0.0,0.0,190247.14327312072,22,-0.12656744699877007
2024-03-07,492,20,1067844.4167776643,217325.67724314227,0.0,346215.73494219023,525690.1382608644,514996.5714265982,514996.5714265982,34,32,0.8165102139449534,-0.168071678325816,0.0,resolved,True,-0.0023967964115778617,0.3852621915381985,0.0,0.0,217325.67724314227,33,1067844.4167776643,217325.67724314227,0.0,346215.73494219023,525690.1382608644,514996.5714265982,514996.5714265982,34,32,0.8165102139449534,-0.168071678325816,0.0,resolved,True,-0.0023967964115778617,0.3852621915381985,0.0,0.0,217325.67724314227,33,0.10965179869166293
2024-03-08,492,20,1068590.1709973514,415233.52113095036,0.0,260904.91952154375,414169.93962785346,403310.8349863554,403310.8349863554,31,27,0.6317434667392897,-0.14342731597770758,0.0,resolved,True,0.0006983734783549966,0.5900052415670356,0.0,0.0,415233.5211309504,25,1068590.1709973514,415233.52113095036,0.0,260904.91952154375,414169.93962785346,403310.8349863554,403310.8349863554,31,27,0.6317434667392897,-0.14342731597770758,0.0,resolved,True,0.0006983734783549966,0.5900052415670356,0.0,0.0,415233.5211309504,25,-0.2762745405111922
2024-03-11,492,20,1062023.463692959,239134.12483035502,0.0,336666.5285943597,514487.32540958986,500355.067838917,500355.067838917,31,29,0.8014454323299454,-0.16743584571747264,0.0,resolved,True,-0.006145206537192416,0.6185344553242821,0.0,0.0,239134.12483035502,20,1062023.463692959,239134.12483035502,0.0,336666.5285943597,514487.32540958986,500355.067838917,500355.067838917,31,29,0.8014454323299454,-0.16743584571747264,0.0,resolved,True,-0.006145206537192416,0.6185344553242821,0.0,0.0,239134.12483035502,20,0.4147169231286779
2024-03-12,492,20,1071952.1300703455,229493.1251752121,0.0,343923.13986225554,523974.45613988204,511255.16058637993,511255.16058637993,32,31,0.8096421208148379,-0.16796581790066584,0.0,resolved,True,0.009348820169059024,0.43868352382433407,0.0,0.0,229493.1251752121,42,1071952.1300703455,229493.1251752121,0.0,343923.13986225554,523974.45613988204,511255.16058637993,511255.16058637993,32,31,0.8096421208148379,-0.16796581790066584,0.0,resolved,True,0.009348820169059024,0.43868352382433407,0.0,0.0,229493.1251752121,42,0.08297690747349093
2024-03-13,492,20,1070973.1685839372,459596.8083287979,0.0,167004.4097606092,464405.7092037382,454388.82984913414,454388.82984913414,22,25,0.5895667020297165,-0.2776925773372634,0.0,resolved,True,-0.00091325112283136,0.6422409157280424,0.0,0.0,459596.8083287979,25,1070973.1685839372,459596.8083287979,0.0,167004.4097606092,464405.7092037382,454388.82984913414,454388.82984913414,22,25,0.5895667020297165,-0.2776925773372634,0.0,resolved,True,-0.00091325112283136,0.6422409157280424,0.0,0.0,459596.8083287979,25,-0.008462931448882148
2024-03-14,492,20,1077209.212388534,252982.97760373703,0.0,319002.101888857,501347.79996415984,503285.96643004986,503285.96643004986,23,25,0.7615511382733405,-0.1692760291856224,0.0,resolved,True,0.005822782481882616,0.6687125463680805,0.0,0.0,252982.97760373703,12,1077209.212388534,252982.97760373703,0.0,319002.101888857,501347.79996415984,503285.96643004986,503285.96643004986,23,25,0.7615511382733405,-0.1692760291856224,0.0,resolved,True,0.005822782481882616,0.6687125463680805,0.0,0.0,252982.97760373703,12,-0.041898932122818255
2024-03-15,492,20,1076134.920607414,185447.1587205758,0.0,325541.65341082757,561400.714632751,563273.4115543808,563273.4115543808,26,33,0.8241925348384311,-0.21917238880120626,0.0,resolved,True,-0.0009972916762732709,0.40601505532610527,0.0,0.0,185447.1587205758,38,1076134.920607414,185447.1587205758,0.0,325541.65341082757,561400.714632751,563273.4115543808,563273.4115543808,26,33,0.8241925348384311,-0.21917238880120626,0.0,resolved,True,-0.0009972916762732709,0.40601505532610527,0.0,0.0,185447.1587205758,38,0.12031085363691688
2024-03-18,492,20,1073568.9900401465,504953.48236411746,0.0,156173.89472185943,422691.292017065,417566.4524856173,417566.4524856173,22,26,0.5391970074669141,-0.2482536285676797,0.0,resolved,True,-0.0023843948543359472,0.6342463438326263,0.0,0.0,504953.48236411746,22,1073568.9900401465,504953.48236411746,0.0,156173.89472185943,422691.292017065,417566.4524856173,417566.4524856173,22,26,0.5391970074669141,-0.2482536285676797,0.0,resolved,True,-0.0023843948543359472,0.6342463438326263,0.0,0.0,504953.48236411746,22,0.15821943719410372
2024-03-19,492,20,1072590.1849195184,301369.09032154107,0.0,320698.4924164044,459661.0300096585,455091.8160956157,455091.8160956157,28,27,0.7275467679993893,-0.12955790529043587,0.0,resolved,True,-0.0009117300608613155,0.7534721068092161,0.0,0.0,301369.09032154107,34,1072590.1849195184,301369.09032154107,0.0,320698.4924164044,459661.0300096585,455091.8160956157,455091.8160956157,28,27,0.7275467679993893,-0.12955790529043587,0.0,resolved,True,-0.0009117300608613155,0.7534721068092161,0.0,0.0,301369.09032154107,34,0.2549381583122007
2024-03-20,492,20,1073102.9108506858,419906.12693410914,0.0,264450.1604446216,402264.86499111704,395505.74423153617,395505.74423153617,27,28,0.6212964466820899,-0.12842636354163364,0.0,resolved,True,0.0004780259398009523,0.6784881414852344,0.0,0.0,419906.12693410914,34,1073102.9108506858,419906.12693410914,0.0,264450.1604446216,402264.86499111704,395505.74423153617,395505.74423153617,27,28,0.6212964466820899,-0.12842636354163364,0.0,resolved,True,0.0004780259398009523,0.6784881414852344,0.0,0.0,419906.12693410914,34,-0.17410087977057467
2024-03-21,492,20,1074970.4025171627,376906.1557205245,0.0,288252.2581305348,419600.7677842687,414706.3782251862,414706.3782251862,25,27,0.6584860608787804,-0.12218802428994024,0.0,resolved,True,0.001740272668719678,0.7523963183526147,0.0,0.0,376906.1557205245,24,1074970.4025171627,376906.1557205245,0.0,288252.2581305348,419600.7677842687,414706.3782251862,414706.3782251862,25,27,0.6584860608787804,-0.12218802428994024,0.0,resolved,True,0.001740272668719678,0.7523963183526147,0.0,0.0,376906.1557205245,24,0.16951558572845846
2024-03-22,492,20,1076219.968325118,276138.4319513552,0.0,295428.47193009185,507691.56245520443,506172.3134494376,506172.3134494376,26,29,0.746241528704548,-0.19723021015438869,0.0,resolved,True,0.0011624188024426108,0.606255210817337,0.0,0.0,276138.4319513552,29,1076219.968325118,276138.4319513552,0.0,295428.47193009185,507691.56245520443,506172.3134494376,506172.3134494376,26,29,0.746241528704548,-0.19723021015438869,0.0,resolved,True,0.0011624188024426108,0.606255210817337,0.0,0.0,276138.4319513552,29,-0.14844096421591307
2024-03-25,492,20,1072116.3189319777,376217.863325209,0.0,244197.47637047505,455984.9955925291,453842.9874144115,453842.9874144115,26,28,0.6530844271268186,-0.19754154981339417,0.0,resolved,True,-0.003813021049522747,0.6091344640608196,0.0,0.0,376217.863325209,22,1072116.3189319777,376217.863325209,0.0,244197.47637047505,455984.9955925291,453842.9874144115,453842.9874144115,26,28,0.6530844271268186,-0.19754154981339417,0.0,resolved,True,-0.003813021049522747,0.6091344640608196,0.0,0.0,376217.863325209,22,0.169248697153858
2024-03-26,492,20,1079963.4516067388,257606.47025648277,0.0,310251.0898655623,503519.52508244535,507812.70828356966,507812.70828356966,27,30,0.753516809978433,-0.1789583109774167,0.0,resolved,True,0.0073192922597973276,0.5895166184375359,0.0,0.0,257606.47025648277,30,1079963.4516067388,257606.47025648277,0.0,310251.0898655623,503519.52508244535,507812.70828356966,507812.70828356966,27,30,0.753516809978433,-0.1789583109774167,0.0,resolved,True,0.0073192922597973276,0.5895166184375359,0.0,0.0,257606.47025648277,30,0.06672041874224618
2024-03-27,492,20,1071877.169834989,392159.83551339974,0.0,233583.30738889068,461363.3012416063,453748.6640871524,453748.6640871524,27,28,0.6483453777987278,-0.21250568653102428,0.0,resolved,True,-0.007487551323815067,0.6006057227671124,0.0,0.0,392159.83551339974,32,1071877.169834989,392159.83551339974,0.0,233583.30738889068,461363.3012416063,453748.6640871524,453748.6640871524,27,28,0.6483453777987278,-0.21250568653102428,0.0,resolved,True,-0.007487551323815067,0.6006057227671124,0.0,0.0,392159.83551339974,32,-0.27340316603960463
2024-03-28,492,20,1069159.307937129,350054.68322812545,0.0,286772.05145656556,446769.9437342264,439551.2584933322,439551.2584933322,30,26,0.6860923248249244,-0.14964831815977547,0.0,resolved,True,-0.002535609465661448,0.6985336782406545,0.0,0.0,350054.68322812545,20,1069159.307937129,350054.68322812545,0.0,286772.05145656556,446769.9437342264,439551.2584933322,439551.2584933322,30,26,0.6860923248249244,-0.14964831815977547,0.0,resolved,True,-0.002535609465661448,0.6985336782406545,0.0,0.0,350054.68322812545,20,0.05139475263095282
2024-04-01,492,20,1070776.9042251098,235964.6610739599,0.0,340308.5443207106,507500.3485141175,501002.0236722785,501002.0236722785,37,27,0.7917698724071404,-0.15614065220653853,0.0,resolved,True,0.0015129609553714563,0.5454276972090301,0.0,0.0,235964.6610739599,32,1070776.9042251098,235964.6610739599,0.0,340308.5443207106,507500.3485141175,501002.0236722785,501002.0236722785,37,27,0.7917698724071404,-0.15614065220653853,0.0,resolved,True,0.0015129609553714563,0.5454276972090301,0.0,0.0,235964.6610739599,32,-0.07605907940941568
2024-04-02,492,20,1074914.52130695,307804.122882792,0.0,262566.7442175938,506713.30095378024,505628.4775801722,505628.4775801722,31,26,0.7156662505926834,-0.22713113638034904,0.0,resolved,True,0.003864126192406392,0.5024025302776485,0.0,0.0,307804.122882792,19,1074914.52130695,307804.122882792,0.0,262566.7442175938,506713.30095378024,505628.4775801722,505628.4775801722,31,26,0.7156662505926834,-0.22713113638034904,0.0,resolved,True,0.003864126192406392,0.5024025302776485,0.0,0.0,307804.122882792,19,0.1116412009672996
2024-04-03,492,20,1073456.9057670953,163164.9860906628,0.0,339604.77542568947,580989.3071995265,575838.2257251348,575838.2257251348,34,29,0.8575976154043714,-0.22486653211415408,0.0,resolved,True,-0.0013560292571751509,0.43613346873722836,0.0,0.0,163164.9860906628,33,1073456.9057670953,163164.9860906628,0.0,339604.77542568947,580989.3071995265,575838.2257251348,575838.2257251348,34,29,0.8575976154043714,-0.22486653211415408,0.0,resolved,True,-0.0013560292571751509,0.43613346873722836,0.0,0.0,163164.9860906628,33,0.03085784607548105
2024-04-04,492,20,1074804.6145487735,348660.54087209713,0.0,224047.37394691404,504157.92027431715,503127.31000203977,503127.31000203977,27,27,0.6775234162229083,-0.260615317924551,0.0,resolved,True,0.0012554847562467053,0.47793686567135696,0.0,0.0,348660.54087209713,27,1074804.6145487735,348660.54087209713,0.0,224047.37394691404,504157.92027431715,503127.31000203977,503127.31000203977,27,27,0.6775234162229083,-0.260615317924551,0.0,resolved,True,0.0012554847562467053,0.47793686567135696,0.0,0.0,348660.54087209713,27,0.3463611220584151
2024-04-05,492,20,1072843.4282521084,230340.87239970185,0.0,255317.9165420401,600412.935954159,593798.7876322628,593798.7876322628,29,24,0.7976288337715484,-0.3216639169560395,0.0,resolved,True,-0.0018246909904535702,0.5369266876667954,0.0,0.0,230340.87239970185,32,1072843.4282521084,230340.87239970185,0.0,255317.9165420401,600412.935954159,593798.7876322628,593798.7876322628,29,24,0.7976288337715484,-0.3216639169560395,0.0,resolved,True,-0.0018246909904535702,0.5369266876667954,0.0,0.0,230340.87239970185,32,0.1379348807347302
2024-04-08,492,20,1064959.5478820014,402863.4583431197,0.0,201435.8227282033,483866.3563958593,472263.3116032688,472263.3116032688,25,26,0.6435006667502029,-0.26520306262275944,0.0,resolved,True,-0.007348584297106164,0.5976886305810042,0.0,0.0,402863.4583431197,35,1064959.5478820014,402863.4583431197,0.0,201435.8227282033,483866.3563958593,472263.3116032688,472263.3116032688,25,26,0.6435006667502029,-0.26520306262275944,0.0,resolved,True,-0.007348584297106164,0.5976886305810042,0.0,0.0,402863.4583431197,35,-0.3512020965730363
2024-04-09,492,20,1061412.1690168744,324944.485369324,0.0,275590.1430759371,481328.4319987883,471102.98628520075,471102.98628520075,25,24,0.7131240786280187,-0.19383449231924188,0.0,resolved,True,-0.0033309986958490745,0.6903724778682948,0.0,0.0,324944.485369324,19,1061412.1690168744,324944.485369324,0.0,275590.1430759371,481328.4319987883,471102.98628520075,471102.98628520075,25,24,0.7131240786280187,-0.19383449231924188,0.0,resolved,True,-0.0033309986958490745,0.6903724778682948,0.0,0.0,324944.485369324,19,0.3506723108373462
2024-04-10,492,20,1066143.715001726,248010.92448889645,0.0,342178.24800176,491488.04012352973,483721.29131729977,483721.29131729977,31,25,0.781945507340856,-0.14004659036190822,0.0,resolved,True,0.004457783811951499,0.5322709333200304,0.0,0.0,248010.92448889645,23,1066143.715001726,248010.92448889645,0.0,342178.24800176,491488.04012352973,483721.29131729977,483721.29131729977,31,25,0.781945507340856,-0.14004659036190822,0.0,resolved,True,0.004457783811951499,0.5322709333200304,0.0,0.0,248010.92448889645,23,0.15453561167071753
2024-04-11,492,20,1065036.8197162333,266554.2356758757,0.0,277265.91647153336,541054.1558408878,531135.4117048559,531135.4117048559,32,30,0.768349091001805,-0.2476799247556885,0.0,resolved,True,-0.0010382233369832239,0.4824750026474046,0.0,0.0,266554.2356758757,33,1065036.8197162333,266554.2356758757,0.0,277265.91647153336,541054.1558408878,531135.4117048559,531135.4117048559,32,30,0.768349091001805,-0.2476799247556885,0.0,resolved,True,-0.0010382233369832239,0.4824750026474046,0.0,0.0,266554.2356758757,33,0.40168055592933777
2024-04-12,492,20,1075504.7172035747,283592.94985523215,0.0,269610.4245567914,519523.63826349383,520912.4905275226,520912.4905275226,30,28,0.7337337067866301,-0.232368310160929,0.0,resolved,True,0.009828671923408638,0.5120618621026611,0.0,0.0,283592.94985523215,33,1075504.7172035747,283592.94985523215,0.0,269610.4245567914,519523.63826349383,520912.4905275226,520912.4905275226,30,28,0.7337337067866301,-0.232368310160929,0.0,resolved,True,0.009828671923408638,0.5120618621026611,0.0,0.0,283592.94985523215,33,-0.13573651552103497
2024-04-15,492,20,1083393.179875269,250816.4692842196,0.0,260048.20777021532,552835.7355259116,562682.1191733729,562682.1191733729,29,23,0.7503129596862648,-0.2702504807990436,0.0,resolved,True,0.007334661155373734,0.4928141040236925,0.0,0.0,250816.4692842196,19,1083393.179875269,250816.4692842196,0.0,260048.20777021532,552835.7355259116,562682.1191733729,562682.1191733729,29,23,0.7503129596862648,-0.2702504807990436,0.0,resolved,True,0.007334661155373734,0.4928141040236925,0.0,0.0,250816.4692842196,19,0.17349715457669698
2024-04-16,492,20,1091489.652268663,360749.8720618032,0.0,270784.636809043,447060.2168363062,453507.6801170616,453507.6801170616,31,26,0.6576744471679666,-0.16150000108647308,0.0,resolved,True,0.0074732539799873265,0.5430157418261339,0.0,0.0,360749.8720618032,35,1091489.652268663,360749.8720618032,0.0,270784.636809043,447060.2168363062,453507.6801170616,453507.6801170616,31,26,0.6576744471679666,-0.16150000108647308,0.0,resolved,True,0.0074732539799873265,0.5430157418261339,0.0,0.0,360749.8720618032,35,0.060346254078116286
2024-04-17,492,20,1087086.991890243,342059.7598897083,0.0,269161.2064483985,475181.71283379965,475523.869192968,475523.869192968,24,27,0.6847132978639765,-0.1895161177737668,0.0,resolved,True,-0.004033625393762619,0.6362355667222344,0.0,0.0,342059.7598897083,25,1087086.991890243,342059.7598897083,0.0,269161.2064483985,475181.71283379965,475523.869192968,475523.869192968,24,27,0.6847132978639765,-0.1895161177737668,0.0,resolved,True,-0.004033625393762619,0.6362355667222344,0.0,0.0,342059.7598897083,25,-0.43521974584516565
2024-04-18,492,20,1084946.0135918038,248660.0256475992,0.0,288085.1586976388,551990.9095339652,550095.8693902657,550095.8693902657,27,29,0.7743021843552035,-0.24324320982815034,0.0,resolved,True,-0.0019694636348434047,0.5396151006672992,0.0,0.0,248660.0256475992,14,1084946.0135918038,248660.0256475992,0.0,288085.1586976388,551990.9095339652,550095.8693902657,550095.8693902657,27,29,0.7743021843552035,-0.24324320982815034,0.0,resolved,True,-0.0019694636348434047,0.5396151006672992,0.0,0.0,248660.0256475992,14,-0.4742294399839969
2024-04-19,492,20,1079228.739729457,235590.82416739117,0.0,299756.1259322318,555086.1058846511,549483.9477572426,549483.9477572426,28,31,0.7920862374654479,-0.23658560095094008,0.0,resolved,True,-0.005269639033392282,0.44380304524082886,0.0,0.0,235590.82416739117,12,1079228.739729457,235590.82416739117,0.0,299756.1259322318,555086.1058846511,549483.9477572426,549483.9477572426,28,31,0.7920862374654479,-0.23658560095094008,0.0,resolved,True,-0.005269639033392282,0.44380304524082886,0.0,0.0,235590.82416739117,12,0.11634001785267196
2024-04-22,492,20,1076030.7652035323,167885.05455008487,0.0,379361.54902098747,549348.9806939567,539066.5711632083,539066.5711632083,35,33,0.863089197583749,-0.15797636756307423,0.0,resolved,True,-0.002963203636262013,0.3749640801457929,0.0,0.0,167885.05455008487,35,1076030.7652035323,167885.05455008487,0.0,379361.54902098747,549348.9806939567,539066.5711632083,539066.5711632083,35,33,0.863089197583749,-0.15797636756307423,0.0,resolved,True,-0.002963203636262013,0.3749640801457929,0.0,0.0,167885.05455008487,35,-0.07256938543162605
2024-04-23,492,20,1079639.4392188978,328260.3396367826,0.0,293938.42413035355,483891.72688146913,470666.2011666154,470666.2011666154,27,31,0.7204536280876981,-0.17594142623072737,0.0,resolved,True,0.0033536903702591214,0.4645571484549195,0.0,0.0,328260.3396367826,34,1079639.4392188978,328260.3396367826,0.0,293938.42413035355,483891.72688146913,470666.2011666154,470666.2011666154,27,31,0.7204536280876981,-0.17594142623072737,0.0,resolved,True,0.0033536903702591214,0.4645571484549195,0.0,0.0,328260.3396367826,34,0.024361045622722816
2024-04-24,492,20,1082144.7363902982,452539.78381185286,0.0,204583.30728494766,444104.8251378282,434563.235215663,434563.235215663,26,26,0.5994467381383749,-0.22133963211968352,0.0,resolved,True,0.002320494306148113,0.7283183135688983,0.0,0.0,452539.7838118528,33,1082144.7363902982,452539.78381185286,0.0,204583.30728494766,444104.8251378282,434563.235215663,434563.235215663,26,26,0.5994467381383749,-0.22133963211968352,0.0,resolved,True,0.002320494306148113,0.7283183135688983,0.0,0.0,452539.7838118528,33,-7.355479253936597e-06
2024-04-25,492,20,1086155.6956252512,377177.32368646027,0.0,285171.78545646317,442812.8598922315,433309.72318727965,433309.72318727965,22,26,0.670239679523686,-0.14513671941389716,0.0,resolved,True,0.0037064905461097197,0.7603151748958713,0.0,0.0,377177.32368646027,25,1086155.6956252512,377177.32368646027,0.0,285171.78545646317,442812.8598922315,433309.72318727965,433309.72318727965,22,26,0.670239679523686,-0.14513671941389716,0.0,resolved,True,0.0037064905461097197,0.7603151748958713,0.0,0.0,377177.32368646027,25,0.015094099889893508
2024-04-26,492,20,1084695.378088,316605.5910336796,0.0,293307.47669599496,499344.00058683386,487063.1554725797,487063.1554725797,26,27,0.7307595231760285,-0.18994874326285127,0.0,resolved,True,-0.0013444826953750155,0.637384964699343,0.0,0.0,316605.5910336796,26,1084695.378088,316605.5910336796,0.0,293307.47669599496,499344.00058683386,487063.1554725797,487063.1554725797,26,27,0.7307595231760285,-0.18994874326285127,0.0,resolved,True,-0.0013444826953750155,0.637384964699343,0.0,0.0,316605.5910336796,26,-0.029588013150992406
2024-04-29,492,20,1078497.556393994,325993.2501542333,0.0,266370.19577356614,517976.41813900543,502055.2643025999,502055.2643025999,24,32,0.7272585916050384,-0.23329327069288522,0.0,resolved,True,-0.005713882274423376,0.598032085288219,0.0,0.0,325993.2501542333,27,1078497.556393994,325993.2501542333,0.0,266370.19577356614,517976.41813900543,502055.2643025999,502055.2643025999,24,32,0.7272585916050384,-0.23329327069288522,0.0,resolved,True,-0.005713882274423376,0.598032085288219,0.0,0.0,325993.2501542333,27,-0.09935754934810515
2024-04-30,492,20,1079495.0434389918,322932.4179775049,0.0,273367.96318341664,503109.00540301827,493151.8338405443,493151.8338405443,27,27,0.7192964648663696,-0.21282269299514905,0.0,resolved,True,0.000924885771955708,0.6012502042286989,0.0,0.0,322932.4179775049,20,1079495.0434389918,322932.4179775049,0.0,273367.96318341664,503109.00540301827,493151.8338405443,493151.8338405443,27,27,0.7192964648663696,-0.21282269299514905,0.0,resolved,True,0.000924885771955708,0.6012502042286989,0.0,0.0,322932.4179775049,20,-0.1402476795549508
2024-05-01,492,20,1080938.2536606684,234627.67618820455,0.0,343389.12931754877,530833.4278150764,516877.43798499583,516877.43798499583,31,25,0.808762715328108,-0.17340888608829896,0.0,resolved,True,0.0013369308459989515,0.504348553367807,0.0,0.0,234627.67618820455,24,1080938.2536606684,234627.67618820455,0.0,343389.12931754877,530833.4278150764,516877.43798499583,516877.43798499583,31,25,0.808762715328108,-0.17340888608829896,0.0,resolved,True,0.0013369308459989515,0.504348553367807,0.0,0.0,234627.67618820455,24,0.0515084073130202
2024-05-02,492,20,1073091.8283799733,332800.2265835416,0.0,266405.0789764821,516596.219743728,495241.37128183874,495241.37128183874,33,26,0.729668494356436,-0.23314979589859966,0.0,resolved,True,-0.007258902397174527,0.5333352274740366,0.0,0.0,332800.2265835416,31,1073091.8283799733,332800.2265835416,0.0,266405.0789764821,516596.219743728,495241.37128183874,495241.37128183874,33,26,0.729668494356436,-0.23314979589859966,0.0,resolved,True,-0.007258902397174527,0.5333352274740366,0.0,0.0,332800.2265835416,31,-0.07030519096391548
2024-05-03,492,20,1070517.1124963309,304566.8046530562,0.0,246474.53666685085,569275.3884879829,544375.5798322035,544375.5798322035,31,26,0.7620148390272741,-0.3015373113171401,0.0,resolved,True,-0.0023993434816566017,0.5964322999594533,0.0,0.0,304566.8046530562,22,1070517.1124963309,304566.8046530562,0.0,246474.53666685085,569275.3884879829,544375.5798322035,544375.5798322035,31,26,0.7620148390272741,-0.3015373113171401,0.0,resolved,True,-0.0023993434816566017,0.5964322999594533,0.0,0.0,304566.8046530562,22,0.02202789595595183
2024-05-06,493,20,1069454.3528905874,321330.1462359895,0.0,284087.6883157538,513624.1191381067,488830.31873847544,488830.31873847544,29,26,0.7459054285933342,-0.2146294792311122,0.0,resolved,True,-0.0009927534957990813,0.5953803043777759,0.0,0.0,321330.1462359895,27,1069454.3528905874,321330.1462359895,0.0,284087.6883157538,513624.1191381067,488830.31873847544,488830.31873847544,29,26,0.7459054285933342,-0.2146294792311122,0.0,resolved,True,-0.0009927534957990813,0.5953803043777759,0.0,0.0,321330.1462359895,27,0.21180885409560735
2024-05-07,493,20,1074331.3936307593,282484.2364395387,0.0,230664.92261274383,599930.8887598031,580556.5616691399,580556.5616691399,27,27,0.7731281207053857,-0.3437170023479493,0.0,resolved,True,0.004560307531583652,0.5643536571049799,0.0,0.0,282484.2364395387,37,1074331.3936307593,282484.2364395387,0.0,230664.92261274383,599930.8887598031,580556.5616691399,580556.5616691399,27,27,0.7731281207053857,-0.3437170023479493,0.0,resolved,True,0.004560307531583652,0.5643536571049799,0.0,0.0,282484.2364395387,37,0.1235030362901277
2024-05-08,493,20,1092091.3665525075,442538.12386028003,0.0,196879.04147348236,455945.924451327,454310.062835036,454310.062835036,26,25,0.5977750451279863,-0.2372208872922985,0.0,resolved,True,0.01653118677071097,0.6755104781892337,0.0,0.0,442538.12386028003,22,1092091.3665525075,442538.12386028003,0.0,196879.04147348236,455945.924451327,454310.062835036,454310.062835036,26,25,0.5977750451279863,-0.2372208872922985,0.0,resolved,True,0.01653118677071097,0.6755104781892337,0.0,0.0,442538.12386028003,22,0.06235810737444581
2024-05-09,493,20,1089339.3981681222,195381.01257442194,0.0,318000.26086227415,588415.9757180943,582187.0502247602,582187.0502247602,27,26,0.8320788159361858,-0.24823825826052218,0.0,resolved,True,-0.0025199067300318845,0.5860473466671198,0.0,0.0,195381.01257442194,31,1089339.3981681222,195381.01257442194,0.0,318000.26086227415,588415.9757180943,582187.0502247602,582187.0502247602,27,26,0.8320788159361858,-0.24823825826052218,0.0,resolved,True,-0.0025199067300318845,0.5860473466671198,0.0,0.0,195381.01257442194,31,0.030853043993284007
2024-05-10,493,20,1094391.844180322,436575.1416377111,0.0,185605.17911033588,469189.26202929,470700.3927307825,470700.3927307825,24,26,0.5983180929405171,-0.25912481386532354,0.0,resolved,True,0.004638082511929875,0.5825875778667557,0.0,0.0,436575.1416377111,29,1094391.844180322,436575.1416377111,0.0,185605.17911033588,469189.26202929,470700.3927307825,470700.3927307825,24,26,0.5983180929405171,-0.25912481386532354,0.0,resolved,True,0.004638082511929875,0.5825875778667557,0.0,0.0,436575.1416377111,29,-0.03592499114504192
2024-05-13,493,20,1090338.7812059268,474619.5173903523,0.0,334915.0687088472,279988.920372931,280396.55773982906,280396.55773982906,27,23,0.5639568175330676,0.05037530470590736,0.0,resolved,True,-0.0037034842647524213,0.8374152607447396,0.0,0.0,474619.5173903523,25,1090338.7812059268,474619.5173903523,0.0,334915.0687088472,279988.920372931,280396.55773982906,280396.55773982906,27,23,0.5639568175330676,0.05037530470590736,0.0,resolved,True,-0.0037034842647524213,0.8374152607447396,0.0,0.0,474619.5173903523,25,-0.022488954979958658
2024-05-14,493,20,1091159.6193259028,339611.7528131821,0.0,394389.674969555,362765.39272776217,359961.79213546397,359961.79213546397,29,27,0.6938994573177779,0.02898226957970612,0.0,resolved,True,0.0007528285099316356,0.7464104088570412,0.0,0.0,339611.7528131821,25,1091159.6193259028,339611.7528131821,0.0,394389.674969555,362765.39272776217,359961.79213546397,359961.79213546397,29,27,0.6938994573177779,0.02898226957970612,0.0,resolved,True,0.0007528285099316356,0.7464104088570412,0.0,0.0,339611.7528131821,25,-0.16311196405029227
2024-05-15,493,20,1094306.7675607996,319965.44826134836,0.0,374474.26117023866,408527.0753651752,404197.06674719387,404197.06674719387,27,28,0.71552270327334,-0.031118161016987923,0.0,resolved,True,0.002884223517033213,0.6052985150938197,0.0,0.0,319965.44826134836,20,1094306.7675607996,319965.44826134836,0.0,374474.26117023866,408527.0753651752,404197.06674719387,404197.06674719387,27,28,0.71552270327334,-0.031118161016987923,0.0,resolved,True,0.002884223517033213,0.6052985150938197,0.0,0.0,319965.44826134836,20,0.1628649965475186
2024-05-16,493,20,1094020.8518613044,270345.7879184071,0.0,396320.1757706321,433134.81699914346,430244.85258570424,430244.85258570424,30,28,0.7581711000833196,-0.033650767410764636,0.0,resolved,True,-0.00026127563857847313,0.5396685504510167,0.0,0.0,270345.7879184071,32,1094020.8518613044,270345.7879184071,0.0,396320.1757706321,433134.81699914346,430244.85258570424,430244.85258570424,30,28,0.7581711000833196,-0.033650767410764636,0.0,resolved,True,-0.00026127563857847313,0.5396685504510167,0.0,0.0,270345.7879184071,32,0.05703052676265158
2024-05-17,493,20,1094268.8983150197,388573.65692204406,0.0,349663.98429124866,363206.4653997772,359618.8612507522,359618.8612507522,30,22,0.6514582026307429,-0.012375825658009274,0.0,resolved,True,0.00022672918280597365,0.6025476860586243,0.0,0.0,388573.656922044,28,1094268.8983150197,388573.65692204406,0.0,349663.98429124866,363206.4653997772,359618.8612507522,359618.8612507522,30,22,0.6514582026307429,-0.012375825658009274,0.0,resolved,True,0.00022672918280597365,0.6025476860586243,0.0,0.0,388573.656922044,28,-0.0053673870235626045
2024-05-20,493,20,1091730.4061544756,366720.17552930606,0.0,343487.39955504204,397756.0054079086,389639.41823901795,389639.41823901795,27,23,0.6789619495658414,-0.04970879765456285,0.0,resolved,True,-0.0023198065525328326,0.6911714168700495,0.0,0.0,366720.17552930606,22,1091730.4061544756,366720.17552930606,0.0,343487.39955504204,397756.0054079086,389639.41823901795,389639.41823901795,27,23,0.6789619495658414,-0.04970879765456285,0.0,resolved,True,-0.0023198065525328326,0.6911714168700495,0.0,0.0,366720.17552930606,22,0.0999148090153485
2024-05-21,493,20,1088513.774085941,304228.4017891641,0.0,294133.2344264229,509759.2152513869,499955.6765608705,499955.6765608705,25,28,0.7385229923735815,-0.19809210132047422,0.0,resolved,True,-0.0029463611624274133,0.6157791341187226,0.0,0.0,304228.4017891641,32,1088513.774085941,304228.4017891641,0.0,294133.2344264229,509759.2152513869,499955.6765608705,499955.6765608705,25,28,0.7385229923735815,-0.19809210132047422,0.0,resolved,True,-0.0029463611624274133,0.6157791341187226,0.0,0.0,304228.4017891641,32,-0.027284747320110676
2024-05-22,493,20,1075737.0738190108,389899.8269218238,0.0,261700.0860938755,463380.0223092202,443758.59155626583,443758.59155626583,24,25,0.6740309747148197,-0.18748069683919505,0.0,resolved,True,-0.011737747900948059,0.6372756555250344,0.0,0.0,389899.8269218238,23,1075737.0738190108,389899.8269218238,0.0,261700.0860938755,463380.0223092202,443758.59155626583,443758.59155626583,24,25,0.6740309747148197,-0.18748069683919505,0.0,resolved,True,-0.011737747900948059,0.6372756555250344,0.0,0.0,389899.8269218238,23,0.1707292775050681
2024-05-23,493,20,1083158.877520613,299327.51729111536,0.0,327349.7965564708,484250.4458901007,470366.0047815637,470366.0047815637,27,27,0.7492901173504221,-0.14485469545592494,0.0,resolved,True,0.006899272956405467,0.6333159616552786,0.0,0.0,299327.51729111536,22,1083158.877520613,299327.51729111536,0.0,327349.7965564708,484250.4458901007,470366.0047815637,470366.0047815637,27,27,0.7492901173504221,-0.14485469545592494,0.0,resolved,True,0.006899272956405467,0.6333159616552786,0.0,0.0,299327.51729111536,22,0.021455317395708762
2024-05-24,493,20,1077381.6982036885,274679.0876667141,0.0,283839.7995887157,573842.7860260531,546352.7984871559,546352.7984871559,27,33,0.7960805228497732,-0.269173856323026,0.0,resolved,True,-0.005333639816670788,0.526363551686139,0.0,0.0,274679.0876667141,26,1077381.6982036885,274679.0876667141,0.0,283839.7995887157,573842.7860260531,546352.7984871559,546352.7984871559,27,33,0.7960805228497732,-0.269173856323026,0.0,resolved,True,-0.005333639816670788,0.526363551686139,0.0,0.0,274679.0876667141,26,-0.18300673493481526
2024-05-28,493,20,1079510.2958087693,281570.35180171183,0.0,221870.05389295347,623291.5297303204,599680.7099222122,599680.7099222122,25,30,0.7829120175181643,-0.37185516191545165,0.0,resolved,True,0.0019757135364650846,0.5149023399789168,0.0,0.0,281570.35180171183,22,1079510.2958087693,281570.35180171183,0.0,221870.05389295347,623291.5297303204,599680.7099222122,599680.7099222122,25,30,0.7829120175181643,-0.37185516191545165,0.0,resolved,True,0.0019757135364650846,0.5149023399789168,0.0,0.0,281570.35180171183,22,0.1263296441701491
2024-05-29,493,20,1092163.4966204325,205441.0095401921,0.0,278030.4350808139,629147.4495821395,618919.750790783,618919.750790783,28,24,0.8306246157009508,-0.32148759374197605,0.0,resolved,True,0.011721241437705254,0.44871516654389215,0.0,0.0,205441.00954019208,20,1092163.4966204325,205441.0095401921,0.0,278030.4350808139,629147.4495821395,618919.750790783,618919.750790783,28,24,0.8306246157009508,-0.32148759374197605,0.0,resolved,True,0.011721241437705254,0.44871516654389215,0.0,0.0,205441.00954019208,20,-0.0757046217127516
2024-05-30,493,20,1077746.8007958392,270154.0864578516,0.0,282421.32300719986,567876.0219959309,546523.7066633593,546523.7066633593,29,27,0.7889583568007318,-0.264862487903414,0.0,resolved,True,-0.013200126051826522,0.434263227267884,0.0,0.0,270154.0864578516,28,1077746.8007958392,270154.0864578516,0.0,282421.32300719986,567876.0219959309,546523.7066633593,546523.7066633593,29,27,0.7889583568007318,-0.264862487903414,0.0,resolved,True,-0.013200126051826522,0.434263227267884,0.0,0.0,270154.0864578516,28,-0.268166954955504
2024-05-31,493,20,1083164.6529283025,261900.9019214309,0.0,247254.15277481175,606312.5728951843,590161.085563622,590161.085563622,26,26,0.788030447044597,-0.33149015632080414,0.0,resolved,True,0.005027017596770156,0.4932731807334762,0.0,0.0,261900.9019214309,25,1083164.6529283025,261900.9019214309,0.0,247254.15277481175,606312.5728951843,590161.085563622,590161.085563622,26,26,0.788030447044597,-0.33149015632080414,0.0,resolved,True,0.005027017596770156,0.4932731807334762,0.0,0.0,261900.9019214309,25,-0.05556264242471017
2024-06-03,493,20,1082258.0299624028,336194.4571944626,0.0,286254.42874874425,494185.88191775937,476997.5129684777,476997.5129684777,26,26,0.7211222176781777,-0.19212742933054383,0.0,resolved,True,-0.0008370130648639451,0.5483689002798754,0.0,0.0,336194.4571944626,21,1082258.0299624028,336194.4571944626,0.0,286254.42874874425,494185.88191775937,476997.5129684777,476997.5129684777,26,26,0.7211222176781777,-0.19212742933054383,0.0,resolved,True,-0.0008370130648639451,0.5483689002798754,0.0,0.0,336194.4571944626,21,-0.2131042479926614
2024-06-04,493,20,1085001.9897715128,194688.87587085133,0.0,344433.64440972585,571988.7835755576,558934.1265332465,558934.1265332465,26,28,0.8446274169306087,-0.20972785424453638,0.0,resolved,True,0.0025354025871311414,0.490308908974554,0.0,0.0,194688.87587085133,19,1085001.9897715128,194688.87587085133,0.0,344433.64440972585,571988.7835755576,558934.1265332465,558934.1265332465,26,28,0.8446274169306087,-0.20972785424453638,0.0,resolved,True,0.0025354025871311414,0.490308908974554,0.0,0.0,194688.87587085133,19,0.26202045619920544
2024-06-05,493,20,1086324.5373051837,314358.1184573615,0.0,367533.742143714,442019.06044241274,423225.8685732604,423225.8685732604,26,22,0.7452218695108948,-0.06856635907670142,0.0,resolved,True,0.0012189355836567106,0.47601953496961597,0.0,0.0,314358.1184573615,28,1086324.5373051837,314358.1184573615,0.0,367533.742143714,442019.06044241274,423225.8685732604,423225.8685732604,26,22,0.7452218695108948,-0.06856635907670142,0.0,resolved,True,0.0012189355836567106,0.47601953496961597,0.0,0.0,314358.1184573615,28,0.21029647333585338
2024-06-06,493,20,1084888.2951625558,325646.935653721,0.0,235122.63890444615,555042.3241218027,539580.5223630958,539580.5223630958,24,26,0.7283376238360589,-0.294887212484324,0.0,resolved,True,-0.0013221114807834278,0.5890699297107967,0.0,0.0,325646.935653721,27,1084888.2951625558,325646.935653721,0.0,235122.63890444615,555042.3241218027,539580.5223630958,539580.5223630958,24,26,0.7283376238360589,-0.294887212484324,0.0,resolved,True,-0.0013221114807834278,0.5890699297107967,0.0,0.0,325646.935653721,27,0.07823163111294591
2024-06-07,493,20,1090536.6674063224,275478.6724077644,0.0,260474.37827725575,574394.167665131,564488.8921932166,564488.8921932166,28,29,0.7655575194257302,-0.287858078293219,0.0,resolved,True,0.00520640905515557,0.5541664906212276,0.0,0.0,275478.6724077644,19,1090536.6674063224,275478.6724077644,0.0,260474.37827725575,574394.167665131,564488.8921932166,564488.8921932166,28,29,0.7655575194257302,-0.287858078293219,0.0,resolved,True,0.00520640905515557,0.5541664906212276,0.0,0.0,275478.6724077644,19,0.15978816277753405
2024-06-10,493,20,1104380.9778280791,182519.75756749365,0.0,309814.2728649704,616528.8221406469,614287.884768131,614287.884768131,30,30,0.8387894337218679,-0.27772530986442184,0.0,resolved,True,0.012694951793490228,0.4184266553819284,0.0,0.0,182519.75756749365,39,1104380.9778280791,182519.75756749365,0.0,309814.2728649704,616528.8221406469,614287.884768131,614287.884768131,30,30,0.8387894337218679,-0.27772530986442184,0.0,resolved,True,0.012694951793490228,0.4184266553819284,0.0,0.0,182519.75756749365,39,-0.16202285889802878
2024-06-11,493,20,1103781.64090307,640439.0000121677,0.0,194415.2898775066,276080.5041141976,272503.92756379663,272503.92756379663,26,27,0.42625803560816916,-0.07398674811249424,0.0,resolved,True,-0.0005426903731968746,0.7390083201900434,0.0,0.0,640439.0000121677,15,1103781.64090307,640439.0000121677,0.0,194415.2898775066,276080.5041141976,272503.92756379663,272503.92756379663,26,27,0.42625803560816916,-0.07398674811249424,0.0,resolved,True,-0.0005426903731968746,0.7390083201900434,0.0,0.0,640439.0000121677,15,0.10908232002901024
2024-06-12,493,20,1099616.1301663904,97101.9343006518,0.0,484568.7230670808,533245.0865157522,525595.279657205,525595.279657205,29,26,0.9256082933494442,-0.04426668735871119,0.0,resolved,True,-0.003773853978284669,0.6697952357869301,0.0,0.0,97101.9343006518,28,1099616.1301663904,97101.9343006518,0.0,484568.7230670808,533245.0865157522,525595.279657205,525595.279657205,29,26,0.9256082933494442,-0.04426668735871119,0.0,resolved,True,-0.003773853978284669,0.6697952357869301,0.0,0.0,97101.9343006518,28,-0.021511807896955844
2024-06-13,493,20,1098627.8373300154,418059.2368990937,0.0,243713.8526555576,457223.8560558357,447039.30191559985,447039.30191559985,24,26,0.638011968106393,-0.19434242984336664,0.0,resolved,True,-0.0008987616762455852,0.46468610717885567,0.0,0.0,418059.2368990937,25,1098627.8373300154,418059.2368990937,0.0,243713.8526555576,457223.8560558357,447039.30191559985,447039.30191559985,24,26,0.638011968106393,-0.19434242984336664,0.0,resolved,True,-0.0008987616762455852,0.46468610717885567,0.0,0.0,418059.2368990937,25,0.0013679725816616133
2024-06-14,493,20,1106224.4140808214,183449.3168318373,0.0,368573.90938160295,560156.4828359047,557178.8353516429,557178.8353516429,27,27,0.8395497155875046,-0.17318599283807218,0.0,resolved,True,0.006914604284256942,0.5459499926646771,0.0,0.0,183449.3168318373,24,1106224.4140808214,183449.3168318373,0.0,368573.90938160295,560156.4828359047,557178.8353516429,557178.8353516429,27,27,0.8395497155875046,-0.17318599283807218,0.0,resolved,True,0.006914604284256942,0.5459499926646771,0.0,0.0,183449.3168318373,24,0.19926577441081125
2024-06-17,493,20,1108135.7545604438,329974.97972287,0.0,305366.8348648417,480178.4359576246,476486.18796517834,476486.18796517834,30,27,0.7088890215748547,-0.1577528749283287,0.0,resolved,True,0.0017278053668798865,0.46553415807698145,0.0,0.0,329974.97972287,36,1108135.7545604438,329974.97972287,0.0,305366.8348648417,480178.4359576246,476486.18796517834,476486.18796517834,30,27,0.7088890215748547,-0.1577528749283287,0.0,resolved,True,0.0017278053668798865,0.46553415807698145,0.0,0.0,329974.97972287,36,-0.0393935463127459
2024-06-18,493,20,1111559.8055549092,351914.16069298546,0.0,298052.0557436973,466711.80983576167,464152.6994769941,464152.6994769941,27,27,0.6880096435276157,-0.15173250530399185,0.0,resolved,True,0.003089920147756331,0.6133681288385432,0.0,0.0,351914.16069298546,24,1111559.8055549092,351914.16069298546,0.0,298052.0557436973,466711.80983576167,464152.6994769941,464152.6994769941,27,27,0.6880096435276157,-0.15173250530399185,0.0,resolved,True,0.003089920147756331,0.6133681288385432,0.0,0.0,351914.16069298546,24,0.15953485633162942
2024-06-20,493,20,1114696.5626404723,380606.594030926,0.0,298367.08707082365,433945.2622721507,434834.07190543663,434834.07190543663,26,26,0.6569611622451644,-0.12162787591286012,0.0,resolved,True,0.002821941806358419,0.6596624216200536,0.0,0.0,380606.594030926,30,1114696.5626404723,380606.594030926,0.0,298367.08707082365,433945.2622721507,434834.07190543663,434834.07190543663,26,26,0.6569611622451644,-0.12162787591286012,0.0,resolved,True,0.002821941806358419,0.6596624216200536,0.0,0.0,380606.594030926,30,-0.08988942623630962
2024-06-21,493,20,1117651.7064887555,328470.3345325524,0.0,337795.87599731213,453556.83548095764,452471.1657199244,452471.1657199244,29,26,0.7080494816801243,-0.10357516461664361,0.0,resolved,True,0.002651074693621691,0.6294784238510471,0.0,0.0,328470.3345325524,28,1117651.7064887555,328470.3345325524,0.0,337795.87599731213,453556.83548095764,452471.1657199244,452471.1657199244,29,26,0.7080494816801243,-0.10357516461664361,0.0,resolved,True,0.002651074693621691,0.6294784238510471,0.0,0.0,328470.3345325524,28,0.15759467069843022
2024-06-24,493,20,1112119.8224827053,382169.78439351136,0.0,306147.5955246409,440256.0735934875,432029.25807902025,432029.25807902025,26,26,0.671154001600161,-0.1205881554826185,0.0,resolved,True,-0.00494955984403167,0.626002042988169,0.0,0.0,382169.78439351136,23,1112119.8224827053,382169.78439351136,0.0,306147.5955246409,440256.0735934875,432029.25807902025,432029.25807902025,26,26,0.671154001600161,-0.1205881554826185,0.0,resolved,True,-0.00494955984403167,0.626002042988169,0.0,0.0,382169.78439351136,23,0.25698435136354536
2024-06-25,493,20,1114128.47713226,341886.9109569527,0.0,443701.9814972771,337149.00530102866,332844.2949895294,332844.2949895294,32,24,0.7008626050096102,0.09563796131529932,0.0,resolved,True,0.0018061494894234809,0.664692343539231,0.0,0.0,341886.9109569527,34,1114128.47713226,341886.9109569527,0.0,443701.9814972771,337149.00530102866,332844.2949895294,332844.2949895294,32,24,0.7008626050096102,0.09563796131529932,0.0,resolved,True,0.0018061494894234809,0.664692343539231,0.0,0.0,341886.9109569527,34,0.014211208429422995
2024-06-26,493,20,1115535.1405266991,502859.01789057604,0.0,225745.70537009815,396869.4770562343,391899.94716112973,391899.94716112973,22,29,0.5581313934515457,-0.15340061058528393,0.0,resolved,True,0.001262568387139451,0.7523763382552499,0.0,0.0,502859.01789057604,29,1115535.1405266991,502859.01789057604,0.0,225745.70537009815,396869.4770562343,391899.94716112973,391899.94716112973,22,29,0.5581313934515457,-0.15340061058528393,0.0,resolved,True,0.001262568387139451,0.7523763382552499,0.0,0.0,502859.01789057604,29,-0.012177403682476554
2024-06-27,493,20,1113992.9005339164,327386.8655048859,0.0,337582.09760100755,463367.7167628671,456195.82709544507,456195.82709544507,28,23,0.718990052791175,-0.11291420178851483,0.0,resolved,True,-0.0013825113497137886,0.7452765256846663,0.0,0.0,327386.8655048859,26,1113992.9005339164,327386.8655048859,0.0,337582.09760100755,463367.7167628671,456195.82709544507,456195.82709544507,28,23,0.718990052791175,-0.11291420178851483,0.0,resolved,True,-0.0013825113497137886,0.7452765256846663,0.0,0.0,327386.8655048859,26,-0.07893134340352273
2024-06-28,493,20,1112086.2868220122,361873.0252082634,0.0,279051.1372606051,488854.70063886535,480008.4124960044,480008.4124960044,24,24,0.6905092230692821,-0.18865763013570816,0.0,resolved,True,-0.0017115133417731077,0.617320364320315,0.0,0.0,361873.0252082634,19,1112086.2868220122,361873.0252082634,0.0,279051.1372606051,488854.70063886535,480008.4124960044,480008.4124960044,24,24,0.6905092230692821,-0.18865763013570816,0.0,resolved,True,-0.0017115133417731077,0.617320364320315,0.0,0.0,361873.0252082634,19,0.02607535632563926
2024-07-01,493,20,1117120.8016309943,245875.5485201495,0.0,367294.0226118584,514006.4003861698,508978.81544257817,508978.81544257817,31,25,0.7889034218245073,-0.13133080823498372,0.0,resolved,True,0.004527090090616248,0.5410673539523568,0.0,0.0,245875.5485201495,15,1117120.8016309943,245875.5485201495,0.0,367294.0226118584,514006.4003861698,508978.81544257817,508978.81544257817,31,25,0.7889034218245073,-0.13133080823498372,0.0,resolved,True,0.004527090090616248,0.5410673539523568,0.0,0.0,245875.5485201495,15,0.07535179632811309
2024-07-02,493,20,1111283.9718425688,197134.90503566296,0.0,369006.992813019,570341.2116643355,557741.6428291111,557741.6428291111,33,29,0.8452818795900244,-0.18117261109911756,0.0,resolved,True,-0.005224886851899702,0.3962357071062102,0.0,0.0,197134.90503566296,28,1111283.9718425688,197134.90503566296,0.0,369006.992813019,570341.2116643355,557741.6428291111,557741.6428291111,33,29,0.8452818795900244,-0.18117261109911756,0.0,resolved,True,-0.005224886851899702,0.3962357071062102,0.0,0.0,197134.90503566296,28,0.061445374636819816
2024-07-03,493,20,1113231.7842366374,330934.0497025468,0.0,307678.95364343317,507105.7963658839,490862.2886282707,490862.2886282707,27,29,0.7319093485711328,-0.17914224651715385,0.0,resolved,True,0.0017527584698615595,0.4730593613311316,0.0,0.0,330934.0497025468,29,1113231.7842366374,330934.0497025468,0.0,307678.95364343317,507105.7963658839,490862.2886282707,490862.2886282707,27,29,0.7319093485711328,-0.17914224651715385,0.0,resolved,True,0.0017527584698615595,0.4730593613311316,0.0,0.0,330934.0497025468,29,0.07105364926776714
2024-07-05,493,20,1109792.0583958724,388172.53704483784,0.0,296776.6599483027,467929.82374431513,446386.34257352364,446386.34257352364,23,29,0.6890538438326439,-0.1542209303997025,0.0,resolved,True,-0.003089855939680808,0.6416495737414576,0.0,0.0,388172.53704483784,22,1109792.0583958724,388172.53704483784,0.0,296776.6599483027,467929.82374431513,446386.34257352364,446386.34257352364,23,29,0.6890538438326439,-0.1542209303997025,0.0,resolved,True,-0.003089855939680808,0.6416495737414576,0.0,0.0,388172.53704483784,22,0.1922442494801392
2024-07-08,493,20,1110963.7558399779,231353.1350272238,0.0,377348.6833888813,545838.8823974105,524050.4099106415,524050.4099106415,31,28,0.8309790134317099,-0.15166129238945064,0.0,resolved,True,0.001055781067490269,0.560107811985984,0.0,0.0,231353.1350272238,32,1110963.7558399779,231353.1350272238,0.0,377348.6833888813,545838.8823974105,524050.4099106415,524050.4099106415,31,28,0.8309790134317099,-0.15166129238945064,0.0,resolved,True,0.001055781067490269,0.560107811985984,0.0,0.0,231353.1350272238,32,0.052436818659951395
2024-07-09,493,20,1111006.6127492327,430293.98523407243,0.0,270542.3720774929,458616.40806882945,434393.33175324847,434393.33175324847,31,28,0.6563046266142271,-0.1692825531667534,0.0,resolved,True,3.8576334312923066e-05,0.5913354118573291,0.0,0.0,430293.98523407243,32,1111006.6127492327,430293.98523407243,0.0,270542.3720774929,458616.40806882945,434393.33175324847,434393.33175324847,31,28,0.6563046266142271,-0.1692825531667534,0.0,resolved,True,3.8576334312923066e-05,0.5913354118573291,0.0,0.0,430293.98523407243,32,0.05513885901834829
2024-07-10,493,20,1107558.2250747506,358629.6588537104,0.0,358252.57470859605,438268.33925881406,414472.16538562917,414472.16538562917,28,24,0.7191684337079902,-0.07224519915855226,0.0,resolved,True,-0.003103840818686865,0.721373808488673,0.0,0.0,358629.6588537104,21,1107558.2250747506,358629.6588537104,0.0,358252.57470859605,438268.33925881406,414472.16538562917,414472.16538562917,28,24,0.7191684337079902,-0.07224519915855226,0.0,resolved,True,-0.003103840818686865,0.721373808488673,0.0,0.0,358629.6588537104,21,-0.15762013076844508
2024-07-11,493,20,1119883.9369257626,239802.88558636318,0.0,386459.9204166375,518594.03612653987,506107.5835246509,506107.5835246509,30,28,0.8081676383605221,-0.11798911597270421,0.0,resolved,True,0.011128725851121901,0.5416238911511609,0.0,0.0,239802.8855863632,32,1119883.9369257626,239802.88558636318,0.0,386459.9204166375,518594.03612653987,506107.5835246509,506107.5835246509,30,28,0.8081676383605221,-0.11798911597270421,0.0,resolved,True,0.011128725851121901,0.5416238911511609,0.0,0.0,239802.8855863632,32,-0.1842564962618406
2024-07-12,493,20,1113135.9675621279,443581.4237265814,0.0,313588.25719796563,397575.3015074774,376770.7940725291,376770.7940725291,31,24,0.6388829212508135,-0.07545084046960704,0.0,resolved,True,-0.006025597065137722,0.6125937828061264,0.0,0.0,443581.4237265814,20,1113135.9675621279,443581.4237265814,0.0,313588.25719796563,397575.3015074774,376770.7940725291,376770.7940725291,31,24,0.6388829212508135,-0.07545084046960704,0.0,resolved,True,-0.006025597065137722,0.6125937828061264,0.0,0.0,443581.4237265814,20,-0.016654076382753933
2024-07-15,493,20,1112835.3780841096,206146.1406159961,0.0,396977.89074199414,560558.7236194696,535135.0351727944,535135.0351727944,29,26,0.8604476755672408,-0.14699463739111263,0.0,resolved,True,-0.00027003842008321843,0.5837892548803999,0.0,0.0,206146.1406159961,26,1112835.3780841096,206146.1406159961,0.0,396977.89074199414,560558.7236194696,535135.0351727944,535135.0351727944,29,26,0.8604476755672408,-0.14699463739111263,0.0,resolved,True,-0.00027003842008321843,0.5837892548803999,0.0,0.0,206146.1406159961,26,-0.16620040652602086
2024-07-16,493,20,1101474.3298800243,372701.6850442563,0.0,279977.3565408113,522986.06030069257,485890.6742978246,485890.6742978246,31,24,0.7289896777975434,-0.2206213047074374,0.0,resolved,True,-0.01020910049035717,0.5234258102833296,0.0,0.0,372701.6850442563,23,1101474.3298800243,372701.6850442563,0.0,279977.3565408113,522986.06030069257,485890.6742978246,485890.6742978246,31,24,0.7289896777975434,-0.2206213047074374,0.0,resolved,True,-0.01020910049035717,0.5234258102833296,0.0,0.0,372701.6850442563,23,0.05273842640036912
2024-07-17,493,20,1100468.6454072166,217348.92726630848,0.0,302688.1241391624,635433.6236467966,607932.608824271,607932.608824271,32,26,0.8524747630940608,-0.3023670877824104,0.0,resolved,True,-0.0009130348711051672,0.5357763987194892,0.0,0.0,217348.92726630848,20,1100468.6454072166,217348.92726630848,0.0,302688.1241391624,635433.6236467966,607932.608824271,607932.608824271,32,26,0.8524747630940608,-0.3023670877824104,0.0,resolved,True,-0.0009130348711051672,0.5357763987194892,0.0,0.0,217348.92726630848,20,0.020399763600459864
2024-07-18,493,20,1107736.285237378,209542.19083453575,0.0,346110.4680154071,591975.3370474771,572029.4817174561,572029.4817174561,33,26,0.8468493968867877,-0.22195252815013042,0.0,resolved,True,0.006604131667442559,0.3856754088932468,0.0,0.0,209542.19083453575,20,1107736.285237378,209542.19083453575,0.0,346110.4680154071,591975.3370474771,572029.4817174561,572029.4817174561,33,26,0.8468493968867877,-0.22195252815013042,0.0,resolved,True,0.006604131667442559,0.3856754088932468,0.0,0.0,209542.19083453575,20,0.1144581292055097
2024-07-19,493,20,1118355.1076073186,259059.75603350624,0.0,324679.0842941097,545254.5118695325,539935.3895746175,539935.3895746175,32,31,0.777868845276555,-0.19723201161689705,0.0,resolved,True,0.009586056276621013,0.42962172275372257,0.0,0.0,259059.75603350624,28,1118355.1076073186,259059.75603350624,0.0,324679.0842941097,545254.5118695325,539935.3895746175,539935.3895746175,32,31,0.777868845276555,-0.19723201161689705,0.0,resolved,True,0.009586056276621013,0.42962172275372257,0.0,0.0,259059.75603350624,28,0.2321686484100064
2024-07-22,493,20,1116044.2171032205,230080.3193881777,0.0,315884.64213007386,599381.8036950176,584730.5296399933,584730.5296399933,29,33,0.8200987306764034,-0.25401965013606953,0.0,resolved,True,-0.0020663298163337007,0.43670440938271254,0.0,0.0,230080.3193881777,40,1116044.2171032205,230080.3193881777,0.0,315884.64213007386,599381.8036950176,584730.5296399933,584730.5296399933,29,33,0.8200987306764034,-0.25401965013606953,0.0,resolved,True,-0.0020663298163337007,0.43670440938271254,0.0,0.0,230080.3193881777,40,0.006784531948166592
2024-07-23,493,20,1115801.2082032918,538329.3498866534,0.0,186580.25279911462,410986.5544149079,400939.07996621594,400939.07996621594,22,31,0.535549525149062,-0.20111674011999087,0.0,resolved,True,-0.000217741283189965,0.6929419923819078,0.0,0.0,538329.3498866534,26,1115801.2082032918,538329.3498866534,0.0,186580.25279911462,410986.5544149079,400939.07996621594,400939.07996621594,22,31,0.535549525149062,-0.20111674011999087,0.0,resolved,True,-0.000217741283189965,0.6929419923819078,0.0,0.0,538329.3498866534,26,0.060397807217661754
2024-07-24,493,20,1138232.7513738938,236749.94145021937,0.0,381343.9026895062,492962.7330224908,506550.8201283295,506550.8201283295,26,27,0.76812640881812,-0.09806327413989459,0.0,resolved,True,0.020103530096299282,0.6853324057711967,0.0,0.0,236749.94145021937,26,1138232.7513738938,236749.94145021937,0.0,381343.9026895062,492962.7330224908,506550.8201283295,506550.8201283295,26,27,0.76812640881812,-0.09806327413989459,0.0,resolved,True,0.020103530096299282,0.6853324057711967,0.0,0.0,236749.94145021937,26,-0.2029855714814184
2024-07-25,493,20,1134642.1809488598,370734.14921824576,0.0,343488.57914144045,401027.3382241817,410723.3954066776,410723.3954066776,29,31,0.6561680235993084,-0.050710929003735486,0.0,resolved,True,-0.0031545133635454414,0.5235151460638976,0.0,0.0,370734.14921824576,21,1134642.1809488598,370734.14921824576,0.0,343488.57914144045,401027.3382241817,410723.3954066776,410723.3954066776,29,31,0.6561680235993084,-0.050710929003735486,0.0,resolved,True,-0.0031545133635454414,0.5235151460638976,0.0,0.0,370734.14921824576,21,0.025350480050998356
2024-07-26,493,20,1134318.2572500117,328634.2885792699,0.0,472046.0787481109,336315.20766956336,334976.54879609717,334976.54879609717,30,30,0.7126406378906637,0.11965854398536012,0.0,resolved,True,-0.0002854853312233008,0.6055471519941775,0.0,0.0,328634.2885792699,32,1134318.2572500117,328634.2885792699,0.0,472046.0787481109,336315.20766956336,334976.54879609717,334976.54879609717,30,30,0.7126406378906637,0.11965854398536012,0.0,resolved,True,-0.0002854853312233008,0.6055471519941775,0.0,0.0,328634.2885792699,32,0.031365854120196754
2024-07-29,493,20,1137566.6300794827,469388.6011945968,0.0,305430.05616733583,365783.86967222666,364265.9211948884,364265.9211948884,25,28,0.5900436142300203,-0.0530551898315388,0.0,resolved,True,0.002863722600521479,0.7018198104073443,0.0,0.0,469388.6011945968,27,1137566.6300794827,469388.6011945968,0.0,305430.05616733583,365783.86967222666,364265.9211948884,364265.9211948884,25,28,0.5900436142300203,-0.0530551898315388,0.0,resolved,True,0.002863722600521479,0.7018198104073443,0.0,0.0,469388.6011945968,27,-0.19712342655473833
2024-07-30,493,20,1130404.1017868416,329646.57304995856,0.0,357830.0121409983,454433.47524644114,448680.495921163,448680.495921163,29,26,0.7185602795526715,-0.08545922909580804,0.0,resolved,True,-0.006296359354476255,0.7024151780452076,0.0,0.0,329646.57304995856,21,1130404.1017868416,329646.57304995856,0.0,357830.0121409983,454433.47524644114,448680.495921163,448680.495921163,29,26,0.7185602795526715,-0.08545922909580804,0.0,resolved,True,-0.006296359354476255,0.7024151780452076,0.0,0.0,329646.57304995856,21,0.38476859188631407
2024-07-31,493,20,1140619.1944668903,253092.6534793001,0.0,419577.3920304049,473435.4254183996,470692.2871877924,470692.2871877924,30,25,0.7829193316935074,-0.04721824220498696,0.0,resolved,True,0.009036673401929152,0.5168754818347264,0.0,0.0,253092.6534793001,34,1140619.1944668903,253092.6534793001,0.0,419577.3920304049,473435.4254183996,470692.2871877924,470692.2871877924,30,25,0.7829193316935074,-0.04721824220498696,0.0,resolved,True,0.009036673401929152,0.5168754818347264,0.0,0.0,253092.6534793001,34,0.35612554943121183
2024-08-01,493,20,1137486.906678257,528326.0728094683,0.0,185656.11398349152,418577.33634737716,421041.0281163372,421041.0281163372,23,27,0.53120035649059,-0.20476826677862445,0.0,resolved,True,-0.0027461292987421837,0.6854282114431796,0.0,0.0,528326.0728094683,28,1137486.906678257,528326.0728094683,0.0,185656.11398349152,418577.33634737716,421041.0281163372,421041.0281163372,23,27,0.53120035649059,-0.20476826677862445,0.0,resolved,True,-0.0027461292987421837,0.6854282114431796,0.0,0.0,528326.0728094683,28,-0.4846220515878319
2024-08-02,493,20,1142241.4845109587,235319.2905075848,0.0,330285.2298322323,567159.321477997,571898.1428245694,571898.1428245694,27,25,0.7856872329360922,-0.20737654415272827,0.0,resolved,True,0.004179896757305235,0.6603351486939114,0.0,0.0,235319.2905075848,13,1142241.4845109587,235319.2905075848,0.0,330285.2298322323,567159.321477997,571898.1428245694,571898.1428245694,27,25,0.7856872329360922,-0.20737654415272827,0.0,resolved,True,0.004179896757305235,0.6603351486939114,0.0,0.0,235319.2905075848,13,0.03429536255262047
2024-08-05,493,20,1155464.2132373035,185006.37230746233,0.0,398518.76196834253,544333.6424049875,558136.360683243,558136.360683243,32,27,0.815994466615031,-0.12619592953736786,0.0,resolved,True,0.011576123705580699,0.35598225295411706,0.0,0.0,185006.37230746233,20,1155464.2132373035,185006.37230746233,0.0,398518.76196834253,544333.6424049875,558136.360683243,558136.360683243,32,27,0.815994466615031,-0.12619592953736786,0.0,resolved,True,0.011576123705580699,0.35598225295411706,0.0,0.0,185006.37230746233,20,0.258610252236913
2024-08-06,493,20,1167301.291890542,285646.2691504298,0.0,330675.86783813447,520266.8350117802,535622.994956879,535622.994956879,29,33,0.728982918773046,-0.16241819356388043,0.0,resolved,True,0.010244435541689523,0.4048374079770879,0.0,0.0,285646.2691504298,39,1167301.291890542,285646.2691504298,0.0,330675.86783813447,520266.8350117802,535622.994956879,535622.994956879,29,33,0.728982918773046,-0.16241819356388043,0.0,resolved,True,0.010244435541689523,0.4048374079770879,0.0,0.0,285646.2691504298,39,0.11630040887709042
2024-08-07,493,20,1165835.9648713889,623740.2385010773,0.0,250655.72419463968,283781.8359324998,287610.91905408585,287610.91905408585,24,27,0.4584157430639025,-0.028414041714277073,0.0,resolved,True,-0.0012553117428490967,0.7522867616628417,0.0,0.0,623740.2385010773,28,1165835.9648713889,623740.2385010773,0.0,250655.72419463968,283781.8359324998,287610.91905408585,287610.91905408585,24,27,0.4584157430639025,-0.028414041714277073,0.0,resolved,True,-0.0012553117428490967,0.7522867616628417,0.0,0.0,623740.2385010773,28,0.45384513946174826
2024-08-08,493,20,1169023.7398160994,264399.7814014018,0.0,481365.9539813495,431195.23586466117,427226.6201490046,427226.6201490046,27,26,0.7806181848707082,0.04291676585163337,0.0,resolved,True,0.0027343254460863164,0.7636432584267985,0.0,0.0,264399.7814014018,37,1169023.7398160994,264399.7814014018,0.0,481365.9539813495,431195.23586466117,427226.6201490046,427226.6201490046,27,26,0.7806181848707082,0.04291676585163337,0.0,resolved,True,0.0027343254460863164,0.7636432584267985,0.0,0.0,264399.7814014018,37,0.08387042968822361
2024-08-09,493,20,1179318.086631598,623452.8202268821,0.0,247527.64626343062,305554.4007632624,306946.01045227377,306946.01045227377,26,25,0.4689846219576109,-0.049203650107300115,0.0,resolved,True,0.008805934785480085,0.7591420598816612,0.0,0.0,623452.8202268821,20,1179318.086631598,623452.8202268821,0.0,247527.64626343062,305554.4007632624,306946.01045227377,306946.01045227377,26,25,0.4689846219576109,-0.049203650107300115,0.0,resolved,True,0.008805934785480085,0.7591420598816612,0.0,0.0,623452.8202268821,20,0.15348716530857975
2024-08-12,493,20,1185316.3193053673,173954.30120455474,0.0,463855.229329176,533328.1662559808,540417.4775138088,540417.4775138088,30,28,0.8412804070474097,-0.05861130551844436,0.0,resolved,True,0.005086187299053302,0.6769515418939465,0.0,0.0,173954.30120455474,30,1185316.3193053673,173954.30120455474,0.0,463855.229329176,533328.1662559808,540417.4775138088,540417.4775138088,30,28,0.8412804070474097,-0.05861130551844436,0.0,resolved,True,0.005086187299053302,0.6769515418939465,0.0,0.0,173954.30120455474,30,0.09203664689068176
2024-08-13,493,20,1180036.9328093394,545652.1594961288,0.0,301474.00920520595,336277.263293052,334594.0137005283,334594.0137005283,27,29,0.5404502645353224,-0.029493360012884655,0.0,resolved,True,-0.004453989546960635,0.6140086626818287,0.0,0.0,545652.1594961288,31,1180036.9328093394,545652.1594961288,0.0,301474.00920520595,336277.263293052,334594.0137005283,334594.0137005283,27,29,0.5404502645353224,-0.029493360012884655,0.0,resolved,True,-0.004453989546960635,0.6140086626818287,0.0,0.0,545652.1594961288,31,0.24025924748546468
2024-08-14,493,20,1182645.2221758477,280675.1061994438,0.0,388618.44666614063,515966.0673741372,514658.86834220024,514658.86834220024,27,26,0.7648823984389926,-0.1076803240059606,0.0,resolved,True,0.002210345535794911,0.700257215404202,0.0,0.0,280675.1061994438,31,1182645.2221758477,280675.1061994438,0.0,388618.44666614063,515966.0673741372,514658.86834220024,514658.86834220024,27,26,0.7648823984389926,-0.1076803240059606,0.0,resolved,True,0.002210345535794911,0.700257215404202,0.0,0.0,280675.1061994438,31,-0.001682587663796616
2024-08-15,493,20,1171776.8944907584,522243.673227265,0.0,231845.35306234923,442639.0121615361,430163.4401813402,430163.4401813402,24,26,0.5756081796757129,-0.17989231575588926,0.0,resolved,True,-0.009189846186579587,0.6845627250257706,0.0,0.0,522243.673227265,23,1171776.8944907584,522243.673227265,0.0,231845.35306234923,442639.0121615361,430163.4401813402,430163.4401813402,24,26,0.5756081796757129,-0.17989231575588926,0.0,resolved,True,-0.009189846186579587,0.6845627250257706,0.0,0.0,522243.673227265,23,0.15306601550373677
2024-08-16,493,20,1172900.7108597048,259284.49448736434,0.0,359618.71742991515,574098.7643409506,564048.1316416879,564048.1316416879,28,27,0.7960754675359315,-0.18286291834014437,0.0,resolved,True,0.000959070258365724,0.6707906811741329,0.0,0.0,259284.49448736437,34,1172900.7108597048,259284.49448736434,0.0,359618.71742991515,574098.7643409506,564048.1316416879,564048.1316416879,28,27,0.7960754675359315,-0.18286291834014437,0.0,resolved,True,0.000959070258365724,0.6707906811741329,0.0,0.0,259284.49448736437,34,-0.003940327054157208
2024-08-19,493,20,1171649.8709426394,520040.4516178898,0.0,212215.93535857138,462003.174346985,450698.32915658166,450698.32915658166,23,26,0.5754441889394142,-0.21319273375368508,0.0,resolved,True,-0.0010664499607545563,0.6696230318106304,0.0,0.0,520040.4516178898,23,1171649.8709426394,520040.4516178898,0.0,212215.93535857138,462003.174346985,450698.32915658166,450698.32915658166,23,26,0.5754441889394142,-0.21319273375368508,0.0,resolved,True,-0.0010664499607545563,0.6696230318106304,0.0,0.0,520040.4516178898,23,0.19701530040559545
2024-08-20,493,20,1179225.5009075524,232205.37036810574,0.0,310668.20226956415,640857.9764696358,638604.9523697592,638604.9523697592,25,30,0.8069077356340149,-0.28000562568054366,0.0,resolved,True,0.006465779711833264,0.6424933843842034,0.0,0.0,232205.3703681057,19,1179225.5009075524,232205.37036810574,0.0,310668.20226956415,640857.9764696358,638604.9523697592,638604.9523697592,25,30,0.8069077356340149,-0.28000562568054366,0.0,resolved,True,0.006465779711833264,0.6424933843842034,0.0,0.0,232205.3703681057,19,0.10885110268302164
2024-08-21,493,20,1173388.1787809297,292374.77053746267,0.0,298970.04378991673,595549.9667046207,588796.6655790855,588796.6655790855,31,31,0.7623393747019701,-0.25275516515159574,0.0,resolved,True,-0.0049501322029843475,0.45174101869394867,0.0,0.0,292374.77053746267,28,1173388.1787809297,292374.77053746267,0.0,298970.04378991673,595549.9667046207,588796.6655790855,588796.6655790855,31,31,0.7623393747019701,-0.25275516515159574,0.0,resolved,True,-0.0049501322029843475,0.45174101869394867,0.0,0.0,292374.77053746267,28,0.2849291963097149
2024-08-22,493,20,1183870.1627604687,314414.47306009923,0.0,262475.6423896265,597315.3127619653,602147.6800363541,602147.6800363541,26,28,0.7262544341406402,-0.2828347912676355,0.0,resolved,True,0.008933091511480029,0.5156512659697161,0.0,0.0,314414.47306009923,27,1183870.1627604687,314414.47306009923,0.0,262475.6423896265,597315.3127619653,602147.6800363541,602147.6800363541,26,28,0.7262544341406402,-0.2828347912676355,0.0,resolved,True,0.008933091511480029,0.5156512659697161,0.0,0.0,314414.47306009923,27,0.1085282198258693
2024-08-23,493,20,1174536.928389561,379916.9274868483,0.0,279820.0785173732,528004.2955264794,521402.1089559094,521402.1089559094,30,27,0.6877811625314176,-0.21130388582111098,0.0,resolved,True,-0.007883663820992926,0.5908603676937618,0.0,0.0,379916.9274868483,31,1174536.928389561,379916.9274868483,0.0,279820.0785173732,528004.2955264794,521402.1089559094,521402.1089559094,30,27,0.6877811625314176,-0.21130388582111098,0.0,resolved,True,-0.007883663820992926,0.5908603676937618,0.0,0.0,379916.9274868483,31,0.19811492754343013
2024-08-26,493,20,1180339.6249120333,293856.8170726331,0.0,261373.6897570878,623831.691273428,624470.4046778701,624470.4046778701,26,29,0.7499582004598779,-0.30707941499748687,0.0,resolved,True,0.00494041215922314,0.5740317683799672,0.0,0.0,293856.8170726331,27,1180339.6249120333,293856.8170726331,0.0,261373.6897570878,623831.691273428,624470.4046778701,624470.4046778701,26,29,0.7499582004598779,-0.30707941499748687,0.0,resolved,True,0.00494041215922314,0.5740317683799672,0.0,0.0,293856.8170726331,27,0.020111241509517454
2024-08-27,493,20,1176238.680069319,342919.33420071454,0.0,253210.8439134398,595463.5251551117,587786.0135551381,587786.0135551381,24,28,0.7215154402323657,-0.2909721360476787,0.0,resolved,True,-0.003474376998077955,0.5350309014738178,0.0,0.0,342919.3342007145,24,1176238.680069319,342919.33420071454,0.0,253210.8439134398,595463.5251551117,587786.0135551381,587786.0135551381,24,28,0.7215154402323657,-0.2909721360476787,0.0,resolved,True,-0.003474376998077955,0.5350309014738178,0.0,0.0,342919.3342007145,24,0.12700086522954487
2024-08-28,493,20,1174356.4100638477,240957.58224348098,0.0,302912.5724378707,644687.2250893735,637586.7402359347,637586.7402359347,28,25,0.8069098864762232,-0.2910314532475887,0.0,resolved,True,-0.0016002449480410075,0.49621093018308315,0.0,0.0,240957.58224348098,23,1174356.4100638477,240957.58224348098,0.0,302912.5724378707,644687.2250893735,637586.7402359347,637586.7402359347,28,25,0.8069098864762232,-0.2910314532475887,0.0,resolved,True,-0.0016002449480410075,0.49621093018308315,0.0,0.0,240957.58224348098,23,0.01808208571989874
2024-08-29,493,20,1170646.0323043924,302967.01549002563,0.0,302316.1726780215,582004.2244587259,573683.5342975355,573683.5342975355,31,28,0.7554122875178426,-0.2389176950697422,0.0,resolved,True,-0.0031594988775626165,0.46542088019051775,0.0,0.0,302967.01549002563,28,1170646.0323043924,302967.01549002563,0.0,302316.1726780215,582004.2244587259,573683.5342975355,573683.5342975355,31,28,0.7554122875178426,-0.2389176950697422,0.0,resolved,True,-0.0031594988775626165,0.46542088019051775,0.0,0.0,302967.01549002563,28,0.16951530380402413
2024-08-30,493,20,1171184.63195819,229382.38894756508,0.0,272389.18549122143,691487.785182613,680450.4213510082,680450.4213510082,28,28,0.8229931851669343,-0.3578416145972388,0.0,resolved,True,0.0004600875404987548,0.45476366361872367,0.0,0.0,229382.38894756508,39,1171184.63195819,229382.38894756508,0.0,272389.18549122143,691487.785182613,680450.4213510082,680450.4213510082,28,28,0.8229931851669343,-0.3578416145972388,0.0,resolved,True,0.0004600875404987548,0.45476366361872367,0.0,0.0,229382.38894756508,39,0.26378708450347066
2024-09-03,493,20,1181940.3043350037,513968.96715698764,0.0,196621.40196485166,463872.03450898174,467610.9848610732,467610.9848610732,23,25,0.558821316145444,-0.226111785480142,0.0,resolved,True,0.009183583939989637,0.6296431185784392,0.0,0.0,513968.96715698764,24,1181940.3043350037,513968.96715698764,0.0,196621.40196485166,463872.03450898174,467610.9848610732,467610.9848610732,23,25,0.558821316145444,-0.226111785480142,0.0,resolved,True,0.009183583939989637,0.6296431185784392,0.0,0.0,513968.96715698764,24,-0.08968205613027619
2024-09-04,493,20,1173292.090004915,281579.32489907695,0.0,404918.30186423677,507521.19027964567,497157.82676062343,497157.82676062343,30,26,0.7776746301426615,-0.0874487174075972,0.0,resolved,True,-0.007316963723438263,0.6632145412841444,0.0,0.0,281579.32489907695,24,1173292.090004915,281579.32489907695,0.0,404918.30186423677,507521.19027964567,497157.82676062343,497157.82676062343,30,26,0.7776746301426615,-0.0874487174075972,0.0,resolved,True,-0.007316963723438263,0.6632145412841444,0.0,0.0,281579.32489907695,24,-0.04594413759627489
2024-09-05,493,20,1168931.121375247,376173.771370452,0.0,306960.61862493225,514776.884755116,500286.8080674893,500286.8080674893,26,30,0.7029819707539949,-0.17778315790385324,0.0,resolved,True,-0.0037168652774687283,0.5574358017842816,0.0,0.0,376173.771370452,21,1168931.121375247,376173.771370452,0.0,306960.61862493225,514776.884755116,500286.8080674893,500286.8080674893,26,30,0.7029819707539949,-0.17778315790385324,0.0,resolved,True,-0.0037168652774687283,0.5574358017842816,0.0,0.0,376173.771370452,21,0.019634585625228882
2024-09-06,493,20,1166523.481898354,209780.8646463732,0.0,351880.2049220785,621935.3147451528,613398.8635375275,613398.8635375275,25,34,0.8348014718764879,-0.2315042208868332,0.0,resolved,True,-0.0020596931956610165,0.4996370424807222,0.0,0.0,209780.8646463732,25,1166523.481898354,209780.8646463732,0.0,351880.2049220785,621935.3147451528,613398.8635375275,613398.8635375275,25,34,0.8348014718764879,-0.2315042208868332,0.0,resolved,True,-0.0020596931956610165,0.4996370424807222,0.0,0.0,209780.8646463732,25,0.09081252085273239
2024-09-09,493,20,1164922.5299682603,286542.057582217,0.0,339349.0595434281,580321.6517962863,559676.5323194508,559676.5323194508,24,31,0.789469417648547,-0.20685718239085288,0.0,resolved,True,-0.0013724129474772528,0.4210212502862222,0.0,0.0,286542.057582217,37,1164922.5299682603,286542.057582217,0.0,339349.0595434281,580321.6517962863,559676.5323194508,559676.5323194508,24,31,0.789469417648547,-0.20685718239085288,0.0,resolved,True,-0.0013724129474772528,0.4210212502862222,0.0,0.0,286542.057582217,37,-0.08731302286387549
2024-09-10,493,20,1154600.6895870273,504862.93200395507,0.0,169652.14633491932,536357.7304994748,508221.6708738139,508221.6708738139,20,30,0.61147536390864,-0.3176038153032086,0.0,resolved,True,-0.008860538032099186,0.6801923943003514,0.0,0.0,504862.93200395507,22,1154600.6895870273,504862.93200395507,0.0,169652.14633491932,536357.7304994748,508221.6708738139,508221.6708738139,20,30,0.61147536390864,-0.3176038153032086,0.0,resolved,True,-0.008860538032099186,0.6801923943003514,0.0,0.0,504862.93200395507,22,-0.0629847997950492
2024-09-11,493,20,1150011.3880331952,217562.72368969652,0.0,360698.19410120853,640514.7722910882,606132.6212666893,606132.6212666893,27,30,0.8706113494272604,-0.24331635416970565,0.0,resolved,True,-0.003974795438129841,0.6284997487843897,0.0,0.0,217562.72368969652,25,1150011.3880331952,217562.72368969652,0.0,360698.19410120853,640514.7722910882,606132.6212666893,606132.6212666893,27,30,0.8706113494272604,-0.24331635416970565,0.0,resolved,True,-0.003974795438129841,0.6284997487843897,0.0,0.0,217562.72368969652,25,-0.08903181350411785
2024-09-12,493,20,1147175.6436522338,307151.6598567846,0.0,276653.67249036353,640123.336493746,601746.8238994157,601746.8238994157,25,30,0.7991601060020679,-0.31683872126696605,0.0,resolved,True,-0.0024658402607744545,0.4567875850775017,0.0,0.0,307151.6598567846,24,1147175.6436522338,307151.6598567846,0.0,276653.67249036353,640123.336493746,601746.8238994157,601746.8238994157,25,30,0.7991601060020679,-0.31683872126696605,0.0,resolved,True,-0.0024658402607744545,0.4567875850775017,0.0,0.0,307151.6598567846,24,-0.07569276364338309
2024-09-13,493,20,1142637.6747266268,287374.255267419,0.0,283230.9782282317,655468.5425279607,613750.4918794684,613750.4918794684,29,30,0.821519840907376,-0.3257704279607146,0.0,resolved,True,-0.003955775168970166,0.5250491731601177,0.0,0.0,287374.255267419,25,1142637.6747266268,287374.255267419,0.0,283230.9782282317,655468.5425279607,613750.4918794684,613750.4918794684,29,30,0.821519840907376,-0.3257704279607146,0.0,resolved,True,-0.003955775168970166,0.5250491731601177,0.0,0.0,287374.255267419,25,0.0762226876213932
2024-09-16,493,20,1136554.6271470904,267821.3176332854,0.0,255899.86916039427,709672.5276301911,661252.9839918008,661252.9839918008,24,30,0.849560921866383,-0.39925283627486435,0.0,resolved,True,-0.005323688964650852,0.4871393792926458,0.0,0.0,267821.3176332854,24,1136554.6271470904,267821.3176332854,0.0,255899.86916039427,709672.5276301911,661252.9839918008,661252.9839918008,24,30,0.849560921866383,-0.39925283627486435,0.0,resolved,True,-0.005323688964650852,0.4871393792926458,0.0,0.0,267821.3176332854,24,-0.16466577953855904
2024-09-17,493,20,1129048.6939275032,420084.819830965,0.0,259882.24832407807,496626.27558314765,472853.9506778039,472853.9506778039,29,26,0.6700406527867624,-0.2096845145230477,0.0,resolved,True,-0.0066041112677779346,0.6626399614581476,0.0,0.0,420084.819830965,20,1129048.6939275032,420084.819830965,0.0,259882.24832407807,496626.27558314765,472853.9506778039,472853.9506778039,29,26,0.6700406527867624,-0.2096845145230477,0.0,resolved,True,-0.0066041112677779346,0.6626399614581476,0.0,0.0,420084.819830965,20,-0.10023455442358788
2024-09-18,493,20,1130573.4056011664,209715.41508360897,0.0,358186.7421463824,601007.0939352452,581839.1711532101,581839.1711532101,32,28,0.8484135849379809,-0.2147762812974948,0.0,resolved,True,0.0013504392519683162,0.5634630997230782,0.0,0.0,209715.41508360897,31,1130573.4056011664,209715.41508360897,0.0,358186.7421463824,601007.0939352452,581839.1711532101,581839.1711532101,32,28,0.8484135849379809,-0.2147762812974948,0.0,resolved,True,0.0013504392519683162,0.5634630997230782,0.0,0.0,209715.41508360897,31,-0.08772448090702076
2024-09-19,493,20,1120637.2149449585,450226.4890917311,0.0,287997.57761080674,412299.5394307742,397356.34383659746,397356.34383659746,30,26,0.6249097457253167,-0.11092078699713068,0.0,resolved,True,-0.008788629386629276,0.6115297000167008,0.0,0.0,450226.489091731,27,1120637.2149449585,450226.4890917311,0.0,287997.57761080674,412299.5394307742,397356.34383659746,397356.34383659746,30,26,0.6249097457253167,-0.11092078699713068,0.0,resolved,True,-0.008788629386629276,0.6115297000167008,0.0,0.0,450226.489091731,27,0.2928855777695931
2024-09-20,493,20,1121202.9091958432,285121.83505424263,0.0,383452.16413859976,470446.7406295458,461537.8253162733,461537.8253162733,28,26,0.7615917669894247,-0.07759039490304293,0.0,resolved,True,0.0005047969524307749,0.6671757305434605,0.0,0.0,285121.83505424263,30,1121202.9091958432,285121.83505424263,0.0,383452.16413859976,470446.7406295458,461537.8253162733,461537.8253162733,28,26,0.7615917669894247,-0.07759039490304293,0.0,resolved,True,0.0005047969524307749,0.6671757305434605,0.0,0.0,285121.83505424263,30,0.051165835086177586
2024-09-23,493,20,1124872.6309171952,400305.7974278409,0.0,311647.40581577853,434576.6331866495,423748.0304301127,423748.0304301127,27,26,0.66338536336685,-0.1092827969959917,0.0,resolved,True,0.0032730219403231953,0.6100277154186303,0.0,0.0,400305.7974278409,33,1124872.6309171952,400305.7974278409,0.0,311647.40581577853,434576.6331866495,423748.0304301127,423748.0304301127,27,26,0.66338536336685,-0.1092827969959917,0.0,resolved,True,0.0032730219403231953,0.6100277154186303,0.0,0.0,400305.7974278409,33,-0.13859183921748336
2024-09-24,493,20,1126305.1084268964,488242.4061327096,0.0,261295.36026993018,382746.77532395726,379757.05867410696,379757.05867410696,23,28,0.571818533695028,-0.1078317181954875,0.0,resolved,True,0.0012734575189488062,0.8015630426019759,0.0,0.0,488242.4061327096,25,1126305.1084268964,488242.4061327096,0.0,261295.36026993018,382746.77532395726,379757.05867410696,379757.05867410696,23,28,0.571818533695028,-0.1078317181954875,0.0,resolved,True,0.0012734575189488062,0.8015630426019759,0.0,0.0,488242.4061327096,25,0.08043268581254363
2024-09-25,493,20,1124814.1804137896,326165.5290044681,0.0,336801.0328733672,467793.03109637095,464820.3248161626,464820.3248161626,26,30,0.7153128738773092,-0.11645656723034488,0.0,resolved,True,-0.0013237336863269888,0.7227081841181806,0.0,0.0,326165.5290044681,28,1124814.1804137896,326165.5290044681,0.0,336801.0328733672,467793.03109637095,464820.3248161626,464820.3248161626,26,30,0.7153128738773092,-0.11645656723034488,0.0,resolved,True,-0.0013237336863269888,0.7227081841181806,0.0,0.0,326165.5290044681,28,-0.037724473748221035
2024-09-26,493,20,1114794.5801489584,343638.11389068986,0.0,356091.96926371567,437860.52728818567,426462.5121413692,426462.5121413692,27,28,0.712196229412789,-0.07334854284413915,0.0,resolved,True,-0.008907782671396691,0.6009264137945904,0.0,0.0,343638.11389068986,27,1114794.5801489584,343638.11389068986,0.0,356091.96926371567,437860.52728818567,426462.5121413692,426462.5121413692,27,28,0.712196229412789,-0.07334854284413915,0.0,resolved,True,-0.008907782671396691,0.6009264137945904,0.0,0.0,343638.11389068986,27,0.008299676050851842
2024-09-27,493,20,1117843.52871205,361416.80266409647,0.0,308362.33641187096,467259.1773210224,457661.7834785526,457661.7834785526,28,31,0.6938551718651931,-0.1421458699968753,0.0,resolved,True,0.002734986891203217,0.6344240388141223,0.0,0.0,361416.80266409647,30,1117843.52871205,361416.80266409647,0.0,308362.33641187096,467259.1773210224,457661.7834785526,457661.7834785526,28,31,0.6938551718651931,-0.1421458699968753,0.0,resolved,True,0.002734986891203217,0.6344240388141223,0.0,0.0,361416.80266409647,30,0.2203768046528229
2024-09-30,493,20,1126318.0794500916,407682.16655388265,0.0,323008.3557231296,405407.01914168434,400517.2881573819,400517.2881573819,33,23,0.6467226160663709,-0.07315754307946891,0.0,resolved,True,0.007581160082221539,0.6854738689913157,0.0,0.0,407682.16655388265,32,1126318.0794500916,407682.16655388265,0.0,323008.3557231296,405407.01914168434,400517.2881573819,400517.2881573819,33,23,0.6467226160663709,-0.07315754307946891,0.0,resolved,True,0.007581160082221539,0.6854738689913157,0.0,0.0,407682.16655388265,32,-0.04281810228242205
2024-10-01,493,20,1126810.073154712,376645.3589391624,0.0,316967.1450508873,439420.6722793522,436309.1207220072,436309.1207220072,28,27,0.6712646925604709,-0.10867273034366272,0.0,resolved,True,0.0004368159524357207,0.6942591231206839,0.0,0.0,376645.3589391624,25,1126810.073154712,376645.3589391624,0.0,316967.1450508873,439420.6722793522,436309.1207220072,436309.1207220072,28,27,0.6712646925604709,-0.10867273034366272,0.0,resolved,True,0.0004368159524357207,0.6942591231206839,0.0,0.0,376645.3589391624,25,0.1651141170943033
2024-10-02,493,20,1127750.7526772497,322697.4398731545,0.0,391146.2741697147,424205.5178064682,419056.2782204244,419056.2782204244,30,25,0.7229893573917463,-0.029314317510559598,0.0,resolved,True,0.0008348163944824627,0.6189257711513063,0.0,0.0,322697.4398731545,29,1127750.7526772497,322697.4398731545,0.0,391146.2741697147,424205.5178064682,419056.2782204244,419056.2782204244,30,25,0.7229893573917463,-0.029314317510559598,0.0,resolved,True,0.0008348163944824627,0.6189257711513063,0.0,0.0,322697.4398731545,29,-0.10120692685084622
2024-10-03,493,20,1123343.8631846393,347337.5572008644,0.0,289934.93329468096,503667.3869683208,494869.3798287074,494869.3798287074,24,32,0.7064642860229529,-0.19026449574195037,0.0,resolved,True,-0.003907680382521206,0.591453141265139,0.0,0.0,347337.5572008644,20,1123343.8631846393,347337.5572008644,0.0,289934.93329468096,503667.3869683208,494869.3798287074,494869.3798287074,24,32,0.7064642860229529,-0.19026449574195037,0.0,resolved,True,-0.003907680382521206,0.591453141265139,0.0,0.0,347337.5572008644,20,-0.13643908200473653
2024-10-04,494,20,1110303.1720693605,218619.39222104638,0.0,340019.1036864186,596852.8590658238,574258.7676138596,574258.7676138596,28,32,0.8437983303300121,-0.23131858202361405,0.0,resolved,True,-0.011608815023308017,0.5032266742111973,0.0,0.0,218619.39222104638,16,1110303.1720693605,218619.39222104638,0.0,340019.1036864186,596852.8590658238,574258.7676138596,574258.7676138596,28,32,0.8437983303300121,-0.23131858202361405,0.0,resolved,True,-0.011608815023308017,0.5032266742111973,0.0,0.0,218619.39222104638,16,-0.07007391974108712
2024-10-07,494,20,1108391.4460278107,254827.44277118822,0.0,342600.35662196117,539465.4221452238,525214.5343899427,525214.5343899427,32,34,0.7958070967872239,-0.17761330279909351,0.0,resolved,True,-0.001721805439848234,0.4390896623111531,0.0,0.0,254827.44277118822,21,1108391.4460278107,254827.44277118822,0.0,342600.35662196117,539465.4221452238,525214.5343899427,525214.5343899427,32,34,0.7958070967872239,-0.17761330279909351,0.0,resolved,True,-0.001721805439848234,0.4390896623111531,0.0,0.0,254827.44277118822,21,0.2335949713422907
2024-10-08,494,20,1117355.540020289,215193.35093833867,0.0,355405.1903721177,561413.202189428,554085.1004496303,554085.1004496303,35,32,0.8205252130802503,-0.18437104792407408,0.0,resolved,True,0.00808748030725348,0.4241643737174369,0.0,0.0,215193.35093833867,41,1117355.540020289,215193.35093833867,0.0,355405.1903721177,561413.202189428,554085.1004496303,554085.1004496303,35,32,0.8205252130802503,-0.18437104792407408,0.0,resolved,True,0.00808748030725348,0.4241643737174369,0.0,0.0,215193.35093833867,41,-0.10810949899323571
2024-10-09,494,20,1116390.3983388771,527714.2711885741,0.0,249064.93797514372,356422.523759102,348016.8564671307,348016.8564671307,27,26,0.5423617603977742,-0.09616491322721872,0.0,resolved,True,-0.0008637731204109711,0.6668054711180824,0.0,0.0,527714.2711885741,27,1116390.3983388771,527714.2711885741,0.0,249064.93797514372,356422.523759102,348016.8564671307,348016.8564671307,27,26,0.5423617603977742,-0.09616491322721872,0.0,resolved,True,-0.0008637731204109711,0.6668054711180824,0.0,0.0,527714.2711885741,27,-0.10709572175489471
2024-10-10,494,20,1116412.1010206484,285039.3316661252,0.0,410882.3680091848,433491.2110057532,426990.8061755457,426990.8061755457,30,22,0.7563278633785796,-0.020251341754446157,0.0,resolved,True,1.9440046961749502e-05,0.7288028734323361,0.0,0.0,285039.3316661252,21,1116412.1010206484,285039.3316661252,0.0,410882.3680091848,433491.2110057532,426990.8061755457,426990.8061755457,30,22,0.7563278633785796,-0.020251341754446157,0.0,resolved,True,1.9440046961749502e-05,0.7288028734323361,0.0,0.0,285039.3316661252,21,0.20667270267298857
2024-10-11,494,20,1116784.0856590513,282925.909135842,0.0,346042.75835212733,508517.2905020738,498166.3543365779,498166.3543365779,30,28,0.7651971941827026,-0.14548428316299375,0.0,resolved,True,0.0003331965302622031,0.509836060150781,0.0,0.0,282925.909135842,39,1116784.0856590513,282925.909135842,0.0,346042.75835212733,508517.2905020738,498166.3543365779,498166.3543365779,30,28,0.7651971941827026,-0.14548428316299375,0.0,resolved,True,0.0003331965302622031,0.509836060150781,0.0,0.0,282925.909135842,39,0.10880425964296789
2024-10-14,494,20,1123418.9147449124,482935.233141082,0.0,298441.57521297934,357234.07847538777,349638.0924331195,349638.0924331195,26,25,0.5836430605561304,-0.05233355295229124,0.0,resolved,True,0.005941013281851815,0.6862473941939133,0.0,0.0,482935.233141082,30,1123418.9147449124,482935.233141082,0.0,298441.57521297934,357234.07847538777,349638.0924331195,349638.0924331195,26,25,0.5836430605561304,-0.05233355295229124,0.0,resolved,True,0.005941013281851815,0.6862473941939133,0.0,0.0,482935.233141082,30,0.11620245667475772
2024-10-15,494,20,1130842.5505082782,365545.7122133849,0.0,346056.43575559795,418205.8163508579,418723.1094450767,418723.1094450767,24,26,0.6758343606392808,-0.06380143775349723,0.0,resolved,True,0.0066080743932031005,0.7569339011833984,0.0,0.0,365545.7122133849,26,1130842.5505082782,365545.7122133849,0.0,346056.43575559795,418205.8163508579,418723.1094450767,418723.1094450767,24,26,0.6758343606392808,-0.06380143775349723,0.0,resolved,True,0.0066080743932031005,0.7569339011833984,0.0,0.0,365545.7122133849,26,-0.06456178630560987
2024-10-16,494,20,1125980.749422557,358948.13467880327,0.0,410427.7147885378,371845.9052661326,364225.40261067427,364225.40261067427,30,22,0.694748662848675,0.034265070288449724,0.0,resolved,True,-0.004299273213177246,0.6371614566451586,0.0,0.0,358948.13467880327,22,1125980.749422557,358948.13467880327,0.0,410427.7147885378,371845.9052661326,364225.40261067427,364225.40261067427,30,22,0.694748662848675,0.034265070288449724,0.0,resolved,True,-0.004299273213177246,0.6371614566451586,0.0,0.0,358948.13467880327,22,-0.0289063680884388
2024-10-17,494,20,1127120.9038896677,295089.0623893457,0.0,435501.76339631,411392.3251157032,403961.2016098576,403961.2016098576,33,29,0.7513782111478916,0.02139028581353221,0.0,resolved,True,0.001012587886334071,0.5782904367532625,0.0,0.0,295089.0623893457,28,1127120.9038896677,295089.0623893457,0.0,435501.76339631,411392.3251157032,403961.2016098576,403961.2016098576,33,29,0.7513782111478916,0.02139028581353221,0.0,resolved,True,0.001012587886334071,0.5782904367532625,0.0,0.0,295089.0623893457,28,0.19459523058169848
2024-10-18,494,20,1134241.9761825884,382095.2063388156,0.0,414107.9971030504,352162.0835500186,345100.42814537045,345100.42814537045,32,27,0.6755790181844903,0.05461437228898664,0.0,resolved,True,0.006317931171665903,0.6037072573161457,0.0,0.0,382095.2063388156,38,1134241.9761825884,382095.2063388156,0.0,414107.9971030504,352162.0835500186,345100.42814537045,345100.42814537045,32,27,0.6755790181844903,0.05461437228898664,0.0,resolved,True,0.006317931171665903,0.6037072573161457,0.0,0.0,382095.2063388156,38,0.13292407996071295
2024-10-21,494,20,1134372.312506967,480400.8724899604,0.0,316355.8099367754,347602.78481641156,342609.2074483213,342609.2074483213,27,23,0.5853092388034719,-0.027545607853016272,0.0,resolved,True,0.00011491051038103883,0.7590148685765897,0.0,0.0,480400.8724899604,23,1134372.312506967,480400.8724899604,0.0,316355.8099367754,347602.78481641156,342609.2074483213,342609.2074483213,27,23,0.5853092388034719,-0.027545607853016272,0.0,resolved,True,0.00011491051038103883,0.7590148685765897,0.0,0.0,480400.8724899604,23,0.020162901042490647
2024-10-22,494,20,1132171.21304897,271722.7096510888,0.0,421409.459359363,451521.75598446367,445280.40001149103,445280.40001149103,28,27,0.7710240335408259,-0.026596946007845727,0.0,resolved,True,-0.0019403677555673848,0.6605753806922997,0.0,0.0,271722.7096510888,24,1132171.21304897,271722.7096510888,0.0,421409.459359363,451521.75598446367,445280.40001149103,445280.40001149103,28,27,0.7710240335408259,-0.026596946007845727,0.0,resolved,True,-0.0019403677555673848,0.6605753806922997,0.0,0.0,271722.7096510888,24,0.08488961194494722
2024-10-23,494,20,1133210.278429216,319970.45696279645,0.0,363432.06948796584,457512.2651343741,453660.00855641393,453660.00855641393,29,29,0.7244413064804537,-0.08302095157203854,0.0,resolved,True,0.0009177634692263403,0.5207514871999693,0.0,0.0,319970.45696279645,25,1133210.278429216,319970.45696279645,0.0,363432.06948796584,457512.2651343741,453660.00855641393,453660.00855641393,29,29,0.7244413064804537,-0.08302095157203854,0.0,resolved,True,0.0009177634692263403,0.5207514871999693,0.0,0.0,319970.45696279645,25,0.08571116936646082
2024-10-24,494,20,1133078.5103106482,343395.33548365737,0.0,405616.62831453374,382734.1244515585,383400.3354820078,383400.3354820078,31,27,0.6957600427440422,0.020194985303094035,0.0,resolved,True,-0.00011627861225405045,0.5951557214546126,0.0,0.0,343395.3354836574,33,1133078.5103106482,343395.33548365737,0.0,405616.62831453374,382734.1244515585,383400.3354820078,383400.3354820078,31,27,0.6957600427440422,0.020194985303094035,0.0,resolved,True,-0.00011627861225405045,0.5951557214546126,0.0,0.0,343395.3354836574,33,-0.12387799081964043
2024-10-25,494,20,1129803.9562565323,431442.13562550105,0.0,375805.17366568325,323920.96275477513,323238.8048600615,323238.8048600615,24,28,0.6193341176985391,0.04592319811201594,0.0,resolved,True,-0.0028899621908972106,0.6834514128164454,0.0,0.0,431442.13562550105,19,1129803.9562565323,431442.13562550105,0.0,375805.17366568325,323920.96275477513,323238.8048600615,323238.8048600615,24,28,0.6193341176985391,0.04592319811201594,0.0,resolved,True,-0.0028899621908972106,0.6834514128164454,0.0,0.0,431442.13562550105,19,0.0814626337338896
2024-10-28,494,20,1130571.8210183554,218433.86769349416,0.0,440598.11094931024,480512.5026265207,476026.17250103585,476026.17250103585,27,33,0.8147298530279539,-0.035304605099088546,0.0,resolved,True,0.0006796442494034771,0.5755026514675318,0.0,0.0,218433.8676934942,32,1130571.8210183554,218433.86769349416,0.0,440598.11094931024,480512.5026265207,476026.17250103585,476026.17250103585,27,33,0.8147298530279539,-0.035304605099088546,0.0,resolved,True,0.0006796442494034771,0.5755026514675318,0.0,0.0,218433.8676934942,32,-0.003621057288009308
2024-10-29,494,20,1126556.3287311448,486987.30920287844,0.0,250906.85147198752,403457.0753183346,396059.62168730673,396059.62168730673,28,25,0.5808532694741868,-0.13541286836333025,0.0,resolved,True,-0.0035517356903462804,0.6247150628879375,0.0,0.0,486987.30920287844,19,1126556.3287311448,486987.30920287844,0.0,250906.85147198752,403457.0753183346,396059.62168730673,396059.62168730673,28,25,0.5808532694741868,-0.13541286836333025,0.0,resolved,True,-0.0035517356903462804,0.6247150628879375,0.0,0.0,486987.30920287844,19,0.15549605540979083
2024-10-30,494,20,1130362.7997654453,187835.32586861568,0.0,393442.37874848564,555029.7295696841,552057.4123590142,552057.4123590142,30,31,0.8390864495142458,-0.14295175925351444,0.0,resolved,True,0.0033788554883782407,0.5986790137833051,0.0,0.0,187835.3258686157,36,1130362.7997654453,187835.32586861568,0.0,393442.37874848564,555029.7295696841,552057.4123590142,552057.4123590142,30,31,0.8390864495142458,-0.14295175925351444,0.0,resolved,True,0.0033788554883782407,0.5986790137833051,0.0,0.0,187835.3258686157,36,0.10947491244304397
2024-10-31,494,20,1149943.4277372991,521752.2046244684,0.0,281712.66213962354,338607.47293591156,342543.01695455925,342543.01695455925,28,26,0.5394353496989986,-0.04947618241380606,0.0,resolved,True,0.017322427786828243,0.6091775117560404,0.0,0.0,521752.20462446846,29,1149943.4277372991,521752.2046244684,0.0,281712.66213962354,338607.47293591156,342543.01695455925,342543.01695455925,28,26,0.5394353496989986,-0.04947618241380606,0.0,resolved,True,0.017322427786828243,0.6091775117560404,0.0,0.0,521752.20462446846,29,0.04128916623374437
2024-11-01,494,20,1140457.8510205706,338962.29452975414,0.0,335804.4479213896,474582.9567810804,470137.03267525375,470137.03267525375,28,29,0.7105807584009107,-0.12168666183980492,0.0,resolved,True,-0.008248733361947092,0.7493007456571285,0.0,0.0,338962.29452975414,29,1140457.8510205706,338962.29452975414,0.0,335804.4479213896,474582.9567810804,470137.03267525375,470137.03267525375,28,29,0.7105807584009107,-0.12168666183980492,0.0,resolved,True,-0.008248733361947092,0.7493007456571285,0.0,0.0,338962.29452975414,29,0.09655707584751377
2024-11-04,494,20,1135079.4956151068,318835.6086558705,0.0,330406.03811287915,510121.2603944957,497979.55462042644,497979.55462042644,29,27,0.7405008210917313,-0.15832831354620472,0.0,resolved,True,-0.004715961576879701,0.5759835360719272,0.0,0.0,318835.6086558705,27,1135079.4956151068,318835.6086558705,0.0,330406.03811287915,510121.2603944957,497979.55462042644,497979.55462042644,29,27,0.7405008210917313,-0.15832831354620472,0.0,resolved,True,-0.004715961576879701,0.5759835360719272,0.0,0.0,318835.6086558705,27,0.09096858256020668
2024-11-05,494,20,1133421.8381103277,343067.64166978234,0.0,308116.8746868325,520133.35726566275,501185.33950968797,501185.33950968797,28,26,0.7307519619821133,-0.1870587591044743,0.0,resolved,True,-0.0014603889077220433,0.5838263664046273,0.0,0.0,343067.64166978234,29,1133421.8381103277,343067.64166978234,0.0,308116.8746868325,520133.35726566275,501185.33950968797,501185.33950968797,28,26,0.7307519619821133,-0.1870587591044743,0.0,resolved,True,-0.0014603889077220433,0.5838263664046273,0.0,0.0,343067.64166978234,29,-0.189823155419656
2024-11-06,494,20,1137908.4847855314,394993.82460719964,0.0,308227.3897800594,461912.854557751,448300.06247801177,448300.06247801177,29,23,0.6768033234965846,-0.1350595999876542,0.0,resolved,True,0.003958496761174102,0.6583274706832067,0.0,0.0,394993.82460719964,28,1137908.4847855314,394993.82460719964,0.0,308227.3897800594,461912.854557751,448300.06247801177,448300.06247801177,29,23,0.6768033234965846,-0.1350595999876542,0.0,resolved,True,0.003958496761174102,0.6583274706832067,0.0,0.0,394993.82460719964,28,0.3545724885564919
2024-11-07,494,20,1143741.0930020052,306845.0922323698,0.0,321739.93279508635,542759.0753873072,528957.5716809281,528957.5716809281,26,27,0.7558520135997928,-0.1932422852903768,0.0,resolved,True,0.005125726975814926,0.6140649025460095,0.0,0.0,306845.0922323698,32,1143741.0930020052,306845.0922323698,0.0,321739.93279508635,542759.0753873072,528957.5716809281,528957.5716809281,26,27,0.7558520135997928,-0.1932422852903768,0.0,resolved,True,0.005125726975814926,0.6140649025460095,0.0,0.0,306845.0922323698,32,0.1764212114468805
2024-11-08,494,20,1126094.8099584316,395716.17637717683,0.0,233104.9203954024,565750.9110512377,531512.312118545,531512.312118545,24,27,0.7094037059598285,-0.2953978543495059,0.0,resolved,True,-0.01542856434165274,0.6148220507773241,0.0,0.0,395716.17637717683,33,1126094.8099584316,395716.17637717683,0.0,233104.9203954024,565750.9110512377,531512.312118545,531512.312118545,24,27,0.7094037059598285,-0.2953978543495059,0.0,resolved,True,-0.01542856434165274,0.6148220507773241,0.0,0.0,395716.17637717683,33,-0.20047898186968055
2024-11-11,494,20,1113975.2693325386,479582.7441966189,0.0,256112.76895015113,457316.64988411,417798.20303493936,417798.20303493936,24,23,0.6404355989534015,-0.1806179064051524,0.0,resolved,True,-0.01076245136618681,0.7870581904544083,0.0,0.0,479582.7441966189,15,1113975.2693325386,479582.7441966189,0.0,256112.76895015113,457316.64988411,417798.20303493936,417798.20303493936,24,23,0.6404355989534015,-0.1806179064051524,0.0,resolved,True,-0.01076245136618681,0.7870581904544083,0.0,0.0,479582.7441966189,15,-0.0751159343217975
2024-11-12,494,20,1117522.3633343708,161103.01778425282,0.0,368908.07901049283,652968.2026586778,620239.7345991514,620239.7345991514,24,32,0.9144123779502548,-0.25418741760176494,0.0,resolved,True,0.003184176614582812,0.5752581448697728,0.0,0.0,161103.01778425282,27,1117522.3633343708,161103.01778425282,0.0,368908.07901049283,652968.2026586778,620239.7345991514,620239.7345991514,24,32,0.9144123779502548,-0.25418741760176494,0.0,resolved,True,0.003184176614582812,0.5752581448697728,0.0,0.0,161103.01778425282,27,-0.0933910880968787
2024-11-13,494,20,1114708.8351179338,376320.84548448055,0.0,260062.72811779007,537831.6031676257,508078.43234164454,508078.43234164454,25,30,0.7157872137983012,-0.24918513812662865,0.0,resolved,True,-0.002517648244677817,0.48202290534126274,0.0,0.0,376320.8454844805,28,1114708.8351179338,376320.84548448055,0.0,260062.72811779007,537831.6031676257,508078.43234164454,508078.43234164454,25,30,0.7157872137983012,-0.24918513812662865,0.0,resolved,True,-0.002517648244677817,0.48202290534126274,0.0,0.0,376320.8454844805,28,0.05556210314828775
2024-11-14,494,20,1117859.4782109922,306437.5007956091,0.0,351724.0579351153,507410.8735932262,483554.3965367469,483554.3965367469,27,27,0.7685536047010935,-0.1392722597899962,0.0,resolved,True,0.00282642695006996,0.6056370728046974,0.0,0.0,306437.5007956091,23,1117859.4782109922,306437.5007956091,0.0,351724.0579351153,507410.8735932262,483554.3965367469,483554.3965367469,27,27,0.7685536047010935,-0.1392722597899962,0.0,resolved,True,0.00282642695006996,0.6056370728046974,0.0,0.0,306437.5007956091,23,-0.03586156127140538
2024-11-15,494,20,1030186.2398960969,242998.46426610483,0.0,375386.64981052675,635231.2802703049,523516.20304488513,523516.20304488513,27,29,0.9810050755315477,-0.25223073304297455,0.0,resolved,True,-0.07842957010590135,0.48699751832587085,0.0,0.0,242998.46426610483,18,1030186.2398960969,242998.46426610483,0.0,375386.64981052675,635231.2802703049,523516.20304488513,523516.20304488513,27,29,0.9810050755315477,-0.25223073304297455,0.0,resolved,True,-0.07842957010590135,0.48699751832587085,0.0,0.0,242998.46426610483,18,-0.12831113378998418
2024-11-18,494,20,1016125.1515492543,181797.7783165761,0.0,413378.39710040396,692764.5075784838,556856.741855379,556856.741855379,31,27,1.088589238237422,-0.2749524603855229,0.0,resolved,True,-0.01364907412106453,0.41046319534617864,0.0,0.0,181797.7783165761,29,1016125.1515492543,181797.7783165761,0.0,413378.39710040396,692764.5075784838,556856.741855379,556856.741855379,31,27,1.088589238237422,-0.2749524603855229,0.0,resolved,True,-0.01364907412106453,0.41046319534617864,0.0,0.0,181797.7783165761,29,-0.04630654304388564
2024-11-19,494,20,1023934.9345663734,388918.36531264184,0.0,291380.5479277537,642974.0089390181,493305.0151324981,493305.0151324981,28,25,0.912513603476633,-0.3433748074628989,0.0,resolved,True,0.007685847560422676,0.5540039022931118,0.0,0.0,388918.36531264184,26,1023934.9345663734,388918.36531264184,0.0,291380.5479277537,642974.0089390181,493305.0151324981,493305.0151324981,28,25,0.912513603476633,-0.3433748074628989,0.0,resolved,True,0.007685847560422676,0.5540039022931118,0.0,0.0,388918.36531264184,26,0.012799097122203262
2024-11-20,494,20,1010069.4308820501,271644.2213959042,0.0,307165.452416793,760069.6646442303,595664.7108567916,595664.7108567916,26,26,1.0565957986957915,-0.4483891882877156,0.0,resolved,True,-0.013541391367992706,0.6443670843243586,0.0,0.0,271644.2213959042,27,1010069.4308820501,271644.2213959042,0.0,307165.452416793,760069.6646442303,595664.7108567916,595664.7108567916,26,26,1.0565957986957915,-0.4483891882877156,0.0,resolved,True,-0.013541391367992706,0.6443670843243586,0.0,0.0,271644.2213959042,27,0.0023053225781814466
2024-11-21,494,20,1018508.8467922504,405272.14043859113,0.0,263342.6328444086,670336.6368019187,510115.35515558464,510115.35515558464,25,24,0.9167119879094913,-0.3995979075089236,0.0,resolved,True,0.00835528296587551,0.6693528004026574,0.0,0.0,405272.14043859113,24,1018508.8467922504,405272.14043859113,0.0,263342.6328444086,670336.6368019187,510115.35515558464,510115.35515558464,25,24,0.9167119879094913,-0.3995979075089236,0.0,resolved,True,0.00835528296587551,0.6693528004026574,0.0,0.0,405272.14043859113,24,-0.013506588342059474
2024-11-22,494,20,995145.6849338112,247654.26534331508,0.0,341736.87932476547,778565.4838625679,592160.0120641493,592160.0120641493,25,24,1.1257671918276433,-0.4389594520191852,0.0,resolved,True,-0.02293859491944572,0.6443969665207011,0.0,0.0,247654.26534331508,29,995145.6849338112,247654.26534331508,0.0,341736.87932476547,778565.4838625679,592160.0120641493,592160.0120641493,25,24,1.1257671918276433,-0.4389594520191852,0.0,resolved,True,-0.02293859491944572,0.6443969665207011,0.0,0.0,247654.26534331508,29,-0.262075724358881
2024-11-25,494,20,987542.2526689387,347837.88068937615,0.0,268501.60900134314,760870.9049873637,566036.8339827915,566036.8339827915,24,23,1.0423579459073447,-0.4985804857010825,0.0,resolved,True,-0.007640521764788799,0.6014927427014606,0.0,0.0,347837.88068937615,24,987542.2526689387,347837.88068937615,0.0,268501.60900134314,760870.9049873637,566036.8339827915,566036.8339827915,24,23,1.0423579459073447,-0.4985804857010825,0.0,resolved,True,-0.007640521764788799,0.6014927427014606,0.0,0.0,347837.88068937615,24,0.43788496127577364
2024-11-26,494,20,997567.1482542227,278813.1907599394,0.0,301689.6949361792,791872.2523365761,604468.2574473401,604468.2574473401,25,26,1.0962289096894648,-0.491378007243155,0.0,resolved,True,0.010151358646367514,0.6324368870976449,0.0,0.0,278813.1907599394,25,997567.1482542227,278813.1907599394,0.0,301689.6949361792,791872.2523365761,604468.2574473401,604468.2574473401,25,26,1.0962289096894648,-0.491378007243155,0.0,resolved,True,0.010151358646367514,0.6324368870976449,0.0,0.0,278813.1907599394,25,0.016879685493860597
2024-11-27,494,20,979532.9963258989,255832.88744006195,0.0,249982.20294620408,882550.6572412828,678134.2815904578,678134.2815904578,25,29,1.1561967431780966,-0.6457857536885033,0.0,resolved,True,-0.01807813334659647,0.5342973413107703,0.0,0.0,255832.88744006195,31,979532.9963258989,255832.88744006195,0.0,249982.20294620408,882550.6572412828,678134.2815904578,678134.2815904578,25,29,1.1561967431780966,-0.6457857536885033,0.0,resolved,True,-0.01807813334659647,0.5342973413107703,0.0,0.0,255832.88744006195,31,0.21135653336864443
2024-11-29,494,20,979984.9975900751,268650.26992679597,0.0,254063.18587974197,869249.9706366678,663260.7562101025,663260.7562101025,26,25,1.1462554623578924,-0.6277512270797606,0.0,resolved,True,0.00046144567449135643,0.535246050595529,0.0,0.0,268650.26992679597,30,979984.9975900751,268650.26992679597,0.0,254063.18587974197,869249.9706366678,663260.7562101025,663260.7562101025,26,25,1.1462554623578924,-0.6277512270797606,0.0,resolved,True,0.00046144567449135643,0.535246050595529,0.0,0.0,268650.26992679597,30,-0.2944301842116161
2024-12-02,494,20,965623.0886505,306797.2310686223,0.0,159273.85305913017,940370.8566836651,719961.4306032064,719961.4306032064,23,29,1.13879289203782,-0.808904646963394,0.0,resolved,True,-0.014655233472852247,0.5873398889435671,0.0,0.0,306797.2310686223,14,965623.0886505,306797.2310686223,0.0,159273.85305913017,940370.8566836651,719961.4306032064,719961.4306032064,23,29,1.13879289203782,-0.808904646963394,0.0,resolved,True,-0.014655233472852247,0.5873398889435671,0.0,0.0,306797.2310686223,14,0.03456465263079614
2024-12-03,494,20,982428.9218033064,114702.13356274132,0.0,285159.5270452643,635468.5521612529,609017.9066782768,609017.9066782768,30,26,0.9370938281383755,-0.35657442217089425,0.0,resolved,True,0.0174041335075088,0.800888170565666,0.0,0.0,114702.13356274134,22,982428.9218033064,114702.13356274132,0.0,285159.5270452643,635468.5521612529,609017.9066782768,609017.9066782768,30,26,0.9370938281383755,-0.35657442217089425,0.0,resolved,True,0.0174041335075088,0.800888170565666,0.0,0.0,114702.13356274134,22,-0.11094840566024183
2024-12-04,494,20,979000.6971005875,206963.63070881227,0.0,218844.04583505556,609591.6163280575,581392.3184423887,581392.3184423887,28,29,0.8462053853655176,-0.399129001286967,0.0,resolved,True,-0.003489539677258513,0.3296259199872982,0.0,0.0,206963.63070881227,22,979000.6971005875,206963.63070881227,0.0,218844.04583505556,609591.6163280575,581392.3184423887,581392.3184423887,28,29,0.8462053853655176,-0.399129001286967,0.0,resolved,True,-0.003489539677258513,0.3296259199872982,0.0,0.0,206963.63070881227,22,0.1906578009030334
2024-12-05,494,20,986091.603200164,179159.50199045287,0.0,241319.92433525898,610970.7231855158,588291.450029984,588291.450029984,30,29,0.8643118395439482,-0.3748645639518973,0.0,resolved,True,0.007243004137358566,0.3889641504491468,0.0,0.0,179159.50199045287,30,986091.603200164,179159.50199045287,0.0,241319.92433525898,610970.7231855158,588291.450029984,588291.450029984,30,29,0.8643118395439482,-0.3748645639518973,0.0,resolved,True,0.007243004137358566,0.3889641504491468,0.0,0.0,179159.50199045287,30,0.050682557212452226
2024-12-06,494,20,966196.4648898445,213640.31960516365,0.0,214010.53323964696,620059.5483062005,579302.5801756172,579302.5801756172,27,27,0.8632510176291519,-0.4202551239026185,0.0,resolved,True,-0.02017575065618027,0.40390016169257176,0.0,0.0,213640.31960516365,29,966196.4648898445,213640.31960516365,0.0,214010.53323964696,620059.5483062005,579302.5801756172,579302.5801756172,27,27,0.8632510176291519,-0.4202551239026185,0.0,resolved,True,-0.02017575065618027,0.40390016169257176,0.0,0.0,213640.31960516365,29,-0.1804202221812193
2024-12-09,494,20,962128.8184722136,216187.7008140609,0.0,165715.32191881686,665660.281937378,622943.0388383568,622943.0388383568,26,23,0.8641000954283391,-0.519623724411909,0.0,resolved,True,-0.00420995787652223,0.44313820857880654,0.0,0.0,216187.70081406087,20,962128.8184722136,216187.7008140609,0.0,165715.32191881686,665660.281937378,622943.0388383568,622943.0388383568,26,23,0.8641000954283391,-0.519623724411909,0.0,resolved,True,-0.00420995787652223,0.44313820857880654,0.0,0.0,216187.70081406087,20,0.07636363274399638
2024-12-10,494,20,977968.440934896,223663.06035796535,0.0,206530.66549474018,587549.2420610006,567661.9785715955,567661.9785715955,33,27,0.8119688471712179,-0.38960211865530436,0.0,resolved,True,0.016463099492056044,0.46680110987990775,0.0,0.0,223663.06035796535,21,977968.440934896,223663.06035796535,0.0,206530.66549474018,587549.2420610006,567661.9785715955,567661.9785715955,33,27,0.8119688471712179,-0.38960211865530436,0.0,resolved,True,0.016463099492056044,0.46680110987990775,0.0,0.0,223663.06035796535,21,0.08045545037379642
2024-12-11,494,20,981215.928129722,255883.53937484417,0.0,236380.33673300373,511252.42319233564,500102.2376071048,500102.2376071048,31,31,0.7619451931955372,-0.28013414639860224,0.0,resolved,True,0.0033206462078894106,0.503266742460555,0.0,0.0,255883.53937484417,36,981215.928129722,255883.53937484417,0.0,236380.33673300373,511252.42319233564,500102.2376071048,500102.2376071048,31,31,0.7619451931955372,-0.28013414639860224,0.0,resolved,True,0.0033206462078894106,0.503266742460555,0.0,0.0,255883.53937484417,36,0.04873728573396963
2024-12-12,494,20,984788.8728644125,257426.79288948592,0.0,184724.03098068692,558754.6632302144,550696.356112227,550696.356112227,25,31,0.7549625251637716,-0.37980793909825655,0.0,resolved,True,0.0036413440021310084,0.5228582141225206,0.0,0.0,257426.79288948592,27,984788.8728644125,257426.79288948592,0.0,184724.03098068692,558754.6632302144,550696.356112227,550696.356112227,25,31,0.7549625251637716,-0.37980793909825655,0.0,resolved,True,0.0036413440021310084,0.5228582141225206,0.0,0.0,257426.79288948592,27,0.13009312921622396
2024-12-13,494,20,989761.0380449835,221889.10795242872,0.0,221294.26584744334,549791.2416865253,548184.4529658185,548184.4529658185,26,28,0.7790622967509898,-0.3318952385597463,0.0,resolved,True,0.005048965638806191,0.48960132168371917,0.0,0.0,221889.10795242872,25,989761.0380449835,221889.10795242872,0.0,221294.26584744334,549791.2416865253,548184.4529658185,548184.4529658185,26,28,0.7790622967509898,-0.3318952385597463,0.0,resolved,True,0.005048965638806191,0.48960132168371917,0.0,0.0,221889.10795242872,25,0.02268954608739236
2024-12-16,494,20,988454.8674200345,261880.0666882364,0.0,205063.83187246346,526199.2935370207,523855.1311981776,523855.1311981776,26,29,0.7398042637173244,-0.3248863172708661,0.0,resolved,True,-0.0013196828070026756,0.4902261970340491,0.0,0.0,261880.0666882364,24,988454.8674200345,261880.0666882364,0.0,205063.83187246346,526199.2935370207,523855.1311981776,523855.1311981776,26,29,0.7398042637173244,-0.3248863172708661,0.0,resolved,True,-0.0013196828070026756,0.4902261970340491,0.0,0.0,261880.0666882364,24,0.10138266577253226
2024-12-17,494,20,992547.0953521377,201370.4018703383,0.0,221770.67611709918,565726.7356475156,567566.376506108,567566.376506108,26,30,0.79341062550309,-0.34653878001465216,0.0,resolved,True,0.004140025070425546,0.46408396430695864,0.0,0.0,201370.4018703383,24,992547.0953521377,201370.4018703383,0.0,221770.67611709918,565726.7356475156,567566.376506108,567566.376506108,26,30,0.79341062550309,-0.34653878001465216,0.0,resolved,True,0.004140025070425546,0.46408396430695864,0.0,0.0,201370.4018703383,24,-0.10917619229473827
2024-12-18,494,20,1012247.2114123871,248267.20280440303,0.0,236604.83560698509,476582.4722799192,501978.82264045917,501978.82264045917,33,30,0.7045584318200245,-0.23707413956526852,0.0,resolved,True,0.019848041621904233,0.44818975768474745,0.0,0.0,248267.20280440303,23,1012247.2114123871,248267.20280440303,0.0,236604.83560698509,476582.4722799192,501978.82264045917,501978.82264045917,33,30,0.7045584318200245,-0.23707413956526852,0.0,resolved,True,0.019848041621904233,0.44818975768474745,0.0,0.0,248267.20280440303,23,0.1361648504641212
2024-12-19,494,20,1012370.5788317197,355413.27246531495,0.0,264992.52442690014,380358.7644583509,386161.7731989277,386161.7731989277,32,29,0.6374654720112366,-0.1139565317717786,0.0,resolved,True,0.00012187479297720571,0.5529699328681383,0.0,0.0,355413.27246531495,35,1012370.5788317197,355413.27246531495,0.0,264992.52442690014,380358.7644583509,386161.7731989277,386161.7731989277,32,29,0.6374654720112366,-0.1139565317717786,0.0,resolved,True,0.00012187479297720571,0.5529699328681383,0.0,0.0,355413.27246531495,35,-0.03626706337125526
2024-12-20,494,20,1010061.5456755295,307137.83210530586,0.0,284495.9144949679,433633.245261846,426030.5221685508,426030.5221685508,28,29,0.7109756458221849,-0.14765172617984876,0.0,resolved,True,-0.0022808181158867624,0.6410745760706222,0.0,0.0,307137.83210530586,33,1010061.5456755295,307137.83210530586,0.0,284495.9144949679,433633.245261846,426030.5221685508,426030.5221685508,28,29,0.7109756458221849,-0.14765172617984876,0.0,resolved,True,-0.0022808181158867624,0.6410745760706222,0.0,0.0,307137.83210530586,33,-0.06473827668910505
2024-12-23,494,20,1008746.5229812968,395082.0554917141,0.0,270676.21910537226,357514.0987632824,350251.1735737464,350251.1735737464,28,26,0.6227434777292431,-0.0860849357886909,0.0,resolved,True,-0.0013019233331502678,0.6994074098193451,0.0,0.0,395082.05549171416,27,1008746.5229812968,395082.0554917141,0.0,270676.21910537226,357514.0987632824,350251.1735737464,350251.1735737464,28,26,0.6227434777292431,-0.0860849357886909,0.0,resolved,True,-0.0013019233331502678,0.6994074098193451,0.0,0.0,395082.05549171416,27,0.06247394666772912
2024-12-24,494,20,1010184.0685063885,283388.3453146903,0.0,325604.3086497809,418843.1986997771,410017.3066208471,410017.3066208471,30,27,0.736942435105182,-0.09229891161108378,0.0,resolved,True,0.0014250810211895448,0.6742997730041919,0.0,0.0,283388.3453146903,32,1010184.0685063885,283388.3453146903,0.0,325604.3086497809,418843.1986997771,410017.3066208471,410017.3066208471,30,27,0.736942435105182,-0.09229891161108378,0.0,resolved,True,0.0014250810211895448,0.6742997730041919,0.0,0.0,283388.3453146903,32,-0.002225241636058107
2024-12-26,494,20,1009901.1874603035,366925.9695660228,0.0,306559.7929090594,349609.7194007884,343012.57219300483,343012.57219300483,27,25,0.6497363508998152,-0.042627860058260615,0.0,resolved,True,-0.0002800292094322643,0.6501522360522929,0.0,0.0,366925.96956602286,31,1009901.1874603035,366925.9695660228,0.0,306559.7929090594,349609.7194007884,343012.57219300483,343012.57219300483,27,25,0.6497363508998152,-0.042627860058260615,0.0,resolved,True,-0.0002800292094322643,0.6501522360522929,0.0,0.0,366925.96956602286,31,-0.06811011068699799
2024-12-27,494,20,1009892.4979309392,352256.7514246054,0.0,298065.0325402786,368695.1746730857,364132.9443195705,364132.9443195705,29,21,0.660228894243118,-0.0699382778637465,0.0,resolved,True,-8.604336218520636e-06,0.7096036644605057,0.0,0.0,352256.7514246054,20,1009892.4979309392,352256.7514246054,0.0,298065.0325402786,368695.1746730857,364132.9443195705,364132.9443195705,29,21,0.660228894243118,-0.0699382778637465,0.0,resolved,True,-8.604336218520636e-06,0.7096036644605057,0.0,0.0,352256.7514246054,20,0.02876354645540288
2024-12-30,494,20,1012886.402262944,232529.46451650723,0.0,405798.20887793036,379850.2487471025,377204.4888078044,377204.4888078044,34,22,0.7756530800194112,0.025617838360606004,0.0,resolved,True,0.002964577257617673,0.5736181561184426,0.0,0.0,232529.46451650723,18,1012886.402262944,232529.46451650723,0.0,405798.20887793036,379850.2487471025,377204.4888078044,377204.4888078044,34,22,0.7756530800194112,0.025617838360606004,0.0,resolved,True,0.002964577257617673,0.5736181561184426,0.0,0.0,232529.46451650723,18,-0.24044937579326633
2024-12-31,494,20,1008667.6813737734,174770.83060978516,0.0,415404.30653914437,426076.27552328823,422284.40987406607,422284.40987406607,34,28,0.834249572581093,-0.010580262638740425,0.0,resolved,True,-0.004165048400043059,0.4019569792760488,0.0,0.0,174770.83060978516,18,1008667.6813737734,174770.83060978516,0.0,415404.30653914437,426076.27552328823,422284.40987406607,422284.40987406607,34,28,0.834249572581093,-0.010580262638740425,0.0,resolved,True,-0.004165048400043059,0.4019569792760488,0.0,0.0,174770.83060978516,18,0.21090181897732227
2025-01-02,494,20,1010847.2992740029,142791.6988019835,0.0,451080.65312855504,419821.8075375568,418398.37744051067,418398.37744051067,37,28,0.8615568951824867,0.030923410106994943,0.0,resolved,True,0.002160888011461859,0.31582169655614944,0.0,0.0,142791.6988019835,30,1010847.2992740029,142791.6988019835,0.0,451080.65312855504,419821.8075375568,418398.37744051067,418398.37744051067,37,28,0.8615568951824867,0.030923410106994943,0.0,resolved,True,0.002160888011461859,0.31582169655614944,0.0,0.0,142791.6988019835,30,-0.11627414942602811
2025-01-03,494,20,1006574.2976644597,349732.2249943902,0.0,337039.09538829623,329188.0737104883,324495.5254961307,324495.5254961307,29,31,0.6618758005689417,0.007799743840096632,0.0,resolved,True,-0.004227148465066999,0.49051249579594886,0.0,0.0,349732.2249943902,28,1006574.2976644597,349732.2249943902,0.0,337039.09538829623,329188.0737104883,324495.5254961307,324495.5254961307,29,31,0.6618758005689417,0.007799743840096632,0.0,resolved,True,-0.004227148465066999,0.49051249579594886,0.0,0.0,349732.2249943902,28,-0.27894618021464246
2025-01-06,494,20,1008911.5113732358,244058.93118452898,0.0,411885.9670101194,361464.1380301285,357215.37560435804,357215.37560435804,27,27,0.7665192599375105,0.049976463160145174,0.0,resolved,True,0.002321948527991502,0.5946688184918005,0.0,0.0,244058.93118452898,20,1008911.5113732358,244058.93118452898,0.0,411885.9670101194,361464.1380301285,357215.37560435804,357215.37560435804,27,27,0.7665192599375105,0.049976463160145174,0.0,resolved,True,0.002321948527991502,0.5946688184918005,0.0,0.0,244058.93118452898,20,0.024816845582712924
2025-01-07,494,20,1014051.8142010749,405317.25184025604,0.0,270567.68834758404,340643.45826206164,339405.16613764834,339405.16613764834,31,27,0.6027415345548107,-0.06910472318388099,0.0,resolved,True,0.005094899572354539,0.6432887014121342,0.0,0.0,405317.25184025604,29,1014051.8142010749,405317.25184025604,0.0,270567.68834758404,340643.45826206164,339405.16613764834,339405.16613764834,31,27,0.6027415345548107,-0.06910472318388099,0.0,resolved,True,0.005094899572354539,0.6432887014121342,0.0,0.0,405317.25184025604,29,0.14685133509961337
2025-01-08,494,20,1022206.4842599303,305558.11871890165,0.0,364016.2201535937,354933.2082490182,353782.6768182266,353782.6768182266,33,25,0.7033309213677369,0.008885691926667383,0.0,resolved,True,0.008041670006063928,0.6897356393942483,0.0,0.0,305558.11871890165,34,1022206.4842599303,305558.11871890165,0.0,364016.2201535937,354933.2082490182,353782.6768182266,353782.6768182266,33,25,0.7033309213677369,0.008885691926667383,0.0,resolved,True,0.008041670006063928,0.6897356393942483,0.0,0.0,305558.11871890165,34,-0.06662471340246895
2025-01-10,494,20,1017655.6792391664,382129.1426638184,0.0,280976.8893645744,354418.20075257606,354483.9239816749,354483.9239816749,24,30,0.6243713891443058,-0.07216715131281816,0.0,resolved,True,-0.004451943018204063,0.6710511170557959,0.0,0.0,382129.1426638183,27,1017655.6792391664,382129.1426638184,0.0,280976.8893645744,354418.20075257606,354483.9239816749,354483.9239816749,24,30,0.6243713891443058,-0.07216715131281816,0.0,resolved,True,-0.004451943018204063,0.6710511170557959,0.0,0.0,382129.1426638183,27,-0.13654537022059976
2025-01-13,494,20,1019461.8766206251,248985.93062473787,0.0,353448.33595160855,418310.44834968494,417669.02919698175,417669.02919698175,28,28,0.7570256446072972,-0.06362387244247457,0.0,resolved,True,0.0017748610048626823,0.6173231394377999,0.0,0.0,248985.93062473787,19,1019461.8766206251,248985.93062473787,0.0,353448.33595160855,418310.44834968494,417669.02919698175,417669.02919698175,28,28,0.7570256446072972,-0.06362387244247457,0.0,resolved,True,0.0017748610048626823,0.6173231394377999,0.0,0.0,248985.93062473787,19,0.17690318516159595
2025-01-14,494,20,1022550.6660890065,238182.84349430836,0.0,359628.41755780927,421987.32980789547,423363.36742239207,423363.36742239207,31,28,0.7643785029794016,-0.060983689432811204,0.0,resolved,True,0.003029823418821964,0.48178486269431836,0.0,0.0,238182.84349430836,34,1022550.6660890065,238182.84349430836,0.0,359628.41755780927,421987.32980789547,423363.36742239207,423363.36742239207,31,28,0.7643785029794016,-0.060983689432811204,0.0,resolved,True,0.003029823418821964,0.48178486269431836,0.0,0.0,238182.84349430836,34,-0.19510448903988772
2025-01-15,494,20,1025153.66689612,418373.58943799883,0.0,295335.03187761497,331455.8526912765,321450.4491358913,321450.4491358913,27,24,0.6114116398438488,-0.03523454285934064,0.0,resolved,True,0.0025455959234463865,0.6294345682633119,0.0,0.0,418373.58943799883,23,1025153.66689612,418373.58943799883,0.0,295335.03187761497,331455.8526912765,321450.4491358913,321450.4491358913,27,24,0.6114116398438488,-0.03523454285934064,0.0,resolved,True,0.0025455959234463865,0.6294345682633119,0.0,0.0,418373.58943799883,23,0.11847825375566401
2025-01-16,494,20,1027810.4424611547,238887.13442362353,0.0,303780.5471875678,504676.8738115258,494909.8173307445,494909.8173307445,27,29,0.7865822213901555,-0.19546048407807526,0.0,resolved,True,0.002591587632982506,0.6409665357260482,0.0,0.0,238887.13442362353,34,1027810.4424611547,238887.13442362353,0.0,303780.5471875678,504676.8738115258,494909.8173307445,494909.8173307445,27,29,0.7865822213901555,-0.19546048407807526,0.0,resolved,True,0.002591587632982506,0.6409665357260482,0.0,0.0,238887.13442362353,34,0.1827817444363341
2025-01-17,494,20,1023584.0949456064,396518.18439715926,0.0,249089.85313518438,402701.95570657344,390339.0065599181,390339.0065599181,27,26,0.6367740687455624,-0.15007277206622877,0.0,resolved,True,-0.0041119912203149145,0.6239608994421485,0.0,0.0,396518.18439715926,27,1023584.0949456064,396518.18439715926,0.0,249089.85313518438,402701.95570657344,390339.0065599181,390339.0065599181,27,26,0.6367740687455624,-0.15007277206622877,0.0,resolved,True,-0.0041119912203149145,0.6239608994421485,0.0,0.0,396518.18439715926,27,0.02207562639530473
2025-01-21,494,20,1023706.4286339666,262762.45812648255,0.0,323920.392968789,463686.44404774264,450355.01079321885,450355.01079321885,28,24,0.7693678724549126,-0.1365294259853945,0.0,resolved,True,0.00011951503444040945,0.6490766659588397,0.0,0.0,262762.45812648255,29,1023706.4286339666,262762.45812648255,0.0,323920.392968789,463686.44404774264,450355.01079321885,450355.01079321885,28,24,0.7693678724549126,-0.1365294259853945,0.0,resolved,True,0.00011951503444040945,0.6490766659588397,0.0,0.0,262762.45812648255,29,-0.21005763430590857
2025-01-22,494,20,1026236.1328828983,471224.85655842215,0.0,276792.06541224424,289294.61752208404,283756.91421715805,283756.91421715805,27,25,0.551614452849248,-0.01218291941711084,0.0,resolved,True,0.0024711227537248526,0.7284354388656329,0.0,0.0,471224.8565584222,22,1026236.1328828983,471224.85655842215,0.0,276792.06541224424,289294.61752208404,283756.91421715805,283756.91421715805,27,25,0.551614452849248,-0.01218291941711084,0.0,resolved,True,0.0024711227537248526,0.7284354388656329,0.0,0.0,471224.8565584222,22,-0.04402765014390591
2025-01-23,494,20,1026334.3615072907,234620.06404833283,0.0,362174.59849600814,440316.0211763738,434927.8600696618,434927.8600696618,28,27,0.7818997879929029,-0.07613641870628395,0.0,resolved,True,9.571737073454933e-05,0.6905559855297799,0.0,0.0,234620.06404833283,31,1026334.3615072907,234620.06404833283,0.0,362174.59849600814,440316.0211763738,434927.8600696618,434927.8600696618,28,27,0.7818997879929029,-0.07613641870628395,0.0,resolved,True,9.571737073454933e-05,0.6905559855297799,0.0,0.0,234620.06404833283,31,0.25327394705952383
2025-01-24,494,20,1030122.9772331144,457571.6925360173,0.0,280674.53448039835,291907.1981952999,291891.9742059993,291891.9742059993,26,25,0.5558382303185189,-0.010904196841693803,0.0,resolved,True,0.003691404933826581,0.6767191768632791,0.0,0.0,457571.6925360173,27,1030122.9772331144,457571.6925360173,0.0,280674.53448039835,291907.1981952999,291891.9742059993,291891.9742059993,26,25,0.5558382303185189,-0.010904196841693803,0.0,resolved,True,0.003691404933826581,0.6767191768632791,0.0,0.0,457571.6925360173,27,-0.1553813038429345
2025-01-27,494,20,1032201.5431628216,285045.6863527924,0.0,380892.284409475,360696.28170623677,363479.9270533954,363479.9270533954,27,24,0.7184532623768148,0.01956594895349082,0.0,resolved,True,0.002017784260370581,0.7106259578857137,0.0,0.0,285045.6863527924,23,1032201.5431628216,285045.6863527924,0.0,380892.284409475,360696.28170623677,363479.9270533954,363479.9270533954,27,24,0.7184532623768148,0.01956594895349082,0.0,resolved,True,0.002017784260370581,0.7106259578857137,0.0,0.0,285045.6863527924,23,0.41249613407162994
2025-01-28,494,20,1032961.7588075976,312124.8907953381,0.0,443645.5060422942,284830.26343965495,281010.81270481006,281010.81270481006,30,23,0.7052301435852449,0.15374745603938725,0.0,resolved,True,0.0007364992329372821,0.5696562454737727,0.0,0.0,312124.8907953381,35,1032961.7588075976,312124.8907953381,0.0,443645.5060422942,284830.26343965495,281010.81270481006,281010.81270481006,30,23,0.7052301435852449,0.15374745603938725,0.0,resolved,True,0.0007364992329372821,0.5696562454737727,0.0,0.0,312124.8907953381,35,-0.011914125879697928
2025-01-29,494,20,1039271.177533685,396905.32400977827,0.0,338626.1744767249,301655.68105238705,302697.6800497844,302697.6800497844,24,25,0.6160873787037734,0.035573480938895306,0.0,resolved,True,0.006108085485536874,0.6862176231977368,0.0,0.0,396905.32400977827,24,1039271.177533685,396905.32400977827,0.0,338626.1744767249,301655.68105238705,302697.6800497844,302697.6800497844,24,25,0.6160873787037734,0.035573480938895306,0.0,resolved,True,0.006108085485536874,0.6862176231977368,0.0,0.0,396905.32400977827,24,0.06890550938287776
2025-01-30,494,20,1041155.6769871609,313410.4528150528,0.0,347184.7967961495,385497.6935819316,383029.0604789451,383029.0604789451,25,25,0.7037204008705763,-0.036798432388756526,0.0,resolved,True,0.0018132894418838585,0.6846358551009329,0.0,0.0,313410.4528150528,23,1041155.6769871609,313410.4528150528,0.0,347184.7967961495,385497.6935819316,383029.0604789451,383029.0604789451,25,25,0.7037204008705763,-0.036798432388756526,0.0,resolved,True,0.0018132894418838585,0.6846358551009329,0.0,0.0,313410.4528150528,23,0.04755023036172445
2025-01-31,494,20,1044233.4743008352,323769.76488305395,0.0,269537.8416725583,448036.3105644743,449481.08915484865,449481.08915484865,24,27,0.6871778868394189,-0.17093731745329213,0.0,resolved,True,0.0029561355536960043,0.6097386524048375,0.0,0.0,323769.76488305395,21,1044233.4743008352,323769.76488305395,0.0,269537.8416725583,448036.3105644743,449481.08915484865,449481.08915484865,24,27,0.6871778868394189,-0.17093731745329213,0.0,resolved,True,0.0029561355536960043,0.6097386524048375,0.0,0.0,323769.76488305395,21,0.02602079737670299
2025-02-03,494,20,1052318.484330323,259994.68632233675,0.0,346011.1946130714,433978.5163675874,440145.5598812511,440145.5598812511,28,26,0.7412106910552184,-0.08359381980303884,0.0,resolved,True,0.007742530984175877,0.5495005073428059,0.0,0.0,259994.68632233675,25,1052318.484330323,259994.68632233675,0.0,346011.1946130714,433978.5163675874,440145.5598812511,440145.5598812511,28,26,0.7412106910552184,-0.08359381980303884,0.0,resolved,True,0.007742530984175877,0.5495005073428059,0.0,0.0,259994.68632233675,25,0.0399466897350266
2025-02-04,494,20,1052033.6022012238,390613.1161663555,0.0,368603.5366795342,293314.7050349461,293065.8271951402,293065.8271951402,31,29,0.6291797527469796,0.07156504458323139,0.0,resolved,True,-0.0002707185451374938,0.6047144819208612,0.0,0.0,390613.11616635544,26,1052033.6022012238,390613.1161663555,0.0,368603.5366795342,293314.7050349461,293065.8271951402,293065.8271951402,31,29,0.6291797527469796,0.07156504458323139,0.0,resolved,True,-0.0002707185451374938,0.6047144819208612,0.0,0.0,390613.11616635544,26,0.10502460892725395
2025-02-05,494,20,1056072.3808298022,279412.27396970114,0.0,347475.158601878,427955.7032297111,428570.32574396714,428570.32574396714,28,31,0.7342592003232763,-0.07620741351515702,0.0,resolved,True,0.003839020559921247,0.638757713312926,0.0,0.0,279412.27396970114,28,1056072.3808298022,279412.27396970114,0.0,347475.158601878,427955.7032297111,428570.32574396714,428570.32574396714,28,31,0.7342592003232763,-0.07620741351515702,0.0,resolved,True,0.003839020559921247,0.638757713312926,0.0,0.0,279412.27396970114,28,0.04853373327626409
2025-02-06,494,20,1060544.1072502418,405836.7769978007,0.0,304134.47842222167,356615.82949801575,353594.3406641176,353594.3406641176,27,31,0.62302954059442,-0.04948530732198089,0.0,resolved,True,0.004234299184044499,0.6389443811215098,0.0,0.0,405836.7769978007,33,1060544.1072502418,405836.7769978007,0.0,304134.47842222167,356615.82949801575,353594.3406641176,353594.3406641176,27,31,0.62302954059442,-0.04948530732198089,0.0,resolved,True,0.004234299184044499,0.6389443811215098,0.0,0.0,405836.7769978007,33,0.03604718509324944
2025-02-07,494,20,1061479.235713812,382432.8373306894,0.0,278335.9004663187,401879.4560038689,401294.97696033644,401294.97696033644,24,28,0.6408183350028169,-0.11638810386570676,0.0,resolved,True,0.0008817440568265056,0.7430263994663344,0.0,0.0,382432.8373306894,29,1061479.235713812,382432.8373306894,0.0,278335.9004663187,401879.4560038689,401294.97696033644,401294.97696033644,24,28,0.6408183350028169,-0.11638810386570676,0.0,resolved,True,0.0008817440568265056,0.7430263994663344,0.0,0.0,382432.8373306894,29,-0.13425536598091925
2025-02-10,494,20,1053412.538831909,384842.75942847854,0.0,295759.192576594,394678.6951632488,383744.6409950426,383744.6409950426,26,29,0.6554297222486495,-0.09390385906773338,0.0,resolved,True,-0.0075994862739623414,0.7182014750352776,0.0,0.0,384842.75942847854,22,1053412.538831909,384842.75942847854,0.0,295759.192576594,394678.6951632488,383744.6409950426,383744.6409950426,26,29,0.6554297222486495,-0.09390385906773338,0.0,resolved,True,-0.0075994862739623414,0.7182014750352776,0.0,0.0,384842.75942847854,22,-0.015587491663435924
2025-02-11,494,20,1056049.5285799298,249963.48828369897,0.0,349312.47581176116,464842.2161726573,460807.89032856363,460807.89032856363,27,33,0.770943663105662,-0.1093980322270008,0.0,resolved,True,0.0025032830451638954,0.6028042336007629,0.0,0.0,249963.48828369897,34,1056049.5285799298,249963.48828369897,0.0,349312.47581176116,464842.2161726573,460807.89032856363,460807.89032856363,27,33,0.770943663105662,-0.1093980322270008,0.0,resolved,True,0.0025032830451638954,0.6028042336007629,0.0,0.0,249963.48828369897,34,0.01833279041937342
2025-02-12,494,20,1060376.6353592332,369620.95112083975,0.0,350031.9349466426,352835.21673336404,346779.48301255744,346779.48301255744,26,25,0.6628466982789469,-0.002643666121303908,0.0,resolved,True,0.004097446816838213,0.5764156773567422,0.0,0.0,369620.95112083975,20,1060376.6353592332,369620.95112083975,0.0,350031.9349466426,352835.21673336404,346779.48301255744,346779.48301255744,26,25,0.6628466982789469,-0.002643666121303908,0.0,resolved,True,0.004097446816838213,0.5764156773567422,0.0,0.0,369620.95112083975,20,-0.06505844196778357
2025-02-13,494,20,1055116.104479389,254913.55261122494,0.0,371094.2499830329,456736.60426460573,442922.4530748685,442922.4530748685,26,30,0.7845874503603596,-0.08116865425329675,0.0,resolved,True,-0.004961002255639113,0.5884506640997913,0.0,0.0,254913.55261122494,17,1055116.104479389,254913.55261122494,0.0,371094.2499830329,456736.60426460573,442922.4530748685,442922.4530748685,26,30,0.7845874503603596,-0.08116865425329675,0.0,resolved,True,-0.004961002255639113,0.5884506640997913,0.0,0.0,254913.55261122494,17,0.06526079609848316
2025-02-14,494,20,1048694.0223544952,178557.13161621505,0.0,390201.928071703,518957.9887879057,499446.4757272416,499446.4757272416,27,30,0.8669448833305935,-0.12277752897563353,0.0,resolved,True,-0.006086611793365226,0.41350026905621967,0.0,0.0,178557.13161621505,27,1048694.0223544952,178557.13161621505,0.0,390201.928071703,518957.9887879057,499446.4757272416,499446.4757272416,27,30,0.8669448833305935,-0.12277752897563353,0.0,resolved,True,-0.006086611793365226,0.41350026905621967,0.0,0.0,178557.13161621505,27,-0.09291860452502966
2025-02-18,494,20,1035398.0544645747,365453.2807313786,0.0,293031.59126322716,448701.0272748105,412807.10487238975,412807.10487238975,25,29,0.7163743599282718,-0.15034742951307084,0.0,resolved,True,-0.012678596050417879,0.5226093007865191,0.0,0.0,365453.2807313786,26,1035398.0544645747,365453.2807313786,0.0,293031.59126322716,448701.0272748105,412807.10487238975,412807.10487238975,25,29,0.7163743599282718,-0.15034742951307084,0.0,resolved,True,-0.012678596050417879,0.5226093007865191,0.0,0.0,365453.2807313786,26,0.047205277768835124
2025-02-19,494,20,1027669.5434704511,286554.85341724893,0.0,259747.76826313752,568058.2956052322,524712.6086976484,524712.6086976484,24,28,0.8055177553212872,-0.30000940409397236,0.0,resolved,True,-0.007464289662124313,0.6275283503700777,0.0,0.0,286554.85341724893,20,1027669.5434704511,286554.85341724893,0.0,259747.76826313752,568058.2956052322,524712.6086976484,524712.6086976484,24,28,0.8055177553212872,-0.30000940409397236,0.0,resolved,True,-0.007464289662124313,0.6275283503700777,0.0,0.0,286554.85341724893,20,-0.21695987582053025
2025-02-20,494,20,1028062.5783818264,224434.73696229077,0.0,278316.1764169793,605322.8009149057,565317.2329587311,565317.2329587311,26,28,0.8595186673584942,-0.3180804664757235,0.0,resolved,True,0.00038245262192737606,0.4965845271388432,0.0,0.0,224434.73696229077,13,1028062.5783818264,224434.73696229077,0.0,278316.1764169793,605322.8009149057,565317.2329587311,565317.2329587311,26,28,0.8595186673584942,-0.3180804664757235,0.0,resolved,True,0.00038245262192737606,0.4965845271388432,0.0,0.0,224434.73696229077,13,-0.27747736690619296
2025-02-21,494,20,1039627.11796338,144491.96223847708,0.0,295811.2894310615,641589.1851387799,620456.5257163107,620456.5257163107,33,30,0.9016698952661031,-0.3325979956978173,0.0,resolved,True,0.011248867359568981,0.35587158220469256,0.0,0.0,144491.96223847708,18,1039627.11796338,144491.96223847708,0.0,295811.2894310615,641589.1851387799,620456.5257163107,620456.5257163107,33,30,0.9016698952661031,-0.3325979956978173,0.0,resolved,True,0.011248867359568981,0.35587158220469256,0.0,0.0,144491.96223847708,18,-0.32235307011154657
2025-02-24,494,20,1048925.4156292449,200045.01199433004,0.0,313929.53201460553,561382.072494426,548166.4720573677,548166.4720573677,34,28,0.8344841220039814,-0.235910520226431,0.0,resolved,True,0.008943877574182801,0.32307881387698484,0.0,0.0,200045.01199433004,13,1048925.4156292449,200045.01199433004,0.0,313929.53201460553,561382.072494426,548166.4720573677,548166.4720573677,34,28,0.8344841220039814,-0.235910520226431,0.0,resolved,True,0.008943877574182801,0.32307881387698484,0.0,0.0,200045.01199433004,13,-0.2229263204920172
2025-02-25,494,20,1065434.485750683,173889.14309515554,0.0,334858.13525811257,555925.5368129122,556306.3721051635,556306.3721051635,31,29,0.8360755015766147,-0.207490375533546,0.0,resolved,True,0.015739031465392017,0.3493663001044175,0.0,0.0,173889.14309515554,18,1065434.485750683,173889.14309515554,0.0,334858.13525811257,555925.5368129122,556306.3721051635,556306.3721051635,31,29,0.8360755015766147,-0.207490375533546,0.0,resolved,True,0.015739031465392017,0.3493663001044175,0.0,0.0,173889.14309515554,18,0.5448911516362813
2025-02-26,494,20,1061475.7151066558,423670.68898643064,0.0,270264.07601910236,358747.8202312183,363144.38516617054,363144.38516617054,29,26,0.592582465428442,-0.08335917906819489,0.0,resolved,True,-0.0037156396728024177,0.5929423352038131,0.0,0.0,423670.68898643064,35,1061475.7151066558,423670.68898643064,0.0,270264.07601910236,358747.8202312183,363144.38516617054,363144.38516617054,29,26,0.592582465428442,-0.08335917906819489,0.0,resolved,True,-0.0037156396728024177,0.5929423352038131,0.0,0.0,423670.68898643064,35,0.3185597554554397
2025-02-27,494,20,1067062.3577183485,363099.12544946605,0.0,266902.3092824746,414920.44552791206,425990.68425716006,425990.68425716006,23,32,0.6389717994253847,-0.13871554476154324,0.0,resolved,True,0.005263090367669143,0.7337091542118251,0.0,0.0,363099.12544946605,30,1067062.3577183485,363099.12544946605,0.0,266902.3092824746,414920.44552791206,425990.68425716006,425990.68425716006,23,32,0.6389717994253847,-0.13871554476154324,0.0,resolved,True,0.005263090367669143,0.7337091542118251,0.0,0.0,363099.12544946605,30,0.07415490146588499
2025-02-28,494,20,1070482.2417265477,342045.2323087555,0.0,348036.1646402845,377056.1428831715,378728.49383033963,378728.49383033963,29,27,0.6773510846419806,-0.027109257035484852,0.0,resolved,True,0.0032049523474071417,0.6485723289800919,0.0,0.0,342045.2323087555,28,1070482.2417265477,342045.2323087555,0.0,348036.1646402845,377056.1428831715,378728.49383033963,378728.49383033963,29,27,0.6773510846419806,-0.027109257035484852,0.0,resolved,True,0.0032049523474071417,0.6485723289800919,0.0,0.0,342045.2323087555,28,-0.04967823828932789
2025-03-03,494,20,1068060.9732152626,412757.29137007426,0.0,313714.7745622269,336767.16700093145,339178.0371419465,339178.0371419465,27,29,0.6090307181667397,-0.021583404896172022,0.0,resolved,True,-0.0022618483678719103,0.6989742948286867,0.0,0.0,412757.29137007426,24,1068060.9732152626,412757.29137007426,0.0,313714.7745622269,336767.16700093145,339178.0371419465,339178.0371419465,27,29,0.6090307181667397,-0.021583404896172022,0.0,resolved,True,-0.0022618483678719103,0.6989742948286867,0.0,0.0,412757.29137007426,24,-0.13036733591414804
2025-03-04,494,20,1069965.161895725,302022.65469646605,0.0,406944.90600812965,356450.1434858045,358723.8723384669,358723.8723384669,34,28,0.7134765473498024,0.04719290339590159,0.0,resolved,True,0.0017828464181497417,0.6605317244674992,0.0,0.0,302022.65469646605,20,1069965.161895725,302022.65469646605,0.0,406944.90600812965,356450.1434858045,358723.8723384669,358723.8723384669,34,28,0.7134765473498024,0.04719290339590159,0.0,resolved,True,0.0017828464181497417,0.6605317244674992,0.0,0.0,302022.65469646605,20,-0.03206528065943425
2025-03-05,494,20,1074330.3747031502,225585.26108749164,0.0,382620.06921494135,470793.8966986675,468459.47054969234,468459.47054969234,30,35,0.7943682744234212,-0.08207328914821903,0.0,resolved,True,0.004079770970945695,0.4919531680041371,0.0,0.0,225585.26108749164,36,1074330.3747031502,225585.26108749164,0.0,382620.06921494135,470793.8966986675,468459.47054969234,468459.47054969234,30,35,0.7943682744234212,-0.08207328914821903,0.0,resolved,True,0.004079770970945695,0.4919531680041371,0.0,0.0,225585.26108749164,36,-0.17412404895642375
2025-03-06,494,20,1060215.395011845,425352.65042590187,0.0,237385.48653168895,398699.985912599,398088.62198342656,398088.62198342656,25,32,0.5999587210645828,-0.15215257214700964,0.0,resolved,True,-0.013138397669530066,0.6058756620130147,0.0,0.0,425352.65042590187,17,1060215.395011845,425352.65042590187,0.0,237385.48653168895,398699.985912599,398088.62198342656,398088.62198342656,25,32,0.5999587210645828,-0.15215257214700964,0.0,resolved,True,-0.013138397669530066,0.6058756620130147,0.0,0.0,425352.65042590187,17,-0.394270271755575
2025-03-07,494,20,1055674.2759714765,169961.91820779745,0.0,419924.4916093019,483186.5802943308,474487.2232243539,474487.2232243539,32,29,0.8554826923982318,-0.05992576510099427,0.0,resolved,True,-0.004283204207120472,0.559241931276922,0.0,0.0,169961.91820779745,20,1055674.2759714765,169961.91820779745,0.0,419924.4916093019,483186.5802943308,474487.2232243539,474487.2232243539,32,29,0.8554826923982318,-0.05992576510099427,0.0,resolved,True,-0.004283204207120472,0.559241931276922,0.0,0.0,169961.91820779745,20,-0.4010192014812691
2025-03-10,494,20,1031726.1679749836,255019.96800601349,0.0,350182.76844928606,443500.6399920426,435012.03575586336,435012.03575586336,31,28,0.7692771910584837,-0.09044829378120343,0.0,resolved,True,-0.02268512981852744,0.40482950029386505,0.0,0.0,255019.96800601349,4,1031726.1679749836,255019.96800601349,0.0,350182.76844928606,443500.6399920426,435012.03575586336,435012.03575586336,31,28,0.7692771910584837,-0.09044829378120343,0.0,resolved,True,-0.02268512981852744,0.40482950029386505,0.0,0.0,255019.96800601349,4,0.43328600567473696
2025-03-11,494,20,1048927.1587052466,19671.683677848912,0.0,471637.4622011997,550429.8348707621,554023.9238484801,554023.9238484801,32,33,0.9743930153677787,-0.07511710609802541,0.0,resolved,True,0.016672050456977505,0.2661381259246937,0.0,0.0,19671.683677848912,28,1048927.1587052466,19671.683677848912,0.0,471637.4622011997,550429.8348707621,554023.9238484801,554023.9238484801,32,33,0.9743930153677787,-0.07511710609802541,0.0,resolved,True,0.016672050456977505,0.2661381259246937,0.0,0.0,19671.683677848912,28,0.04716049131406852
2025-03-12,494,20,1068636.3964093062,374405.6764004604,0.0,245294.4541450794,430553.9442222062,439745.10504298634,439745.10504298634,27,36,0.6324399960905168,-0.1733606404382368,0.0,resolved,True,0.01878990122477897,0.36827170179125057,0.0,0.0,374405.6764004604,26,1068636.3964093062,374405.6764004604,0.0,245294.4541450794,430553.9442222062,439745.10504298634,439745.10504298634,27,36,0.6324399960905168,-0.1733606404382368,0.0,resolved,True,0.01878990122477897,0.36827170179125057,0.0,0.0,374405.6764004604,26,0.06327693856744802
2025-03-13,494,20,1060238.5415841592,313441.87915277504,0.0,292748.73003596626,450322.6817493198,452185.30707236886,452185.30707236886,25,31,0.7008530464050319,-0.14862122582142112,0.0,resolved,True,-0.007858477264450658,0.6339384786534122,0.0,0.0,313441.87915277504,16,1060238.5415841592,313441.87915277504,0.0,292748.73003596626,450322.6817493198,452185.30707236886,452185.30707236886,25,31,0.7008530464050319,-0.14862122582142112,0.0,resolved,True,-0.007858477264450658,0.6339384786534122,0.0,0.0,313441.87915277504,16,0.36557637569651125
2025-03-14,494,20,1062767.230929676,159127.1978497826,0.0,390176.89184702863,523532.0307006686,518497.5859667666,518497.5859667666,30,32,0.8597451031195352,-0.1254791594740694,0.0,resolved,True,0.002385019263437149,0.4453417812779098,0.0,0.0,159127.1978497826,32,1062767.230929676,159127.1978497826,0.0,390176.89184702863,523532.0307006686,518497.5859667666,518497.5859667666,30,32,0.8597451031195352,-0.1254791594740694,0.0,resolved,True,0.002385019263437149,0.4453417812779098,0.0,0.0,159127.1978497826,32,-0.07440253941281026
2025-03-17,494,20,1057712.2760154675,487410.94917093497,0.0,193875.9902206412,409984.46578038763,393204.9012021394,393204.9012021394,26,30,0.5709118346208911,-0.20431688320178498,0.0,resolved,True,-0.004756408333917661,0.6050941173895192,0.0,0.0,487410.94917093497,26,1057712.2760154675,487410.94917093497,0.0,193875.9902206412,409984.46578038763,393204.9012021394,393204.9012021394,26,30,0.5709118346208911,-0.20431688320178498,0.0,resolved,True,-0.004756408333917661,0.6050941173895192,0.0,0.0,487410.94917093497,26,0.018933316464437733
2025-03-18,494,20,1058748.193937535,179301.69271030105,0.0,331615.63101219846,577091.6362185633,562461.2532167993,562461.2532167993,27,28,0.8582845972574802,-0.2318549458804061,0.0,resolved,True,0.000979394818002799,0.6284781549744259,0.0,0.0,179301.69271030108,14,1058748.193937535,179301.69271030105,0.0,331615.63101219846,577091.6362185633,562461.2532167993,562461.2532167993,27,28,0.8582845972574802,-0.2318549458804061,0.0,resolved,True,0.000979394818002799,0.6284781549744259,0.0,0.0,179301.69271030108,14,0.4055122190835785
2025-03-19,494,20,1059781.2798413439,168284.30495167148,0.0,340552.12265485397,588837.2461188572,569891.0491768377,569891.0491768377,31,29,0.8769633757947175,-0.2342795897481536,0.0,resolved,True,0.0009757616680949877,0.33136629405838625,0.0,0.0,168284.30495167148,32,1059781.2798413439,168284.30495167148,0.0,340552.12265485397,588837.2461188572,569891.0491768377,569891.0491768377,31,29,0.8769633757947175,-0.2342795897481536,0.0,resolved,True,0.0009757616680949877,0.33136629405838625,0.0,0.0,168284.30495167148,32,-0.0019121364373230725
2025-03-20,494,20,1059158.1896642672,361230.19414596225,0.0,184797.33725732964,550395.1391891968,531762.8987250861,531762.8987250861,25,31,0.6941290579828951,-0.34517771330055486,0.0,resolved,True,-0.0005879422376378063,0.4987954777446218,0.0,0.0,361230.19414596225,17,1059158.1896642672,361230.19414596225,0.0,184797.33725732964,550395.1391891968,531762.8987250861,531762.8987250861,25,31,0.6941290579828951,-0.34517771330055486,0.0,resolved,True,-0.0005879422376378063,0.4987954777446218,0.0,0.0,361230.19414596225,17,0.05707464729094384
2025-03-21,494,20,1061956.9149980494,109570.81853176291,0.0,283298.9437517429,704632.6780081582,686859.915361351,686859.915361351,30,32,0.930293506080438,-0.3967521923967972,0.0,resolved,True,0.002642405413179283,0.44358803695494003,0.0,0.0,109570.81853176291,31,1061956.9149980494,109570.81853176291,0.0,283298.9437517429,704632.6780081582,686859.915361351,686859.915361351,30,32,0.930293506080438,-0.3967521923967972,0.0,resolved,True,0.002642405413179283,0.44358803695494003,0.0,0.0,109570.81853176291,31,0.08149005326425902
2025-03-24,494,20,1060002.4696943385,419254.6627514307,0.0,164869.14826971033,517658.26546482014,496768.46206900885,496768.46206900885,27,26,0.6438922863371663,-0.3328191464467435,0.0,resolved,True,-0.0018404186423274238,0.5069979217037731,0.0,0.0,419254.66275143076,28,1060002.4696943385,419254.6627514307,0.0,164869.14826971033,517658.26546482014,496768.46206900885,496768.46206900885,27,26,0.6438922863371663,-0.3328191464467435,0.0,resolved,True,-0.0018404186423274238,0.5069979217037731,0.0,0.0,419254.66275143076,28,-0.047573586953496505
2025-03-25,495,20,1062858.6338724664,354935.32779519376,0.0,261809.71625461287,468524.5100516859,457319.04993717285,457319.04993717285,28,26,0.6871414532762147,-0.1944894525097088,0.0,resolved,True,0.002694488229778802,0.7433129206176045,0.0,0.0,354935.32779519376,22,1062858.6338724664,354935.32779519376,0.0,261809.71625461287,468524.5100516859,457319.04993717285,457319.04993717285,28,26,0.6871414532762147,-0.1944894525097088,0.0,resolved,True,0.002694488229778802,0.7433129206176045,0.0,0.0,354935.32779519376,22,0.22357918740492166
2025-03-26,495,20,1073997.7038538097,325960.6444743894,0.0,319926.0697142556,420413.40698926453,424262.19832721463,424262.19832721463,29,29,0.6893305954444513,-0.09356382878141338,0.0,resolved,True,0.010480293076002845,0.6497316059500896,0.0,0.0,325960.6444743894,39,1073997.7038538097,325960.6444743894,0.0,319926.0697142556,420413.40698926453,424262.19832721463,424262.19832721463,29,29,0.6893305954444513,-0.09356382878141338,0.0,resolved,True,0.010480293076002845,0.6497316059500896,0.0,0.0,325960.6444743894,39,-0.4182613705841084
2025-03-27,495,20,1080865.7985439855,460712.89108450804,0.0,246191.48887200057,366993.071971084,370477.2452792804,370477.2452792804,23,27,0.5673086905600069,-0.11176372058567588,0.0,resolved,True,0.006394887685077011,0.715327791746835,0.0,0.0,460712.89108450804,16,1080865.7985439855,460712.89108450804,0.0,246191.48887200057,366993.071971084,370477.2452792804,370477.2452792804,23,27,0.5673086905600069,-0.11176372058567588,0.0,resolved,True,0.006394887685077011,0.715327791746835,0.0,0.0,460712.89108450804,16,-0.1609744764213942
2025-03-28,496,20,1080670.4223839608,227384.3756236242,0.0,408147.8280707399,428748.953338982,436943.58601428947,436943.58601428947,28,27,0.7744236948426202,-0.01906328223807215,0.0,resolved,True,-0.0001807589436985113,0.6309340741456256,0.0,0.0,227384.3756236242,9,1080670.4223839608,227384.3756236242,0.0,408147.8280707399,428748.953338982,436943.58601428947,436943.58601428947,28,27,0.7744236948426202,-0.01906328223807215,0.0,resolved,True,-0.0001807589436985113,0.6309340741456256,0.0,0.0,227384.3756236242,9,-0.03366810276020345
2025-03-31,497,20,1077241.8530981701,130306.81899332948,0.0,455724.0886952387,487205.20823279215,489208.0768211971,489208.0768211971,32,33,0.8753181044870718,-0.029223817703529713,0.0,resolved,True,-0.003172631743013077,0.3246218976468601,0.0,0.0,130306.81899332948,24,1077241.8530981701,130306.81899332948,0.0,455724.0886952387,487205.20823279215,489208.0768211971,489208.0768211971,32,33,0.8753181044870718,-0.029223817703529713,0.0,resolved,True,-0.003172631743013077,0.3246218976468601,0.0,0.0,130306.81899332948,24,0.21285093807418323
2025-04-01,497,20,1087234.578848295,318502.4654917588,0.0,441061.18220790644,328659.0891931384,328165.0101708841,328165.0101708841,32,30,0.7079615442477996,0.10338347878324042,0.0,resolved,True,0.0092762138060134,0.4106711439568642,0.0,0.0,318502.4654917588,36,1087234.578848295,318502.4654917588,0.0,441061.18220790644,328659.0891931384,328165.0101708841,328165.0101708841,32,30,0.7079615442477996,0.10338347878324042,0.0,resolved,True,0.0092762138060134,0.4106711439568642,0.0,0.0,318502.4654917588,36,-0.04239044808427304
2025-04-02,497,20,1090475.4715468585,405232.2609913251,0.0,357945.6576362194,339051.64276574476,333174.5978425295,333174.5978425295,27,30,0.6391682514538922,0.017326400605483724,0.0,resolved,True,0.0029808587416311205,0.6621711219178208,0.0,0.0,405232.2609913251,32,1090475.4715468585,405232.2609913251,0.0,357945.6576362194,339051.64276574476,333174.5978425295,333174.5978425295,27,30,0.6391682514538922,0.017326400605483724,0.0,resolved,True,0.0029808587416311205,0.6621711219178208,0.0,0.0,405232.2609913251,32,0.47819319616771655
2025-04-03,497,20,1086103.8482262068,393141.6161640417,0.0,281835.7843612713,382253.2499695358,396689.8488352148,396689.8488352148,23,30,0.6114415628076247,-0.09245659682751642,0.0,resolved,True,-0.004008914858442902,0.7270417904518875,0.0,0.0,393141.6161640417,27,1086103.8482262068,393141.6161640417,0.0,281835.7843612713,382253.2499695358,396689.8488352148,396689.8488352148,23,30,0.6114415628076247,-0.09245659682751642,0.0,resolved,True,-0.004008914858442902,0.7270417904518875,0.0,0.0,393141.6161640417,27,-0.28215054408808216
2025-04-04,497,20,1086122.769209491,305997.4199531926,0.0,321245.5397726625,427713.3998954154,443296.60468952573,443296.60468952573,26,30,0.6895711616589993,-0.09802562209449216,0.0,resolved,True,1.742097066981252e-05,0.6110613135117182,0.0,0.0,305997.4199531926,9,1086122.769209491,305997.4199531926,0.0,321245.5397726625,427713.3998954154,443296.60468952573,443296.60468952573,26,30,0.6895711616589993,-0.09802562209449216,0.0,resolved,True,1.742097066981252e-05,0.6110613135117182,0.0,0.0,305997.4199531926,9,0.35438475427725713
2025-04-07,497,20,1093788.874014545,111050.24767239986,0.0,454470.3613672805,511361.13202000264,519814.69849743374,519814.69849743374,34,33,0.8830145527467119,-0.05201257025399733,0.0,resolved,True,0.007058230452744674,0.3733868449277255,0.0,0.0,111050.24767239986,36,1093788.874014545,111050.24767239986,0.0,454470.3613672805,511361.13202000264,519814.69849743374,519814.69849743374,34,33,0.8830145527467119,-0.05201257025399733,0.0,resolved,True,0.007058230452744674,0.3733868449277255,0.0,0.0,111050.24767239986,36,0.07440358374790262
2025-04-08,497,20,1106412.779938709,477241.1311407323,0.0,179465.8534235332,417930.319188514,433818.0572814788,433818.0572814788,29,33,0.5399396892768544,-0.21552938477282488,0.0,resolved,True,0.01154144663935952,0.529909391536462,0.0,0.0,477241.1311407323,24,1106412.779938709,477241.1311407323,0.0,179465.8534235332,417930.319188514,433818.0572814788,433818.0572814788,29,33,0.5399396892768544,-0.21552938477282488,0.0,resolved,True,0.01154144663935952,0.529909391536462,0.0,0.0,477241.1311407323,24,0.1724536849797709
2025-04-09,497,20,1106774.6077231402,175634.2199834413,0.0,394814.1338720253,569786.8588890611,553056.5563783672,553056.5563783672,33,32,0.871542395380272,-0.15809246417117415,0.0,resolved,True,0.0003270278425844264,0.5880857501507794,0.0,0.0,175634.2199834413,31,1106774.6077231402,175634.2199834413,0.0,394814.1338720253,569786.8588890611,553056.5563783672,553056.5563783672,33,32,0.871542395380272,-0.15809246417117415,0.0,resolved,True,0.0003270278425844264,0.5880857501507794,0.0,0.0,175634.2199834413,31,0.3861830598485069
2025-04-10,497,20,1098726.6569687894,413321.7175567091,0.0,242353.44786469665,452870.45589426515,447960.9737208244,447960.9737208244,32,34,0.6327541971876546,-0.1916008924461259,0.0,resolved,True,-0.007271535413074792,0.5375191069768803,0.0,0.0,413321.7175567091,17,1098726.6569687894,413321.7175567091,0.0,242353.44786469665,452870.45589426515,447960.9737208244,447960.9737208244,32,34,0.6327541971876546,-0.1916008924461259,0.0,resolved,True,-0.007271535413074792,0.5375191069768803,0.0,0.0,413321.7175567091,17,-0.037222727410137706
2025-04-11,497,20,1091683.2819014771,68870.12151769243,0.0,403764.9481882451,652745.2950380619,635896.7536168008,635896.7536168008,29,38,0.9677809129641463,-0.22807012892617232,0.0,resolved,True,-0.006410488926102742,0.4392378724353155,0.0,0.0,68870.12151769243,21,1091683.2819014771,68870.12151769243,0.0,403764.9481882451,652745.2950380619,635896.7536168008,635896.7536168008,29,38,0.9677809129641463,-0.22807012892617232,0.0,resolved,True,-0.006410488926102742,0.4392378724353155,0.0,0.0,68870.12151769243,21,0.3206550951067463
2025-04-14,497,20,1091499.3223848408,253687.21329533463,0.0,248149.89627091034,634623.7063225704,612142.9595705832,612142.9595705832,25,40,0.8087715534854291,-0.35407608793310563,0.0,resolved,True,-0.00016850996959105746,0.29748445212292096,0.0,0.0,253687.21329533463,16,1091499.3223848408,253687.21329533463,0.0,248149.89627091034,634623.7063225704,612142.9595705832,612142.9595705832,25,40,0.8087715534854291,-0.35407608793310563,0.0,resolved,True,-0.00016850996959105746,0.29748445212292096,0.0,0.0,253687.21329533463,16,0.04431988126965538
2025-04-15,497,20,1095157.4683869756,167311.9726458846,0.0,262400.6707590456,699490.0079907187,682467.4164863821,682467.4164863821,28,42,0.8783126687402353,-0.3991109496568095,0.0,resolved,True,0.0033514871948265856,0.3901885340400165,0.0,0.0,167311.9726458846,20,1095157.4683869756,167311.9726458846,0.0,262400.6707590456,699490.0079907187,682467.4164863821,682467.4164863821,28,42,0.8783126687402353,-0.3991109496568095,0.0,resolved,True,0.0033514871948265856,0.3901885340400165,0.0,0.0,167311.9726458846,20,0.24438194888537243
2025-04-16,497,20,1103318.6696699748,346138.1020364606,0.0,216364.20541730183,548184.9999631878,544500.6810897001,544500.6810897001,29,38,0.6929541087247096,-0.3007479195880374,0.0,resolved,True,0.007452080197215549,0.47211867994839857,0.0,0.0,346138.10203646065,35,1103318.6696699748,346138.1020364606,0.0,216364.20541730183,548184.9999631878,544500.6810897001,544500.6810897001,29,38,0.6929541087247096,-0.3007479195880374,0.0,resolved,True,0.007452080197215549,0.47211867994839857,0.0,0.0,346138.10203646065,35,-0.17698901076883192
2025-04-17,497,20,1101689.8502561217,276049.6047435316,0.0,285243.8329010047,558830.9075487049,549613.6600801451,549613.6600801451,26,37,0.7661636714302836,-0.24833402484746178,0.0,resolved,True,-0.001476290992465823,0.5589834064987693,0.0,0.0,276049.6047435316,19,1101689.8502561217,276049.6047435316,0.0,285243.8329010047,558830.9075487049,549613.6600801451,549613.6600801451,26,37,0.7661636714302836,-0.24833402484746178,0.0,resolved,True,-0.001476290992465823,0.5589834064987693,0.0,0.0,276049.6047435316,19,-0.27705922159981616
2025-04-21,497,20,1102828.7361801912,268794.0105266039,0.0,353940.9467004604,485168.3674098688,482631.07318149775,482631.07318149775,30,31,0.7608700123436275,-0.11899165881724647,0.0,resolved,True,0.001033762745299649,0.49057829762714805,0.0,0.0,268794.0105266039,11,1102828.7361801912,268794.0105266039,0.0,353940.9467004604,485168.3674098688,482631.07318149775,482631.07318149775,30,31,0.7608700123436275,-0.11899165881724647,0.0,resolved,True,0.001033762745299649,0.49057829762714805,0.0,0.0,268794.0105266039,11,0.23939637587216628
2025-04-22,497,20,1106216.288727178,139568.97256334548,0.0,421518.50976250845,569983.8446215449,557556.3255114346,557556.3255114346,34,30,0.8963006280850235,-0.13421004226023645,0.0,resolved,True,0.003071694122443791,0.37096604170078723,0.0,0.0,139568.97256334548,30,1106216.288727178,139568.97256334548,0.0,421518.50976250845,569983.8446215449,557556.3255114346,557556.3255114346,34,30,0.8963006280850235,-0.13421004226023645,0.0,resolved,True,0.003071694122443791,0.37096604170078723,0.0,0.0,139568.97256334548,30,0.00022086487341409493
2025-04-23,497,20,1116066.1746961959,428048.0300863689,0.0,265791.51801433926,445077.46195552766,433652.04427550774,433652.04427550774,30,31,0.636941604437902,-0.16064096198416888,0.0,resolved,True,0.008904123062905889,0.5242256414293914,0.0,0.0,428048.0300863689,28,1116066.1746961959,428048.0300863689,0.0,265791.51801433926,445077.46195552766,433652.04427550774,433652.04427550774,30,31,0.636941604437902,-0.16064096198416888,0.0,resolved,True,0.008904123062905889,0.5242256414293914,0.0,0.0,428048.0300863689,28,-0.5179684410203504
2025-04-24,497,20,1110258.0217896244,273320.8800791092,0.0,276099.0382119172,603182.3719282771,582010.2377134374,582010.2377134374,26,32,0.7919613214979352,-0.2946011893605906,0.0,resolved,True,-0.005204129502583088,0.6310954843033836,0.0,0.0,273320.8800791092,11,1110258.0217896244,273320.8800791092,0.0,276099.0382119172,603182.3719282771,582010.2377134374,582010.2377134374,26,32,0.7919613214979352,-0.2946011893605906,0.0,resolved,True,-0.005204129502583088,0.6310954843033836,0.0,0.0,273320.8800791092,11,-0.21530781892522366
2025-04-25,497,20,1108011.2714860388,126832.37391089472,0.0,359925.1747398405,661276.7373631871,641265.2300992453,641265.2300992453,34,37,0.9216529997329499,-0.27197517785101677,0.0,resolved,True,-0.00202362897586994,0.3621777897952487,0.0,0.0,126832.3739108947,19,1108011.2714860388,126832.37391089472,0.0,359925.1747398405,661276.7373631871,641265.2300992453,641265.2300992453,34,37,0.9216529997329499,-0.27197517785101677,0.0,resolved,True,-0.00202362897586994,0.3621777897952487,0.0,0.0,126832.3739108947,19,0.21090973783247485
2025-04-28,497,20,1108384.4856745852,257339.37233494787,0.0,358689.6987638206,521335.6554412524,506845.5350085345,506845.5350085345,35,34,0.7939711946342083,-0.14674145910517883,0.0,resolved,True,0.00033683248370386387,0.3592642457944609,0.0,0.0,257339.37233494787,20,1108384.4856745852,257339.37233494787,0.0,358689.6987638206,521335.6554412524,506845.5350085345,506845.5350085345,35,34,0.7939711946342083,-0.14674145910517883,0.0,resolved,True,0.00033683248370386387,0.3592642457944609,0.0,0.0,257339.37233494787,20,0.1367444015955216
2025-04-29,497,20,1110940.0864744722,247419.63197268313,0.0,376401.5182446963,512236.75410150073,499677.84517929674,499677.84517929674,33,32,0.7998975670832602,-0.12227053241716444,0.0,resolved,True,0.0023056988192429184,0.45733480758524836,0.0,0.0,247419.63197268313,12,1110940.0864744722,247419.63197268313,0.0,376401.5182446963,512236.75410150073,499677.84517929674,499677.84517929674,33,32,0.7998975670832602,-0.12227053241716444,0.0,resolved,True,0.0023056988192429184,0.45733480758524836,0.0,0.0,247419.63197268313,12,0.02524970150382586
2025-04-30,497,20,1118108.9928508843,163093.8119161419,0.0,406595.5194248926,564306.6796080992,556363.1705589745,556363.1705589745,33,38,0.8683430732074215,-0.14105168743977678,0.0,resolved,True,0.006453008999938392,0.3667644128488996,0.0,0.0,163093.8119161419,25,1118108.9928508843,163093.8119161419,0.0,406595.5194248926,564306.6796080992,556363.1705589745,556363.1705589745,33,38,0.8683430732074215,-0.14105168743977678,0.0,resolved,True,0.006453008999938392,0.3667644128488996,0.0,0.0,163093.8119161419,25,-0.03444718373577717
2025-05-01,497,20,1108510.8137991577,247167.75084913836,0.0,367494.6566609733,513614.12179753545,503731.2640432907,503731.2640432907,33,33,0.7948580812114205,-0.13181600334215265,0.0,resolved,True,-0.00858429644435088,0.37592317529652486,0.0,0.0,247167.75084913836,27,1108510.8137991577,247167.75084913836,0.0,367494.6566609733,513614.12179753545,503731.2640432907,503731.2640432907,33,33,0.7948580812114205,-0.13181600334215265,0.0,resolved,True,-0.00858429644435088,0.37592317529652486,0.0,0.0,247167.75084913836,27,-0.19281862941500133
2025-05-02,497,20,1099909.4064418701,259518.30615580178,0.0,399459.1711994441,479758.3658529842,460345.1474698043,460345.1474698043,30,30,0.7993545031100656,-0.07300528041968689,0.0,resolved,True,-0.007759425754096494,0.46640995086537856,0.0,0.0,259518.30615580175,21,1099909.4064418701,259518.30615580178,0.0,399459.1711994441,479758.3658529842,460345.1474698043,460345.1474698043,30,30,0.7993545031100656,-0.07300528041968689,0.0,resolved,True,-0.007759425754096494,0.46640995086537856,0.0,0.0,259518.30615580175,21,0.03742707893461598
2025-05-05,497,20,1101264.8325304652,277433.60266791924,0.0,377600.2459157935,466186.03792346007,456208.5109351064,456208.5109351064,31,28,0.7661974294597401,-0.08044004438434288,0.0,resolved,True,0.0012323070251574197,0.49960536914517384,0.0,0.0,277433.60266791924,20,1101264.8325304652,277433.60266791924,0.0,377600.2459157935,466186.03792346007,456208.5109351064,456208.5109351064,31,28,0.7661974294597401,-0.08044004438434288,0.0,resolved,True,0.0012323070251574197,0.49960536914517384,0.0,0.0,277433.60266791924,20,0.039257247032912085
2025-05-06,497,20,1103335.0593007796,261699.89241550653,0.0,396744.4249386417,458193.51987265167,451542.13090964145,451542.13090964145,33,30,0.7748670157849387,-0.055693956623613775,0.0,resolved,True,0.0018798627806515533,0.4921339075072455,0.0,0.0,261699.89241550653,17,1103335.0593007796,261699.89241550653,0.0,396744.4249386417,458193.51987265167,451542.13090964145,451542.13090964145,33,30,0.7748670157849387,-0.055693956623613775,0.0,resolved,True,0.0018798627806515533,0.4921339075072455,0.0,0.0,261699.89241550653,17,0.003483447454160977
2025-05-07,497,20,1106258.5678913882,140960.22427201679,0.0,423409.0090479053,561044.9381851442,551467.1363783051,551467.1363783051,31,35,0.8898949809803439,-0.12441569550921838,0.0,resolved,True,0.00264970152626276,0.36411512729057555,0.0,0.0,140960.22427201679,21,1106258.5678913882,140960.22427201679,0.0,423409.0090479053,561044.9381851442,551467.1363783051,551467.1363783051,31,35,0.8898949809803439,-0.12441569550921838,0.0,resolved,True,0.00264970152626276,0.36411512729057555,0.0,0.0,140960.22427201679,21,-0.2818807625580316
2025-05-08,497,20,1105858.5556007754,348328.6921641278,0.0,299429.41290893516,481054.4274398823,469577.43898379727,469577.43898379727,34,34,0.7057718515590875,-0.16423891971634333,0.0,resolved,True,-0.0003615902305509344,0.4454609679693926,0.0,0.0,348328.6921641278,27,1105858.5556007754,348328.6921641278,0.0,299429.41290893516,481054.4274398823,469577.43898379727,469577.43898379727,34,34,0.7057718515590875,-0.16423891971634333,0.0,resolved,True,-0.0003615902305509344,0.4454609679693926,0.0,0.0,348328.6921641278,27,-0.0016809474046938788
2025-05-09,497,20,1108367.15190386,344284.1209781816,0.0,356231.3981557695,414373.428986376,411112.53087814234,411112.53087814234,33,33,0.6952613362985949,-0.052457374553851556,0.0,resolved,True,0.002268460365369096,0.6382982900287776,0.0,0.0,344284.1209781816,29,1108367.15190386,344284.1209781816,0.0,356231.3981557695,414373.428986376,411112.53087814234,411112.53087814234,33,33,0.6952613362985949,-0.052457374553851556,0.0,resolved,True,0.002268460365369096,0.6382982900287776,0.0,0.0,344284.1209781816,29,-0.11010145214553026
2025-05-12,497,20,1090461.428947768,247371.5033786134,0.0,390994.953168215,494558.03722925537,473326.50481509743,473326.50481509743,28,32,0.8120901545797705,-0.09497179937943585,0.0,resolved,True,-0.016155046570385245,0.5399404061918935,0.0,0.0,247371.5033786134,25,1090461.428947768,247371.5033786134,0.0,390994.953168215,494558.03722925537,473326.50481509743,473326.50481509743,28,32,0.8120901545797705,-0.09497179937943585,0.0,resolved,True,-0.016155046570385245,0.5399404061918935,0.0,0.0,247371.5033786134,25,-0.37453780103258083
2025-05-13,497,20,1077693.755244451,364912.79216304165,0.0,308255.70734505414,449265.2043180461,426895.23002720065,426895.23002720065,28,31,0.7029092522590272,-0.13084375434745565,0.0,resolved,True,-0.011708505559556492,0.5795317073060358,0.0,0.0,364912.79216304165,10,1077693.755244451,364912.79216304165,0.0,308255.70734505414,449265.2043180461,426895.23002720065,426895.23002720065,28,31,0.7029092522590272,-0.13084375434745565,0.0,resolved,True,-0.011708505559556492,0.5795317073060358,0.0,0.0,364912.79216304165,10,-0.13205115745212637
2025-05-14,497,20,1083106.4932357129,97916.69337504776,0.0,418893.1462712651,602690.8115758268,584493.7325826135,584493.7325826135,30,36,0.9431980735293847,-0.1696949159223279,0.0,resolved,True,0.00502251958399258,0.4301529083800947,0.0,0.0,97916.69337504776,11,1083106.4932357129,97916.69337504776,0.0,418893.1462712651,602690.8115758268,584493.7325826135,584493.7325826135,30,36,0.9431980735293847,-0.1696949159223279,0.0,resolved,True,0.00502251958399258,0.4301529083800947,0.0,0.0,97916.69337504776,11,0.5850947146624164
2025-05-15,497,20,1096571.6703095397,207758.7958168686,0.0,386260.5535900766,528291.1812320314,515421.75106731284,515421.75106731284,36,39,0.8340099964135941,-0.1295224302136699,0.0,resolved,True,0.012431997368606229,0.2834360378497228,0.0,0.0,207758.7958168686,37,1096571.6703095397,207758.7958168686,0.0,386260.5535900766,528291.1812320314,515421.75106731284,515421.75106731284,36,39,0.8340099964135941,-0.1295224302136699,0.0,resolved,True,0.012431997368606229,0.2834360378497228,0.0,0.0,207758.7958168686,37,-0.033436010108366686
2025-05-16,497,20,1098054.6160815214,426641.9183674261,0.0,176559.3598505591,517098.3981118607,505975.86798769847,505975.86798769847,23,38,0.631715169540275,-0.31012941731126004,0.0,resolved,True,0.0013523473313541423,0.5862156990315083,0.0,0.0,426641.91836742614,21,1098054.6160815214,426641.9183674261,0.0,176559.3598505591,517098.3981118607,505975.86798769847,505975.86798769847,23,38,0.631715169540275,-0.31012941731126004,0.0,resolved,True,0.0013523473313541423,0.5862156990315083,0.0,0.0,426641.91836742614,21,0.15645289038575988
2025-05-19,497,20,1102976.4869424864,188188.54602802728,0.0,263367.05850107514,662395.3280423394,656908.1052278617,656908.1052278617,25,38,0.8393310260943827,-0.36177404891684806,0.0,resolved,True,0.004482355238875968,0.5624268092555839,0.0,0.0,188188.54602802725,24,1102976.4869424864,188188.54602802728,0.0,263367.05850107514,662395.3280423394,656908.1052278617,656908.1052278617,25,38,0.8393310260943827,-0.36177404891684806,0.0,resolved,True,0.004482355238875968,0.5624268092555839,0.0,0.0,188188.54602802725,24,-0.04764702839184393
2025-05-20,497,20,1105099.740987631,289355.1176011843,0.0,241651.19884593898,581377.5607199147,577735.4926302112,577735.4926302112,29,37,0.7447551827587168,-0.30741692290178374,0.0,resolved,True,0.001925022038348656,0.4311541290205358,0.0,0.0,289355.1176011843,20,1105099.740987631,289355.1176011843,0.0,241651.19884593898,581377.5607199147,577735.4926302112,577735.4926302112,29,37,0.7447551827587168,-0.30741692290178374,0.0,resolved,True,0.001925022038348656,0.4311541290205358,0.0,0.0,289355.1176011843,20,0.031122201763281152
2025-05-21,497,20,1113363.6730676696,270444.35757746606,0.0,294976.471074245,535419.8317778744,541681.3380969164,541681.3380969164,29,36,0.7458446174771577,-0.21596120523775647,0.0,resolved,True,0.007477996576719104,0.49992814645125966,0.0,0.0,270444.35757746606,18,1113363.6730676696,270444.35757746606,0.0,294976.471074245,535419.8317778744,541681.3380969164,541681.3380969164,29,36,0.7458446174771577,-0.21596120523775647,0.0,resolved,True,0.007477996576719104,0.49992814645125966,0.0,0.0,270444.35757746606,18,-0.05347226865326631
2025-05-22,497,20,1112844.2276274767,170746.87899367785,0.0,328156.21391322825,603247.419253263,608594.2769869168,608594.2769869168,28,33,0.8369577790345313,-0.24719650649266003,0.0,resolved,True,-0.00046655504644022017,0.39388488239432295,0.0,0.0,170746.87899367785,21,1112844.2276274767,170746.87899367785,0.0,328156.21391322825,603247.419253263,608594.2769869168,608594.2769869168,28,33,0.8369577790345313,-0.24719650649266003,0.0,resolved,True,-0.00046655504644022017,0.39388488239432295,0.0,0.0,170746.87899367785,21,0.28400356609447774
2025-05-23,497,20,1115793.1078053883,283656.21884701354,0.0,295504.11588322284,527266.6187017814,531949.6958884668,531949.6958884668,25,33,0.7373864642373362,-0.2077110005405962,0.0,resolved,True,0.002649858897321611,0.3971058419953464,0.0,0.0,283656.21884701354,17,1115793.1078053883,283656.21884701354,0.0,295504.11588322284,527266.6187017814,531949.6958884668,531949.6958884668,25,33,0.7373864642373362,-0.2077110005405962,0.0,resolved,True,0.002649858897321611,0.3971058419953464,0.0,0.0,283656.21884701354,17,-0.023542804011861877
2025-05-27,497,20,1104570.7098829704,178656.51599845552,0.0,375283.19799885247,576061.5330574189,563346.2644715407,563346.2644715407,31,34,0.8612800634167337,-0.1817704681666228,0.0,resolved,True,-0.010057776700638343,0.41055117208142244,0.0,0.0,178656.51599845552,30,1104570.7098829704,178656.51599845552,0.0,375283.19799885247,576061.5330574189,563346.2644715407,563346.2644715407,31,34,0.8612800634167337,-0.1817704681666228,0.0,resolved,True,-0.010057776700638343,0.41055117208142244,0.0,0.0,178656.51599845552,30,0.06551747884301548
2025-05-28,497,20,1109961.9219289157,345317.388399176,0.0,274344.1607385031,507798.52922947274,499049.45101035456,499049.45101035456,28,31,0.704657226987347,-0.21032646605143682,0.0,resolved,True,0.004880821116935552,0.470253958545436,0.0,0.0,345317.38839917595,17,1109961.9219289157,345317.388399176,0.0,274344.1607385031,507798.52922947274,499049.45101035456,499049.45101035456,28,31,0.704657226987347,-0.21032646605143682,0.0,resolved,True,0.004880821116935552,0.470253958545436,0.0,0.0,345317.38839917595,17,0.07597409833405516
2025-05-29,497,20,1109017.0218255403,131936.3737344275,0.0,346938.5903149404,649177.3075593204,639659.6826677464,639659.6826677464,28,35,0.8981971225604506,-0.27252847458271495,0.0,resolved,True,-0.0008512905575475127,0.4298171513145506,0.0,0.0,131936.3737344275,18,1109017.0218255403,131936.3737344275,0.0,346938.5903149404,649177.3075593204,639659.6826677464,639659.6826677464,28,35,0.8981971225604506,-0.27252847458271495,0.0,resolved,True,-0.0008512905575475127,0.4298171513145506,0.0,0.0,131936.3737344275,18,0.31201183784641573
2025-05-30,497,20,1116230.0118203145,229592.30434450705,0.0,347200.8075053339,550910.7432917522,545173.8216311128,545173.8216311128,34,34,0.8045936243305918,-0.18249817119162942,0.0,resolved,True,0.006503948859956088,0.3196530438579972,0.0,0.0,229592.30434450705,44,1116230.0118203145,229592.30434450705,0.0,347200.8075053339,550910.7432917522,545173.8216311128,545173.8216311128,34,34,0.8045936243305918,-0.18249817119162942,0.0,resolved,True,0.006503948859956088,0.3196530438579972,0.0,0.0,229592.30434450705,44,-0.08739908440556454
2025-06-02,497,20,1114155.5405470727,520749.4483162025,0.0,253553.23865485523,356580.5378499555,348216.6957129853,348216.6957129853,27,26,0.5476199276496195,-0.09247119943819675,0.0,resolved,True,-0.0018584621908336318,0.6730547357567193,0.0,0.0,520749.4483162025,22,1114155.5405470727,520749.4483162025,0.0,253553.23865485523,356580.5378499555,348216.6957129853,348216.6957129853,27,26,0.5476199276496195,-0.09247119943819675,0.0,resolved,True,-0.0018584621908336318,0.6730547357567193,0.0,0.0,520749.4483162025,22,-0.23012810529545408
2025-06-03,497,20,1109107.159291401,186280.4202679844,0.0,383358.5845112871,571780.6684465685,555624.411479349,555624.411479349,28,29,0.8611785118834557,-0.16988627506079995,0.0,resolved,True,-0.004531127900860965,0.6347854315027114,0.0,0.0,186280.4202679844,18,1109107.159291401,186280.4202679844,0.0,383358.5845112871,571780.6684465685,555624.411479349,555624.411479349,28,29,0.8611785118834557,-0.16988627506079995,0.0,resolved,True,-0.004531127900860965,0.6347854315027114,0.0,0.0,186280.4202679844,18,-0.17572969510666686
2025-06-04,497,20,1107479.8148164453,322881.1841401368,0.0,237145.52918546798,581371.3857325481,564412.2436116943,564412.2436116943,28,33,0.7390806622093403,-0.31081907944672776,0.0,resolved,True,-0.0014672563073124811,0.4570256076737756,0.0,0.0,322881.1841401368,21,1107479.8148164453,322881.1841401368,0.0,237145.52918546798,581371.3857325481,564412.2436116943,564412.2436116943,28,33,0.7390806622093403,-0.31081907944672776,0.0,resolved,True,-0.0014672563073124811,0.4570256076737756,0.0,0.0,322881.1841401368,21,0.027094670279393013
2025-06-05,497,20,1105229.78285758,199325.60181715037,0.0,324530.2098979794,616385.7009287374,598879.8360355938,598879.8360355938,35,28,0.8513305788719985,-0.2640677038906456,0.0,resolved,True,-0.00203166859455417,0.4719909682819361,0.0,0.0,199325.60181715037,18,1105229.78285758,199325.60181715037,0.0,324530.2098979794,616385.7009287374,598879.8360355938,598879.8360355938,35,28,0.8513305788719985,-0.2640677038906456,0.0,resolved,True,-0.00203166859455417,0.4719909682819361,0.0,0.0,199325.60181715037,18,-0.116355366586433
2025-06-06,497,20,1099235.3201548457,183166.8427575996,0.0,305001.79568192794,658960.4984642592,635013.5900897888,635013.5900897888,34,31,0.8769389742774977,-0.3220044846561792,0.0,resolved,True,-0.005423725270265245,0.3498927616647004,0.0,0.0,183166.8427575996,20,1099235.3201548457,183166.8427575996,0.0,305001.79568192794,658960.4984642592,635013.5900897888,635013.5900897888,34,31,0.8769389742774977,-0.3220044846561792,0.0,resolved,True,-0.005423725270265245,0.3498927616647004,0.0,0.0,183166.8427575996,20,-0.30561083149623536
2025-06-09,497,20,1092889.6497608665,268720.3559142247,0.0,272134.89222798246,595360.3112170453,573697.3564178525,573697.3564178525,32,31,0.7937628502885383,-0.29575302415919785,0.0,resolved,True,-0.0057728043100774284,0.4230268889810517,0.0,0.0,268720.3559142247,10,1092889.6497608665,268720.3559142247,0.0,272134.89222798246,595360.3112170453,573697.3564178525,573697.3564178525,32,31,0.7937628502885383,-0.29575302415919785,0.0,resolved,True,-0.0057728043100774284,0.4230268889810517,0.0,0.0,268720.3559142247,10,-0.39779808690231117
2025-06-10,497,20,1094620.9098837131,153932.71140627624,0.0,353270.3320826242,625399.3780473492,606408.6222210809,606408.6222210809,36,31,0.8940718209319993,-0.24860574424220944,0.0,resolved,True,0.0015841124702986598,0.3895207285294539,0.0,0.0,153932.71140627624,18,1094620.9098837131,153932.71140627624,0.0,353270.3320826242,625399.3780473492,606408.6222210809,606408.6222210809,36,31,0.8940718209319993,-0.24860574424220944,0.0,resolved,True,0.0015841124702986598,0.3895207285294539,0.0,0.0,153932.71140627624,18,0.21701161905759128
2025-06-11,497,20,1097420.5607390346,335107.6922466925,0.0,367880.42375164764,410615.6500072051,402524.0473739498,402524.0473739498,36,29,0.7093871771771717,-0.0389415214043177,0.0,resolved,True,0.002557644231023115,0.46328243426291704,0.0,0.0,335107.6922466925,17,1097420.5607390346,335107.6922466925,0.0,367880.42375164764,410615.6500072051,402524.0473739498,402524.0473739498,36,29,0.7093871771771717,-0.0389415214043177,0.0,resolved,True,0.002557644231023115,0.46328243426291704,0.0,0.0,335107.6922466925,17,0.0660836305770608
2025-06-12,497,20,1100505.6265580785,171692.7002777953,0.0,398194.549786861,549561.4369113987,540089.9067024104,540089.9067024104,36,35,0.8612004916889376,-0.13754303791971514,0.0,resolved,True,0.002811197392698972,0.4601968405880976,0.0,0.0,171692.70027779532,28,1100505.6265580785,171692.7002777953,0.0,398194.549786861,549561.4369113987,540089.9067024104,540089.9067024104,36,35,0.8612004916889376,-0.13754303791971514,0.0,resolved,True,0.002811197392698972,0.4601968405880976,0.0,0.0,171692.70027779532,28,-0.024475924274201317
2025-06-13,497,20,1105435.079693593,318067.886953308,0.0,223964.47669066978,567407.1315908778,565404.9238202466,565404.9238202466,29,37,0.7158915279772935,-0.3106855040238131,0.0,resolved,True,0.004479262092400127,0.444210609202827,0.0,0.0,318067.886953308,17,1105435.079693593,318067.886953308,0.0,223964.47669066978,567407.1315908778,565404.9238202466,565404.9238202466,29,37,0.7158915279772935,-0.3106855040238131,0.0,resolved,True,0.004479262092400127,0.444210609202827,0.0,0.0,318067.886953308,17,0.09243348455991351
2025-06-16,497,20,1096234.2580768345,180634.05447002812,0.0,323054.6819838851,618788.5690427446,605667.0453328328,605667.0453328328,34,36,0.8591623953432556,-0.269772527979263,0.0,resolved,True,-0.008323258222734276,0.4527791040293892,0.0,0.0,180634.05447002815,39,1096234.2580768345,180634.05447002812,0.0,323054.6819838851,618788.5690427446,605667.0453328328,605667.0453328328,34,36,0.8591623953432556,-0.269772527979263,0.0,resolved,True,-0.008323258222734276,0.4527791040293892,0.0,0.0,180634.05447002815,39,0.34972188581499736
2025-06-17,497,20,1105885.4318558872,389437.73069958005,0.0,192133.4208222129,527052.20408631,525683.2422102022,525683.2422102022,29,32,0.6503256161911745,-0.3028512480737171,0.0,resolved,True,0.00880393374677424,0.5190140997213396,0.0,0.0,389437.73069958005,23,1105885.4318558872,389437.73069958005,0.0,192133.4208222129,527052.20408631,525683.2422102022,525683.2422102022,29,32,0.6503256161911745,-0.3028512480737171,0.0,resolved,True,0.00880393374677424,0.5190140997213396,0.0,0.0,389437.73069958005,23,0.10900696719022522
2025-06-18,497,20,1105457.2282888042,184648.29941865517,0.0,304606.920101966,622253.6142938385,619227.8115310108,619227.8115310108,29,33,0.8384408828105824,-0.2873441740333768,0.0,resolved,True,-0.0003872042751882354,0.5165190481012455,0.0,0.0,184648.29941865517,21,1105457.2282888042,184648.29941865517,0.0,304606.920101966,622253.6142938385,619227.8115310108,619227.8115310108,29,33,0.8384408828105824,-0.2873441740333768,0.0,resolved,True,-0.0003872042751882354,0.5165190481012455,0.0,0.0,184648.29941865517,21,0.009503738769692004
2025-06-20,497,20,1104707.0120931081,216134.19303758233,0.0,275157.0367850543,624803.9245834068,619109.853426939,619109.853426939,31,31,0.8146603140169165,-0.31650644376364573,0.0,resolved,True,-0.0006786478721183542,0.36068628732235963,0.0,0.0,216134.19303758233,26,1104707.0120931081,216134.19303758233,0.0,275157.0367850543,624803.9245834068,619109.853426939,619109.853426939,31,31,0.8146603140169165,-0.31650644376364573,0.0,resolved,True,-0.0006786478721183542,0.36068628732235963,0.0,0.0,216134.19303758233,26,0.10557976821907646
2025-06-23,497,20,1108170.917090334,284226.77150251553,0.0,270288.0363218289,573397.3179067167,563526.7135863533,563526.7135863533,31,27,0.7613314347246776,-0.2735221407729648,0.0,resolved,True,0.003135587046435795,0.44625766040559384,0.0,0.0,284226.77150251553,27,1108170.917090334,284226.77150251553,0.0,270288.0363218289,573397.3179067167,563526.7135863533,563526.7135863533,31,27,0.7613314347246776,-0.2735221407729648,0.0,resolved,True,0.003135587046435795,0.44625766040559384,0.0,0.0,284226.77150251553,27,-0.10198672548024962
2025-06-24,497,20,1099199.5817333725,346728.73207131884,0.0,225454.78139221933,550551.1310760755,538783.5996729551,538783.5996729551,27,30,0.7059736242298961,-0.29575734478646587,0.0,resolved,True,-0.008095624256695966,0.5856883564592721,0.0,0.0,346728.7320713188,18,1099199.5817333725,346728.73207131884,0.0,225454.78139221933,550551.1310760755,538783.5996729551,538783.5996729551,27,30,0.7059736242298961,-0.29575734478646587,0.0,resolved,True,-0.008095624256695966,0.5856883564592721,0.0,0.0,346728.7320713188,18,-0.2784823582593944
2025-06-25,497,20,1096431.7977829855,241225.31130993832,0.0,311042.3503706043,564020.4820365033,554092.3090694731,554092.3090694731,28,31,0.7981005605423959,-0.23072856166469044,0.0,resolved,True,-0.0025179994574073827,0.5382747846089302,0.0,0.0,241225.31130993832,15,1096431.7977829855,241225.31130993832,0.0,311042.3503706043,564020.4820365033,554092.3090694731,554092.3090694731,28,31,0.7981005605423959,-0.23072856166469044,0.0,resolved,True,-0.0025179994574073827,0.5382747846089302,0.0,0.0,241225.31130993832,15,-0.0984640585918064
2025-06-26,497,20,1092288.6746955258,149501.3050333016,0.0,336003.8797290966,643182.496975292,624982.9934542098,624982.9934542098,30,33,0.8964538398947839,-0.2812247571200178,0.0,resolved,True,-0.0037787330646896766,0.3540151782406347,0.0,0.0,149501.3050333016,21,1092288.6746955258,149501.3050333016,0.0,336003.8797290966,643182.496975292,624982.9934542098,624982.9934542098,30,33,0.8964538398947839,-0.2812247571200178,0.0,resolved,True,-0.0037787330646896766,0.3540151782406347,0.0,0.0,149501.3050333016,21,0.16957534891187556
2025-06-27,497,20,1097992.2727180854,318965.92675894126,0.0,245275.1102411342,555822.8301019223,544787.0329099661,544787.0329099661,32,30,0.7296025302254036,-0.2828323364171094,0.0,resolved,True,0.005221694735734195,0.4340977219261487,0.0,0.0,318965.92675894126,29,1097992.2727180854,318965.92675894126,0.0,245275.1102411342,555822.8301019223,544787.0329099661,544787.0329099661,32,30,0.7296025302254036,-0.2828323364171094,0.0,resolved,True,0.005221694735734195,0.4340977219261487,0.0,0.0,318965.92675894126,29,0.17681401938066152
2025-06-30,497,20,1095347.4876468978,279681.57022874267,0.0,301207.52986265987,533185.7355546415,523822.0615550685,523822.0615550685,29,30,0.7617612445615806,-0.21178503471107002,0.0,resolved,True,-0.0024087465248188167,0.5570496387978725,0.0,0.0,279681.57022874267,28,1095347.4876468978,279681.57022874267,0.0,301207.52986265987,533185.7355546415,523822.0615550685,523822.0615550685,29,30,0.7617612445615806,-0.21178503471107002,0.0,resolved,True,-0.0024087465248188167,0.5570496387978725,0.0,0.0,279681.57022874267,28,0.02882121740827699
2025-07-01,497,20,1094296.953683325,282414.52367123263,0.0,230252.08943576127,600309.6090046313,590969.9747904812,590969.9747904812,23,31,0.7589911455430643,-0.33816919468091633,0.0,resolved,True,-0.0009590873904586905,0.5123406286848496,0.0,0.0,282414.52367123263,24,1094296.953683325,282414.52367123263,0.0,230252.08943576127,600309.6090046313,590969.9747904812,590969.9747904812,23,31,0.7589911455430643,-0.33816919468091633,0.0,resolved,True,-0.0009590873904586905,0.5123406286848496,0.0,0.0,282414.52367123263,24,-0.4520417299096335
2025-07-02,497,20,1081220.6136804596,321904.1535678883,0.0,292363.18496860797,506036.31474187685,486494.7949429201,486494.7949429201,29,27,0.7384242305487909,-0.1976221384144061,0.0,resolved,True,-0.011949535232508413,0.5588809259402974,0.0,0.0,321904.1535678883,13,1081220.6136804596,321904.1535678883,0.0,292363.18496860797,506036.31474187685,486494.7949429201,486494.7949429201,29,27,0.7384242305487909,-0.1976221384144061,0.0,resolved,True,-0.011949535232508413,0.5588809259402974,0.0,0.0,321904.1535678883,13,0.2740907041503587
2025-07-03,497,20,1078220.239059371,190148.63772814057,0.0,340498.79361714167,596069.3621123973,571821.0849132431,571821.0849132431,33,30,0.8686241658258911,-0.23703002340061155,0.0,resolved,True,-0.0027749883632678385,0.47577724245376224,0.0,0.0,190148.63772814057,32,1078220.239059371,190148.63772814057,0.0,340498.79361714167,596069.3621123973,571821.0849132431,571821.0849132431,33,30,0.8686241658258911,-0.23703002340061155,0.0,resolved,True,-0.0027749883632678385,0.47577724245376224,0.0,0.0,190148.63772814057,32,0.1891995506264448
2025-07-07,497,20,1092850.2919291623,324511.40548937436,0.0,178289.2205359218,610867.8091863324,600458.7375450993,600458.7375450993,23,34,0.722108998414768,-0.395826026533605,0.0,resolved,True,0.013568705483171462,0.47619325159660275,0.0,0.0,324511.40548937436,24,1092850.2919291623,324511.40548937436,0.0,178289.2205359218,610867.8091863324,600458.7375450993,600458.7375450993,23,34,0.722108998414768,-0.395826026533605,0.0,resolved,True,0.013568705483171462,0.47619325159660275,0.0,0.0,324511.40548937436,24,-0.24709905978013386
2025-07-08,497,20,1080122.3335506953,222071.72241979733,0.0,268004.52325841645,625369.9000680351,607707.9939702584,607707.9939702584,29,31,0.8271048524565308,-0.3308563907153447,0.0,resolved,True,-0.011646570872940742,0.5066617575433886,0.0,0.0,222071.72241979733,21,1080122.3335506953,222071.72241979733,0.0,268004.52325841645,625369.9000680351,607707.9939702584,607707.9939702584,29,31,0.8271048524565308,-0.3308563907153447,0.0,resolved,True,-0.011646570872940742,0.5066617575433886,0.0,0.0,222071.72241979733,21,0.06976233502223135
2025-07-09,497,20,1074422.6541302796,222579.77362835687,0.0,271798.8336802465,624700.8594483179,602372.453134997,602372.453134997,31,31,0.8344013314334481,-0.3284573574574686,0.0,resolved,True,-0.005276883222735673,0.41383470471933453,0.0,0.0,222579.77362835687,20,1074422.6541302796,222579.77362835687,0.0,271798.8336802465,624700.8594483179,602372.453134997,602372.453134997,31,31,0.8344013314334481,-0.3284573574574686,0.0,resolved,True,-0.005276883222735673,0.41383470471933453,0.0,0.0,222579.77362835687,20,-0.21551634478112341
2025-07-10,498,20,1058593.2966920612,172626.51416475562,0.0,306792.30813504814,653535.6090560965,616355.0417241771,616355.0417241771,35,32,0.9071736238950496,-0.32755100755367245,0.0,resolved,True,-0.014732896199989187,0.36977749795195686,0.0,0.0,172626.51416475562,21,1058593.2966920612,172626.51416475562,0.0,306792.30813504814,653535.6090560965,616355.0417241771,616355.0417241771,35,32,0.9071736238950496,-0.32755100755367245,0.0,resolved,True,-0.014732896199989187,0.36977749795195686,0.0,0.0,172626.51416475562,21,0.06806128789780297
2025-07-11,498,20,1065884.911686842,152872.88835502084,0.0,295126.2752967129,673777.5286176011,645831.6383263547,645831.6383263547,36,34,0.9090135279060774,-0.3552459080424025,0.0,resolved,True,0.006888023018439604,0.3073789955947016,0.0,0.0,152872.88835502084,18,1065884.911686842,152872.88835502084,0.0,295126.2752967129,673777.5286176011,645831.6383263547,645831.6383263547,36,34,0.9090135279060774,-0.3552459080424025,0.0,resolved,True,0.006888023018439604,0.3073789955947016,0.0,0.0,152872.88835502084,18,0.3760793212981004
2025-07-14,498,20,1072410.7676869528,205064.69974769195,0.0,265614.8082888863,654226.2910529481,627978.7753516614,627978.7753516614,36,39,0.8577320622449635,-0.362371858315303,0.0,resolved,True,0.006122477134780979,0.33288778804748087,0.0,0.0,205064.69974769195,32,1072410.7676869528,205064.69974769195,0.0,265614.8082888863,654226.2910529481,627978.7753516614,627978.7753516614,36,39,0.8577320622449635,-0.362371858315303,0.0,resolved,True,0.006122477134780979,0.33288778804748087,0.0,0.0,205064.69974769195,32,0.06308546781692737
2025-07-15,498,20,1075894.9423936422,218682.12365652152,0.0,218374.22753390786,678582.7044954526,658710.6478493327,658710.6478493327,32,36,0.8336844952852163,-0.42774480930050357,0.0,resolved,True,0.0032489180560955067,0.39433972024546887,0.0,0.0,218682.1236565215,21,1075894.9423936422,218682.12365652152,0.0,218374.22753390786,678582.7044954526,658710.6478493327,658710.6478493327,32,36,0.8336844952852163,-0.42774480930050357,0.0,resolved,True,0.0032489180560955067,0.39433972024546887,0.0,0.0,218682.1236565215,21,0.1330358790703877
2025-07-16,498,20,1073565.6873105685,132115.53796567692,0.0,264072.1021127654,730000.3137380417,703689.1804850838,703689.1804850838,34,33,0.9259539752440271,-0.4340006551368936,0.0,resolved,True,-0.002164946586598382,0.3209846756820001,0.0,0.0,132115.53796567692,29,1073565.6873105685,132115.53796567692,0.0,264072.1021127654,730000.3137380417,703689.1804850838,703689.1804850838,34,33,0.9259539752440271,-0.4340006551368936,0.0,resolved,True,-0.002164946586598382,0.3209846756820001,0.0,0.0,132115.53796567692,29,-0.18424682773009327
2025-07-17,498,20,1064226.2686969347,268086.89558411954,0.0,217927.86661858187,652046.3903683813,615128.9484313073,615128.9484313073,34,26,0.8174711361449303,-0.40791938379922255,0.0,resolved,True,-0.008699438445196939,0.3718167553087985,0.0,0.0,268086.89558411954,18,1064226.2686969347,268086.89558411954,0.0,217927.86661858187,652046.3903683813,615128.9484313073,615128.9484313073,34,26,0.8174711361449303,-0.40791938379922255,0.0,resolved,True,-0.008699438445196939,0.3718167553087985,0.0,0.0,268086.89558411954,18,0.18133860908685479
2025-07-18,498,20,1064605.214556374,282293.6999101932,0.0,304384.8575016583,524392.3858232144,501159.5214838684,501159.5214838684,36,33,0.7784831710318348,-0.20665644439214428,0.0,resolved,True,0.0003560764008421202,0.545384593583758,0.0,0.0,282293.6999101932,38,1064605.214556374,282293.6999101932,0.0,304384.8575016583,524392.3858232144,501159.5214838684,501159.5214838684,36,33,0.7784831710318348,-0.20665644439214428,0.0,resolved,True,0.0003560764008421202,0.545384593583758,0.0,0.0,282293.6999101932,38,-0.009273316457470608
2025-07-21,498,20,1064926.3080133775,341107.3358081109,0.0,251797.59385644202,510541.20493160834,491281.29164021654,491281.29164021654,25,29,0.7158606121865796,-0.24296855954085042,0.0,resolved,True,0.00030160800699952084,0.5914278817967064,0.0,0.0,341107.3358081109,27,1064926.3080133775,341107.3358081109,0.0,251797.59385644202,510541.20493160834,491281.29164021654,491281.29164021654,25,29,0.7158606121865796,-0.24296855954085042,0.0,resolved,True,0.00030160800699952084,0.5914278817967064,0.0,0.0,341107.3358081109,27,-0.2420797745615032
2025-07-22,498,20,1058572.032104495,334814.4981773843,0.0,282810.89883324696,485745.901153728,463346.2681237958,463346.2681237958,28,27,0.7260316508259198,-0.19170637062556428,0.0,resolved,True,-0.005966869126124208,0.6443698325169315,0.0,0.0,334814.4981773843,23,1058572.032104495,334814.4981773843,0.0,282810.89883324696,485745.901153728,463346.2681237958,463346.2681237958,28,27,0.7260316508259198,-0.19170637062556428,0.0,resolved,True,-0.005966869126124208,0.6443698325169315,0.0,0.0,334814.4981773843,23,-0.07333258777886466
2025-07-23,498,20,1060580.2355179545,287929.8540234738,0.0,339732.5692011148,471167.2642194473,452042.5382564065,452042.5382564065,33,27,0.7645813171547023,-0.12392715856537137,0.0,resolved,True,0.0018970871632297825,0.5920189243924439,0.0,0.0,287929.8540234738,15,1060580.2355179545,287929.8540234738,0.0,339732.5692011148,471167.2642194473,452042.5382564065,452042.5382564065,33,27,0.7645813171547023,-0.12392715856537137,0.0,resolved,True,0.0018970871632297825,0.5920189243924439,0.0,0.0,287929.8540234738,15,0.08348176815547091
2025-07-24,498,20,1052911.509171682,154688.9964679275,0.0,383774.5635472396,565676.6891995043,540062.3191780096,540062.3191780096,28,32,0.9017388873388519,-0.1727610763751323,0.0,resolved,True,-0.0072306894749244455,0.4186131819719122,0.0,0.0,154688.9964679275,22,1052911.509171682,154688.9964679275,0.0,383774.5635472396,565676.6891995043,540062.3191780096,540062.3191780096,28,32,0.9017388873388519,-0.1727610763751323,0.0,resolved,True,-0.0072306894749244455,0.4186131819719122,0.0,0.0,154688.9964679275,22,0.011085381592683909
2025-07-25,498,20,1051397.661922768,269826.46564961143,0.0,314144.1770014365,520541.6186855438,493984.3189786319,493984.3189786319,27,29,0.7938821113226837,-0.19630768562548753,0.0,resolved,True,-0.0014377725342795689,0.4085969951686977,0.0,0.0,269826.46564961143,20,1051397.661922768,269826.46564961143,0.0,314144.1770014365,520541.6186855438,493984.3189786319,493984.3189786319,27,29,0.7938821113226837,-0.19630768562548753,0.0,resolved,True,-0.0014377725342795689,0.4085969951686977,0.0,0.0,269826.46564961143,20,-0.15542758487585376
2025-07-28,498,20,1065383.8622845192,217673.93142263265,0.0,282389.4412526612,589194.4148344361,577257.4522218307,577257.4522218307,27,30,0.8180937284127305,-0.2879759910422223,0.0,resolved,True,0.013302483796828746,0.46538899409197787,0.0,0.0,217673.93142263265,19,1065383.8622845192,217673.93142263265,0.0,282389.4412526612,589194.4148344361,577257.4522218307,577257.4522218307,27,30,0.8180937284127305,-0.2879759910422223,0.0,resolved,True,0.013302483796828746,0.46538899409197787,0.0,0.0,217673.93142263265,19,0.18672189534585298
2025-07-29,498,20,1075537.3669583981,223266.0956456985,0.0,277287.1529886225,577686.3973372115,576335.2578306444,576335.2578306444,29,33,0.794926867807192,-0.2793015413291619,0.0,resolved,True,0.009530372134703313,0.4180796497969623,0.0,0.0,223266.0956456985,29,1075537.3669583981,223266.0956456985,0.0,277287.1529886225,577686.3973372115,576335.2578306444,576335.2578306444,29,33,0.794926867807192,-0.2793015413291619,0.0,resolved,True,0.009530372134703313,0.4180796497969623,0.0,0.0,223266.0956456985,29,0.12767452394619233
2025-07-30,498,20,1083126.26033599,402314.1353019939,0.0,244570.88721629663,442003.8996311067,439122.5687244031,439122.5687244031,30,30,0.633882504736267,-0.1822806995313414,0.0,resolved,True,0.0070559086190125075,0.5659526605784468,0.0,0.0,402314.1353019939,28,1083126.26033599,402314.1353019939,0.0,244570.88721629663,442003.8996311067,439122.5687244031,439122.5687244031,30,30,0.633882504736267,-0.1822806995313414,0.0,resolved,True,0.0070559086190125075,0.5659526605784468,0.0,0.0,402314.1353019939,28,0.11737011073354875
2025-07-31,498,20,1094740.98274656,255765.22149751577,0.0,331497.61471305933,496846.313840495,502162.2301882399,502162.2301882399,28,29,0.756657457433766,-0.15103910580984894,0.0,resolved,True,0.01072333192897279,0.6039522819441986,0.0,0.0,255765.22149751577,31,1094740.98274656,255765.22149751577,0.0,331497.61471305933,496846.313840495,502162.2301882399,502162.2301882399,28,29,0.756657457433766,-0.15103910580984894,0.0,resolved,True,0.01072333192897279,0.6039522819441986,0.0,0.0,255765.22149751577,31,0.11968721793496953
2025-08-01,498,20,1099546.6791111901,544986.4363773334,0.0,270362.0594414095,280206.5897872915,282202.38653986953,282202.38653986953,28,25,0.500723306875656,-0.008953262769926008,0.0,resolved,True,0.004389802190992498,0.708535501635343,0.0,0.0,544986.4363773334,17,1099546.6791111901,544986.4363773334,0.0,270362.0594414095,280206.5897872915,282202.38653986953,282202.38653986953,28,25,0.500723306875656,-0.008953262769926008,0.0,resolved,True,0.004389802190992498,0.708535501635343,0.0,0.0,544986.4363773334,17,0.07881062155811878
2025-08-04,498,20,1101625.2158497565,160146.28957569326,0.0,481265.699745734,464198.164469868,462205.69549909857,462205.69549909857,32,28,0.8582445741188877,0.015493050658522432,0.0,resolved,True,0.001890357888440386,0.640070226763837,0.0,0.0,160146.28957569326,34,1101625.2158497565,160146.28957569326,0.0,481265.699745734,464198.164469868,462205.69549909857,462205.69549909857,32,28,0.8582445741188877,0.015493050658522432,0.0,resolved,True,0.001890357888440386,0.640070226763837,0.0,0.0,160146.28957569326,34,0.029221735617306625
2025-08-05,498,20,1099491.135155966,489274.8881528709,0.0,238624.47967377203,372781.3081641571,372186.53774674016,372186.53774674016,26,27,0.5560806888644895,-0.12201719886659615,0.0,resolved,True,-0.0019372111886022392,0.5899241928733789,0.0,0.0,489274.8881528708,27,1099491.135155966,489274.8881528709,0.0,238624.47967377203,372781.3081641571,372186.53774674016,372186.53774674016,26,27,0.5560806888644895,-0.12201719886659615,0.0,resolved,True,-0.0019372111886022392,0.5899241928733789,0.0,0.0,489274.8881528708,27,0.15701537953911043
2025-08-06,498,20,1108617.879439556,245541.53247180278,0.0,432092.97267527436,424245.4612271917,427614.4177598353,427614.4177598353,31,25,0.7724378704187724,0.007078644133044123,0.0,resolved,True,0.008300880281581602,0.6626849612642204,0.0,0.0,245541.53247180278,31,1108617.879439556,245541.53247180278,0.0,432092.97267527436,424245.4612271917,427614.4177598353,427614.4177598353,31,25,0.7724378704187724,0.007078644133044123,0.0,resolved,True,0.008300880281581602,0.6626849612642204,0.0,0.0,245541.53247180278,31,0.09958309582339735
2025-08-07,498,20,1100557.6543038513,466570.15543249226,0.0,312297.9747328296,321064.36795962235,321376.9460490758,321376.9460490758,27,27,0.5754921972652857,-0.007965410255892369,0.0,resolved,True,-0.007270516997055387,0.6388435846846593,0.0,0.0,466570.15543249226,27,1100557.6543038513,466570.15543249226,0.0,312297.9747328296,321064.36795962235,321376.9460490758,321376.9460490758,27,27,0.5754921972652857,-0.007965410255892369,0.0,resolved,True,-0.007270516997055387,0.6388435846846593,0.0,0.0,466570.15543249226,27,-0.06353427642597731
2025-08-08,498,20,1097921.6182507272,331443.2211940545,0.0,395870.62140074844,377511.6909299834,374059.7332929537,374059.7332929537,27,29,0.7044057603701526,0.016721531087087585,0.0,resolved,True,-0.0023951821540794116,0.7249776784696311,0.0,0.0,331443.22119405447,17,1097921.6182507272,331443.2211940545,0.0,395870.62140074844,377511.6909299834,374059.7332929537,374059.7332929537,27,29,0.7044057603701526,0.016721531087087585,0.0,resolved,True,-0.0023951821540794116,0.7249776784696311,0.0,0.0,331443.22119405447,17,0.03814697515290116
2025-08-11,498,20,1100179.9418898886,232128.27805273724,0.0,423329.556814577,448986.161981603,446854.1345020886,446854.1345020886,31,28,0.792884586950128,-0.023320371686610726,0.0,resolved,True,0.002056907889981696,0.5118648422172702,0.0,0.0,232128.27805273724,29,1100179.9418898886,232128.27805273724,0.0,423329.556814577,448986.161981603,446854.1345020886,446854.1345020886,31,28,0.792884586950128,-0.023320371686610726,0.0,resolved,True,0.002056907889981696,0.5118648422172702,0.0,0.0,232128.27805273724,29,0.02889784552823634
2025-08-12,498,20,1096544.9240672793,432187.0820779628,0.0,328992.1679476257,350444.83395322686,342905.25399745884,342905.25399745884,27,27,0.6196162026638182,-0.019563873339570475,0.0,resolved,True,-0.003304021173450078,0.609094740664216,0.0,0.0,432187.0820779628,24,1096544.9240672793,432187.0820779628,0.0,328992.1679476257,350444.83395322686,342905.25399745884,342905.25399745884,27,27,0.6196162026638182,-0.019563873339570475,0.0,resolved,True,-0.003304021173450078,0.609094740664216,0.0,0.0,432187.0820779628,24,-0.26215057936700725
2025-08-13,498,20,1093325.1719677062,245519.56407656288,0.0,379059.3473993614,494290.77859095496,481518.5195413684,481518.5195413684,25,29,0.7988018097292218,-0.10539538844075677,0.0,resolved,True,-0.0029362701234624256,0.6210064403061684,0.0,0.0,245519.56407656288,27,1093325.1719677062,245519.56407656288,0.0,379059.3473993614,494290.77859095496,481518.5195413684,481518.5195413684,25,29,0.7988018097292218,-0.10539538844075677,0.0,resolved,True,-0.0029362701234624256,0.6210064403061684,0.0,0.0,245519.56407656288,27,0.1441694718477384
2025-08-14,498,20,1094668.5633437897,411760.3404252659,0.0,217615.41386998474,493394.9143180078,479343.8616832735,479343.8616832735,24,27,0.6495210988941992,-0.2519296796151917,0.0,resolved,True,0.0012287207964540858,0.5921772114175914,0.0,0.0,411760.3404252659,22,1094668.5633437897,411760.3404252659,0.0,217615.41386998474,493394.9143180078,479343.8616832735,479343.8616832735,24,27,0.6495210988941992,-0.2519296796151917,0.0,resolved,True,0.0012287207964540858,0.5921772114175914,0.0,0.0,411760.3404252659,22,-0.09186461962989526
2025-08-15,498,20,1092904.1794206016,222648.49721201125,0.0,305602.7718752278,583584.6704947877,574118.7904140751,574118.7904140751,25,29,0.8136005508199396,-0.2543515743227653,0.0,resolved,True,-0.0016117973807511232,0.5889252396639661,0.0,0.0,222648.49721201125,18,1092904.1794206016,222648.49721201125,0.0,305602.7718752278,583584.6704947877,574118.7904140751,574118.7904140751,25,29,0.8136005508199396,-0.2543515743227653,0.0,resolved,True,-0.0016117973807511232,0.5889252396639661,0.0,0.0,222648.49721201125,18,0.10385526126454683
2025-08-18,498,20,1094582.788757209,209665.4154774662,0.0,323676.39650113956,581440.1845661248,571340.580672364,571340.580672364,29,29,0.8269055482728128,-0.23549044504678412,0.0,resolved,True,0.001535916293683881,0.39566584662170606,0.0,0.0,209665.4154774662,18,1094582.788757209,209665.4154774662,0.0,323676.39650113956,581440.1845661248,571340.580672364,571340.580672364,29,29,0.8269055482728128,-0.23549044504678412,0.0,resolved,True,0.001535916293683881,0.39566584662170606,0.0,0.0,209665.4154774662,18,0.116034862795028
2025-08-19,498,20,1093576.2405960576,208302.09639882122,0.0,233880.65468311548,667555.8127262716,659474.6511201962,659474.6511201962,29,31,0.8243014377470892,-0.39656600239118206,0.0,resolved,True,-0.0009195724357169421,0.38175254596286307,0.0,0.0,208302.09639882122,28,1093576.2405960576,208302.09639882122,0.0,233880.65468311548,667555.8127262716,659474.6511201962,659474.6511201962,29,31,0.8243014377470892,-0.39656600239118206,0.0,resolved,True,-0.0009195724357169421,0.38175254596286307,0.0,0.0,208302.09639882122,28,0.15248821015153868
2025-08-20,498,20,1102264.398179187,326675.37194080406,0.0,253593.81217122843,534638.1997481865,528316.7069076705,528316.7069076705,30,27,0.7151024865009546,-0.25497003082129005,0.0,resolved,True,0.007944720505626446,0.47910548922808166,0.0,0.0,326675.37194080406,23,1102264.398179187,326675.37194080406,0.0,253593.81217122843,534638.1997481865,528316.7069076705,528316.7069076705,30,27,0.7151024865009546,-0.25497003082129005,0.0,resolved,True,0.007944720505626446,0.47910548922808166,0.0,0.0,326675.37194080406,23,0.02587635697602124
2025-08-21,498,20,1103769.243057795,231896.5474684157,0.0,303533.3471082043,581339.1562890979,574839.2523851364,574839.2523851364,30,27,0.8016825155826243,-0.2516883043518066,0.0,resolved,True,0.00136523041213521,0.5038978466335232,0.0,0.0,231896.5474684157,26,1103769.243057795,231896.5474684157,0.0,303533.3471082043,581339.1562890979,574839.2523851364,574839.2523851364,30,27,0.8016825155826243,-0.2516883043518066,0.0,resolved,True,0.00136523041213521,0.5038978466335232,0.0,0.0,231896.5474684157,26,-0.15119727519696124
2025-08-22,498,20,1090878.1147117713,303037.87321403984,0.0,219355.76286158178,608774.939679646,588629.7091578979,588629.7091578979,29,33,0.7591413663661537,-0.35697771507768816,0.0,resolved,True,-0.011679187862049245,0.48951001792223076,0.0,0.0,303037.87321403984,29,1090878.1147117713,303037.87321403984,0.0,219355.76286158178,608774.939679646,588629.7091578979,588629.7091578979,29,33,0.7591413663661537,-0.35697771507768816,0.0,resolved,True,-0.011679187862049245,0.48951001792223076,0.0,0.0,303037.87321403984,29,0.009565964079445181
2025-08-25,498,20,1093227.58979129,357820.68672598014,0.0,225121.7402430822,530558.7655568161,520421.96418952197,520421.96418952197,28,35,0.6912380485605624,-0.2793901545899015,0.0,resolved,True,0.00215374664486645,0.6180521229817122,0.0,0.0,357820.68672598014,25,1093227.58979129,357820.68672598014,0.0,225121.7402430822,530558.7655568161,520421.96418952197,520421.96418952197,28,35,0.6912380485605624,-0.2793901545899015,0.0,resolved,True,0.00215374664486645,0.6180521229817122,0.0,0.0,357820.68672598014,25,0.19473821093521174
2025-08-26,498,20,1095799.9770228192,256556.1037795565,0.0,288637.4743378075,572379.248153504,561492.8235294797,561492.8235294797,31,34,0.7857425995121932,-0.2589357362340844,0.0,resolved,True,0.00235302077586641,0.5589640518018906,0.0,0.0,256556.10377955652,34,1095799.9770228192,256556.1037795565,0.0,288637.4743378075,572379.248153504,561492.8235294797,561492.8235294797,31,34,0.7857425995121932,-0.2589357362340844,0.0,resolved,True,0.00235302077586641,0.5589640518018906,0.0,0.0,256556.10377955652,34,0.07790690302555912
2025-08-27,498,20,1087963.2841064895,352790.5795357218,0.0,226948.53483822278,545079.0046509234,526651.5871917342,526651.5871917342,30,31,0.7096080821543426,-0.2924091965786983,0.0,resolved,True,-0.007151572440821985,0.5577978207116154,0.0,0.0,352790.5795357218,28,1087963.2841064895,352790.5795357218,0.0,226948.53483822278,545079.0046509234,526651.5871917342,526651.5871917342,30,31,0.7096080821543426,-0.2924091965786983,0.0,resolved,True,-0.007151572440821985,0.5577978207116154,0.0,0.0,352790.5795357218,28,0.02740661375772491
2025-08-28,498,20,1086243.3904884197,286811.67663299566,0.0,259508.5936005794,570035.7184217148,554979.4193382798,554979.4193382798,30,34,0.7636818039917344,-0.2858725102865847,0.0,resolved,True,-0.0015808379227451042,0.5964228398780796,0.0,0.0,286811.67663299566,28,1086243.3904884197,286811.67663299566,0.0,259508.5936005794,570035.7184217148,554979.4193382798,554979.4193382798,30,34,0.7636818039917344,-0.2858725102865847,0.0,resolved,True,-0.0015808379227451042,0.5964228398780796,0.0,0.0,286811.67663299566,28,0.08885566389602478
2025-08-29,498,20,1090974.399074471,265396.83589392016,0.0,270250.1103053427,575379.8275520668,565353.6402136375,565353.6402136375,29,30,0.7751143735130726,-0.2796854972083498,0.0,resolved,True,0.0043553853836793,0.5062401506999966,0.0,0.0,265396.83589392016,30,1090974.399074471,265396.83589392016,0.0,270250.1103053427,575379.8275520668,565353.6402136375,565353.6402136375,29,30,0.7751143735130726,-0.2796854972083498,0.0,resolved,True,0.0043553853836793,0.5062401506999966,0.0,0.0,265396.83589392016,30,0.019810111961901005
2025-09-02,498,20,1100078.762234209,349643.0435615953,0.0,251799.59675193846,515053.94134589157,506845.03163328354,506845.03163328354,28,28,0.6970896670529172,-0.23930499672523056,0.0,resolved,True,0.008345166639530444,0.5520064390311632,0.0,0.0,349643.0435615953,16,1100078.762234209,349643.0435615953,0.0,251799.59675193846,515053.94134589157,506845.03163328354,506845.03163328354,28,28,0.6970896670529172,-0.23930499672523056,0.0,resolved,True,0.008345166639530444,0.5520064390311632,0.0,0.0,349643.0435615953,16,0.09514716339392282
2025-09-03,498,20,1104764.3104779976,141614.191106904,0.0,307587.17073040793,663590.9456212983,659576.947130992,659576.947130992,28,32,0.8790817255234351,-0.32224409452262126,0.0,resolved,True,0.004259284339125369,0.4459537368292502,0.0,0.0,141614.191106904,20,1104764.3104779976,141614.191106904,0.0,307587.17073040793,663590.9456212983,659576.947130992,659576.947130992,28,32,0.8790817255234351,-0.32224409452262126,0.0,resolved,True,0.004259284339125369,0.4459537368292502,0.0,0.0,141614.191106904,20,0.005918923191410871
2025-09-04,498,20,1105385.9695216115,264051.0735223779,0.0,246532.52691959197,612830.0096599343,603816.1893697879,603816.1893697879,31,34,0.7774321008900094,-0.3313751873464329,0.0,resolved,True,0.0005627073917193748,0.3635827437703053,0.0,0.0,264051.0735223779,36,1105385.9695216115,264051.0735223779,0.0,246532.52691959197,612830.0096599343,603816.1893697879,603816.1893697879,31,34,0.7774321008900094,-0.3313751873464329,0.0,resolved,True,0.0005627073917193748,0.3635827437703053,0.0,0.0,264051.0735223779,36,-0.09042694993406837
2025-09-05,498,20,1101543.1424202013,396519.5507193387,0.0,214940.86864855248,510131.4460702682,500107.08456128923,500107.08456128923,24,27,0.6582332427995183,-0.2679791340474893,0.0,resolved,True,-0.0034764572804133476,0.6014276301751456,0.0,0.0,396519.5507193387,24,1101543.1424202013,396519.5507193387,0.0,214940.86864855248,510131.4460702682,500107.08456128923,500107.08456128923,24,27,0.6582332427995183,-0.2679791340474893,0.0,resolved,True,-0.0034764572804133476,0.6014276301751456,0.0,0.0,396519.5507193387,24,0.15666172890751487
2025-09-08,498,20,1104007.6685374146,266478.97316901194,0.0,293984.6721131994,551827.2901625833,547685.6567088932,547685.6567088932,26,27,0.7661287021640996,-0.2335514737782328,0.0,resolved,True,0.0022373396213954955,0.6076895587980925,0.0,0.0,266478.97316901194,27,1104007.6685374146,266478.97316901194,0.0,293984.6721131994,551827.2901625833,547685.6567088932,547685.6567088932,26,27,0.7661287021640996,-0.2335514737782328,0.0,resolved,True,0.0022373396213954955,0.6076895587980925,0.0,0.0,266478.97316901194,27,0.213908480340325
2025-09-09,498,20,1114602.3739540696,383999.58314052876,0.0,245782.84756980877,477416.8536419298,481118.39844283095,481118.39844283095,25,27,0.6488409841136227,-0.20781761414197938,0.0,resolved,True,0.00959658679788955,0.5864227856413944,0.0,0.0,383999.58314052876,31,1114602.3739540696,383999.58314052876,0.0,245782.84756980877,477416.8536419298,481118.39844283095,481118.39844283095,25,27,0.6488409841136227,-0.20781761414197938,0.0,resolved,True,0.00959658679788955,0.5864227856413944,0.0,0.0,383999.58314052876,31,0.06071408679299248
2025-09-10,498,20,1112948.6263121748,528513.3396531015,0.0,265227.70678295556,324266.5605411498,321737.0702086338,321737.0702086338,23,24,0.5296688934128359,-0.053047240782194235,0.0,resolved,True,-0.0014837108555834089,0.817702376298948,0.0,0.0,528513.3396531015,25,1112948.6263121748,528513.3396531015,0.0,265227.70678295556,324266.5605411498,321737.0702086338,321737.0702086338,23,24,0.5296688934128359,-0.053047240782194235,0.0,resolved,True,-0.0014837108555834089,0.817702376298948,0.0,0.0,528513.3396531015,25,0.13040029440026363
2025-09-11,498,20,1112652.7592144678,296855.14926821156,0.0,330102.7416395615,497344.96627280547,491519.91728975024,491519.91728975024,23,25,0.7436711058862107,-0.15030945031881904,0.0,resolved,True,-0.0002658407501587856,0.7432332580373396,0.0,0.0,296855.14926821156,26,1112652.7592144678,296855.14926821156,0.0,330102.7416395615,497344.96627280547,491519.91728975024,491519.91728975024,23,25,0.7436711058862107,-0.15030945031881904,0.0,resolved,True,-0.0002658407501587856,0.7432332580373396,0.0,0.0,296855.14926821156,26,0.22147789837179938
2025-09-12,498,20,1111484.2568522166,464877.2193999732,0.0,281233.2239367804,370735.7040327768,368054.7587741198,368054.7587741198,27,25,0.5865750449907122,-0.08052518921812915,0.0,resolved,True,-0.0010501949980119551,0.6879287076495184,0.0,0.0,464877.2193999733,24,1111484.2568522166,464877.2193999732,0.0,281233.2239367804,370735.7040327768,368054.7587741198,368054.7587741198,27,25,0.5865750449907122,-0.08052518921812915,0.0,resolved,True,-0.0010501949980119551,0.6879287076495184,0.0,0.0,464877.2193999733,24,0.09681638838896695
2025-09-15,498,20,1107447.1230281603,279425.903708691,0.0,381691.5354884496,460385.81309920776,453357.74846511375,453357.74846511375,27,25,0.760377024850734,-0.07105917381913421,0.0,resolved,True,-0.0036322006354724268,0.669906485376558,0.0,0.0,279425.903708691,19,1107447.1230281603,279425.903708691,0.0,381691.5354884496,460385.81309920776,453357.74846511375,453357.74846511375,27,25,0.760377024850734,-0.07105917381913421,0.0,resolved,True,-0.0036322006354724268,0.669906485376558,0.0,0.0,279425.903708691,19,-0.1529828868566005
2025-09-16,498,20,1107427.1743376413,251437.5155654904,0.0,300765.7498199739,569587.0122833339,562405.4606177554,562405.4606177554,26,34,0.785923248292937,-0.24274396429195771,0.0,resolved,True,-1.8013221673718327e-05,0.479430659052519,0.0,0.0,251437.5155654904,19,1107427.1743376413,251437.5155654904,0.0,300765.7498199739,569587.0122833339,562405.4606177554,562405.4606177554,26,34,0.785923248292937,-0.24274396429195771,0.0,resolved,True,-1.8013221673718327e-05,0.479430659052519,0.0,0.0,251437.5155654904,19,0.18636271763344037
2025-09-17,498,20,1111204.9926707435,252888.94232185802,0.0,367295.4837076643,505303.7786705228,498162.172655872,498162.172655872,28,29,0.7852729857529928,-0.12419697164171323,0.0,resolved,True,0.0034113469676790853,0.4519938434318092,0.0,0.0,252888.94232185802,26,1111204.9926707435,252888.94232185802,0.0,367295.4837076643,505303.7786705228,498162.172655872,498162.172655872,28,29,0.7852729857529928,-0.12419697164171323,0.0,resolved,True,0.0034113469676790853,0.4519938434318092,0.0,0.0,252888.94232185802,26,0.10516666604729429
2025-09-18,498,20,1105193.096040615,327676.3465907022,0.0,323428.9375113297,479240.7964170219,466664.3041778025,466664.3041778025,29,27,0.7262710351737974,-0.14098157097062267,0.0,resolved,True,-0.005410249836692138,0.526523224721456,0.0,0.0,327676.3465907022,32,1105193.096040615,327676.3465907022,0.0,323428.9375113297,479240.7964170219,466664.3041778025,466664.3041778025,29,27,0.7262710351737974,-0.14098157097062267,0.0,resolved,True,-0.005410249836692138,0.526523224721456,0.0,0.0,327676.3465907022,32,0.06636448714726946
2025-09-19,498,20,1106868.7304928117,290020.338177229,0.0,326874.6979220593,516726.6300047784,503350.1621991509,503350.1621991509,24,27,0.7621511970540903,-0.17152163292045594,0.0,resolved,True,0.001516146326103085,0.554767005153435,0.0,0.0,290020.338177229,22,1106868.7304928117,290020.338177229,0.0,326874.6979220593,516726.6300047784,503350.1621991509,503350.1621991509,24,27,0.7621511970540903,-0.17152163292045594,0.0,resolved,True,0.001516146326103085,0.554767005153435,0.0,0.0,290020.338177229,22,-0.1271879554002783
2025-09-22,498,20,1100345.5931680186,353156.74878524186,0.0,282812.43914976006,494679.61611939786,479528.0106762072,479528.0106762072,28,27,0.706588966318001,-0.19254603125155287,0.0,resolved,True,-0.005893325147859896,0.5898838840391031,0.0,0.0,353156.74878524186,21,1100345.5931680186,353156.74878524186,0.0,282812.43914976006,494679.61611939786,479528.0106762072,479528.0106762072,28,27,0.706588966318001,-0.19254603125155287,0.0,resolved,True,-0.005893325147859896,0.5898838840391031,0.0,0.0,353156.74878524186,21,0.19461595521665845
2025-09-23,498,20,1107642.5556417215,223570.6920276913,0.0,325901.89733751235,574428.540402693,566299.2533396054,566299.2533396054,30,28,0.8128348203618737,-0.2243744083317517,0.0,resolved,True,0.006631518787378443,0.5236779110420346,0.0,0.0,223570.6920276913,31,1107642.5556417215,223570.6920276913,0.0,325901.89733751235,574428.540402693,566299.2533396054,566299.2533396054,30,28,0.8128348203618737,-0.2243744083317517,0.0,resolved,True,0.006631518787378443,0.5236779110420346,0.0,0.0,223570.6920276913,31,-0.1900357654856697
2025-09-24,498,20,1103635.6198371649,488727.92505669664,0.0,250587.79340615188,381878.200212331,373099.05079332355,373099.05079332355,31,27,0.5730750097679882,-0.11896173378814132,0.0,resolved,True,-0.0036175350830892627,0.6479827413801905,0.0,0.0,488727.92505669664,23,1103635.6198371649,488727.92505669664,0.0,250587.79340615188,381878.200212331,373099.05079332355,373099.05079332355,31,27,0.5730750097679882,-0.11896173378814132,0.0,resolved,True,-0.0036175350830892627,0.6479827413801905,0.0,0.0,488727.92505669664,23,0.1473397174269662
2025-09-25,498,20,1102022.84990761,190953.60467283858,0.0,363322.86828317813,568915.0008400274,558330.6888958103,558330.6888958103,35,26,0.8459333390422542,-0.1865588654301364,0.0,resolved,True,-0.0014613246442631844,0.613068278270253,0.0,0.0,190953.60467283858,22,1102022.84990761,190953.60467283858,0.0,363322.86828317813,568915.0008400274,558330.6888958103,558330.6888958103,35,26,0.8459333390422542,-0.1865588654301364,0.0,resolved,True,-0.0014613246442631844,0.613068278270253,0.0,0.0,190953.60467283858,22,-0.010276457714021402
2025-09-26,498,20,1099994.610548975,252387.3607719379,0.0,303063.70298782614,573115.6692087312,558829.607998971,558829.607998971,32,28,0.7965306045993097,-0.24550299031567985,0.0,resolved,True,-0.0018404694229391394,0.4059188992701417,0.0,0.0,252387.36077193788,32,1099994.610548975,252387.3607719379,0.0,303063.70298782614,573115.6692087312,558829.607998971,558829.607998971,32,28,0.7965306045993097,-0.24550299031567985,0.0,resolved,True,-0.0018404694229391394,0.4059188992701417,0.0,0.0,252387.36077193788,32,0.0692901998779399
2025-09-29,498,20,1103643.6064646384,335516.0379248813,0.0,245485.84885978908,551287.3774318971,536964.5485559325,536964.5485559325,24,26,0.7219479382878258,-0.2770835863868216,0.0,resolved,True,0.003317285267281811,0.5325544344461929,0.0,0.0,335516.0379248813,23,1103643.6064646384,335516.0379248813,0.0,245485.84885978908,551287.3774318971,536964.5485559325,536964.5485559325,24,26,0.7219479382878258,-0.2770835863868216,0.0,resolved,True,0.003317285267281811,0.5325544344461929,0.0,0.0,335516.0379248813,23,-0.043046097096984266
2025-09-30,498,20,1101206.8781429625,317416.66423432005,0.0,274534.04840597947,537852.5543153759,523554.35990901955,523554.35990901955,27,26,0.7377238726399314,-0.2391181086277337,0.0,resolved,True,-0.002207894203710925,0.5949897803917861,0.0,0.0,317416.66423432005,21,1101206.8781429625,317416.66423432005,0.0,274534.04840597947,537852.5543153759,523554.35990901955,523554.35990901955,27,26,0.7377238726399314,-0.2391181086277337,0.0,resolved,True,-0.002207894203710925,0.5949897803917861,0.0,0.0,317416.66423432005,21,-0.30692167289836225
2025-10-01,498,20,1086243.4266263263,270658.9874822798,0.0,337603.22724360804,523498.2912303672,500739.7515654029,500739.7515654029,28,28,0.7927334678087758,-0.17113573203762925,0.0,resolved,True,-0.01358822925431602,0.542836941263237,0.0,0.0,270658.9874822798,12,1086243.4266263263,270658.9874822798,0.0,337603.22724360804,523498.2912303672,500739.7515654029,500739.7515654029,28,28,0.7927334678087758,-0.17113573203762925,0.0,resolved,True,-0.01358822925431602,0.542836941263237,0.0,0.0,270658.9874822798,12,-0.0015769351231110424
2025-10-02,498,20,1079699.8517784094,213757.1269303084,0.0,363432.4803540733,563601.8891214972,533056.0668077624,533056.0668077624,33,31,0.8586037758073426,-0.18539356881240487,0.0,resolved,True,-0.006024040917089857,0.44613944850000525,0.0,0.0,213757.1269303084,18,1079699.8517784094,213757.1269303084,0.0,363432.4803540733,563601.8891214972,533056.0668077624,533056.0668077624,33,31,0.8586037758073426,-0.18539356881240487,0.0,resolved,True,-0.006024040917089857,0.44613944850000525,0.0,0.0,213757.1269303084,18,-0.05885848620133126
2025-10-03,498,20,1075338.7687851866,215263.98159349154,0.0,299770.795752562,627206.1001425518,593755.0457908425,593755.0457908425,33,32,0.8620324336881505,-0.3044950241679601,0.0,resolved,True,-0.004039162352425629,0.4007343178801171,0.0,0.0,215263.98159349157,25,1075338.7687851866,215263.98159349154,0.0,299770.795752562,627206.1001425518,593755.0457908425,593755.0457908425,33,32,0.8620324336881505,-0.3044950241679601,0.0,resolved,True,-0.004039162352425629,0.4007343178801171,0.0,0.0,215263.98159349157,25,0.10882504892158883
2025-10-06,498,20,1075514.1797026643,214705.3355041179,0.0,266047.51802036003,654985.2176753116,624873.2719267489,624873.2719267489,31,29,0.8563650327235105,-0.36162954147427134,0.0,resolved,True,0.00016312154138731216,0.4050562700694613,0.0,0.0,214705.3355041179,25,1075514.1797026643,214705.3355041179,0.0,266047.51802036003,654985.2176753116,624873.2719267489,624873.2719267489,31,29,0.8563650327235105,-0.36162954147427134,0.0,resolved,True,0.00016312154138731216,0.4050562700694613,0.0,0.0,214705.3355041179,25,0.11019457366282752
2025-10-07,498,20,1085081.3968982925,286626.7155286878,0.0,229863.9201559271,604680.0242424416,586635.3927280596,586635.3927280596,29,28,0.769107227148041,-0.3454267165190807,0.0,resolved,True,0.00889548215744873,0.4706401836663886,0.0,0.0,286626.7155286878,25,1085081.3968982925,286626.7155286878,0.0,229863.9201559271,604680.0242424416,586635.3927280596,586635.3927280596,29,28,0.769107227148041,-0.3454267165190807,0.0,resolved,True,0.00889548215744873,0.4706401836663886,0.0,0.0,286626.7155286878,25,0.0715299042033908
2025-10-08,498,20,1072784.0539044843,225767.59350523382,0.0,266994.6781727048,638158.2856939551,609090.0339602504,609090.0339602504,28,30,0.8437420006125954,-0.34598165974817613,0.0,resolved,True,-0.011333106464602727,0.47622865092798855,0.0,0.0,225767.59350523382,23,1072784.0539044843,225767.59350523382,0.0,266994.6781727048,638158.2856939551,609090.0339602504,609090.0339602504,28,30,0.8437420006125954,-0.34598165974817613,0.0,resolved,True,-0.011333106464602727,0.47622865092798855,0.0,0.0,225767.59350523382,23,-0.00586910407927977
2025-10-09,498,20,1076383.2283069384,261786.60321712133,0.0,245126.46589882186,624390.833975241,596930.4965831182,596930.4965831182,28,30,0.8078138687108136,-0.3523506852415107,0.0,resolved,True,0.0033549849938154797,0.45060318221179524,0.0,0.0,261786.60321712133,27,1076383.2283069384,261786.60321712133,0.0,245126.46589882186,624390.833975241,596930.4965831182,596930.4965831182,28,30,0.8078138687108136,-0.3523506852415107,0.0,resolved,True,0.0033549849938154797,0.45060318221179524,0.0,0.0,261786.60321712133,27,0.05829422371053759
2025-10-10,498,20,1096380.3323020046,311880.9810380769,0.0,200043.69652549375,582580.7109195379,583518.1828289859,583518.1828289859,27,31,0.7138256537325891,-0.3489090447206892,0.0,resolved,True,0.018578052378723786,0.5380256426079276,0.0,0.0,311880.9810380769,25,1096380.3323020046,311880.9810380769,0.0,200043.69652549375,582580.7109195379,583518.1828289859,583518.1828289859,27,31,0.7138256537325891,-0.3489090447206892,0.0,resolved,True,0.018578052378723786,0.5380256426079276,0.0,0.0,311880.9810380769,25,0.470849880487523
2025-10-13,498,20,1086130.1173491576,327271.1660264882,0.0,305399.54885687924,484370.18145414034,468914.7919599653,468914.7919599653,36,29,0.7271409913929611,-0.16477826158993022,0.0,resolved,True,-0.009349141580572873,0.5789600699608768,0.0,0.0,327271.1660264882,51,1086130.1173491576,327271.1660264882,0.0,305399.54885687924,484370.18145414034,468914.7919599653,468914.7919599653,36,29,0.7271409913929611,-0.16477826158993022,0.0,resolved,True,-0.009349141580572873,0.5789600699608768,0.0,0.0,327271.1660264882,51,0.19725938700551252
2025-10-14,498,20,1092412.409892741,485313.52850020706,0.0,216460.55831436135,412402.99090921535,401520.6569936939,401520.6569936939,24,24,0.5756649627271462,-0.17936672159747136,0.0,resolved,True,0.005784106750410523,0.7461053690879096,0.0,0.0,485313.528500207,33,1092412.409892741,485313.52850020706,0.0,216460.55831436135,412402.99090921535,401520.6569936939,401520.6569936939,24,24,0.5756649627271462,-0.17936672159747136,0.0,resolved,True,0.005784106750410523,0.7461053690879096,0.0,0.0,485313.528500207,33,0.1548785911387677
2025-10-15,498,20,1084540.181956679,302843.9754502449,0.0,312392.99511105835,501098.8564979531,485201.03394666465,485201.03394666465,26,25,0.7500799556742523,-0.17399619168230362,0.0,resolved,True,-0.007206278384218279,0.724352581583382,0.0,0.0,302843.9754502449,20,1084540.181956679,302843.9754502449,0.0,312392.99511105835,501098.8564979531,485201.03394666465,485201.03394666465,26,25,0.7500799556742523,-0.17399619168230362,0.0,resolved,True,-0.007206278384218279,0.724352581583382,0.0,0.0,302843.9754502449,20,-0.24832372897495925
2025-10-16,498,20,1085744.704634229,237341.31511441898,0.0,338991.86453998066,536981.9903610134,523196.7576704213,523196.7576704213,28,29,0.8067954199197283,-0.1823542173182716,0.0,resolved,True,0.0011106298296634787,0.4965625972342968,0.0,0.0,237341.31511441898,27,1085744.704634229,237341.31511441898,0.0,338991.86453998066,536981.9903610134,523196.7576704213,523196.7576704213,28,29,0.8067954199197283,-0.1823542173182716,0.0,resolved,True,0.0011106298296634787,0.4965625972342968,0.0,0.0,237341.31511441898,27,0.0738832933982583
2025-10-17,498,20,1091437.5324446978,434644.84013739857,0.0,320301.80815112987,339229.7742390259,337860.3291975978,337860.3291975978,26,26,0.6042779021103286,-0.01734223491975716,0.0,resolved,True,0.005243247133668305,0.6349599276482973,0.0,0.0,434644.84013739857,25,1091437.5324446978,434644.84013739857,0.0,320301.80815112987,339229.7742390259,337860.3291975978,337860.3291975978,26,26,0.6042779021103286,-0.01734223491975716,0.0,resolved,True,0.005243247133668305,0.6349599276482973,0.0,0.0,434644.84013739857,25,0.03149749689362557
2025-10-20,498,20,1091871.9123812825,298670.12421683804,0.0,384979.9346455046,419291.220632772,413756.53707585594,413756.53707585594,25,24,0.7365984472704565,-0.03142427751661581,0.0,resolved,True,0.0003979888208642812,0.6723593202730098,0.0,0.0,298670.12421683804,27,1091871.9123812825,298670.12421683804,0.0,384979.9346455046,419291.220632772,413756.53707585594,413756.53707585594,25,24,0.7365984472704565,-0.03142427751661581,0.0,resolved,True,0.0003979888208642812,0.6723593202730098,0.0,0.0,298670.12421683804,27,-0.13877384060837875
2025-10-21,498,20,1087470.5787288758,419459.24415940023,0.0,258702.67658540438,424634.70903527614,416971.68350967363,416971.68350967363,25,29,0.6283732166983504,-0.15258530731362557,0.0,resolved,True,-0.004030998144102571,0.6604153109922726,0.0,0.0,419459.24415940023,24,1087470.5787288758,419459.24415940023,0.0,258702.67658540438,424634.70903527614,416971.68350967363,416971.68350967363,25,29,0.6283732166983504,-0.15258530731362557,0.0,resolved,True,-0.004030998144102571,0.6604153109922726,0.0,0.0,419459.24415940023,24,0.1056501174419196
2025-10-22,498,20,1089846.224774317,197002.8826184499,0.0,388000.2575810904,512295.49646807235,508569.2905214244,508569.2905214244,29,28,0.826075948683122,-0.11404841899848832,0.0,resolved,True,0.0021845612119619773,0.5642679922602214,0.0,0.0,197002.88261844986,23,1089846.224774317,197002.8826184499,0.0,388000.2575810904,512295.49646807235,508569.2905214244,508569.2905214244,29,28,0.826075948683122,-0.11404841899848832,0.0,resolved,True,0.0021845612119619773,0.5642679922602214,0.0,0.0,197002.88261844986,23,0.2527397542109957
2025-10-23,498,20,1094946.5771607426,326839.31521870324,0.0,374044.3800931904,409876.13036710623,401969.50610797765,401969.50610797765,32,29,0.7159440714386689,-0.032724656180787876,0.0,resolved,True,0.004679882602228513,0.4817676326221114,0.0,0.0,326839.31521870324,44,1094946.5771607426,326839.31521870324,0.0,374044.3800931904,409876.13036710623,401969.50610797765,401969.50610797765,32,29,0.7159440714386689,-0.032724656180787876,0.0,resolved,True,0.004679882602228513,0.4817676326221114,0.0,0.0,326839.31521870324,44,0.009469921058247134
2025-10-24,498,20,1103889.8824652974,524011.25768962404,0.0,195214.69736089415,402672.64895429224,393668.2881845357,393668.2881845357,21,24,0.5416186485738372,-0.18793355649757926,0.0,resolved,True,0.008167800595116903,0.7762418048775709,0.0,0.0,524011.25768962404,16,1103889.8824652974,524011.25768962404,0.0,195214.69736089415,402672.64895429224,393668.2881845357,393668.2881845357,21,24,0.5416186485738372,-0.18793355649757926,0.0,resolved,True,0.008167800595116903,0.7762418048775709,0.0,0.0,524011.25768962404,16,-0.05382523547944544
2025-10-27,498,20,1108579.2613872774,168162.2211608542,0.0,382502.84474284627,567543.5214398648,562728.8584617209,562728.8584617209,28,25,0.8569945327985135,-0.1669169568132263,0.0,resolved,True,0.004248049553192246,0.627179666142384,0.0,0.0,168162.2211608542,27,1108579.2613872774,168162.2211608542,0.0,382502.84474284627,567543.5214398648,562728.8584617209,562728.8584617209,28,25,0.8569945327985135,-0.1669169568132263,0.0,resolved,True,0.004248049553192246,0.627179666142384,0.0,0.0,168162.2211608542,27,-0.13562852710828718
2025-10-28,498,20,1110906.0345731839,410104.15030051896,0.0,249709.33726500464,453950.61713093607,452521.58206929814,452521.58206929814,25,23,0.6334108668932479,-0.1838510850689564,0.0,resolved,True,0.0020988785077891148,0.517428516785381,0.0,0.0,410104.15030051896,19,1110906.0345731839,410104.15030051896,0.0,249709.33726500464,453950.61713093607,452521.58206929814,452521.58206929814,25,23,0.6334108668932479,-0.1838510850689564,0.0,resolved,True,0.0020988785077891148,0.517428516785381,0.0,0.0,410104.15030051896,19,0.09260334875713647
2025-10-29,498,20,1113784.1761186153,193965.80769835808,0.0,334190.7870517265,577169.7873154103,581398.6843419705,581398.6843419705,29,29,0.8182559906202861,-0.21815626893751736,0.0,resolved,True,0.002590805572981969,0.5427051073925893,0.0,0.0,193965.80769835808,24,1113784.1761186153,193965.80769835808,0.0,334190.7870517265,577169.7873154103,581398.6843419705,581398.6843419705,29,29,0.8182559906202861,-0.21815626893751736,0.0,resolved,True,0.002590805572981969,0.5427051073925893,0.0,0.0,193965.80769835808,24,0.2234337645858873
2025-10-30,498,20,1121387.1902254447,437282.2952924706,0.0,320688.39513983304,351964.6832243819,357690.59150876163,357690.59150876163,33,28,0.5998401660259594,-0.02789071282173379,0.0,resolved,True,0.006826290290211201,0.5542990355057794,0.0,0.0,437282.2952924706,35,1121387.1902254447,437282.2952924706,0.0,320688.39513983304,351964.6832243819,357690.59150876163,357690.59150876163,33,28,0.5998401660259594,-0.02789071282173379,0.0,resolved,True,0.006826290290211201,0.5542990355057794,0.0,0.0,437282.2952924706,35,-0.005570696867005003
2025-10-31,498,20,1117920.4147007437,436746.13287415775,0.0,361522.14743149764,316251.16402193345,317951.6492085109,317951.6492085109,30,25,0.6062804673218749,0.04049571222982164,0.0,resolved,True,-0.0030915062655603176,0.7758555285393577,0.0,0.0,436746.13287415775,24,1117920.4147007437,436746.13287415775,0.0,361522.14743149764,316251.16402193345,317951.6492085109,317951.6492085109,30,25,0.6062804673218749,0.04049571222982164,0.0,resolved,True,-0.0030915062655603176,0.7758555285393577,0.0,0.0,436746.13287415775,24,0.10886946506478115
2025-11-03,498,20,1122706.8490315306,246045.23243906128,0.0,468722.43751314946,397759.2052227201,402849.19215101993,402849.19215101993,28,26,0.7717790654642519,0.06320726764216648,0.0,resolved,True,0.004281551949355977,0.6087584931834732,0.0,0.0,246045.23243906128,27,1122706.8490315306,246045.23243906128,0.0,468722.43751314946,397759.2052227201,402849.19215101993,402849.19215101993,28,26,0.7717790654642519,0.06320726764216648,0.0,resolved,True,0.004281551949355977,0.6087584931834732,0.0,0.0,246045.23243906128,27,0.10493461319615734
2025-11-04,498,20,1126738.012711705,369181.92761303403,0.0,388636.2587578788,357215.6135992815,363067.71997003676,363067.71997003676,26,28,0.6619567849336412,0.027886380688424306,0.0,resolved,True,0.003590575477161906,0.5357294437336672,0.0,0.0,369181.92761303403,28,1126738.012711705,369181.92761303403,0.0,388636.2587578788,357215.6135992815,363067.71997003676,363067.71997003676,26,28,0.6619567849336412,0.027886380688424306,0.0,resolved,True,0.003590575477161906,0.5357294437336672,0.0,0.0,369181.92761303403,28,0.20445448298176275
2025-11-05,498,20,1126169.168232166,317974.7146437594,0.0,468048.47437497583,345089.65406267234,342617.8166380515,342617.8166380515,29,25,0.7220390607159788,0.10918325930137243,0.0,resolved,True,-0.00050485957970825,0.6077725829704481,0.0,0.0,317974.7146437594,25,1126169.168232166,317974.7146437594,0.0,468048.47437497583,345089.65406267234,342617.8166380515,342617.8166380515,29,25,0.7220390607159788,0.10918325930137243,0.0,resolved,True,-0.00050485957970825,0.6077725829704481,0.0,0.0,317974.7146437594,25,0.14752697519422828
2025-11-06,498,20,1111760.1007779706,373410.01858442114,0.0,303512.4628572681,439159.0539190191,436998.3366276503,436998.3366276503,24,30,0.6680141842260681,-0.12201066665985791,0.0,resolved,True,-0.012794762865701914,0.6129833189614367,0.0,0.0,373410.01858442114,21,1111760.1007779706,373410.01858442114,0.0,303512.4628572681,439159.0539190191,436998.3366276503,436998.3366276503,24,30,0.6680141842260681,-0.12201066665985791,0.0,resolved,True,-0.012794762865701914,0.6129833189614367,0.0,0.0,373410.01858442114,21,-0.08308573280754819
2025-11-07,498,20,1113186.2079677638,256203.51647244894,0.0,397755.24299567996,474982.36053624423,467104.90451793955,467104.90451793955,28,28,0.7839996554800986,-0.06937484222118628,0.0,resolved,True,0.0012827472300860343,0.5625042679104537,0.0,0.0,256203.51647244894,30,1113186.2079677638,256203.51647244894,0.0,397755.24299567996,474982.36053624423,467104.90451793955,467104.90451793955,28,28,0.7839996554800986,-0.06937484222118628,0.0,resolved,True,0.0012827472300860343,0.5625042679104537,0.0,0.0,256203.51647244894,30,0.25051768378771955
2025-11-10,498,20,1122375.2056237464,432336.24385690625,0.0,312880.01168203953,380112.8297285285,378635.88990666467,378635.88990666467,30,23,0.6174342037656165,-0.05990226593532521,0.0,resolved,True,0.008254681553015342,0.625711500908227,0.0,0.0,432336.2438569062,36,1122375.2056237464,432336.24385690625,0.0,312880.01168203953,380112.8297285285,378635.88990666467,378635.88990666467,30,23,0.6174342037656165,-0.05990226593532521,0.0,resolved,True,0.008254681553015342,0.625711500908227,0.0,0.0,432336.2438569062,36,0.13886824809519643
2025-11-11,498,20,1113797.7894244802,381076.3520166642,0.0,254853.48679542163,490476.9296656482,484172.44013902126,484172.44013902126,24,24,0.6691792922718905,-0.2115495695066674,0.0,resolved,True,-0.007642200358924933,0.7255416195343769,0.0,0.0,381076.3520166642,26,1113797.7894244802,381076.3520166642,0.0,254853.48679542163,490476.9296656482,484172.44013902126,484172.44013902126,24,24,0.6691792922718905,-0.2115495695066674,0.0,resolved,True,-0.007642200358924933,0.7255416195343769,0.0,0.0,381076.3520166642,26,0.09717306310188822
2025-11-12,497,20,1112899.481777418,301549.60343794164,0.0,294935.4307133412,531028.7227842204,523721.58520517766,523721.58520517766,26,25,0.7421731854690143,-0.2121425123622245,0.0,resolved,True,-0.0008065266923598102,0.614190655611128,0.0,0.0,301549.60343794164,23,1112899.481777418,301549.60343794164,0.0,294935.4307133412,531028.7227842204,523721.58520517766,523721.58520517766,26,25,0.7421731854690143,-0.2121425123622245,0.0,resolved,True,-0.0008065266923598102,0.614190655611128,0.0,0.0,301549.60343794164,23,0.035190308613053285
2025-11-13,497,20,1112865.1255277372,286372.9195692,0.0,289508.17200984847,540993.2205315325,538988.6272401107,538988.6272401107,29,26,0.7462731767675306,-0.22597980901093123,0.0,resolved,True,-3.087093690246068e-05,0.5254495120347568,0.0,0.0,286372.9195692,19,1112865.1255277372,286372.9195692,0.0,289508.17200984847,540993.2205315325,538988.6272401107,538988.6272401107,29,26,0.7462731767675306,-0.22597980901093123,0.0,resolved,True,-3.087093690246068e-05,0.5254495120347568,0.0,0.0,286372.9195692,19,0.08703973419952446
2025-11-14,497,20,1119506.7327785548,183261.00570155412,0.0,369654.945399923,573151.4530516522,569871.117364365,569871.117364365,34,27,0.8421623299322024,-0.18177336651353754,0.0,resolved,True,0.00596802532352525,0.4170611168308223,0.0,0.0,183261.00570155412,31,1119506.7327785548,183261.00570155412,0.0,369654.945399923,573151.4530516522,569871.117364365,569871.117364365,34,27,0.8421623299322024,-0.18177336651353754,0.0,resolved,True,0.00596802532352525,0.4170611168308223,0.0,0.0,183261.00570155412,31,0.03353581387577153
2025-11-17,497,20,1116530.2846544655,388083.2496350418,0.0,200643.32424823896,537813.2500971038,532808.4804341443,532808.4804341443,25,30,0.6613851719874074,-0.30198009895737793,0.0,resolved,True,-0.002658713911172228,0.5072005396306737,0.0,0.0,388083.2496350418,16,1116530.2846544655,388083.2496350418,0.0,200643.32424823896,537813.2500971038,532808.4804341443,532808.4804341443,25,30,0.6613851719874074,-0.30198009895737793,0.0,resolved,True,-0.002658713911172228,0.5072005396306737,0.0,0.0,388083.2496350418,16,-0.10016223229214288
2025-11-18,497,20,1113200.9721196354,149810.63994176994,0.0,308309.3956497156,665794.9023631661,660437.9194456581,660437.9194456581,31,32,0.8750480123621335,-0.3211329451435581,0.0,resolved,True,-0.0029818380930530797,0.4818694560998895,0.0,0.0,149810.63994176994,24,1113200.9721196354,149810.63994176994,0.0,308309.3956497156,665794.9023631661,660437.9194456581,660437.9194456581,31,32,0.8750480123621335,-0.3211329451435581,0.0,resolved,True,-0.0029818380930530797,0.4818694560998895,0.0,0.0,149810.63994176994,24,0.17655445151624855
2025-11-19,497,20,1119641.97720693,398431.22865967,0.0,298653.53645743383,425328.95897543564,423943.08553263097,423943.08553263097,31,31,0.6466196428602323,-0.11313922226639588,0.0,resolved,True,0.005786021795354923,0.4887221783194842,0.0,0.0,398431.22865967,38,1119641.97720693,398431.22865967,0.0,298653.53645743383,425328.95897543564,423943.08553263097,423943.08553263097,31,31,0.6466196428602323,-0.11313922226639588,0.0,resolved,True,0.005786021795354923,0.4887221783194842,0.0,0.0,398431.22865967,38,0.10256227540246357
2025-11-20,497,20,1121252.4881871534,333751.3945944818,0.0,309801.95698837406,452478.50583061436,465088.8212174558,465088.8212174558,24,29,0.679847287609098,-0.12724747578747447,0.0,resolved,True,0.0014384160410285673,0.65546982683429,0.0,0.0,333751.3945944818,21,1121252.4881871534,333751.3945944818,0.0,309801.95698837406,452478.50583061436,465088.8212174558,465088.8212174558,24,29,0.679847287609098,-0.12724747578747447,0.0,resolved,True,0.0014384160410285673,0.65546982683429,0.0,0.0,333751.3945944818,21,-0.15112301634030004
2025-11-21,497,20,1116088.9864137187,263677.98772447207,0.0,433808.3951365881,430975.0510219842,424788.8272873215,424788.8272873215,33,30,0.774833778207367,0.002538636389297368,0.0,resolved,True,-0.004605119567478555,0.5207449169036601,0.0,0.0,263677.98772447207,26,1116088.9864137187,263677.98772447207,0.0,433808.3951365881,430975.0510219842,424788.8272873215,424788.8272873215,33,30,0.774833778207367,0.002538636389297368,0.0,resolved,True,-0.004605119567478555,0.5207449169036601,0.0,0.0,263677.98772447207,26,0.1846626449468116
2025-11-24,497,20,1122894.5109575624,329951.15951811266,0.0,349539.663674565,464117.46924084594,453760.5785028652,453760.5785028652,28,31,0.7246069198624496,-0.1020379068988175,0.0,resolved,True,0.006097654064046942,0.5330133446026813,0.0,0.0,329951.15951811266,38,1122894.5109575624,329951.15951811266,0.0,349539.663674565,464117.46924084594,453760.5785028652,453760.5785028652,28,31,0.7246069198624496,-0.1020379068988175,0.0,resolved,True,0.006097654064046942,0.5330133446026813,0.0,0.0,329951.15951811266,38,0.003682563216880049
2025-11-25,497,20,1105750.4433389425,424209.471604968,0.0,235071.25951456878,494455.86412353924,470462.7881714726,470462.7881714726,23,28,0.6597574778583998,-0.23457788886408074,0.0,resolved,True,-0.015267745501756913,0.6763586100223092,0.0,0.0,424209.47160496796,28,1105750.4433389425,424209.471604968,0.0,235071.25951456878,494455.86412353924,470462.7881714726,470462.7881714726,23,28,0.6597574778583998,-0.23457788886408074,0.0,resolved,True,-0.015267745501756913,0.6763586100223092,0.0,0.0,424209.47160496796,28,0.22825751049140208
2025-11-26,497,20,1103921.2920105557,261300.48032095178,0.0,297088.84456728416,595074.5745884606,570303.2708553902,570303.2708553902,27,22,0.8081766568075344,-0.2699338550472737,0.0,resolved,True,-0.0016542171331745958,0.6264231778499324,0.0,0.0,261300.48032095178,24,1103921.2920105557,261300.48032095178,0.0,297088.84456728416,595074.5745884606,570303.2708553902,570303.2708553902,27,22,0.8081766568075344,-0.2699338550472737,0.0,resolved,True,-0.0016542171331745958,0.6264231778499324,0.0,0.0,261300.48032095178,24,-0.19671723083600964
2025-11-28,497,20,1103133.3360694149,307034.2268186158,0.0,204263.32855755131,644465.9469591656,618150.8638262067,618150.8638262067,26,27,0.7693804980464397,-0.3990475167490673,0.0,resolved,True,-0.0007137790953427592,0.5167940413541786,0.0,0.0,307034.2268186158,16,1103133.3360694149,307034.2268186158,0.0,204263.32855755131,644465.9469591656,618150.8638262067,618150.8638262067,26,27,0.7693804980464397,-0.3990475167490673,0.0,resolved,True,-0.0007137790953427592,0.5167940413541786,0.0,0.0,307034.2268186158,16,-0.09711774881166331
2025-12-01,497,20,1109910.0611461843,174138.6165985049,0.0,259246.72131017255,710006.3039855163,693265.5136115116,693265.5136115116,27,31,0.8732716813962013,-0.4061226206111262,0.0,resolved,True,0.0061431604459671885,0.4380113140754642,0.0,0.0,174138.6165985049,21,1109910.0611461843,174138.6165985049,0.0,259246.72131017255,710006.3039855163,693265.5136115116,693265.5136115116,27,31,0.8732716813962013,-0.4061226206111262,0.0,resolved,True,0.0061431604459671885,0.4380113140754642,0.0,0.0,174138.6165985049,21,-0.07696199247763112
2025-12-02,497,20,1099797.9231345446,257248.91414559045,0.0,240806.5318002892,640391.3959234788,621066.9365560719,621066.9365560719,30,31,0.801236217297317,-0.36332571258575297,0.0,resolved,True,-0.00911077245411851,0.4004998369106839,0.0,0.0,257248.91414559045,24,1099797.9231345446,257248.91414559045,0.0,240806.5318002892,640391.3959234788,621066.9365560719,621066.9365560719,30,31,0.801236217297317,-0.36332571258575297,0.0,resolved,True,-0.00911077245411851,0.4004998369106839,0.0,0.0,257248.91414559045,24,-0.2921434526288078
2025-12-03,497,20,1090356.2428914523,198950.8354621072,0.0,239120.68812197313,709021.911530625,680653.3154189985,680653.3154189985,28,31,0.8695713954351965,-0.4309611894939475,0.0,resolved,True,-0.008584922779434345,0.4135268776299607,0.0,0.0,198950.8354621072,23,1090356.2428914523,198950.8354621072,0.0,239120.68812197313,709021.911530625,680653.3154189985,680653.3154189985,28,31,0.8695713954351965,-0.4309611894939475,0.0,resolved,True,-0.008584922779434345,0.4135268776299607,0.0,0.0,198950.8354621072,23,-0.07689499277314954
2025-12-04,497,20,1095652.4801018315,414788.5284357508,0.0,253360.50267413352,460984.8008177194,444244.12490483315,444244.12490483315,27,31,0.6519816424140806,-0.18949831439644896,0.0,resolved,True,0.004857345702294902,0.5767029428615872,0.0,0.0,414788.52843575075,26,1095652.4801018315,414788.5284357508,0.0,253360.50267413352,460984.8008177194,444244.12490483315,444244.12490483315,27,31,0.6519816424140806,-0.18949831439644896,0.0,resolved,True,0.004857345702294902,0.5767029428615872,0.0,0.0,414788.52843575075,26,-0.2246833023276727
2025-12-05,497,20,1092640.571367034,268519.94195172423,0.0,354225.1770109079,500130.04584668996,485012.7491255459,485012.7491255459,30,30,0.7819179016835239,-0.13353418558605806,0.0,resolved,True,-0.0027489635532222945,0.6319815083951381,0.0,0.0,268519.94195172423,22,1092640.571367034,268519.94195172423,0.0,354225.1770109079,500130.04584668996,485012.7491255459,485012.7491255459,30,30,0.7819179016835239,-0.13353418558605806,0.0,resolved,True,-0.0027489635532222945,0.6319815083951381,0.0,0.0,268519.94195172423,22,0.047471718279120216
2025-12-08,497,20,1089485.4813207586,268481.71483824187,0.0,375781.7952873158,476254.9656981225,460738.46844666166,460738.46844666166,32,28,0.7820542591834573,-0.0922207520278337,0.0,resolved,True,-0.002887582732103766,0.492913385942906,0.0,0.0,268481.71483824187,27,1089485.4813207586,268481.71483824187,0.0,375781.7952873158,476254.9656981225,460738.46844666166,460738.46844666166,32,28,0.7820542591834573,-0.0922207520278337,0.0,resolved,True,-0.002887582732103766,0.492913385942906,0.0,0.0,268481.71483824187,27,-0.029316026343670084
2025-12-09,497,20,1088698.7309853532,311550.5353269612,0.0,358280.0297865294,445869.66432734433,432368.9150996035,432368.9150996035,33,28,0.7386338122999909,-0.08045351027601527,0.0,resolved,True,-0.0007221301696022087,0.5379852322014487,0.0,0.0,311550.5353269612,27,1088698.7309853532,311550.5353269612,0.0,358280.0297865294,445869.66432734433,432368.9150996035,432368.9150996035,33,28,0.7386338122999909,-0.08045351027601527,0.0,resolved,True,-0.0007221301696022087,0.5379852322014487,0.0,0.0,311550.5353269612,27,-0.12370606677732723
2025-12-10,497,20,1082596.4889196607,277394.6429766499,0.0,347456.0439450985,501316.7324341068,479531.26721600944,479531.26721600944,31,22,0.7840158222074121,-0.14212191713511668,0.0,resolved,True,-0.0056050786980982314,0.5424586865313257,0.0,0.0,277394.6429766499,26,1082596.4889196607,277394.6429766499,0.0,347456.0439450985,501316.7324341068,479531.26721600944,479531.26721600944,31,22,0.7840158222074121,-0.14212191713511668,0.0,resolved,True,-0.0056050786980982314,0.5424586865313257,0.0,0.0,277394.6429766499,26,-0.0017794309164105432
2025-12-11,497,20,1081856.6001841244,332537.43807292986,0.0,247702.48494738573,544794.5545930762,523205.6158784425,523205.6158784425,24,27,0.7325342743258066,-0.27461316924546886,0.0,resolved,True,-0.0006834390681190738,0.571628531782158,0.0,0.0,332537.43807292986,26,1081856.6001841244,332537.43807292986,0.0,247702.48494738573,544794.5545930762,523205.6158784425,523205.6158784425,24,27,0.7325342743258066,-0.27461316924546886,0.0,resolved,True,-0.0006834390681190738,0.571628531782158,0.0,0.0,332537.43807292986,26,-0.028867994027226587
2025-12-12,497,20,1088675.9156300751,264438.05348550295,0.0,253354.3215757434,601077.3878924799,585980.4642306543,585980.4642306543,25,30,0.7848356863610029,-0.3193999805860411,0.0,resolved,True,0.006303345050342246,0.5518246001814638,0.0,0.0,264438.05348550295,27,1088675.9156300751,264438.05348550295,0.0,253354.3215757434,601077.3878924799,585980.4642306543,585980.4642306543,25,30,0.7848356863610029,-0.3193999805860411,0.0,resolved,True,0.006303345050342246,0.5518246001814638,0.0,0.0,264438.05348550295,27,-0.010488320577930556
2025-12-15,497,20,1089439.022924506,338157.230950628,0.0,251723.0900810458,527017.1270143547,513287.91445359343,513287.91445359343,29,27,0.7148084479340007,-0.25269338727587115,0.0,resolved,True,0.0007009499185892665,0.5551269794741667,0.0,0.0,338157.230950628,20,1089439.022924506,338157.230950628,0.0,251723.0900810458,527017.1270143547,513287.91445359343,513287.91445359343,29,27,0.7148084479340007,-0.25269338727587115,0.0,resolved,True,0.0007009499185892665,0.5551269794741667,0.0,0.0,338157.230950628,20,0.0128838613324912
2025-12-16,497,20,1089403.790977064,249373.94148285128,0.0,333759.1887824108,532973.7027521948,519622.18173199834,519622.18173199834,32,30,0.7956029699118732,-0.18286563312866075,0.0,resolved,True,-3.2339531355729534e-05,0.5366428784924376,0.0,0.0,249373.94148285128,25,1089403.790977064,249373.94148285128,0.0,333759.1887824108,532973.7027521948,519622.18173199834,519622.18173199834,32,30,0.7956029699118732,-0.18286563312866075,0.0,resolved,True,-3.2339531355729534e-05,0.5366428784924376,0.0,0.0,249373.94148285128,25,0.049530676749099764
2025-12-17,497,20,1087351.3133274284,238651.0461510996,0.0,321442.26542737737,552896.9693436417,540077.4855462966,540077.4855462966,29,28,0.8041000402118739,-0.21286101472392074,0.0,resolved,True,-0.0018840375502959805,0.4447580541316739,0.0,0.0,238651.0461510996,24,1087351.3133274284,238651.0461510996,0.0,321442.26542737737,552896.9693436417,540077.4855462966,540077.4855462966,29,28,0.8041000402118739,-0.21286101472392074,0.0,resolved,True,-0.0018840375502959805,0.4447580541316739,0.0,0.0,238651.0461510996,24,0.33090444665478014
2025-12-18,497,20,1085472.7861371166,372247.1488715989,0.0,302028.1846527648,429708.4102327544,420452.9314227536,420452.9314227536,32,28,0.6741178629540386,-0.11762637185439404,0.0,resolved,True,-0.001727617530127623,0.5724355859171752,0.0,0.0,372247.1488715989,35,1085472.7861371166,372247.1488715989,0.0,302028.1846527648,429708.4102327544,420452.9314227536,420452.9314227536,32,28,0.6741178629540386,-0.11762637185439404,0.0,resolved,True,-0.001727617530127623,0.5724355859171752,0.0,0.0,372247.1488715989,35,-0.11346645680846854
2025-12-19,497,20,1080756.5194050032,326575.5674123408,0.0,323365.28890726675,470093.3021791698,450454.4826322828,450454.4826322828,26,31,0.734169608824812,-0.13576417133498514,0.0,resolved,True,-0.004344896336735737,0.6431167070949245,0.0,0.0,326575.5674123408,31,1080756.5194050032,326575.5674123408,0.0,323365.28890726675,470093.3021791698,450454.4826322828,450454.4826322828,26,31,0.734169608824812,-0.13576417133498514,0.0,resolved,True,-0.004344896336735737,0.6431167070949245,0.0,0.0,326575.5674123408,31,-0.20743332766562542
2025-12-22,497,20,1076131.3457379509,357601.6806935374,0.0,313925.39700421435,458021.5202766007,431312.8941583999,431312.8941583999,25,31,0.7173352215211768,-0.1339019849603705,0.0,resolved,True,-0.004279570452740522,0.6335824511903215,0.0,0.0,357601.6806935374,24,1076131.3457379509,357601.6806935374,0.0,313925.39700421435,458021.5202766007,431312.8941583999,431312.8941583999,25,31,0.7173352215211768,-0.1339019849603705,0.0,resolved,True,-0.004279570452740522,0.6335824511903215,0.0,0.0,357601.6806935374,24,0.08865675360646989
2025-12-23,497,20,1088960.662511821,266416.05347483023,0.0,340331.6112988539,512038.87801640143,497125.9378772691,497125.9378772691,29,27,0.7827376310813272,-0.15767995358205478,0.0,resolved,True,0.011921701588454736,0.5787780818931882,0.0,0.0,266416.05347483023,33,1088960.662511821,266416.05347483023,0.0,340331.6112988539,512038.87801640143,497125.9378772691,497125.9378772691,29,27,0.7827376310813272,-0.15767995358205478,0.0,resolved,True,0.011921701588454736,0.5787780818931882,0.0,0.0,266416.05347483023,33,0.1526761533302995
2025-12-24,497,20,1088405.703773211,428300.6362538581,0.0,256783.45847627518,433870.77029388933,418596.18966848345,418596.18966848345,29,25,0.6345558704588292,-0.16270340297161243,0.0,resolved,True,-0.0005096223929060839,0.6407482975753259,0.0,0.0,428300.6362538581,33,1088405.703773211,428300.6362538581,0.0,256783.45847627518,433870.77029388933,418596.18966848345,418596.18966848345,29,25,0.6345558704588292,-0.16270340297161243,0.0,resolved,True,-0.0005096223929060839,0.6407482975753259,0.0,0.0,428300.6362538581,33,-0.097940750692114
2025-12-26,497,20,1095181.855934667,297077.79455863044,0.0,300935.7052511846,511063.69848341227,504116.02730413195,504116.02730413195,25,29,0.7414288315081772,-0.1918658459264713,0.0,resolved,True,0.00622575951041493,0.6689735116454835,0.0,0.0,297077.79455863044,28,1095181.855934667,297077.79455863044,0.0,300935.7052511846,511063.69848341227,504116.02730413195,504116.02730413195,25,29,0.7414288315081772,-0.1918658459264713,0.0,resolved,True,0.00622575951041493,0.6689735116454835,0.0,0.0,297077.79455863044,28,0.01609421018248206
2025-12-29,497,20,1096113.970541575,332437.7613644693,0.0,279661.01598455495,496480.62594263954,490247.9095675951,490247.9095675951,24,27,0.7080848002910806,-0.1978075417202802,0.0,resolved,True,0.0008511048661525855,0.5716388540711377,0.0,0.0,332437.7613644693,17,1096113.970541575,332437.7613644693,0.0,279661.01598455495,496480.62594263954,490247.9095675951,490247.9095675951,24,27,0.7080848002910806,-0.1978075417202802,0.0,resolved,True,0.0008511048661525855,0.5716388540711377,0.0,0.0,332437.7613644693,17,-0.3544310559502105
2025-12-30,497,20,1096831.2759877355,171092.74401068513,0.0,367844.2787432967,565203.4534153952,561548.8533245744,561548.8533245744,33,29,0.8506757170271693,-0.1799357649556169,0.0,resolved,True,0.0006544077216770194,0.4588674259109825,0.0,0.0,171092.74401068513,17,1096831.2759877355,171092.74401068513,0.0,367844.2787432967,565203.4534153952,561548.8533245744,561548.8533245744,33,29,0.8506757170271693,-0.1799357649556169,0.0,resolved,True,0.0006544077216770194,0.4588674259109825,0.0,0.0,171092.74401068513,17,-0.24010535526355634
2025-12-31,497,20,1097653.2909391576,389627.28717259027,0.0,366852.55830452783,341538.75727747875,341356.1013697592,341356.1013697592,33,28,0.6453689169700421,0.023061745667787743,0.0,resolved,True,0.0007494452149734432,0.5086818698507647,0.0,0.0,389627.28717259027,21,1097653.2909391576,389627.28717259027,0.0,366852.55830452783,341538.75727747875,341356.1013697592,341356.1013697592,33,28,0.6453689169700421,0.023061745667787743,0.0,resolved,True,0.0007494452149734432,0.5086818698507647,0.0,0.0,389627.28717259027,21,
