Date,net_nav,net_return,gross_nav,gross_return,net_transaction_cost,net_cumulative_transaction_cost,model,transaction_cost_bps,performance_valid,status
2024-01-02,1000000.0,,1000000.0,,0.0,0.0,ensemble,10.0,True,resolved
2024-01-03,997622.5919244319,-0.002377408075568188,998620.2145163562,-0.001379785483643814,999.0009990009996,999.0009990009996,ensemble,10.0,True,resolved
2024-01-04,995753.347659542,-0.0018736988115757303,996799.1948061632,-0.0018235357984166534,50.04375520683632,1049.044754207836,ensemble,10.0,True,resolved
2024-01-05,997381.5020320178,0.0016350980655026603,998783.3520861752,0.0019905285742107814,354.0101692415395,1403.0549234493744,ensemble,10.0,True,resolved
2024-01-08,1015717.7436808932,0.018384381113463633,1017624.1900478634,0.018863788550675276,479.36696482766536,1882.4218882770385,ensemble,10.0,True,resolved
2024-01-09,1008803.1700436964,-0.006807573934997757,1011565.9789643523,-0.005953289183530663,867.5318942097922,2749.953782486832,ensemble,10.0,True,resolved
2024-01-10,1010866.087841718,0.002044916054270818,1014445.1232228428,0.0028462248813845292,808.5965368234731,3558.5503193103054,ensemble,10.0,True,resolved
2024-01-11,1008472.6262498327,-0.0023677335907029695,1012659.7625755606,-0.0017599381242133783,614.5894957643586,4173.13981507466,ensemble,10.0,True,resolved
2024-01-12,1006243.873441208,-0.002210028066812919,1011206.1123904381,-0.0014354773822802258,782.2459975737968,4955.385812648457,ensemble,10.0,True,resolved
2024-01-16,1005538.4137433136,-0.000701082229183525,1011134.9694858422,-7.035450411563282e-05,633.1207087917606,5588.506521440213,ensemble,10.0,True,resolved
2024-01-17,1002222.4438408364,-0.0032977058431142847,1008399.9239099834,-0.0027049263040023197,593.9099960328234,6182.416517473029,ensemble,10.0,True,resolved
2024-01-18,1004603.2175805124,0.0023754943369178605,1011466.4431906717,0.003040975319393402,663.4156933029534,6845.8322107759905,ensemble,10.0,True,resolved
2024-01-19,1018638.9021205064,0.013971371278102662,1026456.7960749441,0.014820415432651668,841.7755723242354,7687.607783100227,ensemble,10.0,True,resolved
2024-01-22,1023248.7018905646,0.0045254503440443905,1031914.7383895004,0.005317264531178312,800.0373672933907,8487.645150393624,ensemble,10.0,True,resolved
2024-01-23,1024219.6942663881,0.0009489309627555009,1033543.813676931,0.0015786917531317446,644.245875889434,9131.891026283041,ensemble,10.0,True,resolved
2024-01-24,1025103.816203139,0.0008632151302110369,1035051.452068847,0.0014587077702612472,610.2402782078303,9742.13130449086,ensemble,10.0,True,resolved
2024-01-25,1010951.8526607393,-0.013805395432841983,1021408.0479051496,-0.013181377733857746,575.3747012652237,10317.506005756068,ensemble,10.0,True,resolved
2024-01-26,1012444.3564459014,0.001476335179795063,1023705.9179752779,0.002249708209016932,787.4559177182057,11104.961923474282,ensemble,10.0,True,resolved
2024-01-29,1018818.4813478086,0.0062957779964154525,1030996.8677179553,0.007122113504137717,832.2622905569438,11937.224214031223,ensemble,10.0,True,resolved
2024-01-30,1018251.9635295237,-0.000556053731510131,1031304.9532161122,0.0002988229235254547,869.0748497506113,12806.299063781842,ensemble,10.0,True,resolved
2024-01-31,1008091.0878504654,-0.009978744007365314,1021857.4548712056,-0.009160722360000983,837.3925330676038,13643.691596849443,ensemble,10.0,True,resolved
2024-02-01,1017198.2667706175,0.009034083358053557,1031581.4955531394,0.009516044175808647,483.1417273049363,14126.833324154393,ensemble,10.0,True,resolved
2024-02-02,1036911.7218762559,0.019380150113924577,1052375.174343313,0.020157087811103036,789.7875873762616,14916.620911530666,ensemble,10.0,True,resolved
2024-02-05,1031993.1363085324,-0.004743494999577713,1048219.9161710419,-0.003948457046094922,821.1408180269452,15737.761729557624,ensemble,10.0,True,resolved
2024-02-06,1035117.2338708957,0.0030272464539233823,1052087.476843819,0.0036896462403659402,683.0167096272451,16420.778439184876,ensemble,10.0,True,resolved
2024-02-07,1035764.4536900234,0.0006252623354625619,1053438.2424423043,0.0012838909579433455,678.3747776447193,17099.153216829603,ensemble,10.0,True,resolved
2024-02-08,1035222.3970011438,-0.0005233397293645803,1053513.9731122938,7.188904573451893e-05,617.7758330555116,17716.92904988512,ensemble,10.0,True,resolved
2024-02-09,1032761.7824725857,-0.002376894603213775,1051783.6987560987,-0.0016423838699389792,757.38684978053,18474.315899665657,ensemble,10.0,True,resolved
2024-02-12,1032768.761092056,6.757240235577555e-06,1052446.8181298974,0.0006304712409812563,641.9458399177587,19116.261739583417,ensemble,10.0,True,resolved
2024-02-13,1026938.070006334,-0.005645688856387054,1047131.8042521593,-0.005050149600131171,602.9641537606733,19719.225893344064,ensemble,10.0,True,resolved
2024-02-14,1033236.7858411194,0.006133491413699899,1054124.621764054,0.00667806811281868,561.2235214956061,20280.449414839684,ensemble,10.0,True,resolved
2024-02-15,1033775.9469558136,0.0005218175756831478,1055431.1951333047,0.0012394866245171166,743.6182497825424,21024.06766462222,ensemble,10.0,True,resolved
2024-02-16,1025621.9659821528,-0.007887570800686472,1047779.915866263,-0.007249434451362169,663.2369295325794,21687.30459415477,ensemble,10.0,True,resolved
2024-02-20,1019315.0793817826,-0.006149328709365798,1041685.1251463892,-0.0058168615637519405,340.97592918290616,22028.280523337686,ensemble,10.0,True,resolved
2024-02-21,1002386.8767999576,-0.016607428776676203,1024768.2585749901,-0.016239904135159633,371.86351293523563,22400.144036272945,ensemble,10.0,True,resolved
2024-02-22,1023706.7604648366,0.021269116903187113,1046816.6050272346,0.02151544631456903,238.93300664501567,22639.077042917932,ensemble,10.0,True,resolved
2024-02-23,1028530.264537009,0.004711802498971629,1052413.3421267,0.005346435156442508,647.1504153135236,23286.227458231428,ensemble,10.0,True,resolved
2024-02-26,1032146.5873535441,0.003516010117760704,1056958.308776354,0.004318613673663041,837.4946593762792,24123.72211760768,ensemble,10.0,True,resolved
2024-02-27,1035793.9041075164,0.003533719724176043,1061553.961383884,0.004347997995162611,844.0732628671251,24967.795380474836,ensemble,10.0,True,resolved
2024-02-28,1036808.8777276729,0.0009798992020821906,1063383.262718396,0.0017232297189369028,768.8760980085924,25736.67147848346,ensemble,10.0,True,resolved
2024-02-29,1041256.679711469,0.004289895736178551,1068580.2889468072,0.00488725599754658,619.45121694895,26356.12269543242,ensemble,10.0,True,resolved
2024-03-01,1046518.0384353756,0.00505289313040902,1074816.2505913563,0.005835744594068215,814.1732511982946,27170.295946630686,ensemble,10.0,True,resolved
2024-03-04,1044415.50538357,-0.0020090748315709783,1073418.2372921268,-0.0013006998158618943,739.8769323963617,27910.17287902705,ensemble,10.0,True,resolved
2024-03-05,1036627.506652913,-0.007456801139501201,1066116.8297282518,-0.006802015570644637,684.6978366079632,28594.870715634974,ensemble,10.0,True,resolved
2024-03-06,1039842.9645084062,0.0031018450068678316,1069887.4898359613,0.0035368169815597206,452.73617307783985,29047.60688871284,ensemble,10.0,True,resolved
2024-03-07,1048243.1529281073,0.008078324041623342,1078947.763378203,0.008468435819948494,402.22270979910627,29449.82959851197,ensemble,10.0,True,resolved
2024-03-08,1046392.8887297848,-0.0017651097392376025,1077800.416026323,-0.0010633947173562808,737.1336412598055,30186.963239771794,ensemble,10.0,True,resolved
2024-03-11,1045857.2781692881,-0.0005118637237174761,1078001.213078439,0.00018630262999552727,733.4188707166523,30920.38211048846,ensemble,10.0,True,resolved
2024-03-12,1061309.744511445,0.01477492834319194,1094519.156719829,0.015322750513628636,570.0113544677977,31490.393464956232,ensemble,10.0,True,resolved
2024-03-13,1051334.3662802503,-0.009399120551547124,1085189.6965274909,-0.008523797993904125,932.6779741385353,32423.071439094787,ensemble,10.0,True,resolved
2024-03-14,1040472.7987806835,-0.01033122082558402,1074833.510854605,-0.009543203097140407,831.6465619059771,33254.71800100077,ensemble,10.0,True,resolved
2024-03-15,1035438.1817745968,-0.0048387781131681296,1070155.0218820008,-0.004352756892445742,506.26914834065,33760.987149341454,ensemble,10.0,True,resolved
2024-03-18,1034956.5129206371,-0.0004651835932244497,1070574.6219209856,0.00039209276264196014,890.9900496945588,34651.97719903602,ensemble,10.0,True,resolved
2024-03-19,1033213.572840185,-0.0016840708364969093,1069621.0532640463,-0.0008907073242856445,818.6734857212144,35470.65068475721,ensemble,10.0,True,resolved
2024-03-20,1045375.8225898971,0.011771283372013164,1083009.4330069292,0.012516937378922233,766.8659552393764,36237.51663999657,ensemble,10.0,True,resolved
2024-03-21,1055663.1951144235,0.009840836474522385,1094591.1525347023,0.010694015374932642,893.1604940598586,37130.677134056365,ensemble,10.0,True,resolved
2024-03-22,1048155.1523517312,-0.007112157359884574,1087641.3568885112,-0.0063492159881776145,806.8873382210331,37937.56447227737,ensemble,10.0,True,resolved
2024-03-25,1043285.7370642419,-0.0046457008550345735,1083435.9837735493,-0.0038665071793448913,816.2411114576747,38753.805583735084,ensemble,10.0,True,resolved
2024-03-26,1044082.8571811812,0.0007640477470556295,1085022.1685118745,0.0014640318044454315,730.5322833331625,39484.33786706819,ensemble,10.0,True,resolved
2024-03-27,1050760.625597091,0.0063958222951179255,1092796.6166191208,0.007165243561713774,802.5297554909246,40286.867622559155,ensemble,10.0,True,resolved
2024-03-28,1050288.5086101973,-0.0004493097432398674,1093149.4561306199,0.0003228775658097316,812.7591628079267,41099.62678536708,ensemble,10.0,True,resolved
2024-04-01,1048362.6073352452,-0.0018336878478282248,1091815.3985019033,-0.0012203799043533081,644.8186588899654,41744.445444256984,ensemble,10.0,True,resolved
2024-04-02,1038251.9267011171,-0.009644259117394305,1082031.2468667352,-0.008961360728739542,713.8385452809139,42458.28398953787,ensemble,10.0,True,resolved
2024-04-03,1041511.5295528175,0.003139510525212552,1086059.485794721,0.0037228489839369328,603.2475652438694,43061.53155478172,ensemble,10.0,True,resolved
2024-04-04,1035473.4149318719,-0.005797453460297364,1080471.32238985,-0.0051453566567598585,682.2802555584822,43743.81181034024,ensemble,10.0,True,resolved
2024-04-05,1041598.0538218345,0.005914820024969458,1087750.324024487,0.006736876290744043,847.4403874481739,44591.252197788424,ensemble,10.0,True,resolved
2024-04-08,1043899.6391013567,0.002209667415446148,1091006.834823316,0.00299380356585921,815.1434090764379,45406.395606864826,ensemble,10.0,True,resolved
2024-04-09,1039927.7045688601,-0.0038049007622187325,1087723.110024061,-0.003009811391132766,832.1705460062101,46238.566152871004,ensemble,10.0,True,resolved
2024-04-10,1034725.7543942289,-0.0050022228966271065,1082911.4765560604,-0.004423583009001475,596.223739222967,46834.789892093926,ensemble,10.0,True,resolved
2024-04-11,1036275.6799538056,0.0014979095214306959,1085240.94431886,0.0021511155927611547,674.5271263295681,47509.31701842344,ensemble,10.0,True,resolved
2024-04-12,1028108.5572353213,-0.007881225890439159,1077461.7130771587,-0.007168206546596889,733.7857585835922,48243.102777007014,ensemble,10.0,True,resolved
2024-04-15,1021810.6198933859,-0.00612575131061166,1071600.4436866385,-0.005439886465924415,710.3595295830479,48953.46230659007,ensemble,10.0,True,resolved
2024-04-16,1020601.8372774806,-0.001182981065543598,1071067.8290973913,-0.0004970272197861725,698.0175591918144,49651.479865781876,ensemble,10.0,True,resolved
2024-04-17,1014697.7297940264,-0.005784927351496716,1065668.5914747547,-0.005040985711602053,760.195481821633,50411.67534760351,ensemble,10.0,True,resolved
2024-04-18,1009239.5260879791,-0.005379142522724645,1060749.2044935946,-0.004616244694189864,777.8733993092874,51189.54874691278,ensemble,10.0,True,resolved
2024-04-19,999946.1906011887,-0.009208255569233659,1051554.5592247942,-0.008668067088666853,549.9548997373605,51739.50364665018,ensemble,10.0,True,resolved
2024-04-22,1004721.7851041392,0.004775851488648009,1056948.8495359542,0.005129824471624911,353.9710289358902,52093.47467558607,ensemble,10.0,True,resolved
2024-04-23,1023796.3655053293,0.01898493760560105,1077567.3236478171,0.019507542035657854,528.6649213432935,52622.139596929344,ensemble,10.0,True,resolved
2024-04-24,1026438.4080812563,0.002580632892384749,1081357.035722257,0.0035169144342748204,957.3248832045772,53579.464480133895,ensemble,10.0,True,resolved
2024-04-25,1026753.5855415624,0.000307059301196011,1082609.409359069,0.0011581499869517398,873.7537703604195,54453.218250494356,ensemble,10.0,True,resolved
2024-04-26,1027426.8088051906,0.000655681434287958,1084137.210434955,0.0014112209469807624,776.7064769015506,55229.92472739594,ensemble,10.0,True,resolved
2024-04-29,1027609.8750455313,0.0001781793493917938,1085185.1909410267,0.0009666493281335065,806.5784017860072,56036.503129181925,ensemble,10.0,True,resolved
2024-04-30,1014509.7533976856,-0.012748146904743685,1072139.0431618,-0.012022047377843181,748.1144626768166,56784.617591858805,ensemble,10.0,True,resolved
2024-05-01,1011288.2622352742,-0.003175416649886631,1069345.1643191054,-0.0026058922679050855,581.3694259626186,57365.98701782145,ensemble,10.0,True,resolved
2024-05-02,1019997.1738423504,0.00861170047383597,1079262.7332924292,0.009274431964761076,671.6918949838253,58037.67891280532,ensemble,10.0,True,resolved
2024-05-03,1024104.5455911405,0.004026846205188672,1084522.4881992259,0.004873470327981355,865.8960526837244,58903.57496548907,ensemble,10.0,True,resolved
2024-05-06,1034978.5507894997,0.010618061647292398,1096795.4085551468,0.011316427726915324,712.1283168656049,59615.70328235473,ensemble,10.0,True,resolved
2024-05-07,1032246.885817216,-0.002639344525739107,1094814.3092887432,-0.0018062614512704966,859.2496799188925,60474.95296227363,ensemble,10.0,True,resolved
2024-05-08,1033908.019663486,0.0016092408406298553,1097556.2519833497,0.002504481966798311,921.6866006123973,61396.63956288596,ensemble,10.0,True,resolved
2024-05-09,1042006.8923990233,0.007833262322670898,1106931.398784095,0.008541837180375822,730.7528283439099,62127.392391229914,ensemble,10.0,True,resolved
2024-05-10,1037088.599670218,-0.004720019382484009,1102615.7096637576,-0.00389878643344832,858.9539751574126,62986.346366387275,ensemble,10.0,True,resolved
2024-05-13,1035360.806621305,-0.0016660033187737566,1101529.3709687984,-0.0009852378171634202,707.9770727265852,63694.323439113854,ensemble,10.0,True,resolved
2024-05-14,1042749.9965448177,0.007136825999455976,1110072.131928383,0.007755363755821643,642.9600264183766,64337.28346553227,ensemble,10.0,True,resolved
2024-05-15,1049996.820356146,0.006949723169830557,1118517.2296239212,0.007607701745352191,687.7548322732953,65025.03829780562,ensemble,10.0,True,resolved
2024-05-16,1046456.2552492475,-0.003371976979604119,1115322.7531818487,-0.0028559921630769702,539.8787311356643,65564.9170289413,ensemble,10.0,True,resolved
2024-05-17,1047751.9282114061,0.0012381530098932725,1117368.343907625,0.001834079615017803,624.5295331564171,66189.44656209773,ensemble,10.0,True,resolved
2024-05-20,1052202.9432498808,0.0042481573344110846,1122897.6327453512,0.004948492471506194,736.7530771491994,66926.199639247,ensemble,10.0,True,resolved
2024-05-21,1049416.8354784756,-0.0026478806101796204,1120826.3729366802,-0.00184456690286805,841.5260870915065,67767.72572633848,ensemble,10.0,True,resolved
2024-05-22,1040938.773470226,-0.00807883171074153,1112635.0208943526,-0.007308314864920118,813.7375942632292,68581.46332060173,ensemble,10.0,True,resolved
2024-05-23,1035054.2385333767,-0.0056531038009389745,1107085.9805492512,-0.0049872961401493665,695.2620215074415,69276.72534210909,ensemble,10.0,True,resolved
2024-05-24,1047370.8872823666,0.011899520131855246,1121073.0987545722,0.012634175168925621,759.9391657713837,70036.66450788036,ensemble,10.0,True,resolved
2024-05-28,1040664.7037001331,-0.00640287377056481,1114811.8506639493,-0.00558504891213496,858.1136032144972,70894.77811109475,ensemble,10.0,True,resolved
2024-05-29,1034324.2505579911,-0.006092695485489519,1108741.980984272,-0.005444748076603445,674.9530646038232,71569.73117569853,ensemble,10.0,True,resolved
2024-05-30,1022285.8055846248,-0.011638946845606624,1096397.6787398118,-0.011133611296563095,519.5231496393801,72089.25432533807,ensemble,10.0,True,resolved
2024-05-31,1021376.0282454946,-0.000889944215365368,1096195.4219330344,-0.00018447394654264038,720.9999534579713,72810.25427879604,ensemble,10.0,True,resolved
2024-06-03,1015573.8748382704,-0.005680722130507632,1090662.3651634383,-0.005047509466732825,646.1841016242844,73456.43838042037,ensemble,10.0,True,resolved
2024-06-04,1010668.4635816163,-0.00483018653609546,1085909.4888251557,-0.004357788890579695,482.53549362405437,73938.9738740444,ensemble,10.0,True,resolved
2024-06-05,1034820.3039495574,0.023896897190549993,1112382.0529920394,0.024378241869425388,484.4722453387548,74423.44611938318,ensemble,10.0,True,resolved
2024-06-06,1022827.2091245612,-0.011589543401132163,1100408.6305632005,-0.010763768074676605,857.1462970263489,75280.59241640949,ensemble,10.0,True,resolved
2024-06-07,1021955.9300292011,-0.0008518341002150542,1100380.426682014,-2.563037075786756e-05,846.026283537645,76126.61869994723,ensemble,10.0,True,resolved
2024-06-10,1039237.2708152942,0.01691006459114086,1119504.880352707,0.01737985628148553,471.41334981274383,76598.03204976003,ensemble,10.0,True,resolved
2024-06-11,1032374.0029946112,-0.006604139413994181,1112984.9877067888,-0.005823907300756215,809.3299166170332,77407.36196637696,ensemble,10.0,True,resolved
2024-06-12,1035598.050778556,0.0031229455358163793,1117112.2933650536,0.0037083210500159502,604.5729042167657,78011.93487059358,ensemble,10.0,True,resolved
2024-06-13,1034726.6350669439,-0.0008414613285115946,1116866.5693836026,-0.00021996354610942515,645.3134981549538,78657.24836874843,ensemble,10.0,True,resolved
2024-06-14,1032859.8462865634,-0.0018041371673589435,1115649.9866315187,-0.0010892820910158862,731.3807054925733,79388.62907424095,ensemble,10.0,True,resolved
2024-06-17,1039925.4518319818,0.006840817339178518,1123858.7600255532,0.007357839369334096,530.414976239225,79919.04405048017,ensemble,10.0,True,resolved
2024-06-18,1041511.4570045228,0.0015251142952092955,1126378.9154054224,0.0022424128987632574,750.876874906151,80669.9209253862,ensemble,10.0,True,resolved
2024-06-20,1040949.6005630995,-0.0005394625643766471,1126599.378317476,0.0001957271296881835,771.0611982771339,81440.98212366331,ensemble,10.0,True,resolved
2024-06-21,1042702.1514015328,0.0016836077726387622,1129270.7629739773,0.0023711930859493524,714.6010550376,82155.5831787009,ensemble,10.0,True,resolved
2024-06-24,1033433.1478767301,-0.00888940673263594,1120033.936472361,-0.008179461298803758,736.305560598423,82891.88873929935,ensemble,10.0,True,resolved
2024-06-25,1044771.787338891,0.010971817079273194,1132887.62511002,0.011476159979707967,522.3982551231544,83414.28699442238,ensemble,10.0,True,resolved
2024-06-26,1040831.7843141824,-0.003771161388980482,1129623.6934599965,-0.0028810727363240973,927.9790084242842,84342.2660028466,ensemble,10.0,True,resolved
2024-06-27,1043019.5071295528,0.0021018985472391893,1133053.7742068432,0.0030364808800535936,969.9138597871438,85312.17986263373,ensemble,10.0,True,resolved
2024-06-28,1039030.3214947102,-0.00382465103248264,1129478.9461115329,-0.0031550383368280643,698.8567557464373,86011.03661838025,ensemble,10.0,True,resolved
2024-07-01,1033728.4011086855,-0.005102758096989457,1124461.049728057,-0.0044426648241217,690.269717717317,86701.30633609745,ensemble,10.0,True,resolved
2024-07-02,1037837.3706475554,0.003974902435168737,1129400.095561564,0.004392367200892755,431.16035571847243,87132.46669181592,ensemble,10.0,True,resolved
2024-07-03,1047679.4686101053,0.009483275743297659,1140821.779215457,0.010113053557175178,651.4884945237613,87783.95518633956,ensemble,10.0,True,resolved
2024-07-05,1046430.1576108304,-0.0011924553613066324,1140297.6096107438,-0.0004594666881917453,766.7759808006559,88550.73116714024,ensemble,10.0,True,resolved
2024-07-08,1050612.7585178516,0.0039970186988596,1145591.666705176,0.00464269770436454,674.7758344520238,89225.5070015923,ensemble,10.0,True,resolved
2024-07-09,1050139.35079979,-0.0004506015315571821,1145889.570887429,0.000260043950136124,747.9648329057429,89973.47183449815,ensemble,10.0,True,resolved
2024-07-10,1054321.274915562,0.003982256366821479,1151280.099402343,0.004704230365531137,757.2083106467159,90730.68014514493,ensemble,10.0,True,resolved
2024-07-11,1057036.5920590176,0.0025754171978300544,1154931.57831457,0.0031716685749390017,627.7409897024252,91358.42113484729,ensemble,10.0,True,resolved
2024-07-12,1061982.9847753407,0.004679490524247543,1161085.5864649476,0.00532846124041253,688.3763024921766,92046.7974373396,ensemble,10.0,True,resolved
2024-07-15,1070729.5671160729,0.008236085197337317,1171369.4152464038,0.008857080736629053,664.5552393196394,92711.35267665923,ensemble,10.0,True,resolved
2024-07-16,1074300.766531212,0.0033352954142826796,1176099.7289049656,0.004038276565012433,750.9047673607375,93462.25744401988,ensemble,10.0,True,resolved
2024-07-17,1049396.8112271572,-0.023181548482429815,1149664.3726738961,-0.022477138274389907,760.4696398109747,94222.72708383073,ensemble,10.0,True,resolved
2024-07-18,1044995.2323925502,-0.004194389374463481,1145356.4668383286,-0.0037470986645852244,472.2373760793567,94694.96445991016,ensemble,10.0,True,resolved
2024-07-19,1044056.3805911704,-0.0008984268753363667,1144852.1675010682,-0.000440299026426727,481.41350181449906,95176.37796172456,ensemble,10.0,True,resolved
2024-07-22,1058459.8020071615,0.01379563564166486,1161340.591890413,0.014402230137132044,631.0383385162786,95807.41630024069,ensemble,10.0,True,resolved
2024-07-23,1051603.8425408392,-0.0064772979127987185,1154782.0196141705,-0.005647414997840161,883.3244563255726,96690.74075656619,ensemble,10.0,True,resolved
2024-07-24,1035828.7773598309,-0.015000958101192619,1138288.4337227012,-0.014282856514323039,753.873763349202,97444.6145199153,ensemble,10.0,True,resolved
2024-07-25,1024130.3197054836,-0.011293814103296995,1125992.416627557,-0.01080219804652749,511.0057585222094,97955.62027843746,ensemble,10.0,True,resolved
2024-07-26,1032828.1424734269,0.008492886696728652,1136061.324429779,0.008942251878018226,466.0718956149841,98421.69217405247,ensemble,10.0,True,resolved
2024-07-29,1036151.210205388,0.0032174449894470936,1140570.046609496,0.003968731337615106,772.66372927433,99194.35590332693,ensemble,10.0,True,resolved
2024-07-30,1029372.5388533955,-0.006542164198842015,1134055.8313290912,-0.005711368012661033,866.9451715635299,100061.30107489061,ensemble,10.0,True,resolved
2024-07-31,1048251.3732268203,0.01834013795865741,1155403.969988498,0.018824592290475728,493.5778889070793,100554.87896379769,ensemble,10.0,True,resolved
2024-08-01,1030672.7410360007,-0.016769481671850772,1137028.8428888714,-0.01590363853415644,908.4727924622587,101463.35175625993,ensemble,10.0,True,resolved
2024-08-02,1020942.0462977197,-0.009441110015677712,1127262.29704116,-0.008589532190667493,880.7518427705216,102344.1035990304,ensemble,10.0,True,resolved
2024-08-05,1013086.196938488,-0.0076947064602927995,1118981.1397792795,-0.007346255865752771,343.56870700536905,102687.67230603567,ensemble,10.0,True,resolved
2024-08-06,1032404.7947894565,0.01906905642318346,1140853.4397400708,0.01954662074564162,483.6097211616901,103171.28202719748,ensemble,10.0,True,resolved
2024-08-07,1019675.9100152745,-0.012329354569471818,1127670.8430931831,-0.011555030810873612,806.4923867994281,103977.77441399689,ensemble,10.0,True,resolved
2024-08-08,1042246.4064115519,0.022134970704504653,1153357.333804736,0.022778358480117333,651.1243406865103,104628.8987546834,ensemble,10.0,True,resolved
2024-08-09,1048760.5948105073,0.0062501423453056315,1161494.22028332,0.007054957071926493,838.9156321668399,105467.81438685025,ensemble,10.0,True,resolved
2024-08-12,1049626.5707031349,0.0008257136060532133,1163320.908867143,0.0015727057026402314,785.6721050737024,106253.48649192395,ensemble,10.0,True,resolved
2024-08-13,1063483.357641099,0.013201635062155104,1179413.2984480737,0.013833147378569555,665.6738153346191,106919.1603072586,ensemble,10.0,True,resolved
2024-08-14,1066861.670472846,0.003176648517791758,1184106.36935741,0.003979157192403715,850.5756811433689,107769.735988402,ensemble,10.0,True,resolved
2024-08-15,1072548.602797855,0.005330524549155946,1191429.0488862302,0.0061841399711364264,912.3721716876408,108682.10816008973,ensemble,10.0,True,resolved
2024-08-16,1073752.1543692916,0.0011221417549722723,1193717.19630969,0.001920506660131105,853.4274778648197,109535.5356379546,ensemble,10.0,True,resolved
2024-08-19,1079476.1721364262,0.005330855676370483,1201090.5520624642,0.006176802826974859,907.9631692230945,110443.49880717757,ensemble,10.0,True,resolved
2024-08-20,1075673.9708260302,-0.0035222651583599607,1197925.826755164,-0.002634876531054098,960.9680594027735,111404.46686658038,ensemble,10.0,True,resolved
2024-08-21,1081701.9246934585,0.005603885592582625,1205374.7138272803,0.006218153833692064,658.9176977260915,112063.38456430644,ensemble,10.0,True,resolved
2024-08-22,1075579.9919476553,-0.005659537628666111,1199408.3896250757,-0.0049497671834017876,767.3505965925222,112830.7351608989,ensemble,10.0,True,resolved
2024-08-23,1086513.495242787,0.010165216326991633,1212490.5259479494,0.010907157592054961,796.4138500504075,113627.14901094938,ensemble,10.0,True,resolved
2024-08-26,1082208.3115769422,-0.003962383978381112,1208689.9105712099,-0.003134552638065502,898.5659853467838,114525.71499629614,ensemble,10.0,True,resolved
2024-08-27,1086125.2345532216,0.003619379868347039,1214030.3093623442,0.0044183365348111625,860.3406720952771,115386.05566839149,ensemble,10.0,True,resolved
2024-08-28,1076451.337653125,-0.008906796925748695,1203953.1772402474,-0.00830056057446349,660.410309231988,116046.46597762335,ensemble,10.0,True,resolved
2024-08-29,1072196.8162974576,-0.003952358278399348,1199914.6105453833,-0.003354421726035395,641.8103111884662,116688.27628881193,ensemble,10.0,True,resolved
2024-08-30,1079586.5157572313,0.006892110988812705,1209032.6867237855,0.0075989375396119385,756.5581876308961,117444.83447644279,ensemble,10.0,True,resolved
2024-09-03,1060574.1731356042,-0.017610763328487544,1188709.3522691387,-0.016809582303120796,861.143288611991,118305.97776505469,ensemble,10.0,True,resolved
2024-09-04,1058374.6029609619,-0.002073942804150408,1186870.0023173853,-0.0015473504505052471,558.0069658863994,118863.98473094101,ensemble,10.0,True,resolved
2024-09-05,1052227.3696051287,-0.00580818298042618,1180756.2195380996,-0.00515118148352256,693.1452530438601,119557.1299839849,ensemble,10.0,True,resolved
2024-09-06,1031185.659945179,-0.019997303118855392,1157944.839548293,-0.01931929691526857,711.4320461758706,120268.56203016083,ensemble,10.0,True,resolved
2024-09-09,1049595.5706685144,0.017853148505104333,1179202.7694397133,0.01835832689553052,528.9401919559244,120797.50222211689,ensemble,10.0,True,resolved
2024-09-10,1043197.774708453,-0.006095486813065043,1173129.3565998261,-0.005150439769381565,990.7750188909047,121788.27724100785,ensemble,10.0,True,resolved
2024-09-11,1050393.297163132,0.006897563078765323,1182133.0603770115,0.007674945415466761,806.8499469145706,122595.12718792241,ensemble,10.0,True,resolved
2024-09-12,1052940.6166030127,0.0024251101437531286,1185703.4947964228,0.003020332092118716,625.0301568203553,123220.15734474263,ensemble,10.0,True,resolved
2024-09-13,1058385.7216390884,0.005171331554900682,1192695.7811775191,0.005897162664850519,763.3127377692838,123983.47008251182,ensemble,10.0,True,resolved
2024-09-16,1060634.9586259266,0.0021251580977066364,1196103.6555988179,0.002857287227036487,777.5379204039227,124761.00800291564,ensemble,10.0,True,resolved
2024-09-17,1061006.01706731,0.00034984556973682857,1197392.948592212,0.001077910754105016,774.2889062904231,125535.29690920611,ensemble,10.0,True,resolved
2024-09-18,1061311.928644448,0.0002883221887692855,1198470.376104778,0.0008998111387181762,648.5563016711734,126183.85321087734,ensemble,10.0,True,resolved
2024-09-19,1064574.5992041528,0.0030741862704510847,1202930.3926472757,0.0037214241014396077,690.4996582506312,126874.35286912801,ensemble,10.0,True,resolved
2024-09-20,1064318.7615484318,-0.00024031914335764792,1203462.841450166,0.00044262644467596424,726.0908226094308,127600.44369173743,ensemble,10.0,True,resolved
2024-09-23,1071991.0880986422,0.007208673592344006,1213021.905620754,0.007942965782864908,783.395782872932,128383.83947461048,ensemble,10.0,True,resolved
2024-09-24,1071893.519133206,-9.10165826184528e-05,1213951.3101234054,0.0007661893807069386,916.8893322889222,129300.72880689948,ensemble,10.0,True,resolved
2024-09-25,1067455.23329939,-0.004140603291831746,1209917.0255270794,-0.003323267220590509,877.5881389604076,130178.3169458599,ensemble,10.0,True,resolved
2024-09-26,1069947.968436734,0.002335212812287546,1213485.1040012548,0.0029490274117112136,656.2029264458209,130834.51987230562,ensemble,10.0,True,resolved
2024-09-27,1074248.2650393518,0.004019164229921213,1219249.4377025631,0.00475023029314614,782.2303582803092,131616.75023058604,ensemble,10.0,True,resolved
2024-09-30,1078546.081938433,0.004000766898072383,1225055.658544768,0.0047621271436841806,814.6452218248965,132431.39545241088,ensemble,10.0,True,resolved
2024-10-01,1072136.6168029485,-0.005942690111084503,1218691.6071423327,-0.005194907968504192,808.4016519761005,133239.79710438696,ensemble,10.0,True,resolved
2024-10-02,1075768.2762615166,0.0033873103498671675,1223598.5174602913,0.004026375737061549,681.7049870538622,133921.50209144078,ensemble,10.0,True,resolved
2024-10-03,1070490.0153963713,-0.004906503548783081,1218496.5479067438,-0.004169643458000527,790.8845379987833,134712.38662943934,ensemble,10.0,True,resolved
2024-10-04,1071302.3978235929,0.0007588883740505814,1220291.0288844674,0.0014727009122892376,765.1373425132127,135477.52397195267,ensemble,10.0,True,resolved
2024-10-07,1061437.0041169757,-0.009208785238098316,1209598.3349619708,-0.008762412956744736,481.22858271500763,135958.75255466762,ensemble,10.0,True,resolved
2024-10-08,1065907.050457326,0.004211315719173436,1215272.9647390218,0.004691333985036739,509.5208788177051,136468.27343348507,ensemble,10.0,True,resolved
2024-10-09,1067842.3662877828,0.001815651589532452,1218313.7835365785,0.0025021693774038845,731.6438389837349,137199.91727246894,ensemble,10.0,True,resolved
2024-10-10,1064569.6151589616,-0.0030648260755924417,1215404.3421586808,-0.002388088698670132,726.2366859471231,137926.153958416,ensemble,10.0,True,resolved
2024-10-11,1073309.703210197,0.008209973238744173,1226158.8100565588,0.008848469208837084,677.6512528304955,138603.80521124654,ensemble,10.0,True,resolved
2024-10-14,1080937.6494507797,0.007106938675545349,1235778.5765808814,0.00784544909307372,790.2237408743615,139394.02895212095,ensemble,10.0,True,resolved
2024-10-15,1081148.6987276804,0.0001952464853156588,1236968.1072870058,0.0009625759247384735,833.9494981147209,140227.9784502355,ensemble,10.0,True,resolved
2024-10-16,1082857.2358949077,0.0015802980378536446,1239729.352921259,0.0022322690601208617,703.8107176727162,140931.78916790852,ensemble,10.0,True,resolved
2024-10-17,1082722.7847119947,-0.0001241633508611839,1240191.3512521435,0.00037266063741725475,537.2795167404538,141469.06868464907,ensemble,10.0,True,resolved
2024-10-18,1098103.2544762464,0.01420536261120886,1258545.6436838056,0.014799564932565401,650.6984010605374,142119.7670857099,ensemble,10.0,True,resolved
2024-10-21,1092396.7423890873,-0.005196699002482097,1252986.7562068203,-0.00441691368515984,860.2367066667647,142980.00379237664,ensemble,10.0,True,resolved
2024-10-22,1087460.9424691568,-0.004518321712618678,1248237.0870079189,-0.003790677894537464,789.433285886114,143769.43707826277,ensemble,10.0,True,resolved
2024-10-23,1082043.8557991295,-0.00498140802898861,1242761.427436151,-0.00438671437402427,636.7259690589151,144406.16304732166,ensemble,10.0,True,resolved
2024-10-24,1083268.3036036089,0.0011316064482203014,1244884.1052380512,0.0017080332194403525,619.4181582678289,145025.58120558955,ensemble,10.0,True,resolved
2024-10-25,1080252.072629373,-0.002784380346218973,1242172.9429449816,-0.00217784312745406,656.0179973741016,145681.59920296358,ensemble,10.0,True,resolved
2024-10-28,1088118.7192288302,0.007282232359258067,1251986.7941980553,0.00790055145606905,690.7652428397613,146372.36444580363,ensemble,10.0,True,resolved
2024-10-29,1085924.4060009506,-0.0020166119643955094,1250402.1578974426,-0.0012656972964540936,813.1746306499581,147185.53907645354,ensemble,10.0,True,resolved
2024-10-30,1083585.4293542956,-0.0021539037466415945,1248588.7357500242,-0.001450271127544811,765.5226816162091,147951.06175807,ensemble,10.0,True,resolved
2024-10-31,1087726.7221932884,0.003821842493268557,1254136.0107979309,0.004442836050875032,674.7995335124813,148625.8612915825,ensemble,10.0,True,resolved
2024-11-01,1085701.133317204,-0.0018622222243469544,1252854.5031189818,-0.0010218251193773176,915.4458998336125,149541.30719141624,ensemble,10.0,True,resolved
2024-11-04,1088434.9398238347,0.002518010180460939,1256919.5119537427,0.003244597696413276,788.8790955840684,150330.18628700002,ensemble,10.0,True,resolved
2024-11-05,1099923.803157973,0.010555397400232147,1271059.7669995197,0.011249928823045652,751.6046310682725,151081.79091806847,ensemble,10.0,True,resolved
2024-11-06,1104986.4107525533,0.004602689368158996,1277822.932793,0.00532088731708158,783.8871292973802,151865.67804736577,ensemble,10.0,True,resolved
2024-11-07,1114079.0370047474,0.008228722239218778,1289283.2320607065,0.008968612922493957,816.9207577946734,152682.59880516052,ensemble,10.0,True,resolved
2024-11-08,1119429.1293077446,0.004802255607807782,1296563.8998379735,0.005647066211843965,939.8094728330259,153622.40827799353,ensemble,10.0,True,resolved
2024-11-11,1115046.7745197373,-0.003914812178165583,1292594.1839671198,-0.003061720190844275,952.656159661346,154575.06443765477,ensemble,10.0,True,resolved
2024-11-12,1106811.4200786715,-0.0073856582784277425,1283951.546252287,-0.006686273094860695,775.2175669345794,155350.2820045896,ensemble,10.0,True,resolved
2024-11-13,1093403.6066812577,-0.012113909518986388,1269222.7320350097,-0.011471472003962369,703.3439984234782,156053.6260030133,ensemble,10.0,True,resolved
2024-11-14,1077875.035838659,-0.014202048308338489,1251977.015698226,-0.013587620124903332,655.4654877581949,156709.09149077133,ensemble,10.0,True,resolved
2024-11-15,1072221.5136574127,-0.0052450627329423405,1246045.7265732924,-0.004737538349796067,552.5785690281309,157261.6700597995,ensemble,10.0,True,resolved
2024-11-18,1091812.464151362,0.0182713648666899,1269348.2599824355,0.01870118641089258,491.88666735252707,157753.55672715232,ensemble,10.0,True,resolved
2024-11-19,1130141.054670934,0.035105470745256495,1314646.68105568,0.035686361656076304,696.491392297822,158450.04811944987,ensemble,10.0,True,resolved
2024-11-20,1130568.446534248,0.0003781756812988313,1316178.3148730178,0.0011650535763023662,887.5895713275204,159337.63769077725,ensemble,10.0,True,resolved
2024-11-21,1139464.2982652546,0.007868476922628265,1327511.7104927648,0.0086108360027497,836.8301669665583,160174.46785774393,ensemble,10.0,True,resolved
2024-11-22,1150431.8568298935,0.009625188416465758,1341219.8801106843,0.010326213704609177,796.2052670905563,160970.6731248345,ensemble,10.0,True,resolved
2024-11-25,1154849.3711004257,0.00383987477772485,1347336.3193278583,0.00456035532120902,828.9943625181578,161799.66748735248,ensemble,10.0,True,resolved
2024-11-26,1158148.8703401894,0.002857081903780756,1352170.002834984,0.003587584953946177,841.5202592313901,162641.18774658395,ensemble,10.0,True,resolved
2024-11-27,1153029.483367633,-0.004420318582232574,1347229.3493558161,-0.0036538700524411105,877.9620354922791,163519.14978207598,ensemble,10.0,True,resolved
2024-11-29,1157217.7266627282,0.0036323817868582076,1353103.353313146,0.004360062345834859,843.3193847596569,164362.46916683577,ensemble,10.0,True,resolved
2024-12-02,1156476.1221946846,-0.0006408512857665194,1353468.1620793145,0.00026960894396954593,1065.8572164650975,165428.3263833006,ensemble,10.0,True,resolved
2024-12-03,1151459.270656325,-0.004338050256358916,1348535.891366642,-0.003644171950890285,804.89835243799,166233.22473573862,ensemble,10.0,True,resolved
2024-12-04,1148435.4598297873,-0.002626068419088856,1345655.1293571696,-0.002136214562708405,563.9632377151328,166797.1879734535,ensemble,10.0,True,resolved
2024-12-05,1143413.6340024178,-0.004372754066748974,1340575.2407316803,-0.003775030105905408,684.4797654753838,167481.66773892916,ensemble,10.0,True,resolved
2024-12-06,1146026.586088013,0.002285220333125393,1344426.0514646196,0.0028725062316066197,674.0940480463371,168155.7617869755,ensemble,10.0,True,resolved
2024-12-09,1135027.673294677,-0.009597432491405766,1332658.5612715553,-0.008752798400659345,970.684853863818,169126.44664083936,ensemble,10.0,True,resolved
2024-12-10,1124691.828710858,-0.009106248972605924,1321392.549593112,-0.008453787043317229,744.391568755022,169870.83820959416,ensemble,10.0,True,resolved
2024-12-11,1128000.9866986687,0.0029422797457359096,1325980.426690025,0.003472001638215483,593.7826625894791,170464.62087218356,ensemble,10.0,True,resolved
2024-12-12,1127412.445862673,-0.0005217556038831228,1326412.6863156524,0.0003259924633325362,954.29148741858,171418.91235960188,ensemble,10.0,True,resolved
2024-12-13,1126527.4555773118,-0.0007849747344983449,1326383.5648569802,-2.195505137481124e-05,860.4864786952593,172279.39883829746,ensemble,10.0,True,resolved
2024-12-16,1126582.6695739368,4.9012561879058225e-05,1327353.473273673,0.0007312427885801664,771.2884691706209,173050.6873074681,ensemble,10.0,True,resolved
2024-12-17,1117893.1786202155,-0.007713140977934296,1318121.5235523025,-0.006955155433165605,850.3238373864216,173901.0111448544,ensemble,10.0,True,resolved
2024-12-18,1097072.563218985,-0.018624870246483516,1294279.8745959322,-0.018087595514044597,607.9622381958704,174508.9733830503,ensemble,10.0,True,resolved
2024-12-19,1089554.7312427852,-0.006852629651170283,1286140.850376934,-0.006288457681179027,618.0101452876153,175126.98352833817,ensemble,10.0,True,resolved
2024-12-20,1100526.706982112,0.01007014647792115,1300022.536411148,0.010793285999854296,787.2244512615745,175914.20797959992,ensemble,10.0,True,resolved
2024-12-23,1101042.9177972754,0.0004690579627812941,1301622.4475274696,0.0012306795240168977,837.1424734219195,176751.3504530221,ensemble,10.0,True,resolved
2024-12-24,1109828.3123425494,0.007979157218367172,1312901.6968671014,0.00866553074669052,756.1037333482736,177507.4541863703,ensemble,10.0,True,resolved
2024-12-26,1110840.0073149852,0.0009115779091095622,1314980.5712671492,0.001583419691671084,744.0762135426189,178251.53039991308,ensemble,10.0,True,resolved
2024-12-27,1102264.168876109,-0.007720138257898079,1305798.3948875715,-0.0069827468026615325,816.6525206693669,179068.18292058224,ensemble,10.0,True,resolved
2024-12-30,1098158.5532487424,-0.0037247111384857146,1301636.2245817254,-0.003187452459844975,588.0016959109043,179656.1846164932,ensemble,10.0,True,resolved
2024-12-31,1091323.7042792004,-0.006223918166754716,1293999.315555476,-0.005867160795024473,391.26806323533407,180047.45267972827,ensemble,10.0,True,resolved
2025-01-02,1090821.3620830195,-0.0004603054017897623,1293812.4375976985,-0.0001444189000185947,338.6128596333632,180386.0655393614,ensemble,10.0,True,resolved
2025-01-03,1091334.25488467,0.0004701895465919481,1295041.5707237413,0.0009500087418583547,509.9240585326688,180895.98959789387,ensemble,10.0,True,resolved
2025-01-06,1099721.9081255621,0.00768568676677206,1305698.027562696,0.008228660052201464,604.3233673246159,181500.31296521836,ensemble,10.0,True,resolved
2025-01-07,1103352.4885773198,0.003301362303444355,1310920.7337203664,0.003999934171164732,778.2771966763704,182278.59016189462,ensemble,10.0,True,resolved
2025-01-08,1108348.9532157343,0.004528439179810162,1317805.214729115,0.00525163789973071,793.9802652920885,183072.57042718655,ensemble,10.0,True,resolved
2025-01-10,1091249.2002521458,-0.01542813110796537,1298414.3081413582,-0.014714546862483524,785.2125285368907,183857.78295572358,ensemble,10.0,True,resolved
2025-01-13,1094129.2391491444,0.0026392128363834644,1302764.8466619733,0.003350655097788202,772.4824855050297,184630.2654412285,ensemble,10.0,True,resolved
2025-01-14,1100916.9692267575,0.006203773589755768,1311462.1378647464,0.006676025397106766,510.99582071773796,185141.2612619463,ensemble,10.0,True,resolved
2025-01-15,1116428.5691616202,0.014089709186477117,1330782.3391027846,0.014731802528050508,709.8094800794905,185851.07074202568,ensemble,10.0,True,resolved
2025-01-16,1120639.9562549167,0.003772195740618711,1336869.9063717823,0.0045744274552830255,896.2074539979048,186747.2781960235,ensemble,10.0,True,resolved
2025-01-17,1122590.7631496852,0.0017407971970657687,1340207.1075805007,0.0024962796999263848,847.9111921716299,187595.18938819543,ensemble,10.0,True,resolved
2025-01-21,1132539.3226422728,0.008862142660674088,1353007.075770474,0.009550738925031776,773.0495059508299,188368.2388941463,ensemble,10.0,True,resolved
2025-01-22,1133192.7421790946,0.0005769508605646401,1354754.743053277,0.0012916911626701388,813.7460496077516,189181.98494375416,ensemble,10.0,True,resolved
2025-01-23,1136065.4539321037,0.0025350601412121865,1359130.4448384135,0.003229884824226481,787.911414511041,189969.89635826528,ensemble,10.0,True,resolved
2025-01-24,1134213.986940001,-0.0016297185920887136,1357899.9329557768,-0.0009053670214730358,820.0752715080528,190789.97162977338,ensemble,10.0,True,resolved
2025-01-27,1118672.826017931,-0.013702141836566817,1340187.857084663,-0.013043726891244223,751.7641081513281,191541.73573792455,ensemble,10.0,True,resolved
2025-01-28,1123413.2708859537,0.0042375614726397615,1346472.9525274443,0.004689712273959534,502.4106266660566,192044.1463645906,ensemble,10.0,True,resolved
2025-01-29,1125912.6903336612,0.0022248441535110963,1350342.1246405873,0.0028735609622756453,728.524145959689,192772.67051055026,ensemble,10.0,True,resolved
2025-01-30,1135533.2502282315,0.008544676667352702,1362976.510222807,0.009356432974778617,914.0129180588726,193686.6834286091,ensemble,10.0,True,resolved
2025-01-31,1130174.431613648,-0.004719208894593208,1357549.9703201905,-0.0039813891596190976,839.0415931391459,194525.72502174848,ensemble,10.0,True,resolved
2025-02-03,1126629.639973246,-0.003136499589130537,1354127.2939034349,-0.0025212157869579643,689.1135247561546,195214.83854650464,ensemble,10.0,True,resolved
2025-02-04,1123704.8688610387,-0.0025960360072514455,1351217.3627878125,-0.00214893468931876,504.6980835521691,195719.5366300567,ensemble,10.0,True,resolved
2025-02-05,1131617.7495302474,0.007041778396162934,1361682.8179692554,0.007745204783226489,788.1404258317295,196507.67705588875,ensemble,10.0,True,resolved
2025-02-06,1137019.8993019639,0.0047738291255672305,1369165.970155847,0.0054955178165143614,821.5541723024932,197329.23122819126,ensemble,10.0,True,resolved
2025-02-07,1132216.0323865188,-0.004224962921400288,1364505.6965234666,-0.0034037317125621414,936.6067126473118,198265.8379408388,ensemble,10.0,True,resolved
2025-02-10,1130260.843893217,-0.0017268687577057795,1363260.2743275864,-0.0009127277365373887,925.3700327563972,199191.20797359504,ensemble,10.0,True,resolved
2025-02-11,1119330.3988126467,-0.009670727902879372,1350934.5220589668,-0.009041378598594552,709.9374733630133,199901.1454469579,ensemble,10.0,True,resolved
2025-02-12,1121339.3938285394,0.0017948185969252073,1354118.0511933935,0.002356538442421785,625.3451385327071,200526.49058549092,ensemble,10.0,True,resolved
2025-02-13,1127373.1934627995,0.005380886168333987,1362199.5043460536,0.005968056585271775,656.1669755530298,201182.65756104386,ensemble,10.0,True,resolved
2025-02-14,1126664.4194422527,-0.0006286951159178988,1362104.0322226058,-7.008674070374532e-05,627.5663435261324,201810.22390457,ensemble,10.0,True,resolved
2025-02-18,1137613.8853107379,0.00971848021428201,1376097.6128181405,0.010273503539007134,629.7230620551798,202439.94696662496,ensemble,10.0,True,resolved
2025-02-19,1133494.593380079,-0.0036209930134016854,1372263.2632047385,-0.002786393623305239,943.0638504764652,203383.01081710134,ensemble,10.0,True,resolved
2025-02-20,1124580.1543449287,-0.007864562466563974,1362453.279208681,-0.007148762383354601,813.8490354570674,204196.85985255815,ensemble,10.0,True,resolved
2025-02-21,1098003.2444089616,-0.023632739590223495,1330916.745842407,-0.023146873252483657,552.5297274175406,204749.38957997548,ensemble,10.0,True,resolved
2025-02-24,1088306.9976652889,-0.0088307997203525,1319683.2836092343,-0.008440394388502859,429.484411891451,205178.8739918671,ensemble,10.0,True,resolved
2025-02-25,1084207.9885941574,-0.0037664088165608733,1315180.204379994,-0.0034122423805541535,394.3270055203059,205573.2009973872,ensemble,10.0,True,resolved
2025-02-26,1106550.5425307925,0.020607258175256327,1343047.630575738,0.021189055387950573,632.5388323545118,206205.73982974174,ensemble,10.0,True,resolved
2025-02-27,1093696.400292416,-0.011616407696098285,1328582.940613173,-0.010770049872590337,943.7528966220158,207149.49272636382,ensemble,10.0,True,resolved
2025-02-28,1108862.1399933603,0.013866498689114604,1347937.2987766624,0.014567670238605501,760.4469702033116,207909.93969656702,ensemble,10.0,True,resolved
2025-03-03,1094804.3795510526,-0.012677644889554807,1331744.6943050055,-0.012012876627386704,748.6293171101161,208658.5690136774,ensemble,10.0,True,resolved
2025-03-04,1090476.2694608103,-0.003953318210160095,1327369.746171615,-0.0032851252586919566,716.5388826021506,209375.10789627957,ensemble,10.0,True,resolved
2025-03-05,1106412.6577328767,0.014614154125468737,1347502.3552608762,0.015167295433188288,599.9649263107059,209975.07282259033,ensemble,10.0,True,resolved
2025-03-06,1072942.5048218425,-0.030251057484842137,1307746.9681703043,-0.029503018629511213,828.964354163647,210804.0371767542,ensemble,10.0,True,resolved
2025-03-07,1078814.954894119,0.005473219716700006,1315547.148724378,0.005964594637896337,522.2362995729649,211326.27347632736,ensemble,10.0,True,resolved
2025-03-10,1028837.5389996618,-0.04632621717721941,1255107.077222172,-0.045942915509194715,414.03774930982104,211740.31122563698,ensemble,10.0,True,resolved
2025-03-11,1040076.1149054717,0.010923567113168442,1269251.0790201703,0.011269159464308176,352.65426564866596,212092.96549128546,ensemble,10.0,True,resolved
2025-03-12,1062072.7970842987,0.0211491080927535,1296784.8755470924,0.021692947110336647,566.1464337522185,212659.11192503793,ensemble,10.0,True,resolved
2025-03-13,1046508.3119779923,-0.014654819470977354,1278787.570721425,-0.01387840432521592,828.3183085135844,213487.43023355125,ensemble,10.0,True,resolved
2025-03-14,1067678.9835137003,0.020229816900062314,1305241.4558281584,0.020686692389267902,476.7061337000716,213964.13636725149,ensemble,10.0,True,resolved
2025-03-17,1077796.5183381152,0.009476195542519994,1318596.444336113,0.010231814541533213,805.7757984092534,214769.9121656605,ensemble,10.0,True,resolved
2025-03-18,1072030.243731074,-0.005350058669638669,1312598.663368336,-0.004548609996288033,865.0886523098898,215635.00081797037,ensemble,10.0,True,resolved
2025-03-19,1089325.580320772,0.016133254346914372,1334341.600937332,0.01656480246079206,461.18928614288484,216096.19010411328,ensemble,10.0,True,resolved
2025-03-20,1085007.212859419,-0.003964257830135098,1330072.1940645946,-0.003199635587872174,830.8196250457341,216927.00972915898,ensemble,10.0,True,resolved
2025-03-21,1088747.1900670875,0.003446960686843914,1335668.4819291933,0.004207506847802689,823.2708185599853,217750.28054771895,ensemble,10.0,True,resolved
2025-03-24,1106845.2807920142,0.016622858722428857,1358802.7269604967,0.017320349580974836,757.5822436052437,218507.8627913242,ensemble,10.0,True,resolved
2025-03-25,1106501.0786192403,-0.0003109758687570574,1359509.8428584759,0.0005203962900197645,920.6218785664554,219428.48466989037,ensemble,10.0,True,resolved
2025-03-26,1108206.2577727875,0.001541055120953816,1362483.4518892309,0.002187265540132266,714.8073042186113,220143.2919741091,ensemble,10.0,True,resolved
2025-03-27,1103107.7190355454,-0.004600712819912145,1357326.056060116,-0.0037852906190997127,907.1717881630427,221050.46376227235,ensemble,10.0,True,resolved
2025-03-28,1084209.8867010772,-0.017131447825413315,1334938.687768389,-0.016493729116724087,706.7369320363852,221757.20069430876,ensemble,10.0,True,resolved
2025-03-31,1080131.6656405427,-0.0037614682457317583,1330281.2903974615,-0.0034888474007096493,290.8305437033185,222048.0312380123,ensemble,10.0,True,resolved
2025-04-01,1099806.7269249994,0.018215428646644494,1354937.776370078,0.01853479121340551,348.0487439627453,222396.0799819748,ensemble,10.0,True,resolved
2025-04-02,1110627.0894281336,0.009838421822884635,1369159.9445832432,0.010496547119135391,718.8968720363998,223114.97685401113,ensemble,10.0,True,resolved
2025-04-03,1061357.8277213024,-0.04436166034109623,1309607.0184282414,-0.04349595997940847,946.845151405683,224061.82200541694,ensemble,10.0,True,resolved
2025-04-04,1017659.911111963,-0.04117170992478314,1256585.3120948467,-0.040486730436913865,733.3036902629921,224795.12569567983,ensemble,10.0,True,resolved
2025-04-07,1036729.0449219564,0.018738218536246798,1280609.9940715898,0.019119021800988234,381.955580690671,225177.08127637033,ensemble,10.0,True,resolved
2025-04-08,1038833.0034675519,0.0020294198912444994,1284172.622179129,0.002781977435778238,778.762565798197,225955.8438421683,ensemble,10.0,True,resolved
2025-04-09,1114937.8872222384,0.07325997874600998,1379293.7818026184,0.07407194171611997,807.6042499531166,226763.44809212143,ensemble,10.0,True,resolved
2025-04-10,1069918.9816236831,-0.04037794940372463,1324421.8915737437,-0.039782598133054625,665.3826552744149,227428.830747396,ensemble,10.0,True,resolved
2025-04-11,1081588.6606257083,0.010907067920521873,1339646.6366294348,0.011495389160020908,623.956447467045,228052.78719486293,ensemble,10.0,True,resolved
2025-04-14,1097556.1118840459,0.014762961040198253,1360115.5122398816,0.015279309521462059,559.661987575039,228612.4491824381,ensemble,10.0,True,resolved
2025-04-15,1098355.8542529428,0.0007286573872966606,1362067.8765266207,0.0014354400557670122,776.6771353637173,229389.12631780183,ensemble,10.0,True,resolved
2025-04-16,1087168.941193879,-0.010185144473666585,1349033.3439444797,-0.00956966448352048,677.9951080265633,230067.12142582837,ensemble,10.0,True,resolved
2025-04-17,1089621.3214473044,0.0022557490013761505,1353029.374505103,0.0029621436553519676,767.8350270737164,230834.95645290223,ensemble,10.0,True,resolved
2025-04-21,1069489.607158925,-0.01847588138385481,1328663.5689527174,-0.01800833449111039,513.3897223506248,231348.34617525293,ensemble,10.0,True,resolved
2025-04-22,1103391.8194813286,0.03169943129458175,1371232.4110864955,0.032038841982648725,364.3928217984036,231712.73899705123,ensemble,10.0,True,resolved
2025-04-23,1132454.7379372953,0.026339617480242383,1408252.7961428864,0.026997892375558497,722.9100751421914,232435.64907219363,ensemble,10.0,True,resolved
2025-04-24,1143932.84206668,0.010135596368550326,1423743.029317249,0.010999611161284006,978.5931032804157,233414.24217547406,ensemble,10.0,True,resolved
2025-04-25,1137406.10174387,-0.005705527529936694,1416358.256653505,-0.0051868718663967694,594.0419835734499,234008.2841590477,ensemble,10.0,True,resolved
2025-04-28,1142104.2416304173,0.004130573837562546,1422617.9968668888,0.004419602303285863,328.4376034362748,234336.72176248374,ensemble,10.0,True,resolved
2025-04-29,1145509.6831590899,0.0029817256643851486,1427480.566203982,0.0034180428954240227,498.38326986695284,234835.10503235093,ensemble,10.0,True,resolved
2025-04-30,1147487.849927843,0.0017268878629623785,1430584.2103795833,0.0021742111585130175,508.53204513109665,235343.6370774818,ensemble,10.0,True,resolved
2025-05-01,1140984.7160285914,-0.005667279091156052,1423060.3494522749,-0.005259292583211228,466.26846726868143,235809.90554475065,ensemble,10.0,True,resolved
2025-05-02,1155029.4043952941,0.012309269501512565,1441195.756890905,0.012743948241977554,496.2907856629508,236306.1963304134,ensemble,10.0,True,resolved
2025-05-05,1150440.3103297881,-0.003973140465552527,1436204.96659934,-0.003462951002805914,587.0918092499386,236893.2881396631,ensemble,10.0,True,resolved
2025-05-06,1150627.990232662,0.00016313745371121513,1437184.1645138282,0.0006817953824562739,599.3348046552132,237492.62294431814,ensemble,10.0,True,resolved
2025-05-07,1162411.7827318204,0.010241183596425119,1452523.0715044322,0.01067288895142604,506.778073255759,237999.40101757372,ensemble,10.0,True,resolved
2025-05-08,1168284.75034134,0.005052398553391679,1460726.3469044813,0.005647604200567091,685.9025980753805,238685.30361564909,ensemble,10.0,True,resolved
2025-05-09,1169592.944370921,0.0011197561460927208,1463267.5375635969,0.0017396760621870566,722.4958876744859,239407.79950332353,ensemble,10.0,True,resolved
2025-05-12,1176347.131537599,0.005774818665917003,1472519.8070006631,0.006323019679963515,642.8683032622373,240050.66780658605,ensemble,10.0,True,resolved
2025-05-13,1171437.641404561,-0.004173504573110831,1467325.7620795825,-0.003527317524957607,765.5752870551526,240816.2430936409,ensemble,10.0,True,resolved
2025-05-14,1174186.398360863,0.002346481672730105,1471503.007360189,0.0028468424589549457,587.2507943536351,241403.49388799458,ensemble,10.0,True,resolved
2025-05-15,1195664.5855039444,0.018291974062265126,1498893.4684317522,0.018613934823483946,376.9697849997094,241780.46367299432,ensemble,10.0,True,resolved
2025-05-16,1204536.830760004,0.007420346277396961,1511275.5596194437,0.008260821364874271,1005.5224953841689,242785.9861683788,ensemble,10.0,True,resolved
2025-05-19,1206309.7396217368,0.0014718594039289101,1514881.6646413442,0.002386133355328335,1096.309971371733,243882.2961397504,ensemble,10.0,True,resolved
2025-05-20,1203135.607253284,-0.002631274758212676,1511792.3839028066,-0.002039288487440394,714.7203863354351,244597.01652608594,ensemble,10.0,True,resolved
2025-05-21,1185693.8632005502,-0.014496906207067228,1490753.9159539621,-0.013916241524204565,699.5553977180466,245296.57192380383,ensemble,10.0,True,resolved
2025-05-22,1182129.6550599835,-0.0030060104477102056,1487021.6412187347,-0.002503615583554608,595.8012685793094,245892.3731923833,ensemble,10.0,True,resolved
2025-05-23,1174020.8508566348,-0.006859488016936033,1477605.4312343684,-0.006332261564565345,621.079935299894,246513.4531276834,ensemble,10.0,True,resolved
2025-05-27,1185792.3833413585,0.010026680936828791,1493056.1191614796,0.010456572235393091,513.7758142527051,247027.22894193628,ensemble,10.0,True,resolved
2025-05-28,1182129.4868498673,-0.0030889863545672247,1489313.9923485564,-0.002506353756498325,689.4592053193953,247716.6881472555,ensemble,10.0,True,resolved
2025-05-29,1180527.0705975941,-0.0013555336112486271,1488213.157593585,-0.0007391555848040854,726.8602964689105,248443.54844372472,ensemble,10.0,True,resolved
2025-05-30,1179933.1614007035,-0.0005030881643315332,1488006.0036137511,-0.0001391964442573057,424.1527095543965,248867.7011532793,ensemble,10.0,True,resolved
2025-06-02,1181776.216399474,0.0015619994920581526,1491311.115545945,0.0022211684120676534,784.9886066510335,249652.6897599305,ensemble,10.0,True,resolved
2025-06-03,1187612.9533431702,0.0049389527921614995,1499817.4364314547,0.0057039210643821114,903.5930500730889,250556.2828100038,ensemble,10.0,True,resolved
2025-06-04,1182248.4287460353,-0.004517064740691468,1494104.008963652,-0.003809415285500939,839.1247300229201,251395.4075400265,ensemble,10.0,True,resolved
2025-06-05,1178111.8488150653,-0.00349890922279128,1489815.4680420565,-0.002870309493761436,744.9854010742777,252140.39294110076,ensemble,10.0,True,resolved
2025-06-06,1185278.5980758963,0.006083250302625576,1499619.4969375546,0.006580700164418696,580.6949781499965,252721.0879192508,ensemble,10.0,True,resolved
2025-06-09,1178346.876107297,-0.005848179474304049,1491747.8372848711,-0.00524910463538153,709.3395628117346,253430.42748206254,ensemble,10.0,True,resolved
2025-06-10,1179630.4737306524,0.0010893206825446367,1493995.806900774,0.0015069367353628405,489.7130835807513,253920.14056564347,ensemble,10.0,True,resolved
2025-06-11,1182094.9208335504,0.002089168733581559,1497561.822841045,0.0023868982254164894,349.0596186825808,254269.2001843262,ensemble,10.0,True,resolved
2025-06-12,1189606.175040603,0.00635418871587401,1507812.95792834,0.006845216625412709,580.0265816066297,254849.22676593254,ensemble,10.0,True,resolved
2025-06-13,1184488.940015534,-0.004301621101533315,1502506.1406359384,-0.0035195461509316406,933.9339913687456,255783.16075730108,ensemble,10.0,True,resolved
2025-06-16,1191909.4211040013,0.006264711165956616,1512894.5422441717,0.006914049352128693,766.4403118651611,256549.6010691663,ensemble,10.0,True,resolved
2025-06-17,1183503.749225325,-0.007052274048552021,1503385.7940704087,-0.006285136146805148,913.5746369367271,257463.17570610315,ensemble,10.0,True,resolved
2025-06-18,1181820.046685752,-0.001422642336938118,1502373.9320046604,-0.0006730554923022325,887.4461511116401,258350.62185721475,ensemble,10.0,True,resolved
2025-06-20,1183894.682638355,0.0017554584206125323,1505788.9709436041,0.0022730951770355556,612.8634928966192,258963.48535011127,ensemble,10.0,True,resolved
2025-06-23,1195517.9569237146,0.009817827933356948,1521521.84187043,0.010448257511785908,747.987116375665,259711.47246648683,ensemble,10.0,True,resolved
2025-06-24,1200722.1020658517,0.004353046403023697,1529337.6206905409,0.005136816708791292,936.7289981205263,260648.2014646073,ensemble,10.0,True,resolved
2025-06-25,1192416.1619701902,-0.006917454156437186,1519815.9614853677,-0.006226002078516757,831.6010783877412,261479.80254299525,ensemble,10.0,True,resolved
2025-06-26,1199980.169059963,0.0063434288556396545,1530153.8927460557,0.006802094149994664,547.6939681512237,262027.4965111462,ensemble,10.0,True,resolved
2025-06-27,1203289.0696116886,0.0027574626956692327,1535362.865896474,0.003404215206792127,774.5012166188817,262801.9977277652,ensemble,10.0,True,resolved
2025-06-30,1208877.3820816637,0.004644197816721096,1543543.56954529,0.005328189075381351,820.1128072669965,263622.11053503165,ensemble,10.0,True,resolved
2025-07-01,1203413.0611627595,-0.004520161432332137,1537788.3961431747,-0.0037285461296118205,954.9810216176647,264577.0915566494,ensemble,10.0,True,resolved
2025-07-02,1204720.6704855517,0.0010865839544142997,1540481.0866373116,0.001751014964666231,802.6983331671856,265379.7898898171,ensemble,10.0,True,resolved
2025-07-03,1213263.0884138283,0.007090787215291661,1552153.7100722631,0.007577258517617702,580.1832968743939,265959.9731866916,ensemble,10.0,True,resolved
2025-07-07,1213247.2128912178,-1.3084979475719294e-05,1553407.1842367582,0.0008075708973673823,994.4846789699714,266954.45786566206,ensemble,10.0,True,resolved
2025-07-08,1206146.5192552672,-0.005852635440249054,1545421.4359964489,-0.0051407952282858105,859.1615645707656,267813.6194302328,ensemble,10.0,True,resolved
2025-07-09,1206573.7270025173,0.00035419224814736694,1546800.9519347628,0.000892647083948539,647.6067848697733,268461.2262151021,ensemble,10.0,True,resolved
2025-07-10,1206441.8029621027,-0.00010933773665233737,1547451.1450922063,0.0004203470114434449,641.9808225724898,269103.2070376742,ensemble,10.0,True,resolved
2025-07-11,1199285.1136614876,-0.005932063430696521,1538974.3624135277,-0.005477900032943239,551.4159507581398,269654.62298843166,ensemble,10.0,True,resolved
2025-07-14,1208534.0285161352,0.007712023395679557,1551648.7347902893,0.008235596827542269,634.6747479232126,270289.29773635435,ensemble,10.0,True,resolved
2025-07-15,1196722.3104651428,-0.009773591617850408,1537523.3011910135,-0.009103499576007423,813.2321644759161,271102.5299008304,ensemble,10.0,True,resolved
2025-07-16,1200915.093313333,0.0035035553457347657,1543817.5431819393,0.00409375388720945,704.5373337930673,271807.0672346234,ensemble,10.0,True,resolved
2025-07-17,1203596.528008496,0.002232826209024319,1548079.0604484982,0.002760376240948492,632.1813279856575,272439.24856260937,ensemble,10.0,True,resolved
2025-07-18,1209068.0545297293,0.004545980645429992,1555907.3611755813,0.005056783550069666,613.312169592982,273052.5607322029,ensemble,10.0,True,resolved
2025-07-21,1206843.0230142502,-0.0018402864149318354,1554134.5831814946,-0.0011393853119553432,851.3579944451988,273903.9187266482,ensemble,10.0,True,resolved
2025-07-22,1211321.6651229644,0.003711039483435208,1561145.3753523533,0.004511058596036621,965.3147700973243,274869.233496746,ensemble,10.0,True,resolved
2025-07-23,1212921.6914976612,0.0013208930548884723,1564026.1595652895,0.0018453016986237358,635.0135982691098,275504.24709501467,ensemble,10.0,True,resolved
2025-07-24,1211741.552132167,-0.0009729724299324394,1563269.8031174645,-0.0004835957782414191,591.8418700033163,276096.0889650176,ensemble,10.0,True,resolved
2025-07-25,1217085.7376337051,0.00441033444147787,1570980.6489629652,0.004932511221110936,632.6024624961659,276728.691427514,ensemble,10.0,True,resolved
2025-07-28,1216701.3757489668,-0.0003158051013608665,1571565.9549681272,0.00037257365681009347,839.4292557011945,277568.120683215,ensemble,10.0,True,resolved
2025-07-29,1220556.2586731564,0.003168306538501753,1577549.1727149712,0.003807169357372242,775.48711979119,278343.6078030056,ensemble,10.0,True,resolved
2025-07-30,1222488.7845098116,0.0015833156586784192,1581057.1246140036,0.0022236719841797203,782.0372042309383,279125.64500723657,ensemble,10.0,True,resolved
2025-07-31,1227094.6088387729,0.0037675800279903804,1588105.647489768,0.004458107658497967,844.7433195271626,279970.3883267635,ensemble,10.0,True,resolved
2025-08-01,1215523.9807429716,-0.009429287695062682,1574225.8528577778,-0.008739843381282086,844.9710672224534,280815.3593939859,ensemble,10.0,True,resolved
2025-08-04,1227983.3476732569,0.010250202486889348,1591222.364078844,0.01079674253234475,665.5563849098905,281480.915778896,ensemble,10.0,True,resolved
2025-08-05,1219804.9235534784,-0.006660044808648791,1581757.7345353048,-0.005948024460439405,876.8521363125903,282357.7679152084,ensemble,10.0,True,resolved
2025-08-06,1224046.7760138859,0.003477484291545707,1588297.7164372928,0.004134629317244398,800.3695254110578,283158.1374406189,ensemble,10.0,True,resolved
2025-08-07,1207259.3268945895,-0.013714712091285275,1567486.146323705,-0.013103066193578594,727.2981258021375,283885.43556642084,ensemble,10.0,True,resolved
2025-08-08,1208113.9465102896,0.0007079006114605324,1569694.060042214,0.0014085698452181994,849.575722545896,284735.01128896663,ensemble,10.0,True,resolved
2025-08-11,1208115.0434072558,9.079416469770507e-07,1570444.436349514,0.00047803984636329844,576.0697671342409,285311.0810561013,ensemble,10.0,True,resolved
2025-08-12,1218120.6295426479,0.008281981248386083,1584461.051210627,0.008925253601263616,781.3112371733598,286092.3922932747,ensemble,10.0,True,resolved
2025-08-13,1225422.4488030626,0.005994331828331534,1595061.118763283,0.006690014591748339,839.4712380086911,286931.86353128357,ensemble,10.0,True,resolved
2025-08-14,1219523.3205415225,-0.004813954785390151,1588708.3696627812,-0.003982762181192867,1019.4346354432716,287951.2981667265,ensemble,10.0,True,resolved
2025-08-15,1214527.7391579314,-0.004096339364279444,1583437.8163025435,-0.0033175083992013077,950.673276414082,288901.9714431409,ensemble,10.0,True,resolved
2025-08-18,1221180.2627135646,0.005477457073352232,1592900.4068402385,0.005975978620866185,605.2074749169409,289507.1789180577,ensemble,10.0,True,resolved
2025-08-19,1211212.0117295613,-0.008162800602306675,1581012.1250581555,-0.007463292576881941,850.6507170046539,290357.82963506295,ensemble,10.0,True,resolved
2025-08-20,1215861.643025647,0.0038388252849690385,1588137.7839955264,0.004507023585988534,805.7672458992604,291163.59688096185,ensemble,10.0,True,resolved
2025-08-21,1215059.3016047084,-0.000659895330641258,1587864.98443919,-0.00017177322968164876,594.212609229523,291757.8094901911,ensemble,10.0,True,resolved
2025-08-22,1222430.166112083,0.006066259068705504,1598729.6587913996,0.00684231622882403,939.482130714037,292697.29162090464,ensemble,10.0,True,resolved
2025-08-25,1218052.5519830799,-0.0035810750179096074,1594253.4842431047,-0.0027998320564582846,956.6314605378863,293653.9230814427,ensemble,10.0,True,resolved
2025-08-26,1223002.434663391,0.004063767751442571,1601810.2745894424,0.00474001808434199,822.3163927554257,294476.23947419814,ensemble,10.0,True,resolved
2025-08-27,1224619.6256526972,0.0013223121585619335,1605215.3908116422,0.002125792471316501,980.6740483814232,295456.9135225802,ensemble,10.0,True,resolved
2025-08-28,1222786.1930446904,-0.0014971445578699782,1604064.8288745128,-0.0007167648302621732,954.9460650393377,296411.85958761914,ensemble,10.0,True,resolved
2025-08-29,1217461.0032378184,-0.004354963964397163,1598165.343518583,-0.0036778347419219592,830.2074107126318,297242.06699833163,ensemble,10.0,True,resolved
2025-09-02,1219303.5750799626,0.0015134545067512217,1601715.0331254285,0.002221102854746082,855.4953770289144,298097.56237536063,ensemble,10.0,True,resolved
2025-09-03,1218950.8416562832,-0.00028929089595775004,1602324.490615226,0.00038050307151604734,815.1829291367123,298912.7453044972,ensemble,10.0,True,resolved
2025-09-04,1228609.8977507087,0.00792407352646074,1616015.5517106594,0.008544499678823758,755.8701615095268,299668.61546600703,ensemble,10.0,True,resolved
2025-09-05,1225626.1354254927,-0.002428567709472862,1613312.4711107388,-0.0016726822938425423,927.4303101436062,300596.045776151,ensemble,10.0,True,resolved
2025-09-08,1223759.8036824805,-0.001522757788095186,1612071.9766806732,-0.0007689114491327143,924.8998962430824,301520.94567239407,ensemble,10.0,True,resolved
2025-09-09,1226080.079829988,0.0018960225205351122,1616326.9301850703,0.002639431468288489,908.2157918568503,302429.16146425076,ensemble,10.0,True,resolved
2025-09-10,1236381.0808191278,0.008401572750915465,1631263.542283335,0.00924108348337338,1028.2762897151129,303457.4377539658,ensemble,10.0,True,resolved
2025-09-11,1245013.4467022344,0.006981962128850716,1644063.2851497214,0.007846520525107925,1066.6302226587218,304524.067976625,ensemble,10.0,True,resolved
2025-09-12,1238634.5073623229,-0.005123590718484228,1636909.221162688,-0.004351452922557009,962.3751054988045,305486.443082124,ensemble,10.0,True,resolved
2025-09-15,1239023.0896747697,0.00031371830038406934,1638457.2153534512,0.000945681147586086,782.3048423702253,306268.74792449456,ensemble,10.0,True,resolved
2025-09-16,1237428.434359145,-0.0012870263104163282,1637502.2086330233,-0.0005828694893457165,873.9229686896173,307142.67089318385,ensemble,10.0,True,resolved
2025-09-17,1241172.449810394,0.0030256420066734346,1643313.5483762543,0.003548904980154033,647.8736304593252,307790.54452364263,ensemble,10.0,True,resolved
2025-09-18,1244830.3685536466,0.0029471478712013166,1649018.5712025282,0.003471658121428467,648.1749934806822,308438.7195171234,ensemble,10.0,True,resolved
2025-09-19,1244512.4001681493,-0.00025543109609926784,1649709.7868815307,0.0004191679166465345,838.4032879604961,309277.12280508404,ensemble,10.0,True,resolved
2025-09-22,1243881.1797780402,-0.0005072029736495898,1650024.855779659,0.00019098443898069029,864.1215636682963,310141.2443687522,ensemble,10.0,True,resolved
2025-09-23,1242938.9966767242,-0.0007574542622182934,1649920.7384792315,-6.310044364654654e-05,866.4418392134089,311007.68620796537,ensemble,10.0,True,resolved
2025-09-24,1240303.0460745555,-0.0021207401241867263,1647558.2152424816,-0.001431901049336215,859.0657589685408,311866.7519669338,ensemble,10.0,True,resolved
2025-09-25,1234718.1420701486,-0.004502854380695531,1641316.2723434144,-0.0037886023336349828,886.2132374605987,312752.9652043945,ensemble,10.0,True,resolved
2025-09-26,1243660.9517501288,0.007242794428359511,1654209.2107962102,0.007855243178932048,754.8823640771694,313507.8475684711,ensemble,10.0,True,resolved
2025-09-29,1251218.045321438,0.006076490188643868,1665501.8902205643,0.006826633143288241,931.61230936342,314439.4598778349,ensemble,10.0,True,resolved
2025-09-30,1248402.5017682656,-0.0022502421250238935,1663019.0956440635,-0.0014907185582191396,951.823980166049,315391.283858001,ensemble,10.0,True,resolved
2025-10-01,1242602.472101055,-0.004645961265693721,1656211.3290028274,-0.004093619044464147,691.87835407542,316083.16221207596,ensemble,10.0,True,resolved
2025-10-02,1245789.0189939663,0.002564413772268903,1661261.6051695165,0.003049294542460279,604.3702357811917,316687.53244785685,ensemble,10.0,True,resolved
2025-10-03,1245832.5679792603,3.495695067945448e-05,1662321.5345916194,0.0006380267977088572,750.6954181226724,317438.22786597995,ensemble,10.0,True,resolved
2025-10-06,1243658.0574789455,-0.0017454275608174141,1660517.245168289,-0.0010854033866400936,823.8282247606792,318262.05609074014,ensemble,10.0,True,resolved
2025-10-07,1242020.3554536256,-0.0013168426927895327,1659483.9424677463,-0.000622277608708588,868.4545170814876,319130.5106078219,ensemble,10.0,True,resolved
2025-10-08,1244870.4648674834,0.0022947364762124778,1664420.3027236592,0.0029746357464430773,842.6922175953698,319973.202825417,ensemble,10.0,True,resolved
2025-10-09,1243453.0918698236,-0.0011385706687246921,1663613.3223470196,-0.00048484170453766406,816.6776911422108,320789.88051655947,ensemble,10.0,True,resolved
2025-10-10,1223470.1658718546,-0.01607051052317543,1638191.4242882,-0.015281133973461092,999.6505606801608,321789.53107723925,ensemble,10.0,True,resolved
2025-10-13,1236255.6208821174,0.010450156748327277,1656295.0117440019,0.011050959727534782,729.6993312848717,322519.2304085242,ensemble,10.0,True,resolved
2025-10-14,1233169.229675694,-0.002496563942189556,1653581.9337780385,-0.0016380402927776982,1059.0936346402239,323578.3240431641,ensemble,10.0,True,resolved
2025-10-15,1227083.411957928,-0.004935103448345357,1646844.8618094446,-0.004074229302446053,1063.6487165356143,324641.97275969945,ensemble,10.0,True,resolved
2025-10-16,1225557.4588925845,-0.0012435609922463176,1645650.0807508137,-0.0007254970315285769,634.0270832590621,325275.99984295864,ensemble,10.0,True,resolved
2025-10-17,1229877.0434052884,0.0035245875102478674,1652541.7457644818,0.004187807052228099,810.5886653600137,326086.5885083185,ensemble,10.0,True,resolved
2025-10-20,1242564.953068403,0.010316404986293826,1670611.5010068708,0.010934522706432359,758.2661879189104,326844.85469623737,ensemble,10.0,True,resolved
2025-10-21,1238816.9905600054,-0.003016311138618888,1666888.8297751178,-0.002228328506962418,975.8725619490381,327820.72725818644,ensemble,10.0,True,resolved
2025-10-22,1230616.6657133189,-0.0066194804472125,1656891.8808287224,-0.005997369931229346,774.8532150663714,328595.58047325286,ensemble,10.0,True,resolved
2025-10-23,1255417.9672348546,0.020153555703034343,1691003.1817599088,0.020587523740007052,529.5696439384436,329125.15011719137,ensemble,10.0,True,resolved
2025-10-24,1277950.354116809,0.017948115663489972,1722969.5611441373,0.018903796118798333,1193.8818620666118,330319.0319792576,ensemble,10.0,True,resolved
2025-10-27,1278574.5577073044,0.0004884411890371254,1725186.62944153,0.001286771599099179,1019.8529881265687,331338.8849673847,ensemble,10.0,True,resolved
2025-10-28,1268134.3507496961,-0.008165505010774843,1712179.3056166833,-0.007539661856211688,800.0590513270466,332138.94401871116,ensemble,10.0,True,resolved
2025-10-29,1258585.3618784891,-0.007529950486367509,1700548.7598856308,-0.00679283162277422,931.7351727414208,333070.6791914522,ensemble,10.0,True,resolved
2025-10-30,1255749.329316879,-0.002253349393304016,1697573.6819094892,-0.0017494811359256568,635.2647906396578,333705.94398209127,ensemble,10.0,True,resolved
2025-10-31,1252401.918447447,-0.002665668052757697,1694189.659858147,-0.001993446344865424,844.5466013760182,334550.4905834676,ensemble,10.0,True,resolved
2025-11-03,1254248.382012047,0.001474337860236652,1697660.7449147147,0.0020488172834547402,717.737009363163,335268.2275928306,ensemble,10.0,True,resolved
2025-11-04,1245618.2848756793,-0.006880692261706178,1686847.2508338096,-0.006369643707258121,640.8301230372994,335909.0577158674,ensemble,10.0,True,resolved
2025-11-05,1258968.4761325042,0.01071772261127113,1705816.4688246092,0.011245367937982031,657.311432884354,336566.3691487516,ensemble,10.0,True,resolved
2025-11-06,1226080.037153176,-0.026123322071065713,1662505.7811866975,-0.025390004393470833,918.970150840254,337485.3392995924,ensemble,10.0,True,resolved
2025-11-07,1239758.9729305708,0.011156641787558819,1682249.7383129,0.011876023139064884,869.74339040706,338355.08268999984,ensemble,10.0,True,resolved
2025-11-10,1258019.3562853783,0.014728978578508078,1708074.211099185,0.01535115280337851,769.1095139292597,339124.19220392883,ensemble,10.0,True,resolved
2025-11-11,1251205.451953242,-0.005416374794308454,1700424.7189418697,-0.004478430800961997,1174.5105051497144,340298.7027090781,ensemble,10.0,True,resolved
2025-11-12,1251973.4735879726,0.0006138253582028685,1702834.8201121127,0.0014173524669429671,1005.3465110173628,341304.04922009504,ensemble,10.0,True,resolved
2025-11-13,1230811.7194644578,-0.016902717645341347,1675179.1180156518,-0.01624097755684839,830.0149710961348,342134.0641911916,ensemble,10.0,True,resolved
2025-11-14,1245098.1476934846,0.01160732222735339,1695430.039837035,0.012088809849403637,587.242449691468,342721.30664088245,ensemble,10.0,True,resolved
2025-11-17,1236112.6286908889,-0.007216715420580444,1684449.009635285,-0.0064768406502961895,922.9200151574631,343644.22665604047,ensemble,10.0,True,resolved
2025-11-18,1226832.3085098036,-0.007507665536039099,1673101.463364681,-0.006736651691855555,952.1952021211282,344596.42185816134,ensemble,10.0,True,resolved
2025-11-19,1227055.6338133048,0.0001820340905209772,1674057.9317660844,0.0005716738777334918,478.6153741370912,345075.03723229835,ensemble,10.0,True,resolved
2025-11-20,1198321.69941962,-0.023416977683716533,1635961.9851445023,-0.022756647723291112,825.3444463224403,345900.38167862035,ensemble,10.0,True,resolved
2025-11-21,1216069.0326130937,0.014810157574605576,1661080.3435375607,0.0153538765699619,653.3261823894628,346553.70786100964,ensemble,10.0,True,resolved
2025-11-24,1245477.403569236,0.024183142706092342,1702176.3827542937,0.024740548749864644,672.0829929718152,347225.7908539815,ensemble,10.0,True,resolved
2025-11-25,1244334.4015768045,-0.0009177219828765404,1702156.9986399934,-1.1387841176047075e-05,1121.6309178501067,348347.42177183117,ensemble,10.0,True,resolved
2025-11-26,1250044.0941551805,0.00458855157515603,1711387.1204621748,0.00542260310274334,1036.019568677638,349383.4413405084,ensemble,10.0,True,resolved
2025-11-28,1253541.639153905,0.002797937300834441,1717633.0823672304,0.0036496487734283267,1065.8354639366905,350449.276804445,ensemble,10.0,True,resolved
2025-12-01,1246684.2564789439,-0.005470406774512604,1709424.395273777,-0.004779069044327122,870.2669859236139,351319.5437903681,ensemble,10.0,True,resolved
2025-12-02,1242561.2381930226,-0.003307187256512023,1704703.9873424447,-0.0027614019926140987,680.9862249571793,352000.53001532535,ensemble,10.0,True,resolved
2025-12-03,1237864.8476113006,-0.0037796049300166112,1699418.234005673,-0.0031006869087060185,847.3761613984916,352847.90617672325,ensemble,10.0,True,resolved
2025-12-04,1241168.7918430227,0.002669067013331583,1704966.057706444,0.0032645428828277367,734.6070492713745,353582.51322599396,ensemble,10.0,True,resolved
2025-12-05,1243035.148715455,0.001503709152774535,1708459.874867408,0.0020492004196634994,675.3271623829878,354257.84038837673,ensemble,10.0,True,resolved
2025-12-08,1239012.0810618412,-0.003236487445887004,1703858.080826196,-0.0026935335789313175,673.2539571852903,354931.0943455617,ensemble,10.0,True,resolved
2025-12-09,1240320.919290385,0.0010563563088279437,1706578.823042354,0.0015968126963008533,671.1969447202041,355602.2912902821,ensemble,10.0,True,resolved
2025-12-10,1245757.0002132996,0.004382801933248581,1715141.0966494968,0.005017215432146616,782.9668097643263,356385.2581000463,ensemble,10.0,True,resolved
2025-12-11,1253336.4388175025,0.006084203101331287,1726927.9716707906,0.006872248029225814,981.9814598391973,357367.23955988575,ensemble,10.0,True,resolved
2025-12-12,1252809.9864456025,-0.0004200407453218702,1727594.5504378132,0.0003859910650341192,1009.5350540788551,358376.774613965,ensemble,10.0,True,resolved
2025-12-15,1252024.6704635676,-0.0006268436479046624,1727682.7141836467,5.1032660302929855e-05,852.6454083925352,359229.4200223579,ensemble,10.0,True,resolved
2025-12-16,1245244.1518657047,-0.0054156429644093285,1719293.55254737,-0.004855730492297372,696.3070780979155,359925.7271004559,ensemble,10.0,True,resolved
2025-12-17,1232778.2882644183,-0.010010778675498488,1702959.191253691,-0.009500623828593735,642.8483666054727,360568.5754670616,ensemble,10.0,True,resolved
2025-12-18,1232346.4753482162,-0.0003502762178022589,1703375.6787292855,0.00024456691489360693,739.9712034855622,361308.54667054774,ensemble,10.0,True,resolved
2025-12-19,1246723.9963178143,0.011666784672334618,1724461.8593053634,0.012379054626286523,869.7757479561657,362178.32241850323,ensemble,10.0,True,resolved
2025-12-22,1252422.7348363723,0.004570970427608012,1733593.5296263206,0.005295373899794731,900.3417733067425,363078.66419181006,ensemble,10.0,True,resolved
2025-12-23,1252669.5652739466,0.00019708236740578755,1735040.6625822517,0.0008347590892561207,801.6281091848186,363880.29230099526,ensemble,10.0,True,resolved
2025-12-24,1255202.5864813314,0.0020220984668297692,1739887.763583181,0.0027936526823038044,961.436897443613,364841.72919843835,ensemble,10.0,True,resolved
2025-12-26,1253439.4654533071,-0.0014046505695679556,1738871.9979208487,-0.0005838110271206842,1031.3941452513652,365873.12334369024,ensemble,10.0,True,resolved
2025-12-29,1248506.4266962376,-0.003935601912203657,1733287.8213446331,-0.003211378746044824,908.8812683311589,366782.0046120208,ensemble,10.0,True,resolved
2025-12-30,1241783.0588028203,-0.00538512878240327,1724837.8351474265,-0.004875120042470149,638.9179232526708,367420.92253527325,ensemble,10.0,True,resolved
2025-12-31,1230332.6769974676,-0.009220919647906722,1709546.024289271,-0.008865651336346203,442.80216767541475,367863.7247029489,ensemble,10.0,True,resolved
2024-01-02,1000000.0,,1000000.0,,0.0,0.0,elastic_net,10.0,True,resolved
2024-01-03,996264.5599611391,-0.0037354400388608378,997260.8245211001,-0.0027391754788999023,999.0009990009996,999.0009990009996,elastic_net,10.0,True,resolved
2024-01-04,993261.0910772247,-0.0030147302279140975,994455.0263582801,-0.0028135048463048262,200.4737162622206,1199.4747152632203,elastic_net,10.0,True,resolved
2024-01-05,991919.1761265012,-0.0013510193470562815,993613.8946365595,-0.00084582178120296,502.21885258481007,1701.6935678480318,elastic_net,10.0,True,resolved
2024-01-08,1009729.8663117507,0.017955787743514806,1011807.9320311125,0.018310973198707003,352.23437094771003,2053.9279387957426,elastic_net,10.0,True,resolved
2024-01-09,1006003.9948743618,-0.003689968536831012,1008658.3743766235,-0.0031128019012131025,583.721467092001,2637.6494058877392,elastic_net,10.0,True,resolved
2024-01-10,1017795.9918755962,0.011721620452120662,1021046.5712522547,0.012281855968615085,557.5609108648302,3195.210316752572,elastic_net,10.0,True,resolved
2024-01-11,1016593.723812623,-0.0011812466079353934,1020184.7026815533,-0.0008441030947728967,345.22766504416967,3540.437981796743,elastic_net,10.0,True,resolved
2024-01-12,1013308.6483771456,-0.003231453587139055,1017452.86520403,-0.0026777871402529074,566.2207132226757,4106.658695019421,elastic_net,10.0,True,resolved
2024-01-16,1009982.8729659999,-0.00328209516071154,1014511.6494772143,-0.002890763619035841,393.651172850941,4500.309867870355,elastic_net,10.0,True,resolved
2024-01-17,1000167.6641478108,-0.009718193328729363,1005088.7812337999,-0.00928808284091176,429.76713088030414,4930.076998750667,elastic_net,10.0,True,resolved
2024-01-18,1005763.9068022314,0.005595304522456157,1011136.9001740845,0.006017497213390621,429.1018254621876,5359.178824212849,elastic_net,10.0,True,resolved
2024-01-19,1016805.4642305298,0.01097827964756104,1022762.6144077828,0.01149766587659573,525.8833388292817,5885.0621630421265,elastic_net,10.0,True,resolved
2024-01-22,1016719.2938913873,-8.474614090292487e-05,1023186.3499779501,0.00041430490731486636,501.8248239407956,6386.886986982926,elastic_net,10.0,True,resolved
2024-01-23,1020728.4489827553,0.003943227118296644,1027534.4068880168,0.004249525914961971,313.909671355088,6700.796658338016,elastic_net,10.0,True,resolved
2024-01-24,1023195.2270184124,0.0024166839261856587,1030464.4500220083,0.0028515280017389344,454.7779949960924,7155.574653334118,elastic_net,10.0,True,resolved
2024-01-25,1017014.8413398641,-0.006040280012405863,1024793.6592698209,-0.005503140600402356,541.786738822254,7697.361392156366,elastic_net,10.0,True,resolved
2024-01-26,1020888.7678659955,0.0038091150381127648,1029166.0322329513,0.00426658861867435,465.29263331168454,8162.654025468051,elastic_net,10.0,True,resolved
2024-01-29,1028142.5599907523,0.007105369706358555,1036962.0893395483,0.007575120886648579,483.96847992985005,8646.622505397887,elastic_net,10.0,True,resolved
2024-01-30,1032749.8173548946,0.004481146431856375,1042177.9945445997,0.005029986398416453,564.5099938064121,9211.132499204285,elastic_net,10.0,True,resolved
2024-01-31,1027056.7728717121,-0.005512510762542333,1036908.0175393361,-0.005056695720740412,476.30683076856076,9687.43932997283,elastic_net,10.0,True,resolved
2024-02-01,1036662.539734383,0.009352712641008676,1046996.4716329826,0.009729362607868719,385.93986604063286,10073.379196013475,elastic_net,10.0,True,resolved
2024-02-02,1046363.9259146514,0.009358287589666503,1057255.1582564628,0.009798205535000326,452.1427880959955,10525.521984109459,elastic_net,10.0,True,resolved
2024-02-05,1042115.1681413023,-0.0040604971827895575,1053468.0765581958,-0.0035819940614074675,499.02106743792496,11024.543051547398,elastic_net,10.0,True,resolved
2024-02-06,1043991.8318772581,0.0018008218221245986,1055842.9157431333,0.0022543057903532393,467.90146504692086,11492.444516594318,elastic_net,10.0,True,resolved
2024-02-07,1053393.6637686994,0.009005656562020459,1065944.0925348864,0.009566931445141869,594.0041454128617,12086.448662007184,elastic_net,10.0,True,resolved
2024-02-08,1054599.3968593618,0.0011446177551026615,1067690.8362592005,0.0016386823066489864,523.4851667363728,12609.93382874355,elastic_net,10.0,True,resolved
2024-02-09,1059755.3255013872,0.0048889925950839075,1073372.2971637745,0.005321260342066703,462.40682397482203,13072.340652718362,elastic_net,10.0,True,resolved
2024-02-12,1058927.3124997562,-0.000781324690432017,1073227.6400370218,-0.00013476882823870717,679.7164193226811,13752.057072041034,elastic_net,10.0,True,resolved
2024-02-13,1055449.1486651269,-0.003284610561624546,1070365.026450235,-0.0026672939458474154,654.5446057917904,14406.601677832838,elastic_net,10.0,True,resolved
2024-02-14,1062879.7708077647,0.007040246469510736,1078445.2258909093,0.0075490129451178944,539.3386022844209,14945.940280117273,elastic_net,10.0,True,resolved
2024-02-15,1068864.8344365442,0.005630988370614043,1085068.7429095916,0.00614172779448352,540.481698549252,15486.421978666516,elastic_net,10.0,True,resolved
2024-02-16,1059857.8862412188,-0.008426648445285845,1076238.5539412708,-0.008137907414642598,309.60577096484013,15796.027749631365,elastic_net,10.0,True,resolved
2024-02-20,1051755.8759415904,-0.007644430828704918,1068230.2295595997,-0.007441030942762716,215.561996534684,16011.589746166046,elastic_net,10.0,True,resolved
2024-02-21,1039821.9031147412,-0.01134671371925089,1056316.070622558,-0.01115317523073045,205.79476027320757,16217.384506439246,elastic_net,10.0,True,resolved
2024-02-22,1069491.3436571485,0.02853319443794544,1086574.4768802542,0.028645220023835183,115.12269020829791,16332.507196647528,elastic_net,10.0,True,resolved
2024-02-23,1068711.962869991,-0.0007287396871229479,1086170.1830369718,-0.000372081115362799,385.1345900843201,16717.641786731878,elastic_net,10.0,True,resolved
2024-02-26,1068408.593918185,-0.00028386409280145575,1086432.114453713,0.0002411513599174242,559.1361733294825,17276.777960061354,elastic_net,10.0,True,resolved
2024-02-27,1071861.5322627183,0.003231851900283189,1090404.2844899758,0.0036561603651232844,451.9290479695138,17728.707008030855,elastic_net,10.0,True,resolved
2024-02-28,1071659.653680574,-0.000188343900837884,1090522.2891693392,0.00010822103419982909,316.86570638380124,18045.572714414677,elastic_net,10.0,True,resolved
2024-02-29,1082912.9889429738,0.010500848122583228,1102299.8454017225,0.010799922522770622,324.18422584721156,18369.756940261905,elastic_net,10.0,True,resolved
2024-03-01,1095280.7566271124,0.011420832338718823,1115405.1727769887,0.011889076669960197,507.97215852624004,18877.729098788146,elastic_net,10.0,True,resolved
2024-03-04,1097960.9226974004,0.0024470128358153875,1118662.3228908964,0.0029201497298048107,516.253759082488,19393.982857870633,elastic_net,10.0,True,resolved
2024-03-05,1085322.1469386725,-0.011511134410574275,1106249.4605815967,-0.011096165532081037,448.19965276789407,19842.18251063855,elastic_net,10.0,True,resolved
2024-03-06,1091159.8752410202,0.005378797731912188,1112535.730833901,0.005682506953720523,332.3940732084716,20174.57658384703,elastic_net,10.0,True,resolved
2024-03-07,1101185.2471965533,0.009187812146518537,1123359.0174145382,0.009728484470808318,593.1641558419694,20767.740739688998,elastic_net,10.0,True,resolved
2024-03-08,1101159.4265015419,-2.3448093839917306e-05,1124132.3455305006,0.0006884069153085814,783.0676333296097,21550.808373018626,elastic_net,10.0,True,resolved
2024-03-11,1097550.7813672724,-0.0032771323092918303,1121128.4005097586,-0.0026722343082516975,665.6976533090112,22216.50602632762,elastic_net,10.0,True,resolved
2024-03-12,1106728.1229930846,0.008361655589529615,1131193.384830976,0.00897754825998609,673.1439636613147,22889.649989988917,elastic_net,10.0,True,resolved
2024-03-13,1107634.456261363,0.0008189303673131754,1132862.6971682096,0.0014757090693942043,728.5899117916961,23618.239901780606,elastic_net,10.0,True,resolved
2024-03-14,1095186.3658453696,-0.01123844635351079,1120728.3311951784,-0.010711241532944005,588.1931532191139,24206.43305499973,elastic_net,10.0,True,resolved
2024-03-15,1093332.5195272022,-0.0016927222397773445,1119121.9579943444,-0.0014333296983051191,276.88346942807516,24483.31652442782,elastic_net,10.0,True,resolved
2024-03-18,1102952.0389996176,0.00879834752978459,1129383.2348141023,0.009169042521645965,414.31361863103035,24897.630143058857,elastic_net,10.0,True,resolved
2024-03-19,1097434.6047314631,-0.00500242446911725,1124254.6988781574,-0.004541005902915729,503.9008316787934,25401.530974737645,elastic_net,10.0,True,resolved
2024-03-20,1123254.8326996393,0.023527805535614732,1151275.5039388444,0.024034415944758747,555.1261398309974,25956.65711456865,elastic_net,10.0,True,resolved
2024-03-21,1139035.9319954882,0.014049438147459847,1168016.1333670106,0.014540941217711767,557.8753106434392,26514.532425212117,elastic_net,10.0,True,resolved
2024-03-22,1130770.3838896465,-0.007256617525104092,1159934.6384375799,-0.006918992553753944,381.66953323474166,26896.201958446884,elastic_net,10.0,True,resolved
2024-03-25,1140223.1777678197,0.008359605108914536,1169970.9414900152,0.008652472923779797,342.934042382923,27239.136000829807,elastic_net,10.0,True,resolved
2024-03-26,1141960.8209044398,0.0015239500218033886,1172158.6000789744,0.0018698401057490877,398.9187028543833,27638.054703684196,elastic_net,10.0,True,resolved
2024-03-27,1152100.279645482,0.008878990027881839,1183077.2994448172,0.00931503583653881,490.65327385289413,28128.707977537102,elastic_net,10.0,True,resolved
2024-03-28,1150494.3690726268,-0.001393898258013948,1182127.151150388,-0.0008031159881735084,682.2121954964944,28810.920173033635,elastic_net,10.0,True,resolved
2024-04-01,1154606.8160593205,0.003574504228133213,1186911.7208990252,0.004047423954336216,562.196488962842,29373.11666199647,elastic_net,10.0,True,resolved
2024-04-02,1141486.1741687674,-0.011363731538788113,1173912.3556379115,-0.010952259576025858,472.62200039736587,29845.738662393836,elastic_net,10.0,True,resolved
2024-04-03,1151060.418648298,0.00838752557515865,1184438.697131462,0.008966888748547452,676.1070046886567,30521.845667082478,elastic_net,10.0,True,resolved
2024-04-04,1139846.5252024967,-0.00974222835233085,1173621.8021257827,-0.00913250726430681,705.0487767344957,31226.894443816953,elastic_net,10.0,True,resolved
2024-04-05,1150014.6902943994,0.008920644022752278,1184722.891233402,0.009458829997459173,612.5120653053775,31839.40650912231,elastic_net,10.0,True,resolved
2024-04-08,1156105.5172977457,0.005296303651379564,1191756.9201596812,0.005937277804226593,734.3506287879376,32573.757137910205,elastic_net,10.0,True,resolved
2024-04-09,1159327.8986987472,0.00278727274698376,1195959.7946234774,0.003526620565570626,856.6625882474402,33430.419726157605,elastic_net,10.0,True,resolved
2024-04-10,1149794.864569067,-0.008222897197919798,1186939.4739843342,-0.00754232765992191,782.9110640375275,34213.33079019516,elastic_net,10.0,True,resolved
2024-04-11,1132495.3731484471,-0.015045719852909256,1169856.4814664377,-0.014392471471651458,748.2250407890546,34961.55583098425,elastic_net,10.0,True,resolved
2024-04-12,1126494.4867144946,-0.005298817616596008,1164365.8788542831,-0.004693398463093468,683.77707392285,35645.332904907125,elastic_net,10.0,True,resolved
2024-04-15,1118299.6917601307,-0.007274598367777774,1156597.5013885954,-0.006671766672973645,682.1832029341344,36327.5161078413,elastic_net,10.0,True,resolved
2024-04-16,1116566.8631774425,-0.0015495207549962586,1155397.4740731486,-0.0010375496350338853,569.9760630437119,36897.492170884965,elastic_net,10.0,True,resolved
2024-04-17,1113691.683592204,-0.00257501783373415,1153077.2731497204,-0.002008140899987132,638.1744447088684,37535.66661559376,elastic_net,10.0,True,resolved
2024-04-18,1111653.4964941517,-0.0018301179115194355,1151729.3451096509,-0.0011689832689074642,739.9079877489693,38275.57460334273,elastic_net,10.0,True,resolved
2024-04-19,1105561.103884338,-0.005480478070754469,1146048.075117344,-0.004932816912610605,613.7965405059629,38889.37114384867,elastic_net,10.0,True,resolved
2024-04-22,1111462.6887124577,0.0053380901402779735,1152651.8347473904,0.005762201231715558,468.5954721119369,39357.96661596064,elastic_net,10.0,True,resolved
2024-04-23,1126884.6670136515,0.013875390022366707,1169257.6320975586,0.014406602973748406,587.1224873258708,39945.08910328647,elastic_net,10.0,True,resolved
2024-04-24,1131142.8471033387,0.0037787186340656476,1174381.9506025827,0.004382540138593294,681.5273251078816,40626.616428394314,elastic_net,10.0,True,resolved
2024-04-25,1131145.8366113328,2.6429093387125846e-06,1175110.644409839,0.0006204913204621576,695.1605988948206,41321.77702728917,elastic_net,10.0,True,resolved
2024-04-26,1132366.7510392577,0.0010793607582755271,1177163.4453517208,0.0017469001337424572,757.6961829879342,42079.47321027713,elastic_net,10.0,True,resolved
2024-04-29,1132631.0297246592,0.000233386122613366,1178268.8605902288,0.0009390499194252833,795.7163459277565,42875.18955620485,elastic_net,10.0,True,resolved
2024-04-30,1110221.3453064528,-0.019785511636259967,1155636.1720506265,-0.01920842457659877,634.5559736711913,43509.74552987607,elastic_net,10.0,True,resolved
2024-05-01,1110745.8953610773,0.00047247340076994604,1156675.5831363972,0.0008994276147711311,483.5638058228226,43993.309335698905,elastic_net,10.0,True,resolved
2024-05-02,1116794.0892059898,0.005445164254193724,1163673.0746261668,0.006049657822633003,664.4358256821918,44657.74516138108,elastic_net,10.0,True,resolved
2024-05-03,1117886.0379044558,0.000977752934958831,1165505.4471793715,0.0015746454851963687,670.1166960037821,45327.861857384814,elastic_net,10.0,True,resolved
2024-05-06,1126404.0865982126,0.007619782701396183,1174975.5671200368,0.008125333059218143,563.2494610194078,45891.11131840421,elastic_net,10.0,True,resolved
2024-05-07,1123797.3756406447,-0.0023141881218136096,1172814.962482972,-0.0018388506940281157,531.4360134892671,46422.54733189343,elastic_net,10.0,True,resolved
2024-05-08,1126249.3674802412,0.0021818807311226873,1175949.1705485096,0.002672380695844856,551.3383682178257,46973.88570011122,elastic_net,10.0,True,resolved
2024-05-09,1130508.8755162442,0.0037820292370354114,1180926.1575731526,0.0042323147541500905,504.9024368532446,47478.788136964424,elastic_net,10.0,True,resolved
2024-05-10,1129065.553607675,-0.001276701085526688,1180021.35806181,-0.000766177889735209,580.8504810509173,48059.6386180154,elastic_net,10.0,True,resolved
2024-05-13,1125029.0307530367,-0.003575100526041597,1176274.6443870903,-0.003175123610367203,450.7669271825826,48510.40554519806,elastic_net,10.0,True,resolved
2024-05-14,1133131.405890905,0.0072019253871564715,1185185.7261069338,0.007575681208776386,413.2177612351291,48923.62330643321,elastic_net,10.0,True,resolved
2024-05-15,1140568.782557871,0.006563560614682995,1193392.9263602002,0.006924822053185897,403.2152303812566,49326.838536814466,elastic_net,10.0,True,resolved
2024-05-16,1131348.3214978322,-0.008084090324969928,1183980.9113944457,-0.007886769527334803,219.40449874374616,49546.24303555824,elastic_net,10.0,True,resolved
2024-05-17,1133386.9233468864,0.001801922370252118,1186425.1262575882,0.0020644039440329554,297.999205304149,49844.24224086246,elastic_net,10.0,True,resolved
2024-05-20,1142118.781612404,0.00770421652627884,1196042.3276327234,0.008106033126145329,472.59798710445097,50316.84022796693,elastic_net,10.0,True,resolved
2024-05-21,1137051.0615244275,-0.004437121750876072,1191207.6760481005,-0.0040422077654993505,439.4917011707329,50756.331929137596,elastic_net,10.0,True,resolved
2024-05-22,1129118.259316577,-0.00697664553183297,1183297.8469459792,-0.006640176403465259,390.9457007368898,51147.27762987453,elastic_net,10.0,True,resolved
2024-05-23,1123790.0825311325,-0.004718882846398764,1178338.1875939337,-0.004191387117661094,611.249674879913,51758.52730475446,elastic_net,10.0,True,resolved
2024-05-24,1128744.9308957108,0.004409051513800888,1184341.0408007023,0.005094338170458457,764.9756636732501,52523.5029684277,elastic_net,10.0,True,resolved
2024-05-28,1117824.5081910256,-0.009674836542583054,1173547.999118501,-0.009113119709931117,634.6177775564444,53158.12074598412,elastic_net,10.0,True,resolved
2024-05-29,1112276.6740380207,-0.004963063622556385,1168137.4351149173,-0.004610432643273099,394.63919923861556,53552.75994522274,elastic_net,10.0,True,resolved
2024-05-30,1101785.3101173723,-0.009432332948744127,1157603.4804239306,-0.009017735734109467,454.54649105052016,54007.30643627331,elastic_net,10.0,True,resolved
2024-05-31,1094345.765068274,-0.006752263785678725,1150439.1411154885,-0.006188940712080759,615.8554231973848,54623.16185947069,elastic_net,10.0,True,resolved
2024-06-03,1089486.2952642164,-0.004440525069107748,1145823.208515761,-0.00401232228177828,467.1109724434235,55090.272831914146,elastic_net,10.0,True,resolved
2024-06-04,1084694.6700298716,-0.004398059209347549,1141287.1952936505,-0.003958737428600534,482.2522711708217,55572.525103084925,elastic_net,10.0,True,resolved
2024-06-05,1102948.4445350384,0.016828491011819935,1161104.888637363,0.01736433513442992,579.5167966263716,56152.04189971137,elastic_net,10.0,True,resolved
2024-06-06,1090857.1128325497,-0.010962735168991489,1149068.7672191353,-0.010366093137677557,667.9610695684968,56820.00296927985,elastic_net,10.0,True,resolved
2024-06-07,1086602.9587244513,-0.0038998270791414935,1145228.7307645227,-0.003341868271213966,606.0612791532989,57426.0642484332,elastic_net,10.0,True,resolved
2024-06-10,1097742.531886984,0.010251741975384698,1157401.9164593504,0.01062947983037521,397.93404588640703,57823.99829431962,elastic_net,10.0,True,resolved
2024-06-11,1085310.2942055059,-0.01132527648364634,1144862.0917502167,-0.010834459949310205,528.4951117547326,58352.4934060743,elastic_net,10.0,True,resolved
2024-06-12,1087803.5535730857,0.0022972779129539767,1147886.602183935,0.0026418120186813,372.39673936686927,58724.890145441226,elastic_net,10.0,True,resolved
2024-06-13,1100035.851164415,0.011244950939119702,1161171.356395298,0.01157322873713107,372.2602668885607,59097.150412329815,elastic_net,10.0,True,resolved
2024-06-14,1095319.4366532508,-0.00428750981722259,1156583.4038356717,-0.003951141693564364,368.2447037705861,59465.39511610037,elastic_net,10.0,True,resolved
2024-06-17,1108567.5975531272,0.012095248615651366,1170933.1501096727,0.012407013818814816,351.061081145767,59816.456197246094,elastic_net,10.0,True,resolved
2024-06-18,1114025.5340892063,0.004923413374273267,1177362.7110188247,0.005490971801891398,637.1105622355035,60453.56675948164,elastic_net,10.0,True,resolved
2024-06-20,1113792.285981219,-0.00020937411293531216,1177583.4995868192,0.00018752807943389627,446.27244247365513,60899.83920195527,elastic_net,10.0,True,resolved
2024-06-21,1113579.3297829079,-0.0001911992038295951,1177939.947394251,0.0003026942951873668,546.8408176535394,61446.68001960879,elastic_net,10.0,True,resolved
2024-06-24,1114214.8233974956,0.0005706765540551828,1179306.943652704,0.00116049741031099,658.1997366785217,62104.87975628728,elastic_net,10.0,True,resolved
2024-06-25,1117044.888711859,0.0025399637977656653,1182912.2200526544,0.003057114536088257,569.7290523586853,62674.60880864597,elastic_net,10.0,True,resolved
2024-06-26,1113362.2330223755,-0.003296783975915485,1179627.9653377975,-0.00277641456329758,580.3870183506717,63254.99582699665,elastic_net,10.0,True,resolved
2024-06-27,1117236.6352615587,0.003479911680375203,1184429.9469934888,0.004070759423133952,660.4701990322594,63915.46602602891,elastic_net,10.0,True,resolved
2024-06-28,1109674.6166877842,-0.006768502155323763,1177063.9111885466,-0.006219055693112097,613.7573605107048,64529.22338653966,elastic_net,10.0,True,resolved
2024-07-01,1103090.093422633,-0.005933742347648874,1170407.0219822275,-0.005655503616279645,308.8136009239696,64838.036987463616,elastic_net,10.0,True,resolved
2024-07-02,1104046.6255700083,0.0008671387342511494,1171664.0759063954,0.0010740314271517892,226.7674883735103,65064.80447583715,elastic_net,10.0,True,resolved
2024-07-03,1111060.1442978834,0.006352556645199625,1179465.224985309,0.006658178943378834,337.5850395391763,65402.38951537629,elastic_net,10.0,True,resolved
2024-07-05,1108495.4861760642,-0.0023082981915797385,1177329.6365223064,-0.0018106413124890919,545.8648135378309,65948.25432891416,elastic_net,10.0,True,resolved
2024-07-08,1117086.0412195104,0.007749742917835922,1187034.4675941379,0.008243087382475478,556.0918610555806,66504.34618996963,elastic_net,10.0,True,resolved
2024-07-09,1113771.6602067037,-0.0029669881195439896,1184281.2370755686,-0.0023194191859899904,724.0884294949539,67228.43461946459,elastic_net,10.0,True,resolved
2024-07-10,1118834.5029906898,0.0045456739158245,1190362.2018526318,0.005134730321388226,657.3491548929655,67885.78377435751,elastic_net,10.0,True,resolved
2024-07-11,1130193.9758727695,0.010152951890306738,1202971.0291227687,0.010592429136705661,498.493990004305,68384.2777643619,elastic_net,10.0,True,resolved
2024-07-12,1134744.5986427981,0.004026408622922029,1208235.740685352,0.004376424232279685,395.49152473345526,68779.76928909542,elastic_net,10.0,True,resolved
2024-07-15,1143018.8323855517,0.007291714587273512,1217406.6754085678,0.007590352126161992,339.8353592795704,69119.60464837495,elastic_net,10.0,True,resolved
2024-07-16,1149161.1039700634,0.005373727370433956,1224641.9121027994,0.005943155102056119,653.7483786312451,69773.35302700617,elastic_net,10.0,True,resolved
2024-07-17,1136351.9858442373,-0.011146494674744711,1211606.9943252516,-0.010643860583838705,586.3169571432003,70359.66998414948,elastic_net,10.0,True,resolved
2024-07-18,1129951.3327126391,-0.005632632504129265,1205158.3398759514,-0.005322397839813919,353.27751584137866,70712.94749999078,elastic_net,10.0,True,resolved
2024-07-19,1131550.595095305,0.0014153374011485198,1207236.9490469357,0.0017247602262771,350.0172421962206,71062.96474218694,elastic_net,10.0,True,resolved
2024-07-22,1142536.863536216,0.009709038631176448,1219581.0206109043,0.010225061098166233,578.5143997618659,71641.47914194892,elastic_net,10.0,True,resolved
2024-07-23,1138027.852423117,-0.003946490705904582,1215612.7043332504,-0.003253835711272468,790.1583512533307,72431.6374932022,elastic_net,10.0,True,resolved
2024-07-24,1121629.860774397,-0.014409130333501996,1198749.4722509133,-0.013872207835789685,607.0255566863633,73038.6630498886,elastic_net,10.0,True,resolved
2024-07-25,1117901.0934031473,-0.0033244187781120704,1195256.8008509674,-0.0029135957769287346,458.39280531521706,73497.05585520374,elastic_net,10.0,True,resolved
2024-07-26,1126326.6119300046,0.0075369087449481675,1204690.3958316918,0.007892525668131034,400.36739424685754,73897.42324945057,elastic_net,10.0,True,resolved
2024-07-29,1124786.4049967714,-0.0013674603058467794,1203355.090027735,-0.0011084223868447207,288.8224509196298,74186.24570037021,elastic_net,10.0,True,resolved
2024-07-30,1108225.5174132783,-0.014723584415603397,1186147.4580445131,-0.014299712633305428,469.3771057886647,74655.62280615888,elastic_net,10.0,True,resolved
2024-07-31,1133340.6548856883,0.022662478960989274,1213460.3516418952,0.023026558301958655,411.45300539510947,75067.07581155401,elastic_net,10.0,True,resolved
2024-08-01,1106741.7697678765,-0.023469452898514986,1185742.2289410783,-0.0228422153746618,718.4043644557453,75785.48017600975,elastic_net,10.0,True,resolved
2024-08-02,1090136.3254809221,-0.01500390130792395,1168850.5691804367,-0.01424564239035886,843.2037462796404,76628.68392228943,elastic_net,10.0,True,resolved
2024-08-05,1073829.4157740262,-0.014958596760549225,1151714.802370331,-0.014660357159359316,321.2990511755221,76949.98297346506,elastic_net,10.0,True,resolved
2024-08-06,1090659.3516939243,0.015672820722429925,1170191.4878118627,0.016042761110220294,395.237998270673,77345.22097173586,elastic_net,10.0,True,resolved
2024-08-07,1077722.6483939204,-0.01186136008453198,1157013.7936995612,-0.0112611433680333,660.4710173808887,78005.69198911675,elastic_net,10.0,True,resolved
2024-08-08,1109074.5878045587,0.029090916347875417,1191287.8875927213,0.029622891343039637,569.0895310448692,78574.78152016149,elastic_net,10.0,True,resolved
2024-08-09,1115719.4956422644,0.005991398514377133,1199117.9340094046,0.006572757515822536,645.9064932094032,79220.68801337093,elastic_net,10.0,True,resolved
2024-08-12,1116408.9387619793,0.0006179358901656773,1200632.8559487278,0.0012633635911505348,723.9225311088642,79944.6105444797,elastic_net,10.0,True,resolved
2024-08-13,1131330.277113568,0.01336547732064508,1217470.2311232109,0.014023750133989488,741.7843393920863,80686.39488387185,elastic_net,10.0,True,resolved
2024-08-14,1135521.586805611,0.003704762240374526,1222740.573042432,0.004328928777469043,706.2312060453969,81392.62608991715,elastic_net,10.0,True,resolved
2024-08-15,1145453.4152051643,0.008746490172408805,1234207.9939533907,0.009378457837892151,721.7242191495305,82114.35030906669,elastic_net,10.0,True,resolved
2024-08-16,1146573.0396495129,0.0009774508762085965,1236254.4974132655,0.0016581511948561278,776.6435590929362,82890.99386815965,elastic_net,10.0,True,resolved
2024-08-19,1151250.1916416395,0.004079244697360318,1241907.3259573309,0.004572544371642895,564.2129936952446,83455.20686185485,elastic_net,10.0,True,resolved
2024-08-20,1147659.6975314314,-0.0031187782953486787,1238668.863817344,-0.002607652014203654,590.6230101528038,84045.82987200753,elastic_net,10.0,True,resolved
2024-08-21,1154953.603469639,0.0063554605549855925,1247076.7402476696,0.0067878322253247525,496.13746383409364,84541.9673358415,elastic_net,10.0,True,resolved
2024-08-22,1146389.1813102507,-0.007415381997735393,1238138.753015096,-0.007167150941167044,286.74593122460476,84828.71326706599,elastic_net,10.0,True,resolved
2024-08-23,1161522.0096592135,0.013200428437109668,1254836.8795778484,0.01348647437299677,328.6520867188431,85157.36535378471,elastic_net,10.0,True,resolved
2024-08-26,1160204.2848048804,-0.0011344811750229056,1254014.0572543456,-0.0006557205457490278,561.446393856423,85718.8117476412,elastic_net,10.0,True,resolved
2024-08-27,1163438.5080645732,0.002787632576479071,1258191.0640249802,0.0033309090488029547,625.9093701652762,86344.72111780639,elastic_net,10.0,True,resolved
2024-08-28,1155519.000802958,-0.006806983958945634,1250285.1389252385,-0.006283564814433262,607.8469565559304,86952.56807436232,elastic_net,10.0,True,resolved
2024-08-29,1161636.181021789,0.005293881117126142,1257482.3842281336,0.005756483124387035,541.7156741190221,87494.28374848134,elastic_net,10.0,True,resolved
2024-08-30,1169203.9141041916,0.006514718813033005,1266518.636969471,0.0071859875372202175,774.9080935319946,88269.19184201337,elastic_net,10.0,True,resolved
2024-09-03,1152073.665216444,-0.014651207271121902,1248845.3315076618,-0.013954240345090962,821.4143931034703,89090.60623511687,elastic_net,10.0,True,resolved
2024-09-04,1140946.0273394855,-0.0096587902431291,1237426.3426836017,-0.009143637355215728,594.2552396096418,89684.86147472648,elastic_net,10.0,True,resolved
2024-09-05,1137956.0972028547,-0.0026205710568122376,1234846.6483826342,-0.0020847255404090603,610.4665452783883,90295.32802000476,elastic_net,10.0,True,resolved
2024-09-06,1118650.2590294394,-0.016965362917664262,1214521.7161192694,-0.016459478826772345,581.3629490662007,90876.69096907103,elastic_net,10.0,True,resolved
2024-09-09,1128444.1492810773,0.008755095860019102,1225750.9830341195,0.009245834607824577,548.3283618592931,91425.0193309303,elastic_net,10.0,True,resolved
2024-09-10,1125360.1806035251,-0.0027329386921957077,1223098.9336801772,-0.002163611851550451,645.0768041429016,92070.09613507312,elastic_net,10.0,True,resolved
2024-09-11,1131407.203959386,0.005373411517562321,1230448.2477348968,0.006008764992220472,711.1546003264377,92781.25073539956,elastic_net,10.0,True,resolved
2024-09-12,1138490.591618389,0.006260688136167314,1238980.6220196788,0.006934362579238185,761.2473973853835,93542.49813278492,elastic_net,10.0,True,resolved
2024-09-13,1145151.2640304074,0.005850441330876643,1247081.6699036793,0.006538478278049986,783.5346616637822,94326.03279444863,elastic_net,10.0,True,resolved
2024-09-16,1150675.8393154046,0.0048243192480557084,1253768.04930784,0.00536162110752314,617.1753255059521,94943.2081199547,elastic_net,10.0,True,resolved
2024-09-17,1151072.2697360232,0.00034451963539483543,1254845.163959208,0.0008591020101067492,594.7971288518803,95538.00524880648,elastic_net,10.0,True,resolved
2024-09-18,1149160.7683319175,-0.0016606267515627549,1253441.6295837185,-0.0011184920783861019,626.7367807104887,96164.74202951702,elastic_net,10.0,True,resolved
2024-09-19,1154800.4663466632,0.0049076666817751136,1260244.3150452375,0.005427205624069176,598.497087410164,96763.23911692717,elastic_net,10.0,True,resolved
2024-09-20,1155154.2762814364,0.0003063818772888194,1261178.4819060296,0.0007412585398240967,501.246168220293,97264.48528514744,elastic_net,10.0,True,resolved
2024-09-23,1162311.8078111429,0.006196169357349568,1269864.5064208019,0.006887228603555728,798.2011677792983,98062.68645292686,elastic_net,10.0,True,resolved
2024-09-24,1159481.2698482496,-0.0024352656007372575,1267796.6318975303,-0.0016284213889086185,938.7736754677043,99001.46012839452,elastic_net,10.0,True,resolved
2024-09-25,1152972.0254564004,-0.005613928022055181,1261478.3748403417,-0.004983651871461325,732.2566447280841,99733.71677312264,elastic_net,10.0,True,resolved
2024-09-26,1157518.4400614575,0.0039432132824361865,1267217.4108537696,0.004549452553361588,698.3364162002468,100432.0531893229,elastic_net,10.0,True,resolved
2024-09-27,1163280.6206616045,0.004978046483510967,1274403.3396056406,0.005670636064753598,801.3566841878096,101233.40987351071,elastic_net,10.0,True,resolved
2024-09-30,1166171.7031793587,0.002485283831265006,1278346.643012153,0.0030942349913589684,705.4937748703478,101938.90364838098,elastic_net,10.0,True,resolved
2024-10-01,1158999.5088918027,-0.006150204354986699,1271204.8708283622,-0.005586725809333504,656.4563533747041,102595.36000175573,elastic_net,10.0,True,resolved
2024-10-02,1162581.7769632377,0.0030908279459584964,1275808.792090326,0.003621698883960134,614.2336132188929,103209.59361497455,elastic_net,10.0,True,resolved
2024-10-03,1159679.142152454,-0.0024967145264960244,1273219.4226220225,-0.0020295905502117906,544.5714955181396,103754.16511049257,elastic_net,10.0,True,resolved
2024-10-04,1169411.3911252976,0.008392191097599477,1284428.7124294944,0.008803894763392606,489.0718657949269,104243.23697628758,elastic_net,10.0,True,resolved
2024-10-07,1163360.7654251752,-0.005174077955833911,1278332.2138535266,-0.004746467061170101,495.19627435790306,104738.43325064541,elastic_net,10.0,True,resolved
2024-10-08,1170577.8515843314,0.006203652704858564,1287028.1784926746,0.006802585857500931,698.9563195761983,105437.38957022164,elastic_net,10.0,True,resolved
2024-10-09,1173328.6787808987,0.0023499737269454535,1290806.4033705618,0.0029356193912646322,687.4456162137179,106124.83518643543,elastic_net,10.0,True,resolved
2024-10-10,1165587.5574385189,-0.006597572770847937,1283041.9278991076,-0.006015213010393761,689.2374049419782,106814.07259137729,elastic_net,10.0,True,resolved
2024-10-11,1180562.8988798512,0.012847890615992785,1300143.7599480664,0.013329129529665362,559.5216737929777,107373.59426517022,elastic_net,10.0,True,resolved
2024-10-14,1190439.9095667186,0.00836635701176025,1311866.541723566,0.009016527353842507,766.353436211102,108139.94770138145,elastic_net,10.0,True,resolved
2024-10-15,1189188.8178213935,-0.0010509490947598898,1311279.8347513317,-0.0004472306851147634,721.9254445273893,108861.8731459089,elastic_net,10.0,True,resolved
2024-10-16,1198871.0120813546,0.00814184771573867,1322553.8399965912,0.008597711141800302,546.4716752508349,109408.34482115976,elastic_net,10.0,True,resolved
2024-10-17,1194680.5966026764,-0.003495301359737746,1318686.8782060405,-0.0029238596370191328,683.8185942883069,110092.16341544793,elastic_net,10.0,True,resolved
2024-10-18,1204871.0081509,0.008529820922179576,1330600.3008933908,0.009034307449511836,596.1897700189525,110688.35318546685,elastic_net,10.0,True,resolved
2024-10-21,1201705.5815794058,-0.0026271912512462192,1327778.744141581,-0.002120514139306362,612.119891858521,111300.47307732535,elastic_net,10.0,True,resolved
2024-10-22,1196164.486403228,-0.004611025579905448,1322444.4639700684,-0.004017446577638362,713.9633997143596,112014.43647703965,elastic_net,10.0,True,resolved
2024-10-23,1187147.8042295275,-0.007537995214030313,1313110.0983962775,-0.007058417822528806,572.6891664074394,112587.12564344723,elastic_net,10.0,True,resolved
2024-10-24,1192707.739517335,0.004683439810947654,1319684.4002454523,0.005006664602765554,389.00066422104084,112976.12630766831,elastic_net,10.0,True,resolved
2024-10-25,1197673.962411095,0.0041638221411806065,1325727.2059745924,0.004578977919278415,493.84389808097217,113469.9702057493,elastic_net,10.0,True,resolved
2024-10-28,1205495.982026787,0.006531009157070722,1335142.7313899116,0.007102159005930364,691.0803616488943,114161.05056739833,elastic_net,10.0,True,resolved
2024-10-29,1214344.4625434962,0.007340116141932196,1345627.3901414769,0.00785283738215048,636.4918000285373,114797.54236742694,elastic_net,10.0,True,resolved
2024-10-30,1155546.5054819486,-0.04841950441178178,1281269.574838604,-0.047827367200147686,633.9351036993344,115431.47747112613,elastic_net,10.0,True,resolved
2024-10-31,1144584.4680348018,-0.009486452855979932,1269845.9496956696,-0.008915863895678222,631.7055028962665,116063.18297402235,elastic_net,10.0,True,resolved
2024-11-01,1140490.172536658,-0.0035771020946786525,1266142.0859188272,-0.002916781974797833,758.1996807567391,116821.38265477918,elastic_net,10.0,True,resolved
2024-11-04,1144740.3379955194,0.00372661296099408,1271675.0988929637,0.004369977931916846,731.8638740059056,117553.24652878496,elastic_net,10.0,True,resolved
2024-11-05,1156196.7913442259,0.01000790569568566,1285119.7317455513,0.010572380370026613,644.3816515520144,118197.62818033705,elastic_net,10.0,True,resolved
2024-11-06,1152428.7238469752,-0.0032590191613226516,1281674.2439200073,-0.002681063670903372,662.3846524731664,118860.0128328102,elastic_net,10.0,True,resolved
2024-11-07,1167172.9552626875,0.012794050608608387,1298538.7096409884,0.013158152940173862,416.7643987230347,119276.77723153318,elastic_net,10.0,True,resolved
2024-11-08,1180975.4440229556,0.011825572806526852,1314451.610892122,0.012254468144067054,503.47650132105247,119780.25373285415,elastic_net,10.0,True,resolved
2024-11-11,1171531.6585810734,-0.007996597634335467,1304682.887157933,-0.007431786498065751,673.6339268878959,120453.88765974191,elastic_net,10.0,True,resolved
2024-11-12,1163988.7143463437,-0.006438532138231423,1296797.9312549022,-0.006043580383128355,460.80467890610316,120914.69233864792,elastic_net,10.0,True,resolved
2024-11-13,1154270.9885874393,-0.008348642593464906,1286424.5158132087,-0.007999253539566653,403.830058388773,121318.5223970366,elastic_net,10.0,True,resolved
2024-11-14,1135699.0706718774,-0.016089738111056295,1266314.0152288158,-0.015632864841416683,519.2985674244794,121837.82096446118,elastic_net,10.0,True,resolved
2024-11-15,1125085.604433437,-0.009345315596816839,1254852.7485857722,-0.00905088825142053,335.9803993299245,122173.80136379106,elastic_net,10.0,True,resolved
2024-11-18,1151673.2199503859,0.023631637816873052,1284795.8289786687,0.023861827952835535,283.8870070435262,122457.68837083451,elastic_net,10.0,True,resolved
2024-11-19,1185483.8594396152,0.029357841185788658,1323354.995874497,0.03001190230083517,800.5877264001172,123258.2760972346,elastic_net,10.0,True,resolved
2024-11-20,1186516.963220266,0.0008714617009961678,1325350.059775624,0.0015075802844637387,753.1209815019781,124011.3970787366,elastic_net,10.0,True,resolved
2024-11-21,1198752.2216494968,0.010311911930886986,1339504.2603272293,0.010679594004018522,437.87376442245204,124449.27084315907,elastic_net,10.0,True,resolved
2024-11-22,1215230.9650494475,0.013746580070796988,1358425.9007133874,0.014125853083539752,453.0553778073743,124902.32622096642,elastic_net,10.0,True,resolved
2024-11-25,1219190.0604934948,0.003257895460132776,1363211.044731013,0.003522565356794738,327.1819487025464,125229.50816966893,elastic_net,10.0,True,resolved
2024-11-26,1225185.5198652572,0.004917575664400875,1370182.9340207195,0.005114313969692086,233.30009538248075,125462.80826505144,elastic_net,10.0,True,resolved
2024-11-27,1221095.9183249504,-0.0033379447226543624,1365977.1823441288,-0.003069481871482038,326.0608859468514,125788.86915099829,elastic_net,10.0,True,resolved
2024-11-29,1229699.6670017834,0.007045923704859458,1375939.1913729464,0.0072929541998072445,305.57407573935205,126094.44322673777,elastic_net,10.0,True,resolved
2024-12-02,1223419.696684945,-0.005106913895610021,1369353.1301221512,-0.004786593253604088,396.5797423099616,126491.0229690478,elastic_net,10.0,True,resolved
2024-12-03,1238146.7655504378,0.012037626094625109,1386285.5243970496,0.012365250352469603,405.7715454847023,126896.79451453248,elastic_net,10.0,True,resolved
2024-12-04,1242995.9781347099,0.003916508704132626,1392011.356442088,0.004130341076401978,267.59641895865377,127164.39093349101,elastic_net,10.0,True,resolved
2024-12-05,1244775.4872385967,0.001431629011830804,1394282.7730403224,0.00163175148516026,252.67192564777483,127417.06285913881,elastic_net,10.0,True,resolved
2024-12-06,1254184.6395745184,0.007558915187826365,1405171.4472618448,0.007809516428133767,319.71957462092547,127736.78243375978,elastic_net,10.0,True,resolved
2024-12-09,1232121.4769088482,-0.017591638399554355,1381384.4257894293,-0.016928198703985542,829.5572220135671,128566.33965577322,elastic_net,10.0,True,resolved
2024-12-10,1219012.067694851,-0.010639705142455713,1367381.862834211,-0.010136615625455758,627.0343311235358,129193.37398689665,elastic_net,10.0,True,resolved
2024-12-11,1225873.7681186798,0.005628902785847156,1375709.806576312,0.006090430163260718,567.5292474397688,129760.90323433629,elastic_net,10.0,True,resolved
2024-12-12,1223979.1556398433,-0.0015455200430172233,1374625.7805639473,-0.0007879757832522927,930.8293508547682,130691.73258519094,elastic_net,10.0,True,resolved
2024-12-13,1226382.1191735729,0.0019632389347949974,1378124.276736573,0.002545053513539175,711.3371260115141,131403.06971120255,elastic_net,10.0,True,resolved
2024-12-16,1219096.2088276695,-0.005940978942854391,1370689.4318964267,-0.0053949015815556445,670.7581595614055,132073.8278707639,elastic_net,10.0,True,resolved
2024-12-17,1208440.8015674823,-0.008740415385619094,1359401.1994271465,-0.008235441381978403,609.6940738220608,132683.52194458575,elastic_net,10.0,True,resolved
2024-12-18,1177457.206975492,-0.025639315183500266,1325142.4055311696,-0.025201385661873466,526.607116570554,133210.12906115613,elastic_net,10.0,True,resolved
2024-12-19,1159152.0535593212,-0.015546342837537863,1305106.00529365,-0.015120186444782968,495.60875079254026,133705.7378119485,elastic_net,10.0,True,resolved
2024-12-20,1172511.2206599873,0.011524947964889565,1320650.4344931128,0.011910472510595183,446.9887867408032,134152.72659868904,elastic_net,10.0,True,resolved
2024-12-23,1175274.911638919,0.0023570699625168334,1324581.0568043266,0.002976277604241462,726.4165634068112,134879.14316209595,elastic_net,10.0,True,resolved
2024-12-24,1185229.2361104535,0.008469783854786028,1336570.8719034253,0.00905177907951149,683.2855738999226,135562.4287359959,elastic_net,10.0,True,resolved
2024-12-26,1185591.9321294175,0.000306013392104898,1337646.142129581,0.0008044992216718061,590.7369116193433,136153.16564761515,elastic_net,10.0,True,resolved
2024-12-27,1175763.9500194064,-0.008289515004002546,1327417.4773655809,-0.007646764298752218,760.606419607738,136913.7720672228,elastic_net,10.0,True,resolved
2024-12-30,1168166.4782881066,-0.0064617321624586,1319509.0763401547,-0.005957734593883268,593.5260014210205,137507.29806864372,elastic_net,10.0,True,resolved
2024-12-31,1165103.7589633805,-0.002621817507736046,1316690.6404832026,-0.002135973073235209,571.9034181675663,138079.20148681157,elastic_net,10.0,True,resolved
2025-01-02,1165463.656003169,0.0003088969862294899,1317761.296491153,0.0008131416560821503,585.0158134426384,138664.21730025407,elastic_net,10.0,True,resolved
2025-01-03,1179331.4503597245,0.011898950503624883,1334028.8883349942,0.012344869960255522,520.4465549595187,139184.66385521376,elastic_net,10.0,True,resolved
2025-01-06,1195154.9203565926,0.013417322154888334,1352757.05706798,0.014038802980016918,740.3966888375405,139925.0605440511,elastic_net,10.0,True,resolved
2025-01-07,1189168.823833805,-0.005008636471162675,1346803.6268804895,-0.004400960361939821,725.5431417407788,140650.60368579175,elastic_net,10.0,True,resolved
2025-01-08,1192982.207507779,0.0032067639157236094,1351620.070614675,0.0035762034182678093,436.066284291693,141086.66997008317,elastic_net,10.0,True,resolved
2025-01-10,1177546.6265412108,-0.01293865144796591,1334711.476795503,-0.012509871809969986,513.4969346332788,141600.16690471626,elastic_net,10.0,True,resolved
2025-01-13,1178355.5411685396,0.0006869491271905837,1336229.501072406,0.0011373426416829702,527.866023386114,142128.03292810215,elastic_net,10.0,True,resolved
2025-01-14,1185884.8105380542,0.006389641416756131,1345210.2244012486,0.0067209437612587575,390.60739823834956,142518.6403263403,elastic_net,10.0,True,resolved
2025-01-15,1200759.1744580532,0.012542840407282263,1362529.1430258672,0.012874507129416957,395.7749180391512,142914.41524437952,elastic_net,10.0,True,resolved
2025-01-16,1203157.1620616997,0.0019970595725231632,1365907.3584106872,0.002479371103444983,575.3966436896447,143489.8118880689,elastic_net,10.0,True,resolved
2025-01-17,1212843.574264524,0.00805082869325724,1377503.1253205917,0.00848942414615661,538.9204859011426,144028.7323739701,elastic_net,10.0,True,resolved
2025-01-21,1224456.9109689575,0.009575296395065491,1391514.6642843625,0.010171693048253383,724.2344077179179,144752.9667816878,elastic_net,10.0,True,resolved
2025-01-22,1222877.8745963988,-0.0012895810039645905,1390618.0008436379,-0.0006443794404320524,789.7233065595223,145542.69008824727,elastic_net,10.0,True,resolved
2025-01-23,1230560.2348081716,0.006282197406105139,1399953.675584671,0.0067133279846582905,527.8092766204496,146070.4993648676,elastic_net,10.0,True,resolved
2025-01-24,1229609.4484815025,-0.0007726450926779371,1399799.8735939786,-0.00010986219999620239,813.3863046992969,146883.88566956692,elastic_net,10.0,True,resolved
2025-01-27,1233894.06393965,0.0034845336162949714,1405612.728362074,0.004152632728256167,826.0361040045373,147709.92177357117,elastic_net,10.0,True,resolved
2025-01-28,1231614.3219674367,-0.0018475994324297362,1403733.021355499,-0.0013372865574183823,632.6257688382859,148342.54754240974,elastic_net,10.0,True,resolved
2025-01-29,1231934.363550687,0.000259855360190242,1404677.103663825,0.0006725511859899669,505.39917084114217,148847.9467132508,elastic_net,10.0,True,resolved
2025-01-30,1247141.1589477833,0.012343835716431606,1422566.9459453078,0.012735910790330873,487.5554065958559,149335.50211984693,elastic_net,10.0,True,resolved
2025-01-31,1243173.314045412,-0.0031815523639031618,1418779.5158234867,-0.002662391483660098,651.2826839995704,149986.7848038463,elastic_net,10.0,True,resolved
2025-02-03,1234742.797601638,-0.006781449013203433,1409895.5825823243,-0.006261672897078796,639.5921455515302,150626.37694939788,elastic_net,10.0,True,resolved
2025-02-04,1231928.0664153756,-0.0022796093176081778,1407347.1469117072,-0.0018075350416726366,581.5787866241886,151207.95573602186,elastic_net,10.0,True,resolved
2025-02-05,1242690.503926633,0.008736254822551137,1420402.098153687,0.00927628358832977,664.3447349722762,151872.30047099432,elastic_net,10.0,True,resolved
2025-02-06,1245275.449282648,0.002080119987919238,1424240.2042767701,0.002702126480995881,771.1903366196749,152643.4908076138,elastic_net,10.0,True,resolved
2025-02-07,1241564.483510138,-0.0029800360833001083,1420908.2450708752,-0.0023394643655541003,803.4545243973914,153446.9453320114,elastic_net,10.0,True,resolved
2025-02-10,1238817.3514704811,-0.0022126374233018,1418378.554124253,-0.0017803337797479557,546.5277815644904,153993.47311357612,elastic_net,10.0,True,resolved
2025-02-11,1229431.273559211,-0.007576643885499945,1408299.8198305727,-0.007105814075074823,590.1776161936756,154583.65072976975,elastic_net,10.0,True,resolved
2025-02-12,1233882.7172422556,0.003620734057103947,1414129.7694726798,0.004139707724175157,636.0214947492509,155219.67222451902,elastic_net,10.0,True,resolved
2025-02-13,1239147.2225698633,0.004266617283832375,1420929.7561700083,0.004808601617844577,660.2272758354204,155879.8995003546,elastic_net,10.0,True,resolved
2025-02-14,1237573.7939270202,-0.0012697673159287604,1419966.7119064918,-0.0006777564192281815,732.3983991497486,156612.2978995045,elastic_net,10.0,True,resolved
2025-02-18,1246832.5236999798,0.007481355712599669,1431225.7042685845,0.007929053736038583,562.0893836352325,157174.38728313963,elastic_net,10.0,True,resolved
2025-02-19,1245442.0145776644,-0.0011152332778334717,1430535.798110499,-0.0004820386861609238,782.2434071565979,157956.63069029647,elastic_net,10.0,True,resolved
2025-02-20,1237150.7371587742,-0.00665729702534712,1421943.8069396762,-0.006006135031483617,809.6493572170447,158766.28004751366,elastic_net,10.0,True,resolved
2025-02-21,1213624.4832716116,-0.019016481323199663,1395491.0491783146,-0.018603237084518498,509.2926451295693,159275.57269264298,elastic_net,10.0,True,resolved
2025-02-24,1203506.692421195,-0.008336838115807987,1384255.5863582848,-0.008051261114605857,345.95744146560503,159621.5301341086,elastic_net,10.0,True,resolved
2025-02-25,1202202.1220086762,-0.0010839743731664297,1383154.1363562993,-0.0007956984337575967,351.79548321049305,159973.32561731886,elastic_net,10.0,True,resolved
2025-02-26,1218956.4853657857,0.013936394762900317,1403103.1004523593,0.01442280623084602,581.0288780526043,160554.35449537152,elastic_net,10.0,True,resolved
2025-02-27,1197850.861273198,-0.017314501662669568,1379468.7742839034,-0.016844326094665574,585.4989399809962,161139.85343535253,elastic_net,10.0,True,resolved
2025-02-28,1211191.4987726437,0.011137143972385743,1395386.7842567237,0.01153923181848282,473.06103337560273,161612.91446872795,elastic_net,10.0,True,resolved
2025-03-03,1185532.2887137427,-0.021185097554682897,1366291.916942075,-0.020850754531222426,398.1659487725095,162011.08041750072,elastic_net,10.0,True,resolved
2025-03-04,1176199.5627887398,-0.007872181984287074,1355881.4568570226,-0.007619499139211894,288.33879935704687,162299.419216858,elastic_net,10.0,True,resolved
2025-03-05,1190347.7079414134,0.01202869444971455,1372827.8604413855,0.012498440404698163,544.2418548452721,162843.66107170333,elastic_net,10.0,True,resolved
2025-03-06,1138333.123049884,-0.04369696731846806,1313589.5824848157,-0.043150550526796394,670.2034443472538,163513.86451605053,elastic_net,10.0,True,resolved
2025-03-07,1147214.3451604573,0.007801953514958937,1324363.5612725029,0.008201936838831303,449.14792804796485,163963.01244409865,elastic_net,10.0,True,resolved
2025-03-10,1087290.7427790456,-0.05223400721425808,1255629.4815346655,-0.05189970620438611,393.5458818399736,164356.55832593882,elastic_net,10.0,True,resolved
2025-03-11,1107292.721720661,0.018396164111994295,1279022.8671122661,0.01863080305267184,253.39703711991837,164609.95536305878,elastic_net,10.0,True,resolved
2025-03-12,1139122.1792523502,0.02874529643997681,1316186.5466001965,0.029056305749902034,349.7123599225389,164959.66772298136,elastic_net,10.0,True,resolved
2025-03-13,1117267.2062960328,-0.019185802326017187,1291523.2011785218,-0.018738487705547424,516.3602536519363,165476.0279766331,elastic_net,10.0,True,resolved
2025-03-14,1154671.2015785032,0.03347811076141061,1335287.580307874,0.03388586367586499,457.72936900695146,165933.75734563996,elastic_net,10.0,True,resolved
2025-03-17,1166599.7517534993,0.010330689947656957,1349852.3353910355,0.010907579234582077,660.2735329486013,166594.03087858847,elastic_net,10.0,True,resolved
2025-03-18,1154188.0127319684,-0.010639243667654563,1336353.3975373972,-0.010000307070423209,745.3429824255209,167339.37386101388,elastic_net,10.0,True,resolved
2025-03-19,1172171.0421848306,0.015580675985618964,1357691.9018576625,0.015967710606780594,447.2002634434165,167786.57412445755,elastic_net,10.0,True,resolved
2025-03-20,1167462.1792760766,-0.004017214842619854,1352844.5714128688,-0.003570272782920325,521.3634801973707,168307.93760465513,elastic_net,10.0,True,resolved
2025-03-21,1174408.1600834434,0.005949640965392078,1361558.9552753197,0.006441526282172871,574.2469017748903,168882.18450643026,elastic_net,10.0,True,resolved
2025-03-24,1198393.1309311562,0.02042302809443064,1390329.971788525,0.021130937005505945,837.0538947509325,169719.23840118124,elastic_net,10.0,True,resolved
2025-03-25,1198507.884883501,9.57565171086916e-05,1391506.9034222888,0.000846512452184145,900.6003333891216,170619.8387345705,elastic_net,10.0,True,resolved
2025-03-26,1202427.9483130553,0.0032707865162984184,1396606.174241877,0.0036645673888120456,468.63539688192117,171088.4741314523,elastic_net,10.0,True,resolved
2025-03-27,1200933.11641029,-0.0012431779424809664,1395944.5779229293,-0.0004737171660484929,924.4311626294145,172012.90529408172,elastic_net,10.0,True,resolved
2025-03-28,1184581.9824438593,-0.013615357710599074,1377976.6920717466,-0.012871489409642445,893.4463794444739,172906.35167352646,elastic_net,10.0,True,resolved
2025-03-31,1184640.5778838354,4.946507784553411e-05,1378500.2079645896,0.00037991636277667773,389.2423298219085,173295.59400334826,elastic_net,10.0,True,resolved
2025-04-01,1203987.33795465,0.016331333260062975,1401618.8101788096,0.01677083694340209,523.4188686749438,173819.01287202348,elastic_net,10.0,True,resolved
2025-04-02,1215107.7319652417,0.009236304784968397,1415407.0461547603,0.009837365106559748,713.6170304505208,174532.62990247432,elastic_net,10.0,True,resolved
2025-04-03,1148400.1836634623,-0.054898464182999374,1338619.8077709256,-0.054250993445626006,772.7487629667825,175305.37866544092,elastic_net,10.0,True,resolved
2025-04-04,1091824.8551076613,-0.049264471880631766,1273340.6935905765,-0.04876598553330247,538.7692914883091,175844.1479569293,elastic_net,10.0,True,resolved
2025-04-07,1106452.283097592,0.013397229346357342,1290787.631986406,0.013701704880437315,338.36380449921705,176182.51176142824,elastic_net,10.0,True,resolved
2025-04-08,1096004.964377341,-0.009442177380666439,1279336.3734257238,-0.008871527954648739,625.7891303240718,176808.30089175233,elastic_net,10.0,True,resolved
2025-04-09,1179200.6719302563,0.07590814846370719,1377147.2944243487,0.07645442045606288,600.4150639009189,177408.7159556535,elastic_net,10.0,True,resolved
2025-04-10,1129930.269653167,-0.041782881785877524,1320256.3052174621,-0.041310751171803495,545.7135182570073,177954.4294739107,elastic_net,10.0,True,resolved
2025-04-11,1146725.750358148,0.014864174503561367,1340573.752450909,0.015389017384848103,606.5436950301399,178560.9731689411,elastic_net,10.0,True,resolved
2025-04-14,1163530.1359860052,0.014654232385213906,1360952.9806445069,0.015201870211422053,625.0147260706511,179185.98789501196,elastic_net,10.0,True,resolved
2025-04-15,1161582.7403279452,-0.0016736959343212066,1359456.6371336682,-0.001099482151198261,673.629935342609,179859.61783035443,elastic_net,10.0,True,resolved
2025-04-16,1151802.556451969,-0.0084197048875011,1348546.1778113644,-0.008025603041894591,457.2414377360541,180316.85926809072,elastic_net,10.0,True,resolved
2025-04-17,1154973.1958126249,0.0027527629131356424,1353204.7610763507,0.0034545226123046113,807.3274863772157,181124.18675446813,elastic_net,10.0,True,resolved
2025-04-21,1134389.2740204572,-0.017821990905758756,1329862.7669216902,-0.017249417697949965,658.2272924017855,181782.41404686985,elastic_net,10.0,True,resolved
2025-04-22,1170527.7837893658,0.031857238601020965,1372383.8791602748,0.031974060253608494,127.58078344460883,181909.9948303145,elastic_net,10.0,True,resolved
2025-04-23,1210214.0070506835,0.033904554689715205,1419497.3407986849,0.0343296524783121,494.95593109329303,182404.9507614077,elastic_net,10.0,True,resolved
2025-04-24,1228336.4032666832,0.014974538478665034,1441605.5447983718,0.015574670951653768,724.2070963609772,183129.1578577687,elastic_net,10.0,True,resolved
2025-04-25,1237708.619912764,0.007630008050853121,1453339.73087531,0.008139664916854361,629.2066040122355,183758.36446178087,elastic_net,10.0,True,resolved
2025-04-28,1241688.5131159937,0.0032155332355285893,1458746.320219413,0.0037201139067783995,624.3761838682702,184382.74064564944,elastic_net,10.0,True,resolved
2025-04-29,1244685.8443642976,0.0024139155807942902,1463064.6277226754,0.0029602868184874787,679.2557852524276,185061.99643090213,elastic_net,10.0,True,resolved
2025-04-30,1248121.833931203,0.002760527551962655,1468106.2339060474,0.0034459217233755446,847.8138700006186,185909.81030090275,elastic_net,10.0,True,resolved
2025-05-01,1240603.4538696243,-0.00602375493896945,1460216.5875611242,-0.005374029591804108,810.2577491527745,186720.06805005533,elastic_net,10.0,True,resolved
2025-05-02,1265694.1264307313,0.02022457093992891,1490466.655831658,0.020716151650528758,620.9227946571831,187340.9908447125,elastic_net,10.0,True,resolved
2025-05-05,1264958.6900205652,-0.0005810538224112483,1490272.8989350446,-0.00012999747150010954,575.1060453465604,187916.09689005886,elastic_net,10.0,True,resolved
2025-05-06,1254566.709467897,-0.008215272668310791,1478810.8087240276,-0.007691269309941795,654.3033216719662,188570.40021173077,elastic_net,10.0,True,resolved
2025-05-07,1258549.0756363648,0.0031742960644609575,1484106.3974886602,0.003580977859636958,506.8547755909087,189077.2549873216,elastic_net,10.0,True,resolved
2025-05-08,1276150.8787220381,0.013985790007253529,1505311.032318192,0.014287813101145241,372.8591669184467,189450.1141542401,elastic_net,10.0,True,resolved
2025-05-09,1276270.2916329089,9.3572721581614e-05,1506221.9476844284,0.0006051343188746561,649.2623816394691,190099.37653587968,elastic_net,10.0,True,resolved
2025-05-12,1304174.6731270682,0.021864006141252057,1539915.9799455728,0.022369898614837957,641.1026330312058,190740.47916891077,elastic_net,10.0,True,resolved
2025-05-13,1283491.695669915,-0.015859054682882956,1516370.064612412,-0.015290389631512968,680.7817483774186,191421.26091728822,elastic_net,10.0,True,resolved
2025-05-14,1295776.9956663202,0.009571779885956255,1531834.5728110184,0.010198373444255004,825.6137710460658,192246.8746883345,elastic_net,10.0,True,resolved
2025-05-15,1305965.427148397,0.007862797006083388,1544636.4298595646,0.008357205977570947,613.5940082160681,192860.46869655038,elastic_net,10.0,True,resolved
2025-05-16,1322933.107338739,0.01299244209503403,1565566.0185128015,0.01354984787918001,727.181882954318,193587.65057950496,elastic_net,10.0,True,resolved
2025-05-19,1327185.2161591593,0.003214152549990912,1571722.9214655678,0.0039327009400822455,944.9235703656524,194532.57414987072,elastic_net,10.0,True,resolved
2025-05-20,1325763.5096876388,-0.0010712193401573034,1571145.5409975033,-0.00036735512359009626,935.1149909330578,195467.68914080353,elastic_net,10.0,True,resolved
2025-05-21,1303795.4467587399,-0.016570121871942955,1545989.4175600626,-0.01601132599177879,746.503313859535,196214.19245466328,elastic_net,10.0,True,resolved
2025-05-22,1306228.003608241,0.001865750379439035,1549338.436508628,0.0021662625309888384,388.2620148438792,196602.45446950692,elastic_net,10.0,True,resolved
2025-05-23,1296014.0301256021,-0.007819441517426085,1537895.7820637086,-0.007385509953980796,566.8268123889201,197169.28128189596,elastic_net,10.0,True,resolved
2025-05-27,1317976.371966186,0.01694606796691489,1564786.8312152477,0.01748561213650901,704.3755586731048,197873.65684056887,elastic_net,10.0,True,resolved
2025-05-28,1313694.6729017776,-0.003248691824437544,1560614.5829030764,-0.00266633654434012,770.3053675118018,198643.9622080804,elastic_net,10.0,True,resolved
2025-05-29,1310632.6110116756,-0.002330877907374296,1557951.8273769256,-0.0017062223788768538,816.1827080580113,199460.14491613823,elastic_net,10.0,True,resolved
2025-05-30,1307138.7513279873,-0.002665781130679612,1554589.092535071,-0.0021584331317331396,667.6316736915361,200127.7765898295,elastic_net,10.0,True,resolved
2025-06-02,1307309.8258648277,0.00013087710594361646,1555612.679423735,0.0006584292232456601,687.3090040356694,200815.08559386496,elastic_net,10.0,True,resolved
2025-06-03,1312689.7709284665,0.004115279298906538,1562677.8080903124,0.004541701645935703,550.2645238256987,201365.35011769077,elastic_net,10.0,True,resolved
2025-06-04,1304712.293856335,-0.0060771990829858735,1553854.0389171825,-0.005646569707106197,558.1378046808794,201923.48792237163,elastic_net,10.0,True,resolved
2025-06-05,1307421.2452005108,0.0020762825313531685,1557634.4372964485,0.002432917304060478,462.59534136871486,202386.0832637403,elastic_net,10.0,True,resolved
2025-06-06,1308754.6473273716,0.0010198718521330363,1559706.5845263356,0.0013303167805429617,396.09039065502077,202782.17365439553,elastic_net,10.0,True,resolved
2025-06-09,1302971.7097933022,-0.004418656732855797,1553389.0609254562,-0.004050456453511653,475.82239916009894,203257.99605355572,elastic_net,10.0,True,resolved
2025-06-10,1296009.8168669064,-0.005343088321925427,1545515.9507613587,-0.005068344024134586,356.6679360363834,203614.66398959234,elastic_net,10.0,True,resolved
2025-06-11,1303838.3731934098,0.006040506965779624,1555372.9325160906,0.006377793609879001,454.2431180336181,204068.90710762597,elastic_net,10.0,True,resolved
2025-06-12,1305404.1370343661,0.0012008879882261514,1558297.6655291747,0.0018804062690951362,878.2836471077292,204947.1907547336,elastic_net,10.0,True,resolved
2025-06-13,1303455.934738242,-0.0014924131468971868,1556964.505163827,-0.0008555235593548094,838.5701637622561,205785.76091849594,elastic_net,10.0,True,resolved
2025-06-16,1307491.3693416258,0.0030959501551497404,1562376.646348768,0.003476085143232943,482.8833536167382,206268.6442721127,elastic_net,10.0,True,resolved
2025-06-17,1296198.5700512347,-0.008636997195689,1549602.4414193365,-0.008176136630872244,604.3763906756539,206873.0206627883,elastic_net,10.0,True,resolved
2025-06-18,1296631.8099836851,0.0003342388600484636,1550800.4509083135,0.000773107641647508,566.583269208134,207439.60393199636,elastic_net,10.0,True,resolved
2025-06-20,1299670.6511958078,0.002343642342201191,1554955.4016590705,0.0026792297799007603,434.3789986009765,207873.98293059762,elastic_net,10.0,True,resolved
2025-06-23,1302835.1185745134,0.002434822526609981,1559285.4004676137,0.0027846450154926927,430.0632862859162,208304.04621688338,elastic_net,10.0,True,resolved
2025-06-24,1311110.3706854838,0.006351726318234885,1569791.8993879799,0.006738021735607447,503.99920739858896,208808.0454242818,elastic_net,10.0,True,resolved
2025-06-25,1298261.5646330873,-0.009799942353959756,1554952.0736444944,-0.009453371334933736,441.44893973725715,209249.49436401884,elastic_net,10.0,True,resolved
2025-06-26,1311596.8839042957,0.010271673778601942,1571285.5079065207,0.010504139991751593,326.2590411147855,209575.7534051338,elastic_net,10.0,True,resolved
2025-06-27,1317115.409007248,0.004207485676944511,1578701.5737214254,0.004719744297002615,648.567350650754,210224.32075578443,elastic_net,10.0,True,resolved
2025-06-30,1323613.5637939246,0.004933625969477218,1587203.2811264533,0.005385253012060387,601.2800083680469,210825.6007641526,elastic_net,10.0,True,resolved
2025-07-01,1321566.4936584383,-0.0015465768797493507,1585651.8626566685,-0.0009774541725264818,756.0217133363687,211581.62247748883,elastic_net,10.0,True,resolved
2025-07-02,1325013.194641724,0.002608042046938097,1590664.7538927123,0.003161407213084555,727.8957662912075,212309.51824377992,elastic_net,10.0,True,resolved
2025-07-03,1335150.141936227,0.007650450075135984,1603462.066055323,0.008045260405307175,521.7045057383743,212831.2227495183,elastic_net,10.0,True,resolved
2025-07-07,1336292.112150007,0.0008553122064038909,1605788.44517944,0.0014508476211352317,793.4392619966468,213624.6620115152,elastic_net,10.0,True,resolved
2025-07-08,1327337.5891777223,-0.0067010220975392,1596032.2725701658,-0.006075627607461165,833.1720909424076,214457.83410245783,elastic_net,10.0,True,resolved
2025-07-09,1329027.1590527745,0.0012729013996348737,1598926.0420832792,0.0018131021301051042,717.6073387310537,215175.44144118865,elastic_net,10.0,True,resolved
2025-07-10,1327835.5728165042,-0.000896585316676024,1598073.1858023435,-0.0005333932017421716,480.11547184362956,215655.5569130324,elastic_net,10.0,True,resolved
2025-07-11,1319909.474794584,-0.005969186384356173,1588937.6099788214,-0.0057166191790744,334.0676210963368,215989.624534129,elastic_net,10.0,True,resolved
2025-07-14,1329384.0839972203,0.007178226525050624,1601133.3344024594,0.007675395400704721,660.4961978835854,216650.12073201247,elastic_net,10.0,True,resolved
2025-07-15,1316428.82510562,-0.009745309160499427,1586354.037942099,-0.00923052199514418,686.3863636657584,217336.50709567816,elastic_net,10.0,True,resolved
2025-07-16,1319203.9791270215,0.0021080927190870735,1590120.8307777336,0.0023744969568844088,352.0864553404879,217688.5935510184,elastic_net,10.0,True,resolved
2025-07-17,1314244.8749347627,-0.0037591640646357227,1584732.1248177497,-0.0033888657111348364,483.09128042833584,218171.684831447,elastic_net,10.0,True,resolved
2025-07-18,1316304.9381756983,0.001567488129666783,1587741.0740707696,0.0018987115903679186,433.1797513669994,218604.86458281384,elastic_net,10.0,True,resolved
2025-07-21,1318072.0378805222,0.0013424698590533968,1590637.1284469813,0.0018240092314212308,632.6790951909015,219237.5436780047,elastic_net,10.0,True,resolved
2025-07-22,1320457.5034219162,0.0018098142384006533,1594541.7033234541,0.002454723837790107,848.9668809248863,220086.51055892973,elastic_net,10.0,True,resolved
2025-07-23,1327646.9256014344,0.005444644875648885,1604073.2409472782,0.005977603222266259,701.6040852074968,220788.1146441372,elastic_net,10.0,True,resolved
2025-07-24,1323924.948324441,-0.002803439080994674,1600414.3394178916,-0.0022810065251296363,688.8941446010014,221477.00878873837,elastic_net,10.0,True,resolved
2025-07-25,1326177.339976605,0.0017012985932582936,1603910.3765244223,0.002184457499801118,636.5427920015044,222113.55158073964,elastic_net,10.0,True,resolved
2025-07-28,1324936.616495885,-0.0009355637766680358,1603152.4538770318,-0.0004725467572775921,617.7267497641509,222731.27833050376,elastic_net,10.0,True,resolved
2025-07-29,1327305.6459650064,0.0017880323025465383,1606723.465149263,0.0022274932515589096,577.2053825934698,223308.48371309738,elastic_net,10.0,True,resolved
2025-07-30,1327654.3173205643,0.00026269108145338116,1607953.9153148234,0.0007658132791670269,670.7156615540382,223979.1993746514,elastic_net,10.0,True,resolved
2025-07-31,1329166.8503568396,0.0011392521506108366,1610574.7320795702,0.0016299078846633286,644.8025755048475,224624.00195015635,elastic_net,10.0,True,resolved
2025-08-01,1317342.9325518548,-0.00889573630414453,1596992.0724445754,-0.008433424022154412,618.2144230002027,225242.21637315658,elastic_net,10.0,True,resolved
2025-08-04,1328445.1945699777,0.008427769067403279,1611308.3613309546,0.008964533471017555,720.2419642446633,225962.45833740127,elastic_net,10.0,True,resolved
2025-08-05,1321867.805743806,-0.0049511932092168864,1604237.0531833093,-0.00438855052040088,752.7314916850194,226715.18982908607,elastic_net,10.0,True,resolved
2025-08-06,1327469.6763115223,0.004237844770388355,1611936.8023821882,0.004799633061460584,739.6763452010347,227454.86617428737,elastic_net,10.0,True,resolved
2025-08-07,1291007.9523698643,-0.02746708613560922,1568692.50777822,-0.026827537245914246,818.7938547202793,228273.66002900756,elastic_net,10.0,True,resolved
2025-08-08,1296988.4345822127,0.0046324131477037955,1576984.4926392538,0.005285921122156534,845.3851040188591,229119.04513302664,elastic_net,10.0,True,resolved
2025-08-11,1297830.5948526487,0.0006493197996073619,1578843.125493207,0.001178599322078755,686.6593041364725,229805.7044371629,elastic_net,10.0,True,resolved
2025-08-12,1314225.029565045,0.012632183874704772,1599568.1933547757,0.01312674294673477,644.2171684043038,230449.92160556748,elastic_net,10.0,True,resolved
2025-08-13,1316085.8191319979,0.0014158835245807744,1602632.39108739,0.0019156405743401272,648.1065705863565,231098.02817615384,elastic_net,10.0,True,resolved
2025-08-14,1305308.959827982,-0.008188568820780784,1590292.0157686407,-0.007700066083386914,639.3326970698291,231737.3608732236,elastic_net,10.0,True,resolved
2025-08-15,1304164.5493240138,-0.0008767353471004213,1589554.6862109345,-0.00046364412975419267,534.8921017765948,232272.25297500018,elastic_net,10.0,True,resolved
2025-08-18,1311005.23127083,0.005245259848814188,1598578.121193119,0.005676706224995609,572.091925177381,232844.34490017782,elastic_net,10.0,True,resolved
2025-08-19,1300806.7774964485,-0.007779109900648895,1586895.376722367,-0.0073082099122140365,612.2042605533064,233456.5491607313,elastic_net,10.0,True,resolved
2025-08-20,1305309.698794914,0.0034616373287443825,1593056.190381895,0.0038823061368120637,542.5147252726038,233999.06388600403,elastic_net,10.0,True,resolved
2025-08-21,1307384.6637814045,0.001589634236538906,1596042.75785414,0.0018747408222485884,380.2704082971857,234379.3342943013,elastic_net,10.0,True,resolved
2025-08-22,1315114.6567472424,0.005912562063777216,1606217.7457090989,0.006375134879618827,592.5026052907242,234971.83689959184,elastic_net,10.0,True,resolved
2025-08-25,1312325.957434542,-0.0021204989986179923,1603672.6454007453,-0.0015845300645896954,708.8925273258906,235680.72942691745,elastic_net,10.0,True,resolved
2025-08-26,1315677.9958508431,0.0025542727378904395,1608586.689936302,0.0030642441583386137,676.2904583857714,236357.01988530296,elastic_net,10.0,True,resolved
2025-08-27,1315741.1997888363,4.803906289563287e-05,1609319.458369907,0.00045553555688937486,536.7417553319045,236893.7616406349,elastic_net,10.0,True,resolved
2025-08-28,1317224.5041000545,0.0011273526370203513,1611666.314427233,0.0014582909845028968,438.2852116492499,237332.04685228408,elastic_net,10.0,True,resolved
2025-08-29,1314088.2329333958,-0.0023809693464528214,1608417.125296127,-0.0020160433347896634,480.46413141738157,237812.51098370127,elastic_net,10.0,True,resolved
2025-09-02,1307912.472701225,-0.004699654161261946,1601424.2574505615,-0.00434767059837049,457.84808631208796,238270.35907001316,elastic_net,10.0,True,resolved
2025-09-03,1305179.225510441,-0.002089778366543893,1598611.6340600112,-0.001756326206165948,430.9852628131721,238701.34433282635,elastic_net,10.0,True,resolved
2025-09-04,1311683.2330691805,0.004983229453561,1607508.0528029872,0.005565090703350872,757.520633913381,239458.86496673996,elastic_net,10.0,True,resolved
2025-09-05,1315364.7290704143,0.0028066959372650135,1613030.2745763017,0.0034352684975267334,826.4293489737943,240285.29431571378,elastic_net,10.0,True,resolved
2025-09-08,1321264.145388329,0.004485004187457342,1621102.1365208048,0.005004160226703469,677.9468529336444,240963.24116864748,elastic_net,10.0,True,resolved
2025-09-09,1324914.565864492,0.0027628241399755282,1626545.6870450308,0.0033579318672103398,784.1787630027723,241747.4199316502,elastic_net,10.0,True,resolved
2025-09-10,1325426.5363283253,0.0003864177185637363,1628150.7652354636,0.0009868017868890355,793.0562291756066,242540.47616082593,elastic_net,10.0,True,resolved
2025-09-11,1332688.9785266614,0.0054793245791309175,1637989.0582148805,0.006042617913209147,743.2018331707238,243283.67799399645,elastic_net,10.0,True,resolved
2025-09-12,1325693.8638965564,-0.00524887257478357,1630268.1730948472,-0.004713636566319734,712.6472610901753,243996.32525508685,elastic_net,10.0,True,resolved
2025-09-15,1321917.5500951782,-0.0028485564459646007,1626689.6363549945,-0.002195060174093544,859.2584371844902,244855.58369227152,elastic_net,10.0,True,resolved
2025-09-16,1314469.8564355958,-0.005634007702708943,1618449.6361293208,-0.005065502380735332,738.676783202781,245594.26047547415,elastic_net,10.0,True,resolved
2025-09-17,1323757.3754193056,0.0070656005828042545,1630434.3485493048,0.007405057378644608,456.73173278242166,246050.99220825676,elastic_net,10.0,True,resolved
2025-09-18,1319333.1281257547,-0.00334218896582128,1625892.8637006003,-0.00278544478208842,737.3228019715128,246788.31501022825,elastic_net,10.0,True,resolved
2025-09-19,1323147.1598425664,0.002890878456322854,1631499.8038143485,0.003448529874832351,738.688230965367,247527.0032411935,elastic_net,10.0,True,resolved
2025-09-22,1322597.1676854102,-0.0004156696804772375,1631561.1995797954,3.7631488096545596e-05,601.6158263131597,248128.6190675068,elastic_net,10.0,True,resolved
2025-09-23,1328105.861211045,0.0041650577063272465,1639204.8482987403,0.0046848679172522,690.1079725079477,248818.72704001493,elastic_net,10.0,True,resolved
2025-09-24,1325169.0781339682,-0.00221125677014844,1636303.9640793037,-0.0017696898727742605,584.1010573328156,249402.828097348,elastic_net,10.0,True,resolved
2025-09-25,1316669.0999128898,-0.006414259403824563,1626516.5778758512,-0.005981398577714514,576.6036291426541,249979.43172649073,elastic_net,10.0,True,resolved
2025-09-26,1326790.8378287547,0.007687381678915806,1639564.4802345356,0.00802199162072137,440.3854731946076,250419.81719968523,elastic_net,10.0,True,resolved
2025-09-29,1344144.2206083275,0.013079215114245812,1661630.831365772,0.013458666247807338,502.7348418602311,250922.5520415453,elastic_net,10.0,True,resolved
2025-09-30,1356809.090709492,0.009422255370359567,1678018.266273755,0.009862259774340743,620.745041917196,251543.2970834625,elastic_net,10.0,True,resolved
2025-10-01,1360300.3651750544,0.0025731508503799017,1683251.8229557755,0.003118891365611942,760.8809882091704,252304.1780716719,elastic_net,10.0,True,resolved
2025-10-02,1364649.062322512,0.003196865382667058,1689200.3798737808,0.003533967310701991,457.91702391717166,252762.09509558935,elastic_net,10.0,True,resolved
2025-10-03,1362614.828894032,-0.00149066414556287,1687454.4887725995,-0.001033560684678303,625.5113275858027,253387.60642317505,elastic_net,10.0,True,resolved
2025-10-06,1362082.1945449715,-0.0003908913493131383,1687655.2827606448,0.00011899223912781309,697.361106760276,254084.96752993535,elastic_net,10.0,True,resolved
2025-10-07,1357325.183153177,-0.00349245545595267,1682264.6428830964,-0.003194159336100011,403.7810136362628,254488.74854357156,elastic_net,10.0,True,resolved
2025-10-08,1361280.6033826135,0.0029141286690399504,1687853.177516256,0.003322030607254556,550.8670182319269,255039.61556180334,elastic_net,10.0,True,resolved
2025-10-09,1364007.2197253883,0.0020029789126498887,1691983.0526746113,0.002446821331007376,610.8823515085467,255650.49791331188,elastic_net,10.0,True,resolved
2025-10-10,1345943.96843564,-0.013242782756960003,1670610.226855975,-0.01263182026844245,856.0991774069712,256506.59709071866,elastic_net,10.0,True,resolved
2025-10-13,1357934.7878403305,0.008908854815574019,1686273.8572649774,0.009375993368890612,622.1113628940241,257128.70845361293,elastic_net,10.0,True,resolved
2025-10-14,1357036.565673856,-0.0006614619306594127,1685832.2146815008,-0.0002619044241087831,551.3612663903295,257680.0697200031,elastic_net,10.0,True,resolved
2025-10-15,1364590.692664519,0.0055666348142298094,1695947.184431645,0.005999986037789284,586.897344366449,258266.9670643694,elastic_net,10.0,True,resolved
2025-10-16,1354097.4939678388,-0.007689630856407947,1683511.4240786768,-0.007332634215926781,471.82626142037486,258738.79332578956,elastic_net,10.0,True,resolved
2025-10-17,1359581.0590114596,0.004049608737959121,1691146.2030952421,0.004535032496582936,661.418232037007,259400.21155782684,elastic_net,10.0,True,resolved
2025-10-20,1370622.3331496175,0.00812108558366198,1705729.8538617904,0.008623530443350402,680.4728542672437,260080.68441209418,elastic_net,10.0,True,resolved
2025-10-21,1372029.6139790341,0.0010267458769497306,1708270.5972142126,0.0014895344339960204,662.5104544569018,260743.19486655106,elastic_net,10.0,True,resolved
2025-10-22,1359910.6565663577,-0.008832868685341388,1693907.1802984073,-0.008408162582221212,592.7640226695901,261335.9588892207,elastic_net,10.0,True,resolved
2025-10-23,1379094.3316449318,0.014106570152932596,1718348.0423358674,0.014428690262210608,428.9897989146405,261764.94868813554,elastic_net,10.0,True,resolved
2025-10-24,1412387.0711225844,0.024141016835260487,1760538.5337797857,0.024552937125918772,573.8091955452635,262338.75788368064,elastic_net,10.0,True,resolved
2025-10-27,1415683.8428638815,0.0023341843101669646,1765696.5627939263,0.0029298018277774673,843.2509144715474,263182.00879815244,elastic_net,10.0,True,resolved
2025-10-28,1408109.8312710584,-0.005350072780022086,1757070.646285573,-0.004885276830750684,660.476179275239,263842.48497742834,elastic_net,10.0,True,resolved
2025-10-29,1413728.1235822362,0.003989953188599182,1764898.7205194249,0.004455184685032698,663.9020837802423,264506.3870612085,elastic_net,10.0,True,resolved
2025-10-30,1405720.002177065,-0.0056645413439746495,1755908.9245198898,-0.005093661123449222,806.2358030823716,265312.6228642908,elastic_net,10.0,True,resolved
2025-10-31,1402688.9262767448,-0.002156244412561459,1753108.607635254,-0.001594796202429083,786.8531409426884,266099.4760052334,elastic_net,10.0,True,resolved
2025-11-03,1397339.326158985,-0.0038138178875908313,1747346.1432341463,-0.003286997950960213,732.9981792520705,266832.4741844856,elastic_net,10.0,True,resolved
2025-11-04,1395723.466781881,-0.0011563829535562453,1746122.9737594454,-0.0007000155518339657,638.6608095168009,267471.1349940023,elastic_net,10.0,True,resolved
2025-11-05,1405730.6944446992,0.00716992147870954,1759583.5331502939,0.007708826693842541,756.1711624734265,268227.3061564758,elastic_net,10.0,True,resolved
2025-11-06,1371234.2365353273,-0.0245398766959406,1717416.9977577927,-0.023963929303775555,791.7782504841707,269019.08440696,elastic_net,10.0,True,resolved
2025-11-07,1388032.0714061777,0.012250157138209428,1739098.8394842427,0.012624680991720316,524.569566308688,269543.6539732683,elastic_net,10.0,True,resolved
2025-11-10,1396662.480546696,0.006217730352422679,1750651.7420207525,0.006643039644564475,590.5467611940136,270134.20073446207,elastic_net,10.0,True,resolved
2025-11-11,1381825.0818610687,-0.010623467653988694,1732982.106245816,-0.010093175787516007,746.8412260305583,270881.04196049226,elastic_net,10.0,True,resolved
2025-11-12,1375784.0356881446,-0.004371787900092183,1726001.443153441,-0.0040281218526239115,476.2667537909402,271357.30871428346,elastic_net,10.0,True,resolved
2025-11-13,1339726.7238602391,-0.026208555189310756,1681340.7631081175,-0.025875227522247912,461.63288230189033,271818.94159658544,elastic_net,10.0,True,resolved
2025-11-14,1361100.7048044424,0.015953985662551462,1708780.5049641696,0.016320154996615432,491.4867204453981,272310.4283170307,elastic_net,10.0,True,resolved
2025-11-17,1342361.4670832774,-0.013767708484037078,1685851.8237952546,-0.01341815470290364,473.68306837094644,272784.1113854014,elastic_net,10.0,True,resolved
2025-11-18,1342023.189500146,-0.00025200185749252313,1686076.5382151199,0.00013329428879416128,521.1253818155866,273305.2367672172,elastic_net,10.0,True,resolved
2025-11-19,1345794.2075063034,0.0028099499588840615,1691547.6933731334,0.0032449032022030533,584.2937591802324,273889.53052639693,elastic_net,10.0,True,resolved
2025-11-20,1308130.9979985298,-0.027985860912242977,1645098.6003036262,-0.027459523164187427,717.4641987558001,274606.99472515215,elastic_net,10.0,True,resolved
2025-11-21,1334075.429853312,0.019833206226652855,1678265.9243335421,0.020161298553043938,428.38882535186264,275035.383550504,elastic_net,10.0,True,resolved
2025-11-24,1362494.516723191,0.021302458792006762,1714589.797623929,0.021643693507518158,459.7303054951005,275495.1138559986,elastic_net,10.0,True,resolved
2025-11-25,1366175.9352403854,0.002701969418598793,1720361.6617616524,0.003366323621966094,905.6712238789195,276400.785079877,elastic_net,10.0,True,resolved
2025-11-26,1375769.295663542,0.0070220534381384425,1733450.9218361885,0.007608435113075407,798.8338588557873,277199.61893873283,elastic_net,10.0,True,resolved
2025-11-28,1385635.3276393195,0.007171283736942868,1746627.6866424435,0.007601464016239623,586.0381746068306,277785.65711333905,elastic_net,10.0,True,resolved
2025-12-01,1377552.3097007805,-0.005833438118462042,1737256.0459173657,-0.005365562905448429,655.7332549203878,278441.39036825934,elastic_net,10.0,True,resolved
2025-12-02,1371713.8637020201,-0.004238275350885612,1731030.8904509256,-0.003583326407796683,906.4791807303303,279347.8695489902,elastic_net,10.0,True,resolved
2025-12-03,1366195.790122949,-0.004022758481261324,1725045.654395262,-0.003457613661709047,776.7082604717101,280124.577809462,elastic_net,10.0,True,resolved
2025-12-04,1364726.3253781782,-0.0010755886933589975,1723611.8145388414,-0.0008311895124440971,327.7288681758136,280452.30667763803,elastic_net,10.0,True,resolved
2025-12-05,1356630.3138634851,-0.005932333365408993,1713883.024485068,-0.005644420612408219,392.2129931331881,280844.51967077085,elastic_net,10.0,True,resolved
2025-12-08,1353668.2783731653,-0.002183377048301627,1710685.321249714,-0.001865765159973387,439.67895693203326,281284.1986277027,elastic_net,10.0,True,resolved
2025-12-09,1350642.0791328903,-0.0022355545214606254,1707807.3758646292,-0.0016823347633463381,745.3050943767197,282029.50372207985,elastic_net,10.0,True,resolved
2025-12-10,1352849.9963722683,0.0016347167569334964,1711611.269406221,0.0022273551428282357,798.3618325807437,282827.86555466097,elastic_net,10.0,True,resolved
2025-12-11,1364994.6766505702,0.008977107817473184,1727852.5193255022,0.009488865964825788,694.1372903535023,283522.00284501415,elastic_net,10.0,True,resolved
2025-12-12,1367241.1286882479,0.0016457588268328216,1731550.0056713605,0.0021399316808021762,674.8520770102613,284196.85492202407,elastic_net,10.0,True,resolved
2025-12-15,1375203.257820834,0.005823500306946672,1742552.174780894,0.006353942463976248,731.3530068983441,284928.2079289218,elastic_net,10.0,True,resolved
2025-12-16,1366193.9957757848,-0.006551222151207847,1732466.64194667,-0.005787793892307547,1049.754021546097,285977.9619504678,elastic_net,10.0,True,resolved
2025-12-17,1352106.7315700655,-0.010311320536670943,1715580.1877565638,-0.009747058778073692,777.7385065925522,286755.7004570602,elastic_net,10.0,True,resolved
2025-12-18,1352988.9680045147,0.0006524902316140668,1717486.1287153165,0.0011109599961312,623.0854028100579,287378.78585987067,elastic_net,10.0,True,resolved
2025-12-19,1370733.3699857632,0.013114964276034868,1740849.1158268584,0.013603013567869304,659.0533344230885,288037.83919429407,elastic_net,10.0,True,resolved
2025-12-22,1377194.2207890458,0.004713426363399664,1750068.0072623815,0.005295629214335573,797.837954914735,288835.6771492091,elastic_net,10.0,True,resolved
2025-12-23,1376084.0730036746,-0.0008060938454527156,1749509.582771651,-0.0003190873088435575,672.8647156314127,289508.54186484055,elastic_net,10.0,True,resolved
2025-12-24,1379845.6033395128,0.0027335032863418096,1754841.8406878985,0.0030478586506510474,427.8423844093247,289936.38424924936,elastic_net,10.0,True,resolved
2025-12-26,1376456.1693248258,-0.0024563864293830617,1751239.7332811886,-0.00205266783774527,556.4029191923426,290492.7871684412,elastic_net,10.0,True,resolved
2025-12-29,1374775.5125182155,-0.001221002778050484,1749586.836474149,-0.000943843824250501,383.7870254395712,290876.5741938814,elastic_net,10.0,True,resolved
2025-12-30,1374072.5244350208,-0.000511347544958074,1749426.8448359622,-9.14453829049533e-05,581.8101984669593,291458.38439234823,elastic_net,10.0,True,resolved
2025-12-31,1363985.7244708468,-0.007340806096331254,1737623.2401472554,-0.006747126765288436,821.7162328217167,292280.1006251702,elastic_net,10.0,True,resolved
2024-01-02,1000000.0,,1000000.0,,0.0,0.0,xgb_regression,10.0,True,resolved
2024-01-03,999427.5761970929,-0.0005724238029071183,1000427.0037732898,0.00042700377328985795,999.0009990009996,999.0009990009996,xgb_regression,10.0,True,resolved
2024-01-04,998801.857557389,-0.0006260770210932964,999951.0671588897,-0.00047573347441143277,150.25748645707876,1149.2584854580782,xgb_regression,10.0,True,resolved
2024-01-05,997795.2518878796,-0.0010078131732464968,999244.8871805274,-0.0007062145354459481,300.9951848751136,1450.2536703331912,xgb_regression,10.0,True,resolved
2024-01-08,1021833.6125428492,0.024091476291842273,1023703.0425751251,0.024476638017742358,385.4682096460913,1835.7218799792836,xgb_regression,10.0,True,resolved
2024-01-09,1017467.2067679259,-0.0042731083821537785,1020261.4471316593,-0.003361907995123814,931.825114466666,2767.54699444595,xgb_regression,10.0,True,resolved
2024-01-10,1020066.9808052899,0.0025551428292440725,1023660.3047653573,0.00333135946992158,789.58437807118,3557.131372517135,xgb_regression,10.0,True,resolved
2024-01-11,1018211.0395923906,-0.0018194307313369462,1022413.5929711452,-0.0012178960035945652,613.418633104028,4170.550005621169,xgb_regression,10.0,True,resolved
2024-01-12,1011600.3354465156,-0.006492469526279576,1016560.2440919623,-0.005725030378531004,782.86792766535,4953.417933286518,xgb_regression,10.0,True,resolved
2024-01-16,1015121.951007643,0.003481232100988718,1020533.1352134406,0.00390817085811479,430.0648284401751,5383.482761726701,xgb_regression,10.0,True,resolved
2024-01-17,1008444.0411649292,-0.006578431129466877,1014268.817790522,-0.0061382793039919115,444.7797454288387,5828.26250715555,xgb_regression,10.0,True,resolved
2024-01-18,1011642.1879552952,0.003171367631536137,1017942.2594868568,0.0036217634140987,450.59573254328785,6278.858239698835,xgb_regression,10.0,True,resolved
2024-01-19,1028907.1962652785,0.01706631901629052,1035994.8656724165,0.01773441078540161,668.715358331501,6947.573598030343,xgb_regression,10.0,True,resolved
2024-01-22,1034423.586801181,0.005361407283305919,1042391.3478923796,0.006174241236042599,830.7846132540255,7778.358211284374,xgb_regression,10.0,True,resolved
2024-01-23,1035644.7056975268,0.0011804824560526228,1044301.3177549099,0.0018322963504944223,673.6582982788968,8452.016509563284,xgb_regression,10.0,True,resolved
2024-01-24,1036403.6394248935,0.000732812829719931,1045619.7980483286,0.0012625477637557836,551.1994227412473,9003.215932304529,xgb_regression,10.0,True,resolved
2024-01-25,1023981.8701152595,-0.011985455122993316,1033655.4470133887,-0.011442353193074184,500.27074050566534,9503.486672810188,xgb_regression,10.0,True,resolved
2024-01-26,1023437.1000345198,-0.0005320114512168406,1033864.641269337,0.00020238296673502632,759.6103913446161,10263.097064154801,xgb_regression,10.0,True,resolved
2024-01-29,1032826.4855267669,0.009174364982401428,1044066.0416251317,0.009867249491451568,703.1630685363556,10966.260132691159,xgb_regression,10.0,True,resolved
2024-01-30,1031991.3987000373,-0.000808545131667171,1044089.5589603002,2.252475823438793e-05,857.669545218862,11823.92967791003,xgb_regression,10.0,True,resolved
2024-01-31,1021148.8495759427,-0.010506433617327171,1033910.6536287506,-0.009749073002593422,785.2595113807387,12609.189189290784,xgb_regression,10.0,True,resolved
2024-02-01,1030240.6780271286,0.008903529054516746,1043503.9966988949,0.00927869641005663,381.5616057981744,12990.750795088963,xgb_regression,10.0,True,resolved
2024-02-02,1038868.4406073589,0.00837451166920733,1053043.4127007248,0.009141714868373896,789.4244830730725,13780.175278162025,xgb_regression,10.0,True,resolved
2024-02-05,1028630.4864332541,-0.00985490922038157,1043469.1857949637,-0.00909195840388588,790.7680313148903,14570.943309476908,xgb_regression,10.0,True,resolved
2024-02-06,1032636.8035390591,0.0038948068899813393,1047978.3903895124,0.004321358652400686,438.15121340728524,15009.094522884207,xgb_regression,10.0,True,resolved
2024-02-07,1038424.9007300835,0.005605162600429647,1054404.229181475,0.006131651998639187,540.9883350852298,15550.082857969424,xgb_regression,10.0,True,resolved
2024-02-08,1041750.3389849155,0.0032023868577246706,1058447.731681737,0.0038348693872376494,656.7449987360651,16206.827856705497,xgb_regression,10.0,True,resolved
2024-02-09,1041247.3654395974,-0.00048281582111908694,1058582.0215868752,0.0001268743851194909,632.4603419786495,16839.288198684182,xgb_regression,10.0,True,resolved
2024-02-12,1043854.8338942192,0.0025041777210366156,1061891.260125996,0.003126104989162881,645.9838118132727,17485.272010497472,xgb_regression,10.0,True,resolved
2024-02-13,1036254.4807919251,-0.007281044121758007,1054799.643110512,-0.00667828927666525,613.7722690061714,18099.044279503647,xgb_regression,10.0,True,resolved
2024-02-14,1052468.4212205196,0.015646678233133926,1071766.57360418,0.016085453388696713,453.2958235417989,18552.340103045477,xgb_regression,10.0,True,resolved
2024-02-15,1054223.0136540337,0.001667121215360945,1074386.691202077,0.0024446718739192796,818.81754270314,19371.157645748644,xgb_regression,10.0,True,resolved
2024-02-16,1046967.092868091,-0.006882719018619254,1067743.9194392106,-0.006182850008533025,741.7378716478635,20112.895517396522,xgb_regression,10.0,True,resolved
2024-02-20,1038961.0356957788,-0.007646904307546221,1059762.8342843724,-0.007474718431578542,178.97623109637078,20291.871748492867,xgb_regression,10.0,True,resolved
2024-02-21,1013882.2686475494,-0.024138313359783004,1034353.3160814765,-0.023976608143702505,166.31019284918833,20458.181941342056,xgb_regression,10.0,True,resolved
2024-02-22,1046008.0599516627,0.031685918866070084,1067342.7011834627,0.03189372972376847,202.79819461144828,20660.980135953527,xgb_regression,10.0,True,resolved
2024-02-23,1047419.9008730298,0.0013497419144479217,1069554.3313688664,0.002072090044698216,755.7758446267176,21416.755980580263,xgb_regression,10.0,True,resolved
2024-02-26,1053405.2738804987,0.005714396874147543,1076568.0642622737,0.0065576218876424175,889.1658321292967,22305.921812709592,xgb_regression,10.0,True,resolved
2024-02-27,1054973.623105045,0.0014888374526251802,1078995.5671013226,0.0022548531018449225,810.8802726086353,23116.802085318242,xgb_regression,10.0,True,resolved
2024-02-28,1054738.8932204677,-0.00022249834444798555,1079531.903486228,0.0004970700540933848,758.6983703881767,23875.500455706446,xgb_regression,10.0,True,resolved
2024-02-29,1062005.0754685872,0.006889081548830944,1087631.5806120853,0.007502952992588963,646.1103701373811,24521.610825843825,xgb_regression,10.0,True,resolved
2024-03-01,1067670.7803985395,0.005334913232361238,1094324.9280909733,0.006154057677436375,868.774616070441,25390.385441914237,xgb_regression,10.0,True,resolved
2024-03-04,1062752.708888888,-0.004606355816739516,1090114.5203205324,-0.003847493246622702,803.2615981786901,26193.647040092965,xgb_regression,10.0,True,resolved
2024-03-05,1051083.0079761802,-0.01098063624312795,1078794.157459998,-0.010384562951427978,634.7947516219124,26828.44179171487,xgb_regression,10.0,True,resolved
2024-03-06,1054412.9538066508,0.003168109278906872,1082567.3750517084,0.0034976251638165756,347.55748133801114,27175.99927305288,xgb_regression,10.0,True,resolved
2024-03-07,1063357.2657185239,0.008482740921934129,1092159.44393002,0.00886048212736279,393.85088063254244,27569.850153685427,xgb_regression,10.0,True,resolved
2024-03-08,1058909.1191984047,-0.00418311574437169,1088356.410889212,-0.0034821225618150153,749.3565076553126,28319.206661340755,xgb_regression,10.0,True,resolved
2024-03-11,1055968.473519211,-0.0027770519923558945,1085996.741680176,-0.002168103376271824,650.9727628161261,28970.17942415691,xgb_regression,10.0,True,resolved
2024-03-12,1073371.8539956273,0.01648096596900883,1104377.8198609948,0.016925537135941138,464.13351730548266,29434.312941462373,xgb_regression,10.0,True,resolved
2024-03-13,1066858.4347528543,-0.006068185241234647,1098589.4296132089,-0.00524131338359779,890.6932630482193,30325.006204510606,xgb_regression,10.0,True,resolved
2024-03-14,1057160.312321237,-0.009090355492070379,1089433.1838821745,-0.008334547451688157,810.609669755482,31135.615874266092,xgb_regression,10.0,True,resolved
2024-03-15,1053493.5124274294,-0.0034685372228515643,1086139.2931678658,-0.003023490346210078,473.8338109866021,31609.449685252715,xgb_regression,10.0,True,resolved
2024-03-18,1054918.2846337503,0.001352426179671351,1088434.2293187713,0.0021129298657558415,804.1834535226648,32413.633138775403,xgb_regression,10.0,True,resolved
2024-03-19,1048609.086176567,-0.005980746138430804,1082840.5976969774,-0.005139154457954542,883.4977372219894,33297.130875997456,xgb_regression,10.0,True,resolved
2024-03-20,1066725.8651630683,0.017276961667916257,1102301.5989217698,0.017972175467176443,734.1983091739725,34031.329185171446,xgb_regression,10.0,True,resolved
2024-03-21,1081192.4587782589,0.013561678860181337,1118154.6209515454,0.014381746379831473,874.9426225889603,34906.27180776041,xgb_regression,10.0,True,resolved
2024-03-22,1074667.2336473577,-0.006035211472224522,1112216.328419214,-0.005310797291413816,784.4172257397646,35690.689033500195,xgb_regression,10.0,True,resolved
2024-03-25,1071105.144926382,-0.003314596937031511,1109337.86451053,-0.0025880432026882394,780.7843965561323,36471.47343005637,xgb_regression,10.0,True,resolved
2024-03-26,1069248.701481178,-0.0017332037419460766,1108187.8446078964,-0.0010366723605355066,748.8038100975543,37220.27724015391,xgb_regression,10.0,True,resolved
2024-03-27,1076832.610936843,0.0070927460048906266,1116649.7440670012,0.007635798840672781,580.1534655834606,37800.43070573737,xgb_regression,10.0,True,resolved
2024-03-28,1075251.886228457,-0.0014679391135923314,1115681.9187191604,-0.0008667224015256325,650.3297504348247,38450.76045617221,xgb_regression,10.0,True,resolved
2024-04-01,1076631.5514515373,0.0012831088610496533,1117597.452142718,0.0017169171530149185,469.21129129923844,38919.9717474714,xgb_regression,10.0,True,resolved
2024-04-02,1064999.1509873937,-0.010804439502502539,1106300.7215420348,-0.010108049708796751,745.6212392014763,39665.59298667286,xgb_regression,10.0,True,resolved
2024-04-03,1070197.8767560835,0.0048814365381135705,1112432.6458338036,0.005542728276649589,699.4374333753658,40365.030420048286,xgb_regression,10.0,True,resolved
2024-04-04,1061375.6052765874,-0.008243589032560505,1103940.163735102,-0.0076341539692376115,650.6174657936795,41015.64788584196,xgb_regression,10.0,True,resolved
2024-04-05,1070694.298897784,0.008779826458106932,1114385.1415974416,0.00946154348347994,723.1465433205697,41738.79442916255,xgb_regression,10.0,True,resolved
2024-04-08,1073757.160889357,0.00286063164315542,1118388.1560092308,0.0035921283067816834,778.0313985125456,42516.82582767501,xgb_regression,10.0,True,resolved
2024-04-09,1066107.28814775,-0.007124397415213424,1111446.7352435621,-0.0062066293606307665,987.3874535384417,43504.21328121342,xgb_regression,10.0,True,resolved
2024-04-10,1065391.3663809027,-0.0006715288177902012,1111194.5685520098,-0.00022688149018412762,472.1191282025531,43976.33240941591,xgb_regression,10.0,True,resolved
2024-04-11,1072070.9440283373,0.006269599940653681,1118661.1451013074,0.00671941418776667,479.2588766890769,44455.59128610502,xgb_regression,10.0,True,resolved
2024-04-12,1060793.9811547801,-0.010518858790430019,1107779.5909341085,-0.00972730143962719,845.8274884333963,45301.41877453842,xgb_regression,10.0,True,resolved
2024-04-15,1049680.2993947938,-0.010476757935492742,1096926.4632449434,-0.009797190504307274,728.6660407514402,46030.0848152899,xgb_regression,10.0,True,resolved
2024-04-16,1053952.927751592,0.004070409208652981,1101980.4055318427,0.00460736654301197,558.9957475524101,46589.08056284226,xgb_regression,10.0,True,resolved
2024-04-17,1048169.3517717568,-0.005487508813295183,1096707.3291043697,-0.00478509091541246,741.0449990746565,47330.125561916924,xgb_regression,10.0,True,resolved
2024-04-18,1043783.0881921793,-0.0041846897852557685,1092891.021596849,-0.0034797866360912755,741.8441069590353,48071.969668875965,xgb_regression,10.0,True,resolved
2024-04-19,1031401.4189062853,-0.011862301110222906,1080512.4560035528,-0.011326440924740666,563.0892661079349,48635.058934983885,xgb_regression,10.0,True,resolved
2024-04-22,1036624.6342006312,0.005064192465320305,1086389.272920139,0.005438916399281846,387.64217624862346,49022.70111123247,xgb_regression,10.0,True,resolved
2024-04-23,1058758.2439732887,0.02135161469486535,1110231.9786799466,0.02194674262174945,620.256910047091,49642.95802127959,xgb_regression,10.0,True,resolved
2024-04-24,1057094.0387726473,-0.0015718462737971395,1109575.6027832546,-0.000591206080617912,1036.4305942590706,50679.388615538635,xgb_regression,10.0,True,resolved
2024-04-25,1058573.9050005402,0.0013999381073146466,1112021.9981361579,0.002204802761314184,849.9906960630577,51529.3793116017,xgb_regression,10.0,True,resolved
2024-04-26,1062280.5722924636,0.0035015668480147255,1116724.4095427431,0.004228703581823812,770.7058346317933,52300.08514623346,xgb_regression,10.0,True,resolved
2024-04-29,1062144.9685943166,-0.00012765337302023116,1117411.5740947057,0.0006153394213386232,785.8649475793115,53085.95009381282,xgb_regression,10.0,True,resolved
2024-04-30,1046414.4983800065,-0.014810097189584592,1101660.448010318,-0.014096082812770971,761.2811814454977,53847.23127525833,xgb_regression,10.0,True,resolved
2024-05-01,1045512.4481614812,-0.0008620391058437038,1101414.074116686,-0.00022363868474817306,672.985531554417,54520.21680681273,xgb_regression,10.0,True,resolved
2024-05-02,1055417.4024366084,0.009473779382105807,1112491.0647647537,0.010057062923361837,609.2441220499139,55129.4609288627,xgb_regression,10.0,True,resolved
2024-05-03,1060453.2127863592,0.004771392188649415,1118676.85568512,0.00556030616000891,832.5312519964336,55961.99218085909,xgb_regression,10.0,True,resolved
2024-05-06,1072003.2511956217,0.010891605843613261,1131661.7553114332,0.01160737308573423,757.6717487833293,56719.66392964247,xgb_regression,10.0,True,resolved
2024-05-07,1065488.77039712,-0.006076922613094782,1125752.5177336677,-0.005221734807269618,914.782963208338,57634.4468928508,xgb_regression,10.0,True,resolved
2024-05-08,1067399.530633903,0.0017933180432028184,1128814.579865137,0.0027200135760157007,982.9215566202727,58617.36844947101,xgb_regression,10.0,True,resolved
2024-05-09,1082316.440965762,0.01397500177182942,1145315.6632798011,0.0146180636829083,687.7164791562097,59305.08492862725,xgb_regression,10.0,True,resolved
2024-05-10,1076142.1116251214,-0.00570473579347186,1139673.669464745,-0.0049261474333628374,844.4402528079785,60149.52518143515,xgb_regression,10.0,True,resolved
2024-05-13,1073910.482706491,-0.0020737306853092496,1138081.7166040712,-0.0013968497328025187,730.286718260925,60879.81189969603,xgb_regression,10.0,True,resolved
2024-05-14,1087502.4406961305,0.012656509279418637,1153117.539470851,0.013211549440971027,599.6797265873548,61479.49162628341,xgb_regression,10.0,True,resolved
2024-05-15,1103349.8347590938,0.014572283674893827,1170767.326306453,0.015306147232571954,805.5741862075383,62285.065812491004,xgb_regression,10.0,True,resolved
2024-05-16,1097581.1786366797,-0.0052283110403271715,1165470.826414669,-0.0045239560182239735,777.5821793669659,63062.6479918579,xgb_regression,10.0,True,resolved
2024-05-17,1099510.1996512958,0.0017575201289550257,1168310.8767163318,0.0024368265917042997,745.5047559687038,63808.15274782666,xgb_regression,10.0,True,resolved
2024-05-20,1105824.9766543019,0.005743263686875055,1175783.1321274657,0.006395776637923234,717.1534304026628,64525.30617822926,xgb_regression,10.0,True,resolved
2024-05-21,1101361.100759954,-0.0040366929564690235,1171967.6864395274,-0.0032450250251800927,871.5150914415086,65396.82126967071,xgb_regression,10.0,True,resolved
2024-05-22,1095293.8056883246,-0.005508906268291813,1166352.001448036,-0.004791672207748454,796.0314770371568,66192.85274670791,xgb_regression,10.0,True,resolved
2024-05-23,1088150.0091190967,-0.006522265105606495,1159407.0605151032,-0.0059544124966652845,619.4964296402017,66812.34917634816,xgb_regression,10.0,True,resolved
2024-05-24,1098468.4666195905,0.009482568960181403,1171289.8713571557,0.010249041295964822,830.2051235104695,67642.55429985872,xgb_regression,10.0,True,resolved
2024-05-28,1089163.9164359688,-0.008470475454116055,1162224.6348832932,-0.007739532882119815,797.4020549198519,68439.95635477852,xgb_regression,10.0,True,resolved
2024-05-29,1084458.1204930213,-0.00432055806470899,1157777.305186661,-0.003826566365183637,541.4376425151266,68981.39399729355,xgb_regression,10.0,True,resolved
2024-05-30,1074420.4164436285,-0.009255962825774677,1147537.4416835487,-0.008844415465080635,435.7393971845785,69417.13339447818,xgb_regression,10.0,True,resolved
2024-05-31,1068362.0899125584,-0.005638692674068246,1141799.7921353015,-0.004999967181750109,681.1595008009995,70098.29289527901,xgb_regression,10.0,True,resolved
2024-06-03,1058763.3990889888,-0.008984492162535718,1132074.270779639,-0.008517711618667101,500.05531061179596,70598.34820589088,xgb_regression,10.0,True,resolved
2024-06-04,1054536.6376823161,-0.003992168042746491,1127874.1360558681,-0.0037101229417380033,312.9684975508274,70911.3167034418,xgb_regression,10.0,True,resolved
2024-06-05,1079287.3464897368,0.023470695965403632,1154905.6665236081,0.023966797006506724,516.6907735461041,71428.00747698777,xgb_regression,10.0,True,resolved
2024-06-06,1065061.063588224,-0.013181181960283617,1140631.788488399,-0.012359345398464505,892.5814973469177,72320.58897433477,xgb_regression,10.0,True,resolved
2024-06-07,1063938.1093395636,-0.001054356681556845,1140421.786885408,-0.00018410989866357585,927.3583524366557,73247.94732677142,xgb_regression,10.0,True,resolved
2024-06-10,1082768.7240192096,0.017698975639978798,1161260.3932321696,0.018272718555889522,598.0985216092876,73846.04584838086,xgb_regression,10.0,True,resolved
2024-06-11,1075624.934001293,-0.00659770628708134,1154480.807309623,-0.005838127229739309,821.7614688505778,74667.80731723142,xgb_regression,10.0,True,resolved
2024-06-12,1081182.351757594,0.005166687365295131,1161065.693757735,0.005703764329748395,579.1820545236412,75246.9893717552,xgb_regression,10.0,True,resolved
2024-06-13,1089716.214489191,0.007893083639151532,1170882.6154480092,0.008455095816759739,616.971139681122,75863.96051143622,xgb_regression,10.0,True,resolved
2024-06-14,1085375.6891602124,-0.0039831703623987025,1167121.9284619838,-0.0032118394588910304,837.1436593736687,76701.10417080976,xgb_regression,10.0,True,resolved
2024-06-17,1093466.150670495,0.00745406552872252,1176500.36277682,0.00803552232729876,628.4038980387036,77329.50806884859,xgb_regression,10.0,True,resolved
2024-06-18,1095837.704154007,0.0021688403267516865,1179978.876947314,0.0029566622166472545,860.9916343872073,78190.49970323566,xgb_regression,10.0,True,resolved
2024-06-20,1093669.948469393,-0.0019781722023221038,1178479.4681559077,-0.001270708163255807,775.6071099318312,78966.1068131675,xgb_regression,10.0,True,resolved
2024-06-21,1094185.1981622062,0.00047111991468207215,1179747.0482868194,0.0010756064616850303,661.8010260770543,79627.90783924454,xgb_regression,10.0,True,resolved
2024-06-24,1080066.9523489187,-0.012902976422090706,1165288.656955182,-0.012255501170893468,707.1914212977091,80335.09926054213,xgb_regression,10.0,True,resolved
2024-06-25,1093254.1985811484,0.012209656265799396,1179991.9552581236,0.012617730564167928,439.3521165270065,80774.4513770693,xgb_regression,10.0,True,resolved
2024-06-26,1087002.5023132674,-0.0057184287752972685,1174173.8732454816,-0.004930611591643652,860.9492968347785,81635.40067390412,xgb_regression,10.0,True,resolved
2024-06-27,1092029.357798732,0.0046245114199523485,1180551.6432663712,0.0054317083408277345,875.3175886927352,82510.71826259693,xgb_regression,10.0,True,resolved
2024-06-28,1086054.671481954,-0.005471177376422776,1174837.3580107228,-0.004840351786591923,689.8453000858907,83200.56356268277,xgb_regression,10.0,True,resolved
2024-07-01,1081781.2526262756,-0.003934810067938055,1171015.6241682847,-0.003252989715026744,745.2384565968327,83945.80201927964,xgb_regression,10.0,True,resolved
2024-07-02,1087933.925394834,0.005687538727096042,1178168.3850230067,0.00610816859066432,456.88590936217145,84402.68792864191,xgb_regression,10.0,True,resolved
2024-07-03,1099437.0626363084,0.010573378560007285,1191209.1170790722,0.0110686487787659,536.0298959725,84938.71782461442,xgb_regression,10.0,True,resolved
2024-07-05,1097762.316660895,-0.001523275894845244,1190163.2848607106,-0.0008779585409202095,708.866652687573,85647.58447730193,xgb_regression,10.0,True,resolved
2024-07-08,1103415.4139386886,0.005149655068310999,1197038.7325393998,0.005776894453179082,696.0033156779687,86343.58779297984,xgb_regression,10.0,True,resolved
2024-07-09,1103328.9171987518,-7.83900051096742e-05,1197799.3966895137,0.0006354549184053315,788.9641716831223,87132.55196466291,xgb_regression,10.0,True,resolved
2024-07-10,1107895.2479052828,0.004138684879323673,1203673.2168061074,0.0049038429413370554,844.1838337435545,87976.7357984066,xgb_regression,10.0,True,resolved
2024-07-11,1109499.6619104357,0.001448163992206375,1206192.0035673883,0.0020925835402105797,715.9494808566145,88692.68527926323,xgb_regression,10.0,True,resolved
2024-07-12,1116153.6477353324,0.0059972851307041886,1214101.3211329647,0.006557262477436598,622.1907619730323,89314.87604123613,xgb_regression,10.0,True,resolved
2024-07-15,1126304.3581716185,0.009094366583742186,1225797.1868877527,0.0096333523003449,606.5669959314839,89921.44303716764,xgb_regression,10.0,True,resolved
2024-07-16,1126842.7007846837,0.000477972591652831,1227233.3819014197,0.001171641629651221,781.4317031438942,90702.87474031166,xgb_regression,10.0,True,resolved
2024-07-17,1089347.4015038493,-0.03327465249118111,1187149.8903553777,-0.03266166984794572,701.0498843061022,91403.92462461784,xgb_regression,10.0,True,resolved
2024-07-18,1085802.3740877344,-0.0032542671063620077,1183764.3746734508,-0.0028518013684972754,439.05637658689517,91842.98100120474,xgb_regression,10.0,True,resolved
2024-07-19,1080554.0435666335,-0.00483359646870396,1178552.1505943409,-0.004403092533129982,468.56525690829363,92311.54625811309,xgb_regression,10.0,True,resolved
2024-07-22,1094018.33638281,0.01246054549176856,1193813.6629549824,0.012949373816801613,527.0558452141652,92838.60210332721,xgb_regression,10.0,True,resolved
2024-07-23,1089690.3503580198,-0.003956045233300176,1190065.8972206386,-0.0031393221996364185,892.3126692703046,93730.91477259749,xgb_regression,10.0,True,resolved
2024-07-24,1064425.7977622326,-0.02318507508806189,1163278.1571203268,-0.022509459486969363,744.3304701598147,94475.24524275734,xgb_regression,10.0,True,resolved
2024-07-25,1049131.488998254,-0.01436860023134734,1146850.209724845,-0.014122114556117005,264.2777311027947,94739.5229738603,xgb_regression,10.0,True,resolved
2024-07-26,1063804.8439474977,0.013986192486943771,1163323.9679869604,0.014364350394170389,399.6228461480747,95139.14582000836,xgb_regression,10.0,True,resolved
2024-07-29,1064942.1455447685,0.0010690885680222362,1165429.8071993273,0.001810191546221418,786.7330423792006,95925.87886238769,xgb_regression,10.0,True,resolved
2024-07-30,1048603.955826424,-0.015341856632020812,1148447.2026698452,-0.01457196686113027,827.1270568835154,96753.0059192712,xgb_regression,10.0,True,resolved
2024-07-31,1080740.1220896274,0.03064661933100976,1184001.0463528913,0.030958187368468115,332.129157983892,97085.13507725521,xgb_regression,10.0,True,resolved
2024-08-01,1049964.7142309928,-0.02847623330494098,1151350.026060282,-0.02757685087625983,973.9950959102929,98059.13017316535,xgb_regression,10.0,True,resolved
2024-08-02,1042553.4825228218,-0.007058553118710398,1144255.8867508867,-0.006161583487925282,942.7154919038369,99001.84566506918,xgb_regression,10.0,True,resolved
2024-08-05,1021389.5881292061,-0.02030005630253351,1121253.6668216016,-0.020102339166984673,198.32856903592747,99200.17423410504,xgb_regression,10.0,True,resolved
2024-08-06,1036525.7654393236,0.014819200710515457,1138542.1392225255,0.015418877023547495,612.9562673161518,99813.13050142121,xgb_regression,10.0,True,resolved
2024-08-07,1006383.4639921356,-0.029080127530078714,1106286.833227425,-0.028330357642385118,775.074801426916,100588.20530284809,xgb_regression,10.0,True,resolved
2024-08-08,1036509.8193522417,0.02993526467595209,1139943.6701943679,0.030423246445728802,497.243654527774,101085.44895737592,xgb_regression,10.0,True,resolved
2024-08-09,1040571.2602745012,0.00391838152078261,1145418.6876854408,0.004802884242639305,916.6271330497101,102002.07609042565,xgb_regression,10.0,True,resolved
2024-08-12,1041624.9296324444,0.001012587410558874,1147480.4455555165,0.0018000036949301634,823.5697090861282,102825.64579951162,xgb_regression,10.0,True,resolved
2024-08-13,1067540.7704661074,0.02488020408920888,1176594.1072478704,0.025371815097258166,517.991934549687,103343.6377340612,xgb_regression,10.0,True,resolved
2024-08-14,1069027.474566029,0.0013926438605922353,1179278.0879531177,0.0022811440994934262,952.3431904380435,104295.98092449934,xgb_regression,10.0,True,resolved
2024-08-15,1078723.82619474,0.009070254843213554,1190923.6817316776,0.009875188810446911,858.1370776925933,105154.11800219184,xgb_regression,10.0,True,resolved
2024-08-16,1079423.890017159,0.0006489740982997816,1192670.6399959726,0.0014668935474981826,879.444584700109,106033.56258689197,xgb_regression,10.0,True,resolved
2024-08-19,1086528.03674312,0.00658142439838727,1201596.7769481963,0.007484159207820973,971.5266890276071,107005.08927591972,xgb_regression,10.0,True,resolved
2024-08-20,1081099.115408391,-0.004996577309686612,1196648.453407532,-0.0041181231804166,955.1709547960879,107960.26023071566,xgb_regression,10.0,True,resolved
2024-08-21,1091445.3280012135,0.009570087002535477,1208924.1019414961,0.0102583582496667,741.1752186355388,108701.43544935131,xgb_regression,10.0,True,resolved
2024-08-22,1081014.9027533424,-0.009556525627328116,1198136.5729860892,-0.00892324748764839,690.8564971333659,109392.29194648463,xgb_regression,10.0,True,resolved
2024-08-23,1092697.3317781647,0.010806908392351655,1211916.138755078,0.011500830606185675,747.4864949714066,110139.77844145607,xgb_regression,10.0,True,resolved
2024-08-26,1082889.4097693223,-0.008975881722783963,1201972.546373968,-0.00820485185660147,845.3606732548857,110985.13911471088,xgb_regression,10.0,True,resolved
2024-08-27,1085925.69323872,0.0028038721609111583,1206213.4073457704,0.0035282511107228576,778.6906604919949,111763.82977520292,xgb_regression,10.0,True,resolved
2024-08-28,1065329.422526978,-0.018966556220172626,1184015.0509781402,-0.01840334076245831,609.3519578385461,112373.18173304133,xgb_regression,10.0,True,resolved
2024-08-29,1058443.545073859,-0.006463613327026718,1176987.5631711893,-0.0059353027659111435,565.116204370628,112938.29793741195,xgb_regression,10.0,True,resolved
2024-08-30,1066867.6901492085,0.007958993292138006,1186987.1821401909,0.008495942762606123,568.113404724764,113506.41134213658,xgb_regression,10.0,True,resolved
2024-09-03,1042670.5630797434,-0.022680532265515474,1160929.8480573117,-0.02195249828721535,762.5828548193807,114268.99419695583,xgb_regression,10.0,True,resolved
2024-09-04,1038045.3873425437,-0.004435893657089851,1156325.049107983,-0.003966474767647998,491.3290909702592,114760.32328792602,xgb_regression,10.0,True,resolved
2024-09-05,1031184.0257965974,-0.006609885877448818,1149344.7486302652,-0.006036624808138935,592.6392955736023,115352.96258349963,xgb_regression,10.0,True,resolved
2024-09-06,1006396.0954531378,-0.024038318790199242,1122376.5658757156,-0.023463963085653017,592.7579472538876,115945.72053075359,xgb_regression,10.0,True,resolved
2024-09-09,1025322.843382166,0.018806460015632576,1143922.5702920335,0.019196769668392788,400.12024261784296,116345.84077337134,xgb_regression,10.0,True,resolved
2024-09-10,1025220.5786966891,-9.973901014392883e-05,1144476.6876123752,0.0004844010728806136,598.0667446557173,116943.90751802703,xgb_regression,10.0,True,resolved
2024-09-11,1045801.1950077028,0.02007433008921522,1168070.782878281,0.020615618929843205,558.1031438744184,117502.01066190134,xgb_regression,10.0,True,resolved
2024-09-12,1047785.7156861889,0.0018976079659878131,1171205.1575497694,0.0026833773410244177,824.1078148893196,118326.11847679077,xgb_regression,10.0,True,resolved
2024-09-13,1053695.4018072337,0.005640166717843176,1178671.6362350755,0.006375039110079195,766.7133529066725,119092.83182969732,xgb_regression,10.0,True,resolved
2024-09-16,1055302.5632345178,0.0015252618778895943,1181192.9692560453,0.0021391309873404207,648.0304263703355,119740.86225606757,xgb_regression,10.0,True,resolved
2024-09-17,1056903.7339364947,0.0015172622125252389,1183738.980823155,0.0021554577730964475,680.2705013652691,120421.13275743288,xgb_regression,10.0,True,resolved
2024-09-18,1056876.3354838374,-2.5923319009635293e-05,1184382.8494078142,0.0005439278380539037,602.3227854096369,121023.45554284252,xgb_regression,10.0,True,resolved
2024-09-19,1062912.597175937,0.00571141721073376,1191891.7629083677,0.006339937718878641,664.3382299328407,121687.79377277537,xgb_regression,10.0,True,resolved
2024-09-20,1061340.5108817667,-0.0014790362804496526,1190889.074332483,-0.0008412580798762281,675.208050839069,122363.0018236143,xgb_regression,10.0,True,resolved
2024-09-23,1069556.6013486932,0.007741238916905813,1200996.1959738557,0.008487038683294479,794.8334025921646,123157.8352262065,xgb_regression,10.0,True,resolved
2024-09-24,1071619.259443589,0.0019285170062948165,1204250.547178091,0.0027097098351727134,831.4697813094687,123989.30500751597,xgb_regression,10.0,True,resolved
2024-09-25,1072800.5004899162,0.0011022954616739522,1206459.1727627232,0.001834024979110449,783.2639466155375,124772.56895413158,xgb_regression,10.0,True,resolved
2024-09-26,1072691.147493699,-0.00010193227554156081,1207105.0642268043,0.0005353612278500286,684.506739153305,125457.07569328479,xgb_regression,10.0,True,resolved
2024-09-27,1075380.4344161926,0.0025070468128471912,1210980.9814121868,0.003210919496775544,755.8924795026614,126212.96817278737,xgb_regression,10.0,True,resolved
2024-09-30,1080574.1061206236,0.004829613351902351,1217567.734387011,0.005439187795619249,653.3748360618997,126866.34300884939,xgb_regression,10.0,True,resolved
2024-10-01,1071942.7206938425,-0.007987777402670426,1208656.3813694748,-0.007318979277996962,725.2213891744137,127591.56439802384,xgb_regression,10.0,True,resolved
2024-10-02,1078638.0745405527,0.006245999639212574,1216895.44579836,0.006816713630014348,608.3254646097996,128199.88986263373,xgb_regression,10.0,True,resolved
2024-10-03,1073546.2316555153,-0.00472062224134473,1212025.6090935776,-0.004001853011774137,774.7589162499577,128974.64877888383,xgb_regression,10.0,True,resolved
2024-10-04,1075502.9391727154,0.0018226578972595497,1215156.692423634,0.002583347502366662,816.7049362715462,129791.35371515545,xgb_regression,10.0,True,resolved
2024-10-07,1067455.2480182382,-0.0074827235345982235,1206652.0463663177,-0.006998806088417964,521.2118162929924,130312.56553144843,xgb_regression,10.0,True,resolved
2024-10-08,1071152.030877433,0.003463173623492022,1211445.4477915657,0.003972480252018684,542.7640326513025,130855.32956409981,xgb_regression,10.0,True,resolved
2024-10-09,1073404.1207990304,0.002102493256491922,1214604.0320835514,0.0026072856171475145,537.4130285236592,131392.74259262357,xgb_regression,10.0,True,resolved
2024-10-10,1065950.1258588666,-0.0069442578016331025,1206793.100636898,-0.0064308459714680355,551.9975633878079,131944.74015601142,xgb_regression,10.0,True,resolved
2024-10-11,1077933.1117815278,0.011241600926690687,1221035.809427063,0.011802113206189402,594.2726582178051,132539.012814229,xgb_regression,10.0,True,resolved
2024-10-14,1086965.0451684468,0.008378936770939038,1232226.756698955,0.00916512618671117,844.9073786744029,133383.92019290326,xgb_regression,10.0,True,resolved
2024-10-15,1084368.7264245488,-0.0023885945140910136,1230131.4546363982,-0.0017004192216779623,753.0825587074435,134137.0027516109,xgb_regression,10.0,True,resolved
2024-10-16,1086606.7252992475,0.0020638725741177755,1233396.799216692,0.0026544679985107678,637.9710505791177,134774.9738021899,xgb_regression,10.0,True,resolved
2024-10-17,1084697.6776789438,-0.0017568891999798497,1231972.573248427,-0.00115471839165604,655.8987114518906,135430.8725136418,xgb_regression,10.0,True,resolved
2024-10-18,1094187.6271473982,0.008748934992431456,1243426.6692738032,0.009297362842400458,594.2391790630245,136025.11169270464,xgb_regression,10.0,True,resolved
2024-10-21,1088649.8154368259,-0.005061117100190304,1238041.2557713548,-0.004331106639037796,801.1506785734264,136826.26237127828,xgb_regression,10.0,True,resolved
2024-10-22,1082850.0489055035,-0.005327485890396444,1232227.0818664595,-0.004696268301069506,677.5542870521807,137503.81665833044,xgb_regression,10.0,True,resolved
2024-10-23,1076234.924649586,-0.006108993819230801,1225353.7264881392,-0.005577994088483362,561.100697407412,138064.91735573797,xgb_regression,10.0,True,resolved
2024-10-24,1076845.3347270116,0.0005671717795483477,1226787.5561799915,0.0011701353338693377,641.6365310350704,138706.5538867729,xgb_regression,10.0,True,resolved
2024-10-25,1070368.7802421027,-0.006014377623273837,1220115.843943774,-0.0054383598876662775,610.0002535604543,139316.55414033323,xgb_regression,10.0,True,resolved
2024-10-28,1081549.2913318553,0.010445475705320728,1233509.2082410348,0.010977125134257193,599.0924449591317,139915.64658529227,xgb_regression,10.0,True,resolved
2024-10-29,1079736.3442733218,-0.0016762500544945658,1232395.146307772,-0.0009031646669678262,828.2083445195556,140743.85492981173,xgb_regression,10.0,True,resolved
2024-10-30,1075132.8656968814,-0.004263520998303183,1228066.67976917,-0.0035122391966326827,813.9916884699591,141557.84661828142,xgb_regression,10.0,True,resolved
2024-10-31,1076336.4094780283,0.0011194372524057083,1230191.5479879468,0.0017302547604143292,662.6115388997617,142220.4581571812,xgb_regression,10.0,True,resolved
2024-11-01,1072915.8550644706,-0.0031779603323245365,1227251.7711116716,-0.002389690354386964,847.8782739094031,143068.3364310905,xgb_regression,10.0,True,resolved
2024-11-04,1075580.6663379278,0.0024837094734675436,1231161.1745045772,0.003185494195184102,754.0836396319905,143822.42007072226,xgb_regression,10.0,True,resolved
2024-11-05,1087580.5994032705,0.011156702087440129,1245757.7163515233,0.01185591468381042,748.8694827716565,144571.28955349384,xgb_regression,10.0,True,resolved
2024-11-06,1103816.7777952745,0.014928712778540243,1265367.736055477,0.015741439484225017,881.3484254932538,145452.63797898687,xgb_regression,10.0,True,resolved
2024-11-07,1106336.5926530878,0.0022828198560691515,1269292.1844067057,0.003101429125625055,900.4552866936941,146353.09326568083,xgb_regression,10.0,True,resolved
2024-11-08,1110975.6330321457,0.004193154605808491,1275717.9249388762,0.00506245970085617,961.0278721928568,147314.12113787385,xgb_regression,10.0,True,resolved
2024-11-11,1105412.28731453,-0.005007621726528688,1270312.685449121,-0.0042370177482723426,856.8290014990796,148170.95013937284,xgb_regression,10.0,True,resolved
2024-11-12,1099439.927781269,-0.005402834401063372,1264158.4305567,-0.0048446771908328135,619.3952397307049,148790.34537910364,xgb_regression,10.0,True,resolved
2024-11-13,1089466.613419582,-0.009071268115406483,1253324.2947418857,-0.00857023578131999,548.2277211429163,149338.57310024655,xgb_regression,10.0,True,resolved
2024-11-14,1074279.3336153142,-0.013940105751931497,1236476.9622531938,-0.01344211754242064,534.7516545723192,149873.3247548187,xgb_regression,10.0,True,resolved
2024-11-15,1060655.5287833405,-0.01268180854426848,1221372.2882420318,-0.012215896027401252,485.5984876000133,150358.92324241897,xgb_regression,10.0,True,resolved
2024-11-18,1076711.8088727724,0.015138072308782169,1240388.8346646852,0.015569819788546768,465.84464751175983,150824.76788993066,xgb_regression,10.0,True,resolved
2024-11-19,1099615.8065876402,0.021272170998891893,1267467.0974504123,0.02183046318136772,599.2869859486253,151424.05487587905,xgb_regression,10.0,True,resolved
2024-11-20,1097667.8674330246,-0.0017714724933434178,1266159.260030859,-0.0010318511795566199,803.5258616456942,152227.58073752452,xgb_regression,10.0,True,resolved
2024-11-21,1105122.2975857907,0.006791152746594475,1275747.8637912609,0.007572983954773793,858.3041977360806,153085.88493526078,xgb_regression,10.0,True,resolved
2024-11-22,1114568.1745049143,0.008547358912003311,1287577.324094788,0.009272569164546551,798.9178136580158,153884.802748919,xgb_regression,10.0,True,resolved
2024-11-25,1119620.4445783133,0.004532939472852826,1294313.9448463232,0.005232012575455469,778.5573363820115,154663.36008530075,xgb_regression,10.0,True,resolved
2024-11-26,1122569.6582130594,0.002634119132986168,1298701.5113508021,0.0033898781064278793,846.0294438473173,155509.38952914817,xgb_regression,10.0,True,resolved
2024-11-27,1116322.5765554565,-0.005564983528547507,1292499.2535619223,-0.004775737715457584,888.163063769541,156397.55259291743,xgb_regression,10.0,True,resolved
2024-11-29,1119825.1403985675,0.003137591155702113,1297465.1252817903,0.0038420693135279294,787.1431619786965,157184.69575489595,xgb_regression,10.0,True,resolved
2024-12-02,1115877.649910781,-0.003525095432650782,1294012.0345393848,-0.002661413147159175,967.500874316014,158152.1966292121,xgb_regression,10.0,True,resolved
2024-12-03,1112943.3219617798,-0.0026296144108951536,1291575.0259458525,-0.0018832966993229672,832.0661491018427,158984.2627783141,xgb_regression,10.0,True,resolved
2024-12-04,1111174.4367949069,-0.0015893757857812219,1290258.061942818,-0.0010196573769069017,634.0535988683155,159618.3163771826,xgb_regression,10.0,True,resolved
2024-12-05,1104818.3913635996,-0.005720114881008986,1283760.9392587063,-0.00503552186632239,759.9159006052612,160378.23227778755,xgb_regression,10.0,True,resolved
2024-12-06,1107459.0232253694,0.002390104909921531,1287650.9161192318,0.003030141159125588,708.481881616939,161086.7141594043,xgb_regression,10.0,True,resolved
2024-12-09,1094019.3111801222,-0.012135629186627028,1273088.0209495923,-0.01130966086175722,918.1770461950202,162004.89120559918,xgb_regression,10.0,True,resolved
2024-12-10,1082997.0348857662,-0.010075029006998304,1261151.469523287,-0.009376061379795297,767.4809682130925,162772.3721738123,xgb_regression,10.0,True,resolved
2024-12-11,1092926.7561995883,0.009168742844129163,1273347.147733715,0.009670272370247535,541.7739345716695,163314.1461083839,xgb_regression,10.0,True,resolved
2024-12-12,1091053.942432407,-0.0017135766478016956,1272215.1402404816,-0.0008890014755583708,900.287857714631,164214.43396609882,xgb_regression,10.0,True,resolved
2024-12-13,1090123.296598537,-0.0008529787553815948,1272034.6057533803,-0.00014190562695792774,774.8479920114123,164989.28195811048,xgb_regression,10.0,True,resolved
2024-12-16,1091301.2868415536,0.0010806027599743473,1274149.990767321,0.0016629932899410171,633.5510792340491,165622.83303734436,xgb_regression,10.0,True,resolved
2024-12-17,1080497.7288020386,-0.009899702465102633,1262397.7159105751,-0.009223619622418577,734.8273678713194,166357.6604052158,xgb_regression,10.0,True,resolved
2024-12-18,1060274.8870395608,-0.01871622792293981,1239474.4268201396,-0.018158531817289325,603.8636807336256,166961.5240859492,xgb_regression,10.0,True,resolved
2024-12-19,1053160.169748532,-0.006710257290818422,1231801.4224334084,-0.006190530615799994,557.3891401624948,167518.91322611165,xgb_regression,10.0,True,resolved
2024-12-20,1066779.737628933,0.012932095489001538,1248480.1837895743,0.013540138087531295,645.2212619169208,168164.13448802877,xgb_regression,10.0,True,resolved
2024-12-23,1069372.7835020134,0.0024307228396029945,1252457.5930605854,0.003185800882268053,802.4594166777117,168966.59390470618,xgb_regression,10.0,True,resolved
2024-12-24,1076626.7568945857,0.006783390698252845,1261854.7204850963,0.007502950580184908,767.1674396342922,169733.7613443407,xgb_regression,10.0,True,resolved
2024-12-26,1075926.8520232828,-0.0006500905414256186,1261988.4405826284,0.00010597107207455103,811.8270298473826,170545.58837418834,xgb_regression,10.0,True,resolved
2024-12-27,1065503.9110373966,-0.00968740669152901,1250713.7551758229,-0.00893406392977758,810.7776774507773,171356.3660516392,xgb_regression,10.0,True,resolved
2024-12-30,1058020.8804723765,-0.007022996806961057,1242587.6715470408,-0.0064971569994763945,555.723765041237,171912.08981668053,xgb_regression,10.0,True,resolved
2024-12-31,1046232.9571508851,-0.011141484576588256,1229142.8404736714,-0.010820026128724014,338.87681704132495,172250.96663372172,xgb_regression,10.0,True,resolved
2025-01-02,1054427.0067681344,0.007831955169490534,1239127.4232946585,0.00812320789106935,298.0182592402658,172548.98489296186,xgb_regression,10.0,True,resolved
2025-01-03,1053127.878210738,-0.0012320706403170512,1238331.725697576,-0.0006421434810689464,594.7640873263023,173143.74898028813,xgb_regression,10.0,True,resolved
2025-01-06,1062612.0526753198,0.009005719685908797,1250215.0718499334,0.009596254303880558,642.1126854422713,173785.86166573045,xgb_regression,10.0,True,resolved
2025-01-07,1069311.441829204,0.006304642542889871,1258954.3843190218,0.006990247250944659,748.9118097358178,174534.7734754665,xgb_regression,10.0,True,resolved
2025-01-08,1075236.6175526886,0.005541113179663215,1266858.8828084194,0.006278621837178866,785.7380156107748,175320.5114910772,xgb_regression,10.0,True,resolved
2025-01-10,1061303.811745308,-0.012957897433861998,1251355.5426284086,-0.012237622035409679,772.2615195924847,176092.77301066986,xgb_regression,10.0,True,resolved
2025-01-13,1060799.74929336,-0.0004749464256792457,1251560.0400234032,0.00016342069701869022,674.2904258371914,176767.06343650687,xgb_regression,10.0,True,resolved
2025-01-14,1073661.0945397806,0.012124197102222345,1267117.4693939774,0.012430429921910235,328.64849623068307,177095.7119327373,xgb_regression,10.0,True,resolved
2025-01-15,1100152.5500096343,0.024673945628260974,1299359.7532346197,0.025445378679896713,833.3210221857004,177929.03295492267,xgb_regression,10.0,True,resolved
2025-01-16,1107679.8489199837,0.006842050141394829,1309396.8031043895,0.0077246119442930805,970.8920468310167,178899.9250017535,xgb_regression,10.0,True,resolved
2025-01-17,1110565.234297073,0.0026048910972811257,1313801.3451272366,0.003363794697225808,841.401850981453,179741.32685273525,xgb_regression,10.0,True,resolved
2025-01-21,1119167.5155845482,0.00774585861488819,1325016.8034334136,0.008536646995966457,878.2092647732647,180619.53611750857,xgb_regression,10.0,True,resolved
2025-01-22,1123507.297106111,0.003877687174735467,1331079.5372410777,0.004575590129841656,793.0071636949883,181412.54328120349,xgb_regression,10.0,True,resolved
2025-01-23,1126484.0943294521,0.0026495575338127964,1335565.7711408325,0.003370372524134302,808.7514986144472,182221.29477981798,xgb_regression,10.0,True,resolved
2025-01-24,1123407.8932956904,-0.002730798463331019,1332717.5861558132,-0.0021325681194916957,672.2250286006032,182893.51980841847,xgb_regression,10.0,True,resolved
2025-01-27,1080038.040518682,-0.03860561514284566,1282026.1499802796,-0.038036142617245416,656.292941492157,183549.81274991043,xgb_regression,10.0,True,resolved
2025-01-28,1097519.3721618676,0.016185848078823506,1303281.0943180826,0.01657918158543792,418.0425659418778,183967.8553158523,xgb_regression,10.0,True,resolved
2025-01-29,1101210.2921578796,0.0033629656930262986,1308467.7892718632,0.0039797208571450415,674.2140697952625,184642.06938564742,xgb_regression,10.0,True,resolved
2025-01-30,1109490.4263693346,0.007519121706744736,1319384.3627478047,0.008343020413224211,909.8134411525666,185551.88282680025,xgb_regression,10.0,True,resolved
2025-01-31,1106006.1568823254,-0.003140423210690524,1316203.1132470497,-0.0024111620469182693,806.6758666573561,186358.5586934578,xgb_regression,10.0,True,resolved
2025-02-03,1103696.9310632453,-0.0020878959892859372,1314304.5285368445,-0.0014424709158462612,705.9147957660961,187064.47348922383,xgb_regression,10.0,True,resolved
2025-02-04,1102861.6716965511,-0.0007567832646679928,1314059.8074159692,-0.00018619818737730665,629.0478879418088,187693.52137716557,xgb_regression,10.0,True,resolved
2025-02-05,1113672.5097833353,0.009802533141036296,1327886.996870909,0.010522496294997463,790.5325259481823,188484.05390311373,xgb_regression,10.0,True,resolved
2025-02-06,1123159.1303036306,0.008518321532549056,1340234.220072861,0.009298399058841333,873.7216559677358,189357.77555908173,xgb_regression,10.0,True,resolved
2025-02-07,1118110.1838124585,-0.004495308238118612,1335323.3307003924,-0.0036642023453197226,935.9618292926889,190293.73738837478,xgb_regression,10.0,True,resolved
2025-02-10,1116011.293730366,-0.0018771764290133053,1333853.3761627874,-0.00110082292715874,869.9147838827287,191163.65217225734,xgb_regression,10.0,True,resolved
2025-02-11,1102067.8696295714,-0.012493981180232927,1317989.9990764253,-0.01189289420400741,669.7358414829827,191833.38801374042,xgb_regression,10.0,True,resolved
2025-02-12,1102419.2116475797,0.0003188025235925096,1319012.9993008892,0.0007761820842198119,503.5774952046101,192336.9655089451,xgb_regression,10.0,True,resolved
2025-02-13,1110040.0778223565,0.006912856828199976,1328834.809074663,0.007446332810199463,586.1134271410233,192923.07893608624,xgb_regression,10.0,True,resolved
2025-02-14,1110237.7152731707,0.00017804532895970837,1329792.1630356614,0.0007204461792094108,598.6076378137651,193521.6865739,xgb_regression,10.0,True,resolved
2025-02-18,1121217.8515432244,0.009889896658169306,1343740.8197131157,0.01048935094158776,671.2673981677284,194192.9539720676,xgb_regression,10.0,True,resolved
2025-02-19,1113937.1843920234,-0.0064935348123293934,1336066.5640151259,-0.005711113025224757,871.2107154063585,195064.16468747414,xgb_regression,10.0,True,resolved
2025-02-20,1100722.2544913825,-0.011863263104780364,1321068.5138320103,-0.011225526172920275,714.4725697517747,195778.63725722607,xgb_regression,10.0,True,resolved
2025-02-21,1061795.319405947,-0.03536490238713541,1274706.213174115,-0.035094546704025786,299.60780291272215,196078.24506013884,xgb_regression,10.0,True,resolved
2025-02-24,1044174.735265652,-0.016595085529434783,1253786.9571611143,-0.01641104106718838,193.5145691146961,196271.7596292536,xgb_regression,10.0,True,resolved
2025-02-25,1041078.3490955516,-0.002965390815850899,1250387.7655258873,-0.0027111397321628594,268.9304385747752,196540.69006782843,xgb_regression,10.0,True,resolved
2025-02-26,1069719.3772546216,0.02751092478673889,1285279.579956588,0.027904795130513804,416.68458857273214,196957.3746564011,xgb_regression,10.0,True,resolved
2025-02-27,1053080.4300633112,-0.015554497324348104,1266430.562634903,-0.014665305211121304,953.2327449944861,197910.60740139594,xgb_regression,10.0,True,resolved
2025-02-28,1066280.081604312,0.012534324220807358,1283276.0722395778,0.013301565914223046,801.0742128459829,198711.681614242,xgb_regression,10.0,True,resolved
2025-03-03,1050741.8221793254,-0.014572399590929153,1265279.8402474835,-0.0140236636382437,591.0948674965875,199302.77648173863,xgb_regression,10.0,True,resolved
2025-03-04,1046192.2714055296,-0.004329846473950849,1260517.3322418614,-0.0037639958008740537,587.0024040589653,199889.77888579754,xgb_regression,10.0,True,resolved
2025-03-05,1062662.8505623396,0.01574335770487223,1281015.3896384067,0.01626162280536758,540.9411723198909,200430.72005811773,xgb_regression,10.0,True,resolved
2025-03-06,1027579.812798572,-0.033014269526033035,1239686.339625575,-0.032262727167155725,800.7365424268128,201231.4566005446,xgb_regression,10.0,True,resolved
2025-03-07,1034379.8121250836,0.006617490185985675,1248435.304927089,0.007057402362081744,444.5652335809938,201676.0218341256,xgb_regression,10.0,True,resolved
2025-03-10,980228.6231951105,-0.05235135904162913,1183456.410199325,-0.05204826751640035,312.2746200145375,201988.2964541402,xgb_regression,10.0,True,resolved
2025-03-11,992578.5470499973,0.012599023903863804,1198721.99756697,0.012899154743750918,288.6625511173248,202276.95900525752,xgb_regression,10.0,True,resolved
2025-03-12,1014165.3210540469,0.02174817707697474,1225428.4700806378,0.02227912107050134,525.210499695341,202802.169504953,xgb_regression,10.0,True,resolved
2025-03-13,997442.322171232,-0.01648942094118766,1206200.9453601781,-0.015690450475003614,809.9986158541899,203612.16812080695,xgb_regression,10.0,True,resolved
2025-03-14,1020442.9604027029,0.02305961730338768,1234629.2400540018,0.023568456651586134,499.1735954704847,204111.3417162773,xgb_regression,10.0,True,resolved
2025-03-17,1029294.429367522,0.008674143786856936,1246235.6116599564,0.009400693932574367,736.1605348486416,204847.50225112573,xgb_regression,10.0,True,resolved
2025-03-18,1022243.9562843156,-0.006849811756524105,1238652.54188122,-0.006084780203508999,784.1473804063795,205631.6496315319,xgb_regression,10.0,True,resolved
2025-03-19,1041026.6331952312,0.01837396718801587,1261965.1983407987,0.01882098140627253,460.32411245864864,206091.9737439907,xgb_regression,10.0,True,resolved
2025-03-20,1038077.1552969011,-0.0028332396158561313,1259442.251662827,-0.0019992204866574603,861.6597148435503,206953.6334588343,xgb_regression,10.0,True,resolved
2025-03-21,1037986.9294480445,-8.69163225452052e-05,1260342.3261786452,0.0007146612039017342,829.7558865382497,207783.3893453725,xgb_regression,10.0,True,resolved
2025-03-24,1058878.1434079695,0.02012666380205186,1286316.2654491877,0.020608638408023072,497.6809322430372,208281.07027761528,xgb_regression,10.0,True,resolved
2025-03-25,1058311.9980757115,-0.0005346652358276804,1286739.2928376752,0.000328867324351112,914.8129968645118,209195.88327448,xgb_regression,10.0,True,resolved
2025-03-26,1047936.7673418114,-0.00980356525558157,1275120.3900330719,-0.009029725655598786,822.5137942405784,210018.39706872075,xgb_regression,10.0,True,resolved
2025-03-27,1030500.2161883053,-0.016638934425151963,1254416.8531749616,-0.016236535012645548,425.4454123856241,210443.8424811063,xgb_regression,10.0,True,resolved
2025-03-28,1001361.3232008147,-0.02827645499704201,1219336.4879350592,-0.02796547666839222,312.6996431437756,210756.54212425018,xgb_regression,10.0,True,resolved
2025-03-31,992995.0163601896,-0.008354933076386906,1209312.16420422,-0.008221129958814966,127.491963406601,210884.03408765682,xgb_regression,10.0,True,resolved
2025-04-01,1011049.7392829467,0.018182088152804976,1231446.8686490296,0.01830354899255915,132.8079367825499,211016.84202443948,xgb_regression,10.0,True,resolved
2025-04-02,1023520.8517771787,0.012334815993401804,1247265.7014313505,0.012845729024164143,507.67283703994207,211524.51486147958,xgb_regression,10.0,True,resolved
2025-04-03,954908.6884345997,-0.06703543286240343,1164357.537242263,-0.06647193464387169,572.5315994663783,212097.04646094612,xgb_regression,10.0,True,resolved
2025-04-04,896378.5976430925,-0.06129391375363513,1093441.1693059613,-0.06090600667580548,365.94375306101847,212462.9902140069,xgb_regression,10.0,True,resolved
2025-04-07,919112.7656130473,0.025362238712226315,1121607.5815886701,0.025759421790005232,357.36861242368,212820.35882643046,xgb_regression,10.0,True,resolved
2025-04-08,917194.4179357984,-0.0020871733578515794,1120140.0089798248,-0.0013084546083101944,731.1758319063317,213551.53465833707,xgb_regression,10.0,True,resolved
2025-04-09,994543.2874921538,0.0843320326026773,1215532.7421206564,0.0851614372989955,727.7423916613296,214279.27704999823,xgb_regression,10.0,True,resolved
2025-04-10,944860.6749288016,-0.049955203748478505,1155659.8913386022,-0.04925646895993785,690.4503350382322,214969.72738503673,xgb_regression,10.0,True,resolved
2025-04-11,954213.277039711,0.009898392809727374,1168010.3194533358,0.010686905556987147,740.0235197423989,215709.750904779,xgb_regression,10.0,True,resolved
2025-04-14,963037.7261898449,0.00924787923461956,1179575.853165398,0.009901910556299853,626.3794462184785,216336.1303509977,xgb_regression,10.0,True,resolved
2025-04-15,965821.9194677828,0.0028910531770685033,1183760.068132137,0.003547219922746647,634.6161849566425,216970.74653595444,xgb_regression,10.0,True,resolved
2025-04-16,955103.7547424306,-0.011097454416087893,1171265.772829319,-0.010554753145654683,526.5422954206483,217497.288831375,xgb_regression,10.0,True,resolved
2025-04-17,957428.0442283519,0.0024335465904938847,1174909.979443836,0.0031113404822837865,645.9874560229044,218143.27628739772,xgb_regression,10.0,True,resolved
2025-04-21,939652.2973720403,-0.018566143913862576,1153624.7906854083,-0.018116442221814744,428.16366272423846,218571.43995012174,xgb_regression,10.0,True,resolved
2025-04-22,967350.097058859,0.029476647653905674,1188143.9388941154,0.0299223356566376,420.0663226071071,218991.5062727286,xgb_regression,10.0,True,resolved
2025-04-23,990230.5387312922,0.023652700032800178,1216804.0513273682,0.024121751157463844,469.5341417749333,219461.0404145037,xgb_regression,10.0,True,resolved
2025-04-24,1012710.9783040128,0.022702228110963896,1245537.4100765376,0.02361379280240339,904.933465595185,220365.9738800991,xgb_regression,10.0,True,resolved
2025-04-25,1011309.5318075614,-0.001383856328681654,1244822.069607913,-0.0005743227484276137,820.5262606696609,221186.50014076894,xgb_regression,10.0,True,resolved
2025-04-28,1018802.8911102847,0.007409560640974089,1254432.6695539826,0.007720460763598558,315.04989049374274,221501.55003126294,xgb_regression,10.0,True,resolved
2025-04-29,1016504.0104986583,-0.0022564527757877872,1252266.1947921047,-0.0017270554366606294,537.5393595675437,222039.08939083072,xgb_regression,10.0,True,resolved
2025-04-30,1021492.3445378123,0.0049073431955344304,1258960.1911044668,0.0053455058838136615,443.388857771719,222482.47824860262,xgb_regression,10.0,True,resolved
2025-05-01,1014528.7407075188,-0.006817088613076505,1251004.97187367,-0.006318880681856931,507.99680131955273,222990.4750499223,xgb_regression,10.0,True,resolved
2025-05-02,1023387.5695713202,0.008731964416920812,1262705.4430955588,0.009352857490537936,629.5299914527874,223620.00504137497,xgb_regression,10.0,True,resolved
2025-05-05,1019259.1785705283,-0.004034044504293899,1258352.9742603162,-0.0034469391567460983,600.6658201775658,224220.67086155232,xgb_regression,10.0,True,resolved
2025-05-06,1015621.6292793177,-0.0035688168109627716,1254493.2690858156,-0.003067267494455961,511.7235631409313,224732.39442469322,xgb_regression,10.0,True,resolved
2025-05-07,1027021.8998106683,0.011224919007918555,1269047.1500813663,0.011601402218886836,390.6504895241186,225123.04491421732,xgb_regression,10.0,True,resolved
2025-05-08,1034330.8794982951,0.00711667364539581,1278938.3927335595,0.007794227859507785,690.8402542990384,225813.88516851643,xgb_regression,10.0,True,resolved
2025-05-09,1033265.7117837728,-0.0010298133176097624,1278570.3106153016,-0.00028780285301399644,766.596524253332,226580.48169276994,xgb_regression,10.0,True,resolved
2025-05-12,1043818.2697626111,0.010212821211903922,1292242.6554991438,0.010693463449235274,495.2257884646697,227075.7074812344,xgb_regression,10.0,True,resolved
2025-05-13,1024760.1944907326,-0.018258039568719964,1269367.7198980064,-0.01770173388395202,558.4714404306767,227634.178921665,xgb_regression,10.0,True,resolved
2025-05-14,1024067.0268603762,-0.0006764193555555131,1269254.1914333617,-8.943701881269916e-05,597.1418080065419,228231.3207296715,xgb_regression,10.0,True,resolved
2025-05-15,1041784.5439979697,0.017301130368304607,1291697.0229021446,0.017681904554861738,389.41452552451267,228620.7352551963,xgb_regression,10.0,True,resolved
2025-05-16,1049933.9960173727,0.007822588716980272,1302918.9909190254,0.008687771062340532,901.0855786608106,229521.82083385726,xgb_regression,10.0,True,resolved
2025-05-19,1050077.2148114108,0.0001364074261633874,1304274.0053093038,0.001039983605828576,946.6741065497657,230468.4949404071,xgb_regression,10.0,True,resolved
2025-05-20,1047595.5098115487,-0.002363354775113069,1301897.535239573,-0.0018220635081713787,568.4750550630177,231036.96999546993,xgb_regression,10.0,True,resolved
2025-05-21,1031321.6394499572,-0.015534498009178277,1282586.963145878,-0.014832635880320355,743.5320251034103,231780.5020205735,xgb_regression,10.0,True,resolved
2025-05-22,1028797.8017970772,-0.002447187721403843,1280048.5303941078,-0.0019791505954059874,481.8240270625633,232262.3260476363,xgb_regression,10.0,True,resolved
2025-05-23,1027438.0605621848,-0.001321679763037209,1278913.213894206,-0.0008869323880651425,448.9628672966607,232711.28891493284,xgb_regression,10.0,True,resolved
2025-05-27,1034223.6741579318,0.006604401624010547,1288146.9433283147,0.007219981257361896,634.4860382861096,233345.77495321882,xgb_regression,10.0,True,resolved
2025-05-28,1031162.8124368326,-0.0029595742174355344,1285054.196425499,-0.0024009270982895403,575.3702888974972,233921.1452421165,xgb_regression,10.0,True,resolved
2025-05-29,1029674.7182452497,-0.0014431224377324803,1283662.08780104,-0.0010833073253496694,368.4214205911408,234289.56666270745,xgb_regression,10.0,True,resolved
2025-05-30,1027247.4428414172,-0.0023573225221739103,1280938.8680406308,-0.0021214459679759212,242.30782106343494,234531.8744837712,xgb_regression,10.0,True,resolved
2025-06-02,1030497.0139961531,0.003163377214887575,1285829.8969590482,0.003818315643664416,679.3741582151172,235211.24864198605,xgb_regression,10.0,True,resolved
2025-06-03,1034041.889856714,0.0034399671347074,1291217.26516075,0.004189798521906152,774.4776877492507,235985.72632973536,xgb_regression,10.0,True,resolved
2025-06-04,1029328.6092341733,-0.004558113814125853,1285888.29768644,-0.00412708815014684,444.6434648099706,236430.36979454532,xgb_regression,10.0,True,resolved
2025-06-05,1024787.6675272305,-0.004411556879120759,1280814.600469996,-0.003945674928041987,479.4123395786862,236909.7821341242,xgb_regression,10.0,True,resolved
2025-06-06,1029779.872461131,0.004871452977128987,1287698.171556798,0.005374369627170195,515.560095781904,237425.3422299061,xgb_regression,10.0,True,resolved
2025-06-09,1024850.6742711917,-0.0047866522950761325,1282253.3499559849,-0.004228336826968215,573.9060147923245,237999.24824469865,xgb_regression,10.0,True,resolved
2025-06-10,1024107.9582415225,-0.0007247065824466103,1281818.2195155134,-0.0003393482578823992,392.55379265571895,238391.80203735418,xgb_regression,10.0,True,resolved
2025-06-11,1027066.3146080212,0.002888715337764136,1285753.8863297114,0.0030703782753889186,184.26872438225897,238576.0707617363,xgb_regression,10.0,True,resolved
2025-06-12,1034999.6985075278,0.007724315155379635,1296188.9331630594,0.008115897563518715,404.70717663836786,238980.77793837443,xgb_regression,10.0,True,resolved
2025-06-13,1031434.839192946,-0.0034443095198214424,1292671.7813121788,-0.0027134561643709088,760.2833760443874,239741.06131441865,xgb_regression,10.0,True,resolved
2025-06-16,1035830.1622531661,0.004261367653296766,1299089.0913262803,0.004964376964728956,721.0664142251653,240462.12772864412,xgb_regression,10.0,True,resolved
2025-06-17,1032545.2079870123,-0.0031713251707289336,1296087.211598339,-0.00231075739761355,891.8361703886521,241353.96389903288,xgb_regression,10.0,True,resolved
2025-06-18,1031254.1746423125,-0.0012503407450961124,1295543.3332039479,-0.00041963101674347136,857.2884546793108,242211.2523537121,xgb_regression,10.0,True,resolved
2025-06-20,1033578.1505605082,0.002253543282868975,1299139.2698752936,0.0027756205286106894,540.532257554296,242751.7846112665,xgb_regression,10.0,True,resolved
2025-06-23,1038627.3791966105,0.004885192893603785,1306220.6233109501,0.005450803928308767,584.1747994610545,243335.9594107274,xgb_regression,10.0,True,resolved
2025-06-24,1049313.1535853003,0.010288361931066525,1320474.8596020085,0.01091257941933832,649.9457029554253,243985.90511368267,xgb_regression,10.0,True,resolved
2025-06-25,1041415.3905765649,-0.007526602503504565,1311373.0266772013,-0.006892848325450562,663.4656306023825,244649.37074428506,xgb_regression,10.0,True,resolved
2025-06-26,1048301.2988084386,0.006612066898743718,1320559.840918026,0.007005492757543141,413.8908022645946,245063.26154654945,xgb_regression,10.0,True,resolved
2025-06-27,1050536.442089961,0.002132157313992522,1323994.0858174656,0.0026005977109315737,489.37473335227406,245552.63627990152,xgb_regression,10.0,True,resolved
2025-06-30,1055640.6801103875,0.004858696772357618,1331205.257915027,0.0054465289345375645,615.3809712121423,246168.01725111358,xgb_regression,10.0,True,resolved
2025-07-01,1042445.735662449,-0.012499465676672039,1315373.502005885,-0.011892798510981129,637.498555425243,246805.51580653896,xgb_regression,10.0,True,resolved
2025-07-02,1043174.0433651191,0.0006986528677268566,1316867.8751212126,0.0011360827271105212,450.0700316570672,247255.585838196,xgb_regression,10.0,True,resolved
2025-07-03,1049290.0173317096,0.005862850983965551,1325039.3838767472,0.006205260914867727,356.6430748603675,247612.22891305614,xgb_regression,10.0,True,resolved
2025-07-07,1053724.9606170438,0.004226613435827753,1331371.2419492677,0.004778618771311471,585.5878724968655,248197.81678555298,xgb_regression,10.0,True,resolved
2025-07-08,1043900.7968925349,-0.009323271338999128,1319907.6452613128,-0.008610368263002988,746.1064451965186,248943.92323074955,xgb_regression,10.0,True,resolved
2025-07-09,1043153.6904586379,-0.0007156871956808253,1319722.6199226156,-0.00014018051896402817,599.0312903137842,249542.9545210635,xgb_regression,10.0,True,resolved
2025-07-10,1043081.9265522284,-6.879514214053195e-05,1320310.9753211644,0.0004458174692674177,536.424511578046,250079.37903264124,xgb_regression,10.0,True,resolved
2025-07-11,1038096.7434978087,-0.0047792823626976455,1314757.266496938,-0.0042063642036115345,599.5812566358987,250678.96028927705,xgb_regression,10.0,True,resolved
2025-07-14,1048998.3118094164,0.010501495530055749,1329231.958235936,0.011009402349655417,529.7864981879177,251208.7467874652,xgb_regression,10.0,True,resolved
2025-07-15,1038231.3822359405,-0.010264010391879408,1316513.8863015284,-0.00956798537351311,733.124675824801,251941.87146328995,xgb_regression,10.0,True,resolved
2025-07-16,1041241.5916377772,0.002899362756068724,1321183.108095032,0.003546655938905907,670.2425982353028,252612.11406152506,xgb_regression,10.0,True,resolved
2025-07-17,1040397.0300277765,-0.0008111101369590035,1320730.4248893238,-0.0003426347210575553,488.86939037944035,253100.9834519048,xgb_regression,10.0,True,resolved
2025-07-18,1044795.9240083747,0.004228091635825493,1326856.5303120862,0.0046384222755191384,427.94987584710725,253528.9333277521,xgb_regression,10.0,True,resolved
2025-07-21,1039492.5640475074,-0.005075976886013245,1320879.4448612435,-0.00450469611016413,599.155290573894,254128.08861832594,xgb_regression,10.0,True,resolved
2025-07-22,1036500.715478051,-0.00287818179074506,1317844.7998710996,-0.002297442815050066,599.5249578608904,254727.61357618714,xgb_regression,10.0,True,resolved
2025-07-23,1040011.3525920524,0.003387008867024477,1322919.7674820004,0.003850960000295389,479.9121928740368,255207.5257690612,xgb_regression,10.0,True,resolved
2025-07-24,1044386.7424633467,0.004207059721405226,1329129.328064048,0.004693830067916016,510.108771705935,255717.63454076744,xgb_regression,10.0,True,resolved
2025-07-25,1049666.0266209543,0.005054913034567621,1336671.2226820765,0.005674312091972,644.1314471048391,256361.7659878724,xgb_regression,10.0,True,resolved
2025-07-28,1048914.4011294865,-0.0007160615590154906,1336704.1355940388,2.462304222894396e-05,775.9870247461738,257137.7530126183,xgb_regression,10.0,True,resolved
2025-07-29,1049456.7103690098,0.0005170195384287535,1338288.6282439632,0.0011853727445978457,708.560450982251,257846.3134636007,xgb_regression,10.0,True,resolved
2025-07-30,1051260.4912956683,0.0017187759236150235,1341470.912838212,0.002377876137544588,690.7264262468552,258537.03988984745,xgb_regression,10.0,True,resolved
2025-07-31,1059439.120403052,0.007779831140903637,1352766.4277059152,0.008420245835822682,674.9431457591228,259211.98303560662,xgb_regression,10.0,True,resolved
2025-08-01,1049442.0269455425,-0.009436213242443037,1341090.6251723408,-0.00863105580863266,851.7872455456608,260063.77028115222,xgb_regression,10.0,True,resolved
2025-08-04,1056849.395616026,0.007058387676776023,1351443.9620769357,0.007720087449917479,691.6294703365824,260755.39975148867,xgb_regression,10.0,True,resolved
2025-08-05,1045770.2859842426,-0.0104831489498326,1338095.5234175238,-0.009877167706530465,642.0198911101196,261397.41964259846,xgb_regression,10.0,True,resolved
2025-08-06,1045760.2287593441,-9.617049779753195e-06,1338778.6340284585,0.0005105096003834575,544.9423166730845,261942.36195927157,xgb_regression,10.0,True,resolved
2025-08-07,1035445.9251194131,-0.009862971794373565,1326301.833093976,-0.009319539927926113,559.8455978940747,262502.20755716565,xgb_regression,10.0,True,resolved
2025-08-08,1032611.5728699788,-0.0027373252244990987,1323606.0718842898,-0.0020325397601218542,731.4301440155839,263233.6377011808,xgb_regression,10.0,True,resolved
2025-08-11,1032101.0483592612,-0.000494401306484149,1323702.88770715,7.314549616888044e-05,583.8502610216431,263817.4879622023,xgb_regression,10.0,True,resolved
2025-08-12,1041618.8843016162,0.009221806292596613,1336606.7394619435,0.00974829916488651,547.4122983635492,264364.90026056615,xgb_regression,10.0,True,resolved
2025-08-13,1048546.6609871055,0.006650970705215364,1346446.3947766447,0.007361668188701653,738.2525352844842,265103.15279585,xgb_regression,10.0,True,resolved
2025-08-14,1044652.0152692667,-0.003714327518979821,1342560.286308045,-0.002886196200365121,869.6808267163602,265972.8336225669,xgb_regression,10.0,True,resolved
2025-08-15,1038586.1138780885,-0.005806623930759036,1335561.2236324926,-0.005213220402041974,618.4014054658189,266591.2350280326,xgb_regression,10.0,True,resolved
2025-08-18,1046134.0589936683,0.007267519770118636,1345801.095702216,0.0076670929707534086,413.56282828274135,267004.7978563153,xgb_regression,10.0,True,resolved
2025-08-19,1033359.2580001174,-0.012211437801613712,1330201.474118866,-0.011591327747589864,649.4967633610062,267654.29461967637,xgb_regression,10.0,True,resolved
2025-08-20,1036644.1547071919,0.003178852544885258,1335246.0343982952,0.003792327987585997,627.9912338609082,268282.2858535379,xgb_regression,10.0,True,resolved
2025-08-21,1036753.4120644204,0.00010539523782826521,1335795.4389674538,0.00041146317233309304,318.3224429899866,268600.6082965276,xgb_regression,10.0,True,resolved
2025-08-22,1046051.9906320965,0.008968939440633594,1348740.2569342838,0.009690718795114295,748.0178538306814,269348.62615035806,xgb_regression,10.0,True,resolved
2025-08-25,1043017.5012287921,-0.002900897307667072,1345893.450073456,-0.0021107154221812197,828.0616752485496,270176.68782560696,xgb_regression,10.0,True,resolved
2025-08-26,1051068.7997497832,0.007719236265456564,1357125.7794285151,0.00834563044678327,651.5451258597233,270828.23295146687,xgb_regression,10.0,True,resolved
2025-08-27,1048591.8553786378,-0.0023565958496105655,1354995.9317129806,-0.0015693812230369586,827.1638014298521,271655.3967528962,xgb_regression,10.0,True,resolved
2025-08-28,1051897.704626889,0.0031526558510770464,1360270.5505200725,0.003892719294310787,776.6747626958683,272432.07151559216,xgb_regression,10.0,True,resolved
2025-08-29,1045632.3746028305,-0.005956216081183241,1353199.414811832,-0.0051983303656298885,797.8078838385576,273229.87939943094,xgb_regression,10.0,True,resolved
2025-09-02,1051454.8701364186,0.005568396383862639,1361605.7906789996,0.006212222511444709,666.3729707079389,273896.2523701391,xgb_regression,10.0,True,resolved
2025-09-03,1050029.1228417123,-0.0013559757391407024,1360503.2488664244,-0.000809736430413821,575.1256045042031,274471.37797464314,xgb_regression,10.0,True,resolved
2025-09-04,1056762.0121378643,0.006412097673948791,1370111.1376313814,0.007062010894102855,677.0451380769177,275148.4231127202,xgb_regression,10.0,True,resolved
2025-09-05,1050029.688605889,-0.006370709255866913,1362342.8924535085,-0.005669792007750973,740.7972301838392,275889.2203429038,xgb_regression,10.0,True,resolved
2025-09-08,1057039.5693022728,0.006675888093879312,1372362.21911423,0.007354482279184005,715.2161765152505,276604.43651941855,xgb_regression,10.0,True,resolved
2025-09-09,1060145.5412901428,0.002938368702621208,1377487.977392605,0.0037349893541105406,841.6256731899881,277446.06219260895,xgb_regression,10.0,True,resolved
2025-09-10,1068495.8680349695,0.007876585260798041,1389518.2704163075,0.008733501287230272,908.2356337127006,278354.2978263222,xgb_regression,10.0,True,resolved
2025-09-11,1077763.5228092915,0.00867355228183131,1402772.3979817964,0.009538649363363794,923.3980339862676,279277.6958603089,xgb_regression,10.0,True,resolved
2025-09-12,1074532.0564412326,-0.0029983074205701676,1399709.4590176423,-0.002183489615678824,878.6464810416388,280156.34234135086,xgb_regression,10.0,True,resolved
2025-09-15,1078031.101455633,0.003256343068990475,1405162.0415843858,0.003895510265802038,686.0183668287888,280842.3607081795,xgb_regression,10.0,True,resolved
2025-09-16,1076861.2323035887,-0.0010851905389972494,1404696.740100834,-0.00033113724238320597,813.5040293682634,281655.86473754747,xgb_regression,10.0,True,resolved
2025-09-17,1078257.566492679,0.00129667049681359,1407389.7522133344,0.0019171484033679853,668.0512964885609,282323.916034036,xgb_regression,10.0,True,resolved
2025-09-18,1084929.839086912,0.006188013700600736,1416817.240022398,0.006698562210103898,547.0047862907337,282870.9208203272,xgb_regression,10.0,True,resolved
2025-09-19,1087044.0569102077,0.001948713868055174,1420496.4877495447,0.0025968400321614293,704.5303583255729,283575.45117865317,xgb_regression,10.0,True,resolved
2025-09-22,1090441.730664754,0.0031256081415906856,1426017.6806284077,0.0038868050195675075,828.142078286728,284403.5932569394,xgb_regression,10.0,True,resolved
2025-09-23,1088016.284893846,-0.0022242782009356254,1423809.8407904555,-0.001548255584726932,740.7906671933259,285144.38392413245,xgb_regression,10.0,True,resolved
2025-09-24,1081199.7513960304,-0.006265102455227045,1415753.6157496218,-0.005658216996422216,661.9513915375867,285806.3353156697,xgb_regression,10.0,True,resolved
2025-09-25,1076829.0965573387,-0.004042411990058614,1410837.2875530391,-0.00347258742050216,618.4839160508228,286424.8192317208,xgb_regression,10.0,True,resolved
2025-09-26,1083667.8023907382,0.006350781061974509,1420278.855798841,0.006692173739026419,365.52021923495965,286790.3394509556,xgb_regression,10.0,True,resolved
2025-09-29,1093298.3791579485,0.008887019385427797,1433611.9313059694,0.00938764627290678,542.7607712435579,287333.1002221989,xgb_regression,10.0,True,resolved
2025-09-30,1092522.284377032,-0.0007098654820235639,1433727.416473021,8.055538917450811e-05,865.170885387605,288198.2711075864,xgb_regression,10.0,True,resolved
2025-10-01,1091116.2664490486,-0.0012869466811700203,1432846.0069422955,-0.0006147678565663339,734.7132950090702,288932.9844025956,xgb_regression,10.0,True,resolved
2025-10-02,1094009.9023488164,0.002651995931822082,1437503.7448636396,0.003250689815079033,652.5047192085226,289585.48912180465,xgb_regression,10.0,True,resolved
2025-10-03,1093423.5941792945,-0.0005359258341840478,1437622.3830703127,8.253071137875878e-05,676.7221444118178,290262.2112662161,xgb_regression,10.0,True,resolved
2025-10-06,1091788.413810837,-0.0014954683410547398,1436289.0954708736,-0.0009274254596617348,623.2448361243946,290885.4561023407,xgb_regression,10.0,True,resolved
2025-10-07,1088760.5000776367,-0.0027733521393871197,1433239.817891672,-0.0021230249458950023,713.0480688452124,291598.50417118624,xgb_regression,10.0,True,resolved
2025-10-08,1091893.5398198443,0.002877620690669991,1438351.1497660135,0.003566278169595094,745.5381591786467,292344.0423303644,xgb_regression,10.0,True,resolved
2025-10-09,1090932.1881411418,-0.000880444515553358,1438187.8921812486,-0.00011350328797765652,840.0307034219217,293184.0730337861,xgb_regression,10.0,True,resolved
2025-10-10,1070895.867906378,-0.018366238023377224,1412917.3774907505,-0.017571080126513428,885.8314800203789,294069.9045138065,xgb_regression,10.0,True,resolved
2025-10-13,1087503.4779200759,0.015508146507434262,1435573.797953362,0.016035205471708336,553.9093098970469,294623.8138237033,xgb_regression,10.0,True,resolved
2025-10-14,1081769.1100374002,-0.005272965097677718,1429297.4336327345,-0.004372024851370004,977.5536904267818,295601.3675141298,xgb_regression,10.0,True,resolved
2025-10-15,1079239.0948186712,-0.002338775617877875,1427245.2535156058,-0.0014357964051699978,978.8758061728327,296580.2433203032,xgb_regression,10.0,True,resolved
2025-10-16,1077120.1109449612,-0.001963405406534169,1425464.9563163426,-0.0012473659974542306,773.8246815330107,297354.06800183613,xgb_regression,10.0,True,resolved
2025-10-17,1078981.024645212,0.0017276751973540616,1428806.416232466,0.002344119300384806,663.4791916376935,298017.547193474,xgb_regression,10.0,True,resolved
2025-10-20,1092388.9808518584,0.012426498613407055,1447137.0350120766,0.0128293228329317,436.9426376242613,298454.48983109806,xgb_regression,10.0,True,resolved
2025-10-21,1089311.2104305164,-0.0028174674729343208,1444155.0505713006,-0.002060609581974515,824.6117104380627,299279.1015415361,xgb_regression,10.0,True,resolved
2025-10-22,1080879.9428842273,-0.007739998877783427,1433803.4671633223,-0.007167916910226002,623.574743139825,299902.6762846762,xgb_regression,10.0,True,resolved
2025-10-23,1106097.849793151,0.023330904671643893,1467833.3844832554,0.023734018015215907,435.84478124552976,300338.52106592146,xgb_regression,10.0,True,resolved
2025-10-24,1128673.4839490403,0.0204101600596287,1499131.1334211477,0.02132241252225664,1003.2875327236156,301341.8085986454,xgb_regression,10.0,True,resolved
2025-10-27,1130319.9349994296,0.001458748764637141,1502568.343280704,0.0022928013320038243,942.5907468967943,302284.39934554236,xgb_regression,10.0,True,resolved
2025-10-28,1123428.5337038774,-0.0060968590238619225,1494298.083046304,-0.005504082573936531,672.5020566773203,302956.90140221966,xgb_regression,10.0,True,resolved
2025-10-29,1133180.9418414123,0.008680933272525948,1508428.7147106642,0.009456367390603404,877.6449701237408,303834.5463723431,xgb_regression,10.0,True,resolved
2025-10-30,1128200.0815420572,-0.00439546776286337,1502919.1976171043,-0.0036524875453705086,844.7299695001467,304679.27634184295,xgb_regression,10.0,True,resolved
2025-10-31,1129971.7075693419,0.0015703119121062148,1506328.9416534659,0.0022687474095532956,789.0901428665072,305468.36648470984,xgb_regression,10.0,True,resolved
2025-11-03,1129455.4298319006,-0.00045689439300367063,1506584.2035441324,0.00016945959385639142,705.3831154161429,306173.7496001258,xgb_regression,10.0,True,resolved
2025-11-04,1116975.32430597,-0.011049666234096645,1490888.8085998655,-0.010417867721793872,710.0365260129051,306883.78612613934,xgb_regression,10.0,True,resolved
2025-11-05,1133089.5714322599,0.014426681391822571,1513183.2653674115,0.014953802482750689,586.5027830231136,307470.2889091626,xgb_regression,10.0,True,resolved
2025-11-06,1105631.141432364,-0.024233238653134537,1477692.5746706994,-0.023454324078911015,888.4320155050473,308358.7209246675,xgb_regression,10.0,True,resolved
2025-11-07,1122305.163413371,0.01508099885772518,1501056.9370380086,0.015811382399695484,797.1589035359646,309155.87982820335,xgb_regression,10.0,True,resolved
2025-11-10,1138239.1052304467,0.014197512705558912,1523309.7559896524,0.014824766737732586,703.9134022037825,309859.793230407,xgb_regression,10.0,True,resolved
2025-11-11,1132730.5157883442,-0.004839571419387512,1517298.2165233586,-0.003946367075150947,1010.3215012455989,310870.11473165295,xgb_regression,10.0,True,resolved
2025-11-12,1133385.039308488,0.0005778280985819784,1519384.4454789022,0.0013749630315416095,903.5332773651072,311773.6480090181,xgb_regression,10.0,True,resolved
2025-11-13,1112221.2729003574,-0.018673059617094645,1492099.2185184404,-0.017958079695795215,814.4801183748461,312588.128127393,xgb_regression,10.0,True,resolved
2025-11-14,1121603.582548066,0.008435650240030235,1505488.1740564331,0.008973234066355973,586.9395946016364,313175.06772199407,xgb_regression,10.0,True,resolved
2025-11-17,1110996.464649478,-0.009457100586724887,1492190.5864687907,-0.008832741310622838,700.6455345996853,313875.7132565942,xgb_regression,10.0,True,resolved
2025-11-18,1100437.6553600805,-0.009503908991041476,1479009.5208977265,-0.008833365985947306,742.6916465225466,314618.4049031173,xgb_regression,10.0,True,resolved
2025-11-19,1109345.9991607463,0.008095273509838963,1491527.876145145,0.008464012618269123,397.4469821566438,315015.8518852738,xgb_regression,10.0,True,resolved
2025-11-20,1088065.0616494683,-0.019183318394241033,1463983.3340133512,-0.01846733311011428,804.1313043167324,315819.9831895911,xgb_regression,10.0,True,resolved
2025-11-21,1099643.1706525336,0.010641007979351302,1480687.2092360167,0.011409880723760368,834.9511423150078,316654.93433190655,xgb_regression,10.0,True,resolved
2025-11-24,1134076.3044518249,0.03131300654453062,1527782.8719661613,0.03180662494845499,527.8208335269295,317182.75516543404,xgb_regression,10.0,True,resolved
2025-11-25,1134878.5640188032,0.000707412335333224,1530162.982325815,0.0015578852226498796,961.8708733096984,318144.6260387439,xgb_regression,10.0,True,resolved
2025-11-26,1143945.9915064033,0.007989777739294768,1543511.696629113,0.008723720582371142,832.5171346017216,318977.14317334583,xgb_regression,10.0,True,resolved
2025-11-28,1153937.4767056243,0.008734228078428385,1558253.4063163912,0.009550759945307075,934.2563848577646,319911.3995582039,xgb_regression,10.0,True,resolved
2025-12-01,1150534.1564107966,-0.002949310827952134,1555063.0129619485,-0.0020474162556041176,1046.5950275454127,320957.9945857491,xgb_regression,10.0,True,resolved
2025-12-02,1147335.2319996734,-0.0027803819585004996,1551614.4473474335,-0.002217637218408619,647.7385589342847,321605.733144683,xgb_regression,10.0,True,resolved
2025-12-03,1141652.5498418552,-0.004952939645995191,1544969.4941706106,-0.004282605893611624,772.0870862764804,322377.82023096003,xgb_regression,10.0,True,resolved
2025-12-04,1152260.3975804474,0.009291660356788523,1560321.712078523,0.0099369068229751,731.7476789720972,323109.56790993264,xgb_regression,10.0,True,resolved
2025-12-05,1162175.845624772,0.008605214641712378,1574672.6996845058,0.00919745427810903,679.6147979221042,323789.18270785443,xgb_regression,10.0,True,resolved
2025-12-08,1166086.779385153,0.003365182450749238,1580976.2238013113,0.004003069411229632,741.1847844730911,324530.367492327,xgb_regression,10.0,True,resolved
2025-12-09,1163926.6648596167,-0.0018524474882352093,1578975.3768181957,-0.0012655768967257952,684.1601321072945,325214.5276244339,xgb_regression,10.0,True,resolved
2025-12-10,1174524.194728789,0.009104980742451252,1594222.6447150894,0.00965643170928887,639.2707991407223,325853.79842357425,xgb_regression,10.0,True,resolved
2025-12-11,1183889.4964005577,0.007973698382544914,1608045.0472706624,0.008670308756054235,817.4633481026265,326671.2617716767,xgb_regression,10.0,True,resolved
2025-12-12,1167454.6107486896,-0.013882111212098702,1586929.7091554862,-0.01313106131635755,903.6276588041992,327574.88943048066,xgb_regression,10.0,True,resolved
2025-12-15,1161770.693034849,-0.004868641282932296,1579825.480412685,-0.0044767129267381245,461.72727595695204,328036.6167064373,xgb_regression,10.0,True,resolved
2025-12-16,1156703.7172896483,-0.004361425000285024,1573544.1545160003,-0.0039759618860204515,443.9647237955071,328480.5814302332,xgb_regression,10.0,True,resolved
2025-12-17,1131743.3087894514,-0.02157891266977452,1540465.2577009439,-0.02102190568985407,654.9483505525919,329135.5297807858,xgb_regression,10.0,True,resolved
2025-12-18,1141789.184099676,0.008876460971499078,1554865.6701909548,0.009348092998541668,539.9410370650598,329675.47081785114,xgb_regression,10.0,True,resolved
2025-12-19,1161443.1901802197,0.01721334056605306,1582841.0728868463,0.01799216693263017,883.8566391317529,330559.3274569825,xgb_regression,10.0,True,resolved
2025-12-22,1165266.9353858656,0.00329223610588536,1589461.0852487779,0.0041823607406508145,1032.0119447883092,331591.33940177143,xgb_regression,10.0,True,resolved
2025-12-23,1165392.9134598,0.00010811091442541887,1590827.7640065225,0.0008598378220316949,876.6132448771004,332467.95264664834,xgb_regression,10.0,True,resolved
2025-12-24,1169191.876678378,0.0032598132138110802,1597070.6356033613,0.003924291326872442,771.3955124086045,333239.3481590566,xgb_regression,10.0,True,resolved
2025-12-26,1166155.7289446201,-0.0025967916766438393,1594047.894222768,-0.0018926785786473888,824.8926878464574,334064.2408469028,xgb_regression,10.0,True,resolved
2025-12-29,1161510.5746165046,-0.003983305327770803,1588829.5090137043,-0.0032736690208471364,826.9955655850526,334891.23641248775,xgb_regression,10.0,True,resolved
2025-12-30,1154638.4313614273,-0.005916556771208281,1580048.8463379722,-0.0055264977305102825,454.10456377564753,335345.3409762636,xgb_regression,10.0,True,resolved
2025-12-31,1142755.6168454248,-0.010291372773718943,1564215.0094508403,-0.010021105944812758,313.55447641156405,335658.89545267535,xgb_regression,10.0,True,resolved
2024-01-02,1000000.0,,1000000.0,,0.0,0.0,xgb_ranker,10.0,True,resolved
2024-01-03,998464.1117443845,-0.0015358882556154585,999462.575856129,-0.0005374241438709237,999.0009990009996,999.0009990009996,xgb_ranker,10.0,True,resolved
2024-01-04,998424.9812053863,-3.919073158253905e-05,999774.2405893493,0.00031183231943754386,350.4839188388786,1349.484917839878,xgb_ranker,10.0,True,resolved
2024-01-05,997872.3713878155,-0.0005534815614326449,999824.442427778,5.0213174525470805e-05,602.6949169555794,1952.1798347954584,xgb_ranker,10.0,True,resolved
2024-01-08,1010978.8066101151,0.01313438030564118,1013603.7735763895,0.013781750639294765,647.7140599307938,2599.8938947262545,xgb_ranker,10.0,True,resolved
2024-01-09,1006055.0871865929,-0.004870249891817058,1009535.9661638252,-0.004013212577348102,864.6721179438129,3464.5660126700645,xgb_ranker,10.0,True,resolved
2024-01-10,1014341.7271439683,0.008236765623390374,1018614.2463203052,0.00899252771644865,757.7345984906135,4222.30061116068,xgb_ranker,10.0,True,resolved
2024-01-11,1011014.7354225419,-0.0032799515512332844,1016067.0156247322,-0.0025006823778233045,790.1600322873571,5012.460643448041,xgb_ranker,10.0,True,resolved
2024-01-12,1009668.9876757173,-0.0013310861846757005,1015590.4122440798,-0.0004690668758294825,872.3402489247367,5884.800892372776,xgb_ranker,10.0,True,resolved
2024-01-16,1010971.4965991862,0.001290035585293392,1017642.4982331267,0.0020205842476521685,736.5658955085283,6621.366787881301,xgb_ranker,10.0,True,resolved
2024-01-17,1006802.2885202932,-0.004123962043359075,1014292.5507229462,-0.003291870687394449,841.0113195162618,7462.378107397563,xgb_ranker,10.0,True,resolved
2024-01-18,1012042.4605784544,0.005204767726405102,1020416.4319752285,0.006037588709408848,837.2438986890419,8299.622006086604,xgb_ranker,10.0,True,resolved
2024-01-19,1022011.8801419609,0.009850791791688573,1031409.2885778958,0.010772912174090044,929.235782584153,9228.857788670768,xgb_ranker,10.0,True,resolved
2024-01-22,1025832.6065941644,0.0037384364374244416,1036221.2770500018,0.004665450006505756,947.718619408532,10176.576408079309,xgb_ranker,10.0,True,resolved
2024-01-23,1028673.3414538164,0.0027691992254792464,1039926.1240046719,0.003575343449053081,826.7499736356763,11003.326381714985,xgb_ranker,10.0,True,resolved
2024-01-24,1029570.3869491915,0.0008720411613927226,1041622.9765688338,0.0016317049115253113,787.4399379383716,11790.76631965336,xgb_ranker,10.0,True,resolved
2024-01-25,1038972.6558524573,0.009132225462628707,1051944.573833107,0.009909148988123562,795.9160940382534,12586.68241369163,xgb_ranker,10.0,True,resolved
2024-01-26,1035600.6060007357,-0.003245561692819421,1049359.2555820537,-0.0024576563398515106,819.2838521833427,13405.966265874971,xgb_ranker,10.0,True,resolved
2024-01-29,1044302.3255009435,0.008402582472225362,1058930.1555212722,0.009120708554583468,742.3615645759832,14148.327830450953,xgb_ranker,10.0,True,resolved
2024-01-30,1045760.6553675191,0.0013964632951248834,1061299.1617543926,0.002237169487306012,876.4874686543866,15024.815299105341,xgb_ranker,10.0,True,resolved
2024-01-31,1038628.1776030904,-0.00682037302495575,1054930.4536516299,-0.006000860390989904,859.7458264927882,15884.561125598146,xgb_ranker,10.0,True,resolved
2024-02-01,1046960.7438905323,0.008022665345621016,1064156.256186607,0.008745413029875193,746.5013600153803,16631.06248561352,xgb_ranker,10.0,True,resolved
2024-02-02,1061588.918771339,0.013972037601379661,1079905.8450777854,0.014800071699636375,867.8203944580154,17498.88288007156,xgb_ranker,10.0,True,resolved
2024-02-05,1056682.4562267156,-0.004621810248643277,1075731.530925093,-0.0038654426881000736,798.9155015824497,18297.798381653993,xgb_ranker,10.0,True,resolved
2024-02-06,1060000.859381367,0.0031403976995141303,1079920.0859354003,0.0038936806163014648,796.2646300284606,19094.063011682454,xgb_ranker,10.0,True,resolved
2024-02-07,1059283.5880563497,-0.0006766705127352335,1079915.2276874045,-4.4987106537774935e-06,710.2362095846078,19804.299221267072,xgb_ranker,10.0,True,resolved
2024-02-08,1063294.4471283285,0.0037863883828674894,1084693.5638389224,0.0044247326354962535,674.6210609470144,20478.92028221406,xgb_ranker,10.0,True,resolved
2024-02-09,1060860.4433752317,-0.0022891154559024907,1083036.6132324277,-0.0015275748485410467,806.1540788005452,21285.074361014584,xgb_ranker,10.0,True,resolved
2024-02-12,1062567.0230302173,0.0016086749823152058,1085437.0827344388,0.0022164250706599997,641.3591799167915,21926.433540931346,xgb_ranker,10.0,True,resolved
2024-02-13,1055008.684064298,-0.0071132820820700715,1078494.1463018637,-0.006396443002559371,751.0249539711428,22677.458494902472,xgb_ranker,10.0,True,resolved
2024-02-14,1063183.7856405787,0.007748847663307634,1087594.2374925793,0.008437775227542632,728.4641781750645,23405.922673077537,xgb_ranker,10.0,True,resolved
2024-02-15,1066401.2244975087,0.003026230178060363,1091763.2812455404,0.0038332712782414013,858.0116457174446,24263.934318795014,xgb_ranker,10.0,True,resolved
2024-02-16,1060949.4791528024,-0.005112283462798128,1087032.1696803386,-0.0043334591357608865,832.7454993972701,25096.679818192257,xgb_ranker,10.0,True,resolved
2024-02-20,1053591.9375893387,-0.006934865144887836,1080183.3157029,-0.006300507168479297,670.2002277044984,25766.880045896716,xgb_ranker,10.0,True,resolved
2024-02-21,1048297.3732227995,-0.005025251406776565,1075329.531641233,-0.004493481792494203,557.2730922588047,26324.153138155536,xgb_ranker,10.0,True,resolved
2024-02-22,1088084.577349639,0.03795411983578756,1116467.2022553834,0.0382558735752041,312.2559137131579,26636.4090518687,xgb_ranker,10.0,True,resolved
2024-02-23,1089515.2859089237,0.001314887269856957,1118877.1077449373,0.0021585098824987714,917.7757908808086,27554.184842749488,xgb_ranker,10.0,True,resolved
2024-02-26,1088671.4617864816,-0.0007744949826364866,1119035.161087399,0.00014126068123809787,999.0638547780579,28553.248697527564,xgb_ranker,10.0,True,resolved
2024-02-27,1091290.6856395723,0.0024058900642005554,1122578.2166593648,0.003166170014285097,826.4307279195552,29379.679425447106,xgb_ranker,10.0,True,resolved
2024-02-28,1091618.837805373,0.0003007009682376438,1123834.590966356,0.0011191864302604326,891.3251253031225,30271.004550750215,xgb_ranker,10.0,True,resolved
2024-02-29,1096310.0634795777,0.0042974942459184096,1129516.9697723323,0.005056241240172454,825.7376019750392,31096.74215272524,xgb_ranker,10.0,True,resolved
2024-03-01,1100189.2291658565,0.0035383837250995143,1134440.8281795222,0.00435926023155031,899.5304036989407,31996.272556424185,xgb_ranker,10.0,True,resolved
2024-03-04,1098035.5511285164,-0.0019575523739429057,1133029.108497309,-0.0012444189658429305,780.5371402011573,32776.809696625365,xgb_ranker,10.0,True,resolved
2024-03-05,1092367.2445535664,-0.005162225001844711,1128024.1634230898,-0.004417313762447916,819.65354573032,33596.46324235571,xgb_ranker,10.0,True,resolved
2024-03-06,1095759.1024122501,0.003105052696879218,1132219.511672313,0.0037192006920243603,671.7129912257114,34268.17623358148,xgb_ranker,10.0,True,resolved
2024-03-07,1104927.202870265,0.008366894181241147,1142320.978701559,0.008921827371024316,604.6461900814252,34872.82242366289,xgb_ranker,10.0,True,resolved
2024-03-08,1101521.2817927501,-0.0030824845914441124,1139714.5135282078,-0.0022817274846109736,884.5384509513261,35757.360874614285,xgb_ranker,10.0,True,resolved
2024-03-11,1098992.561374123,-0.002295661881821842,1137973.8027820606,-0.0015273217331930322,850.0230285682147,36607.383903182475,xgb_ranker,10.0,True,resolved
2024-03-12,1116048.4298516503,0.015519548609320477,1156225.4831526359,0.016038752672473233,566.4758411470544,37173.85974432952,xgb_ranker,10.0,True,resolved
2024-03-13,1105793.8163758311,-0.009188323016754985,1146629.782094541,-0.008299160672302963,994.5378303185453,38168.397574648036,xgb_ranker,10.0,True,resolved
2024-03-14,1093711.0210668151,-0.01092680672479851,1135065.5715573637,-0.010085391743491101,934.2281998674142,39102.62577451546,xgb_ranker,10.0,True,resolved
2024-03-15,1089990.218239421,-0.003401998110766802,1131769.995051574,-0.002903423897588686,547.2973150601388,39649.92308957559,xgb_ranker,10.0,True,resolved
2024-03-18,1091420.6293424307,0.0013123155410699194,1134302.6106097423,0.002237747571716575,1010.3102888314502,40660.23337840699,xgb_ranker,10.0,True,resolved
2024-03-19,1092551.2089777645,0.0010358789314939276,1136462.080729499,0.0019037866082278754,945.9493666185359,41606.18274502553,xgb_ranker,10.0,True,resolved
2024-03-20,1100765.5110873058,0.007518459585273751,1145887.721140779,0.008293845057487204,843.8439353905322,42450.026680416035,xgb_ranker,10.0,True,resolved
2024-03-21,1106247.4517095827,0.004980116625258324,1152623.3844928397,0.0058781180981282155,989.6646163326477,43439.69129674874,xgb_ranker,10.0,True,resolved
2024-03-22,1102262.7480095783,-0.0036020003425513147,1149430.762693972,-0.002769874220686863,922.371320852576,44362.06261760132,xgb_ranker,10.0,True,resolved
2024-03-25,1096867.3102735393,-0.004894874426067619,1144808.7438368932,-0.004021137250795337,963.5431301729201,45325.60574777426,xgb_ranker,10.0,True,resolved
2024-03-26,1096353.7272250315,-0.0004682271444298447,1145131.163722419,0.00028163646308732027,823.0675892281448,46148.673337002416,xgb_ranker,10.0,True,resolved
2024-03-27,1104955.7846856383,0.007846060306083258,1154930.7935905284,0.008557648397458983,779.274935808107,46927.948272810565,xgb_ranker,10.0,True,resolved
2024-03-28,1105930.4626943753,0.000882096842467206,1156876.016788167,0.0016842768488241067,886.4685033145942,47814.416776125145,xgb_ranker,10.0,True,resolved
2024-04-01,1100654.326769364,-0.004770766429705753,1152069.451439236,-0.00415478001028613,681.403490059801,48495.82026618496,xgb_ranker,10.0,True,resolved
2024-04-02,1092113.6690633409,-0.0077596185271825435,1143830.8446795782,-0.007151137242086936,667.9326635086317,49163.75292969354,xgb_ranker,10.0,True,resolved
2024-04-03,1094832.391594783,0.0024894135184423405,1147491.0345588843,0.0031999398305537774,774.693115529799,49938.446045223376,xgb_ranker,10.0,True,resolved
2024-04-04,1087940.644487142,-0.006294796500861621,1141104.8296523716,-0.005565363662268341,801.8510756382643,50740.29712086158,xgb_ranker,10.0,True,resolved
2024-04-05,1095047.3358894417,0.006532241844544373,1149441.9038663423,0.007306142255580905,837.1419658157685,51577.4390866774,xgb_ranker,10.0,True,resolved
2024-04-08,1096937.5566383298,0.001726154374279032,1152355.3103077034,0.002534626962495068,885.9626973262341,52463.40178400368,xgb_ranker,10.0,True,resolved
2024-04-09,1095781.1034451565,-0.0010542561754539603,1152145.4425345187,-0.00018212071511936045,956.2930589153026,53419.6948429189,xgb_ranker,10.0,True,resolved
2024-04-10,1090429.9058797667,-0.004883454869376358,1147352.9089140098,-0.004159660268208909,793.2879036183866,54212.98274653726,xgb_ranker,10.0,True,resolved
2024-04-11,1092481.3170567825,0.0018812866062773992,1150386.1929959632,0.0026437237038292594,830.7358602501147,55043.718606787406,xgb_ranker,10.0,True,resolved
2024-04-12,1086251.2284154822,-0.005702695821000026,1144757.7579331305,-0.004892648309846703,884.7676385369006,55928.48624532429,xgb_ranker,10.0,True,resolved
2024-04-15,1078422.66528083,-0.007206954459394899,1137385.294147647,-0.006440195521185688,839.4898170860797,56767.97606241041,xgb_ranker,10.0,True,resolved
2024-04-16,1076066.633379885,-0.002184701765639896,1135711.0647979046,-0.0014719984145715737,766.2944593107674,57534.27052172117,xgb_ranker,10.0,True,resolved
2024-04-17,1070350.3898050678,-0.005312165062550722,1130475.8114456977,-0.004609670112827979,759.8013934073858,58294.07191512855,xgb_ranker,10.0,True,resolved
2024-04-18,1063449.8313043169,-0.006447008910799412,1124049.956752633,-0.005684203614093275,822.1711515540165,59116.243066682524,xgb_ranker,10.0,True,resolved
2024-04-19,1052060.5308821956,-0.010709767482075194,1112640.037180978,-0.010150722842086068,599.5093836435123,59715.75245032607,xgb_ranker,10.0,True,resolved
2024-04-22,1058656.0907693298,0.0062691828973031605,1120012.2474233743,0.0066258717968434855,375.04001535449527,60090.79246568052,xgb_ranker,10.0,True,resolved
2024-04-23,1078959.779877463,0.019178739238517206,1142151.81108423,0.019767251395498953,624.8618844840832,60715.65435016461,xgb_ranker,10.0,True,resolved
2024-04-24,1080091.670808191,0.0010490575754886766,1144432.1440674397,0.0019965235453640595,1021.9441046239981,61737.59845478858,xgb_ranker,10.0,True,resolved
2024-04-25,1082891.0211335574,0.0025917710514995473,1148388.7568471814,0.003457271626152947,932.2192081314942,62669.81766292006,xgb_ranker,10.0,True,resolved
2024-04-26,1085889.5622796211,0.002769014690808813,1152441.649642025,0.003529199298302421,821.9315747465075,63491.749237666525,xgb_ranker,10.0,True,resolved
2024-04-29,1087072.0806191945,0.001088985823835431,1154542.8473591409,0.0018232573577747768,794.9359914045663,64286.68522907102,xgb_ranker,10.0,True,resolved
2024-04-30,1073880.354234173,-0.012135098141337175,1141448.8110968154,-0.011341316861713913,865.3214758815612,65152.00670495251,xgb_ranker,10.0,True,resolved
2024-05-01,1068402.5966624897,-0.005100901185206674,1136428.5981362332,-0.004398106083932318,761.167345800185,65913.17405075274,xgb_ranker,10.0,True,resolved
2024-05-02,1078602.7003724338,0.00954706001446226,1147988.794042957,0.010172390879359172,666.1394198299307,66579.31347058277,xgb_ranker,10.0,True,resolved
2024-05-03,1084697.6842666224,0.005650814606790844,1155384.8042773,0.006442580513609242,853.4293791426232,67432.7428497253,xgb_ranker,10.0,True,resolved
2024-05-06,1098412.4278444685,0.012643839640091858,1170831.9561313814,0.013369703147293688,785.7124972582402,68218.45534698338,xgb_ranker,10.0,True,resolved
2024-05-07,1093141.8268680095,-0.004798380683658232,1166285.0864701266,-0.0038834519654540323,1004.0863523645382,69222.54169934803,xgb_ranker,10.0,True,resolved
2024-05-08,1096063.3861391558,0.002672626002718115,1170553.7094966788,0.0036600168141320832,1075.1056268940158,70297.64732624199,xgb_ranker,10.0,True,resolved
2024-05-09,1105039.0327784112,0.00818898501013865,1181060.737038082,0.00897611741875659,862.7874482762313,71160.43477451829,xgb_ranker,10.0,True,resolved
2024-05-10,1099286.8061834765,-0.0052054510513278585,1175870.2190734209,-0.0043947934275405665,897.5394539929911,72057.9742285112,xgb_ranker,10.0,True,resolved
2024-05-13,1101606.308048064,0.0021100060980812074,1179212.867275387,0.0028427016415129014,806.5218815499395,72864.49611006114,xgb_ranker,10.0,True,resolved
2024-05-14,1108973.3205820774,0.006687518472063836,1188118.3059581788,0.007552019597079296,955.5988265379945,73820.09493659914,xgb_ranker,10.0,True,resolved
2024-05-15,1114209.8989029424,0.004722005681900843,1194672.4008851491,0.00551636557917079,880.0765525812983,74700.17148918039,xgb_ranker,10.0,True,resolved
2024-05-16,1110988.7189185403,-0.002890999252092241,1191939.0727159716,-0.0022879311241745803,671.3475946444221,75371.51908382475,xgb_ranker,10.0,True,resolved
2024-05-17,1111644.5105285817,0.0005902774698556268,1193511.3960725414,0.0013191306439741535,809.9659867032199,76181.48507052798,xgb_ranker,10.0,True,resolved
2024-05-20,1116294.355826628,0.0041828527501432955,1199365.6350399628,0.00490505493846638,804.2621286490554,76985.74719917694,xgb_ranker,10.0,True,resolved
2024-05-21,1114577.1008581393,-0.0015383531767630965,1198474.9468405494,-0.0007426327496733443,885.7688329304139,77871.5160321074,xgb_ranker,10.0,True,resolved
2024-05-22,1104324.6720245394,-0.009198492258369884,1188372.23475153,-0.00842963978150102,860.8423354539102,78732.35836756146,xgb_ranker,10.0,True,resolved
2024-05-23,1101219.4724055743,-0.0028118538846664265,1185823.1396056563,-0.0021450308845415433,737.6190834715621,79469.97745103303,xgb_ranker,10.0,True,resolved
2024-05-24,1115792.8720310447,0.013233873892218195,1202521.5714485308,0.014081722041979772,930.9826706993236,80400.96012173229,xgb_ranker,10.0,True,resolved
2024-05-28,1110339.2668819549,-0.004887650105850572,1197679.1253359574,-0.004026909976126425,963.1545449253642,81364.11466665767,xgb_ranker,10.0,True,resolved
2024-05-29,1100973.8222055826,-0.008434759497133015,1188415.9877433637,-0.0077342398282138625,778.2743036129374,82142.38897027067,xgb_ranker,10.0,True,resolved
2024-05-30,1099065.7281709404,-0.0017330966424067284,1187125.6671975208,-0.001085748222129701,710.2837689203324,82852.6727391911,xgb_ranker,10.0,True,resolved
2024-05-31,1099189.2655870342,0.00011240220937414058,1188152.1081088493,0.000864643853377034,824.8295508624316,83677.50229005338,xgb_ranker,10.0,True,resolved
2024-06-03,1092977.4318048544,-0.0056512867953293355,1182253.6918523256,-0.004964361226368563,752.8897967876002,84430.39208684083,xgb_ranker,10.0,True,resolved
2024-06-04,1083887.5733233017,-0.00831660217040564,1173099.7521991504,-0.0077427879618908735,626.478686794674,85056.87077363559,xgb_ranker,10.0,True,resolved
2024-06-05,1111366.2983864131,0.02535200673890836,1203292.810633338,0.02573784401333845,418.776663208598,85475.64743684432,xgb_ranker,10.0,True,resolved
2024-06-06,1096731.1862222904,-0.013168576539860366,1188408.3921229788,-0.012369739417395054,886.3229335463923,86361.97037039063,xgb_ranker,10.0,True,resolved
2024-06-07,1095803.7419866081,-0.0008456440806400289,1188389.5767369966,-1.5832424364314868e-05,910.9871208753178,87272.95749126593,xgb_ranker,10.0,True,resolved
2024-06-10,1114085.4196445383,0.016683350272912012,1208971.0549345359,0.017318797303869315,688.9868935505461,87961.94438481634,xgb_ranker,10.0,True,resolved
2024-06-11,1110328.2147621852,-0.0033724567399435745,1206023.91532965,-0.002437725529372048,1041.2998729260069,89003.24425774244,xgb_ranker,10.0,True,resolved
2024-06-12,1117079.9353935705,0.006080833164121113,1214256.4980347035,0.006826218452561372,828.7217288995633,89831.9659866421,xgb_ranker,10.0,True,resolved
2024-06-13,1111938.3109239638,-0.004602736390386553,1209674.5746969595,-0.003773439421703717,926.5538418453906,90758.51982848739,xgb_ranker,10.0,True,resolved
2024-06-14,1110561.97515168,-0.001237780692294188,1209161.0502944107,-0.0004245145043884069,904.5250090540429,91663.04483754146,xgb_ranker,10.0,True,resolved
2024-06-17,1116652.072527184,0.005483797853489625,1216761.028264097,0.006285331443512732,887.0364418661572,92550.08127940755,xgb_ranker,10.0,True,resolved
2024-06-18,1119160.4197671316,0.0022463104682828305,1220503.7104124045,0.0030759385461638367,926.5882398726877,93476.6695192803,xgb_ranker,10.0,True,resolved
2024-06-20,1121674.6936710174,0.0022465715008122,1224125.3263878399,0.002967312548530998,806.9089173664871,94283.57843664681,xgb_ranker,10.0,True,resolved
2024-06-21,1123869.2882036283,0.0019565338729612414,1227569.898436026,0.0028139047317568,961.4039561442856,95244.98239279103,xgb_ranker,10.0,True,resolved
2024-06-24,1114475.8528918633,-0.008358120833410476,1218173.5255235983,-0.007654450410032876,795.256203366443,96040.23859615743,xgb_ranker,10.0,True,resolved
2024-06-25,1124405.582009205,0.008909775022559518,1229496.6226352109,0.009295142994300232,428.9660559518765,96469.2046521094,xgb_ranker,10.0,True,resolved
2024-06-26,1116666.4935743157,-0.006882826409541853,1222085.8913800053,-0.0060274514941911495,961.5804024042635,97430.78505451376,xgb_ranker,10.0,True,resolved
2024-06-27,1116009.0440122928,-0.0005887608930742472,1222455.6518208971,0.0003025650189565354,994.1028433281244,98424.88789784195,xgb_ranker,10.0,True,resolved
2024-06-28,1113544.4130795328,-0.0022084327595581765,1220467.636112596,-0.001626247713231943,649.969523576947,99074.85742141881,xgb_ranker,10.0,True,resolved
2024-07-01,1109779.3325235993,-0.003381167838219512,1217130.5472550371,-0.002734270667092864,720.6938490986381,99795.5512705174,xgb_ranker,10.0,True,resolved
2024-07-02,1112854.3664454469,0.0027708516744990863,1221317.8856171127,0.0034403362659158887,744.8996641876697,100540.45093470514,xgb_ranker,10.0,True,resolved
2024-07-03,1121020.545309124,0.007338048094972738,1231162.255412022,0.008060448398276687,802.9317516127157,101343.38268631771,xgb_ranker,10.0,True,resolved
2024-07-05,1118316.0412148796,-0.0024125374914504283,1229215.0017361045,-0.0015816385430575952,928.8692041162885,102272.25189043392,xgb_ranker,10.0,True,resolved
2024-07-08,1118034.9310630397,-0.0002513691492205261,1229890.5105873877,0.000549544913077904,897.8839544854184,103170.13584491923,xgb_ranker,10.0,True,resolved
2024-07-09,1117942.071257536,-8.30562649910549e-05,1230765.1838858267,0.0007111798090231325,888.391826192292,104058.52767111144,xgb_ranker,10.0,True,resolved
2024-07-10,1123481.5288063174,0.004955048826948749,1237862.5174664902,0.0057666024954130535,902.8831103531018,104961.41078146463,xgb_ranker,10.0,True,resolved
2024-07-11,1129066.6326328665,0.004971246685722797,1245018.5746374233,0.005780978961685834,903.9323017847609,105865.34308324927,xgb_ranker,10.0,True,resolved
2024-07-12,1133874.521632666,0.004258286323268523,1251256.1048985245,0.005009989720770047,852.9056988410167,106718.24878209044,xgb_ranker,10.0,True,resolved
2024-07-15,1142801.5718511045,0.007873049484862227,1261842.3070840393,0.008460459968244072,679.7426092890663,107397.99139137944,xgb_ranker,10.0,True,resolved
2024-07-16,1150179.572401324,0.006456064405186979,1270959.6272795214,0.007225403795939611,874.2363143063803,108272.2277056858,xgb_ranker,10.0,True,resolved
2024-07-17,1124090.3838931238,-0.02268270897363589,1242957.8959726193,-0.022031959714440053,747.3960793876104,109019.6237850734,xgb_ranker,10.0,True,resolved
2024-07-18,1122065.346330805,-0.0018014899792180294,1241337.9255997338,-0.0013033187834715632,562.5697405100726,109582.19352558347,xgb_ranker,10.0,True,resolved
2024-07-19,1117671.8827985888,-0.003915514855336144,1237283.8041153983,-0.0032659289632005484,727.2510199365814,110309.44454552013,xgb_ranker,10.0,True,resolved
2024-07-22,1136006.115062363,0.01640394873123796,1258400.045791537,0.01706661123818387,740.0524605611596,111049.49700608122,xgb_ranker,10.0,True,resolved
2024-07-23,1129481.3637139134,-0.005743588227156149,1252241.3865281348,-0.004894039287425822,966.5714749431348,112016.06848102444,xgb_ranker,10.0,True,resolved
2024-07-24,1112632.999131357,-0.014916903566391082,1234543.0358817368,-0.014133337898587617,887.3942967385179,112903.4627777629,xgb_ranker,10.0,True,resolved
2024-07-25,1106731.4602197271,-0.005304119971488608,1228744.1593489265,-0.004697184597269755,677.1561033069446,113580.61888106975,xgb_ranker,10.0,True,resolved
2024-07-26,1117238.6581205425,0.009493900081894546,1241230.3642309813,0.01016176132928348,743.3313683413987,114323.95024941108,xgb_ranker,10.0,True,resolved
2024-07-29,1120938.6283540123,0.003311709818288877,1246369.900615993,0.0041406789046736225,925.1091177919783,115249.05936720292,xgb_ranker,10.0,True,resolved
2024-07-30,1111262.8678529798,-0.00863183786898336,1236672.9752572137,-0.007780134415944051,956.8726694537858,116205.93203665677,xgb_ranker,10.0,True,resolved
2024-07-31,1125068.2639603952,0.012423159728254252,1252712.0650624943,0.012969548236424044,616.4005209451706,116822.33255760191,xgb_ranker,10.0,True,resolved
2024-08-01,1105788.0752189804,-0.017136905696322757,1232215.5978691583,-0.016361674613801558,873.317241353584,117695.64979895542,xgb_ranker,10.0,True,resolved
2024-08-02,1095053.099568025,-0.009707986450142925,1221263.5612027706,-0.008888084751829783,909.2630676651556,118604.91286662046,xgb_ranker,10.0,True,resolved
2024-08-05,1089408.4475726858,-0.0051546833642732715,1215482.5761098075,-0.004733609743722833,447.44584719092387,119052.3587138115,xgb_ranker,10.0,True,resolved
2024-08-06,1108967.9224110194,0.017954216237182852,1237871.0663009097,0.01841942503425864,507.20422511464704,119559.56293892607,xgb_ranker,10.0,True,resolved
2024-08-07,1096279.0201255353,-0.011442082344363058,1224692.4585796888,-0.010646187700793508,889.4903100026763,120449.05324892869,xgb_ranker,10.0,True,resolved
2024-08-08,1123966.6462269763,0.025256002890824636,1256394.3716859638,0.025885611431820665,685.2147529199569,121134.2680018485,xgb_ranker,10.0,True,resolved
2024-08-09,1125403.9914205316,0.0012788148103686225,1259186.3695979957,0.002222230515316115,1060.655997889647,122194.92399973821,xgb_ranker,10.0,True,resolved
2024-08-12,1121938.9947877743,-0.0030788913662761486,1256490.9243559896,-0.0021406245390558354,1055.6860735048654,123250.61007324293,xgb_ranker,10.0,True,resolved
2024-08-13,1129104.1403846813,0.006386395009170931,1265483.3176089157,0.007156751456470101,862.9681640039651,124113.57823724685,xgb_ranker,10.0,True,resolved
2024-08-14,1131575.4587624604,0.0021887426406363986,1269422.0020674225,0.0031123954015837008,1039.821215727306,125153.39945297428,xgb_ranker,10.0,True,resolved
2024-08-15,1141748.4614072163,0.008990123076618728,1281861.0729712178,0.009799003706834064,915.6458318480434,126069.04528482236,xgb_ranker,10.0,True,resolved
2024-08-16,1141552.499049013,-0.00017163356450833334,1282719.7238700895,0.0006698470816977053,956.2452993817406,127025.29058420415,xgb_ranker,10.0,True,resolved
2024-08-19,1145651.2312140926,0.00359048941550566,1288441.784492801,0.00446088145074075,993.243945503107,128018.53452970723,xgb_ranker,10.0,True,resolved
2024-08-20,1138667.461182216,-0.0060958953664072,1281702.8313748192,-0.005230312458885833,993.8769083749148,129012.41143808217,xgb_ranker,10.0,True,resolved
2024-08-21,1144945.3757934207,0.005513387204976183,1289534.1964458176,0.006110125435704994,678.0022102071737,129690.41364828938,xgb_ranker,10.0,True,resolved
2024-08-22,1140877.4906815714,-0.003552907586556575,1285950.9846971612,-0.0027786868766507267,886.5402918280404,130576.95394011753,xgb_ranker,10.0,True,resolved
2024-08-23,1148237.71905722,0.00645137487220615,1295397.9592739358,0.007346294446050949,1020.9199468018187,131597.87388691914,xgb_ranker,10.0,True,resolved
2024-08-26,1146112.9126724668,-0.001850493455743507,1294056.1248723504,-0.0010358472405942454,934.9103763762594,132532.7842632954,xgb_ranker,10.0,True,resolved
2024-08-27,1148737.339176233,0.0022898498697188074,1297986.6097719949,0.0030373372716212543,854.4233585675157,133387.2076218628,xgb_ranker,10.0,True,resolved
2024-08-28,1139923.2679357594,-0.007672834284984775,1289023.471959529,-0.006905416238492945,885.2862980553916,134272.49391991796,xgb_ranker,10.0,True,resolved
2024-08-29,1144952.3159343062,0.0044117425619829564,1295776.8181060152,0.005239118055949676,944.780066347987,135217.27398626594,xgb_ranker,10.0,True,resolved
2024-08-30,1151036.8917182358,0.005314261300886081,1303705.264463217,0.006118682049575774,918.6936265694767,136135.96761283532,xgb_ranker,10.0,True,resolved
2024-09-03,1138159.6398231778,-0.01118752316950955,1290238.2685074536,-0.010329785667704816,991.5933246075607,137127.56093744302,xgb_ranker,10.0,True,resolved
2024-09-04,1128767.165709956,-0.008252334544810336,1280631.0032784122,-0.007446117095995852,914.9925777431362,138042.55351518613,xgb_ranker,10.0,True,resolved
2024-09-05,1125417.4979385536,-0.0029675453655632067,1277696.5029750091,-0.002291448743541813,762.7278736575295,138805.2813888436,xgb_ranker,10.0,True,resolved
2024-09-06,1107012.3799051992,-0.01635403578411332,1257748.0958051737,-0.015612789988379228,827.4970628872024,139632.77845173096,xgb_ranker,10.0,True,resolved
2024-09-09,1118403.3457591652,0.010289826980021344,1271487.3999724085,0.010923732830968369,703.8108011436965,140336.58925287463,xgb_ranker,10.0,True,resolved
2024-09-10,1116716.2717426415,-0.001508466532151309,1270586.7172767846,-0.0007083693441582994,892.7748963285742,141229.3641492033,xgb_ranker,10.0,True,resolved
2024-09-11,1120119.2253148803,0.003047285741550443,1275546.6553027332,0.0039036595916719374,951.0333720812667,142180.39752128467,xgb_ranker,10.0,True,resolved
2024-09-12,1124045.0699066636,0.0035048452906250027,1280899.765501083,0.0041967184627045295,774.0532272185538,142954.45074850353,xgb_ranker,10.0,True,resolved
2024-09-13,1127097.4036059263,0.002715490491423278,1285352.415809332,0.003476189494426851,854.8781757181342,143809.3289242216,xgb_ranker,10.0,True,resolved
2024-09-16,1133093.4140937466,0.005319868955990126,1292924.6737841996,0.0058911920822117825,644.7747965230191,144454.10372074487,xgb_ranker,10.0,True,resolved
2024-09-17,1131852.3866382588,-0.0010952560839657677,1292640.045970976,-0.00022014261077618613,990.4952782717941,145444.59899901642,xgb_ranker,10.0,True,resolved
2024-09-18,1130021.6465378182,-0.0016174724920430261,1291527.4365757196,-0.0008607263860687109,853.1748477039309,146297.77384672052,xgb_ranker,10.0,True,resolved
2024-09-19,1135776.0046205386,0.005092254737199653,1298890.3742452594,0.005700953352614446,685.3813586313878,146983.15520535174,xgb_ranker,10.0,True,resolved
2024-09-20,1136611.653909536,0.00073575184331931,1300743.8841451472,0.0014269948693435008,785.6168193423435,147768.7720246941,xgb_ranker,10.0,True,resolved
2024-09-23,1144571.8759469946,0.007003466848222395,1310808.6559605706,0.00773770450747735,829.9201911636122,148598.6922158578,xgb_ranker,10.0,True,resolved
2024-09-24,1144392.9272067307,-0.00015634556817667455,1311677.6076691628,0.000662912702506846,934.5500998321835,149533.24231569024,xgb_ranker,10.0,True,resolved
2024-09-25,1138971.586115498,-0.00473730740757472,1306426.6295931528,-0.004003253577943511,841.1878607761508,150374.4301764662,xgb_ranker,10.0,True,resolved
2024-09-26,1143042.092155166,0.0035738433594734165,1312053.9636992447,0.004307424526277748,836.2382462819961,151210.66842274833,xgb_ranker,10.0,True,resolved
2024-09-27,1145192.5047987653,0.0018813066101046605,1315638.3929634485,0.0027319221338257815,973.0096515964482,152183.67807434459,xgb_ranker,10.0,True,resolved
2024-09-30,1149811.0562241245,0.004032991314565804,1321939.0734761,0.004789067076751641,862.4462666091794,153046.12434095354,xgb_ranker,10.0,True,resolved
2024-10-01,1144220.902154455,-0.004861802327790321,1316507.0421348359,-0.004109138953719338,866.584580058725,153912.708921012,xgb_ranker,10.0,True,resolved
2024-10-02,1145844.6010593842,0.001419043212610438,1319353.629734204,0.002162227400433814,848.7339565420474,154761.44287755422,xgb_ranker,10.0,True,resolved
2024-10-03,1137038.3223711767,-0.007685404006848473,1310043.4845736362,-0.007056595707735536,719.9679449448373,155481.41082249905,xgb_ranker,10.0,True,resolved
2024-10-04,1136954.3267330388,-7.387230182598348e-05,1310843.9363096505,0.0006110115774322633,778.0225445806104,156259.43336707953,xgb_ranker,10.0,True,resolved
2024-10-07,1128281.43561622,-0.007628178997954649,1301580.5285020503,-0.007066751083793399,639.5489033382604,156898.9822704178,xgb_ranker,10.0,True,resolved
2024-10-08,1133819.8492249297,0.004908716419396386,1308741.6335138401,0.005501853212287466,672.7788788440747,157571.76114926173,xgb_ranker,10.0,True,resolved
2024-10-09,1135670.889916371,0.0016325703705988293,1311800.9871417542,0.0023376299412896095,797.0251385348861,158368.78628779636,xgb_ranker,10.0,True,resolved
2024-10-10,1131896.7142584843,-0.0033233005190127507,1308294.9840847687,-0.0026726638349500176,742.35394329328,159111.14023108955,xgb_ranker,10.0,True,resolved
2024-10-11,1139667.929276431,0.0068656573696634915,1318347.4728443392,0.007683656118733007,922.9946327557782,160034.13486384516,xgb_ranker,10.0,True,resolved
2024-10-14,1143850.7209033943,0.003670184550704114,1324336.123631517,0.004542543533122778,991.0662932216289,161025.20115706685,xgb_ranker,10.0,True,resolved
2024-10-15,1141904.7581249322,-0.0017012384071631859,1323106.297420193,-0.0009286360081696143,886.3990772908372,161911.60023435738,xgb_ranker,10.0,True,resolved
2024-10-16,1143137.2749628364,0.0010793516964830996,1325555.516275774,0.001851112688645351,878.3237729013407,162789.92400725858,xgb_ranker,10.0,True,resolved
2024-10-17,1140732.652107309,-0.0021035293907335495,1323581.8933828932,-0.0014889024779782822,700.7928062659864,163490.7168135244,xgb_ranker,10.0,True,resolved
2024-10-18,1151983.4203649086,0.009862756393284267,1337548.4337931862,0.010552078779648921,792.9285001345902,164283.64531365887,xgb_ranker,10.0,True,resolved
2024-10-21,1147910.499787303,-0.003535572218839378,1333975.576480085,-0.0026711984574411263,1001.7145633929775,165285.35987705193,xgb_ranker,10.0,True,resolved
2024-10-22,1143954.1233889589,-0.003446589607009498,1330472.288597656,-0.0026262009171660328,941.1442431745234,166226.50412022643,xgb_ranker,10.0,True,resolved
2024-10-23,1140698.7455433402,-0.0028457241239487896,1327566.9828726475,-0.002183664966123211,756.6104732064193,166983.11459343298,xgb_ranker,10.0,True,resolved
2024-10-24,1140018.3202429013,-0.0005964986838964403,1327509.9543653552,-4.29571599986911e-05,632.7904470850982,167615.9050405181,xgb_ranker,10.0,True,resolved
2024-10-25,1130365.4673957657,-0.008467278705730719,1317094.0212431701,-0.007846218469348187,708.975467242103,168324.8805077601,xgb_ranker,10.0,True,resolved
2024-10-28,1135697.9586607327,0.004717493075272694,1324162.8370215318,0.005366978867377803,739.3657976193699,169064.24630537973,xgb_ranker,10.0,True,resolved
2024-10-29,1135587.463399376,-9.729282377768378e-05,1324953.7869608775,0.0005973207503124911,788.6872517332606,169852.93355711288,xgb_ranker,10.0,True,resolved
2024-10-30,1132116.7718945844,-0.003056296072873277,1321857.0627033245,-0.0023372319004847375,814.7635527275517,170667.69710984046,xgb_ranker,10.0,True,resolved
2024-10-31,1133554.279393536,0.001269751967852173,1324534.5442767725,0.0020255454609989787,855.8268517933118,171523.5239616337,xgb_ranker,10.0,True,resolved
2024-11-01,1132541.5997507009,-0.0008933666973379717,1324443.1142331096,-6.902805521979971e-05,936.4380745254734,172459.96203615938,xgb_ranker,10.0,True,resolved
2024-11-04,1133695.6288164114,0.001018972782955263,1326767.7158749332,0.0017551540091396145,834.4694984909729,173294.43153465056,xgb_ranker,10.0,True,resolved
2024-11-05,1144739.2459721412,0.009741254067689553,1340775.9205008573,0.010558144020474947,920.9787111832028,174215.4102458337,xgb_ranker,10.0,True,resolved
2024-11-06,1157056.94476239,0.01076026600257629,1356458.9853479052,0.011697006641638863,1072.4318393097224,175287.8420851436,xgb_ranker,10.0,True,resolved
2024-11-07,1162753.8436383656,0.004923611497051672,1364274.6349039285,0.005761803077310779,965.6731634775286,176253.51524862114,xgb_ranker,10.0,True,resolved
2024-11-08,1170699.8338141432,0.006833768143835073,1374758.4359271424,0.007684523889101014,986.2237330033411,177239.73898162428,xgb_ranker,10.0,True,resolved
2024-11-11,1166911.2748727894,-0.003236148867477584,1371465.3893689616,-0.0023953637760076862,976.2397677506918,178215.97874937474,xgb_ranker,10.0,True,resolved
2024-11-12,1157352.181618786,-0.008191790978320568,1361279.4468595323,-0.007427050356783704,895.4132569685606,179111.39200634358,xgb_ranker,10.0,True,resolved
2024-11-13,1147522.3493391257,-0.008493380351961122,1350694.1910597961,-0.007775960934513715,827.159145601154,179938.55115194505,xgb_ranker,10.0,True,resolved
2024-11-14,1137084.5980045309,-0.009095902437635361,1339344.6999560934,-0.00840270964280787,788.0126148345581,180726.56376677947,xgb_ranker,10.0,True,resolved
2024-11-15,1132836.061420768,-0.0037363416857625342,1335207.210462663,-0.0030891894323887836,728.9322779013359,181455.49604468103,xgb_ranker,10.0,True,resolved
2024-11-18,1133887.1078061343,0.0009278009600506287,1337085.285143103,0.0014065791928947746,547.6447997611109,182003.14084444224,xgb_ranker,10.0,True,resolved
2024-11-19,1140098.4685629492,0.005477935778662069,1345156.9430553112,0.006036756220336725,632.4014722808519,182635.54231672335,xgb_ranker,10.0,True,resolved
2024-11-20,1140008.8346867494,-7.861941636744252e-05,1346040.7383720852,0.0006570202245446133,838.6705932737565,183474.212909997,xgb_ranker,10.0,True,resolved
2024-11-21,1148358.7381002796,0.007324419916293623,1356993.524790725,0.008137039323108608,922.5920386093233,184396.80494860615,xgb_ranker,10.0,True,resolved
2024-11-22,1157871.265044536,0.008283584762016849,1369156.0510436036,0.008962847670739071,776.2908968163001,185173.09584542227,xgb_ranker,10.0,True,resolved
2024-11-25,1162716.887868485,0.004184940908575463,1375950.3646676433,0.004962409959669012,902.7783522297254,186075.87419765175,xgb_ranker,10.0,True,resolved
2024-11-26,1166073.24132817,0.002886647209397575,1381000.485144623,0.003670278090445178,909.8209248928981,186985.69512254445,xgb_ranker,10.0,True,resolved
2024-11-27,1157883.0493863332,-0.0070237371475123656,1372348.4565475914,-0.006265043850528174,887.7146727424707,187873.40979528718,xgb_ranker,10.0,True,resolved
2024-11-29,1161639.4018982153,0.0032441553694675385,1377708.57830722,0.003905802301197747,766.9793823591568,188640.38917764637,xgb_ranker,10.0,True,resolved
2024-12-02,1157723.0420946747,-0.0033714075100594876,1374179.4849547404,-0.002561567379376961,941.1251841738457,189581.51436182047,xgb_ranker,10.0,True,resolved
2024-12-03,1156650.6827661248,-0.0009262658594145767,1373935.7596683651,-0.00017736059157025252,872.944570379164,190454.45893219972,xgb_ranker,10.0,True,resolved
2024-12-04,1154886.771411172,-0.001525016481842556,1372731.1646251497,-0.0008767477189079997,746.7583655685295,191201.21729776828,xgb_ranker,10.0,True,resolved
2024-12-05,1152441.1551920786,-0.0021176242378334598,1370795.795939104,-0.001409867231049744,818.8681632156803,192020.08546098406,xgb_ranker,10.0,True,resolved
2024-12-06,1153840.1207810564,0.0012139149861796206,1373467.5168987238,0.001949029146087744,847.399561387894,192867.4850223716,xgb_ranker,10.0,True,resolved
2024-12-09,1143732.2741069207,-0.008760179588220174,1362657.4678619814,-0.007870625918515617,1030.6242911973222,193898.10931356892,xgb_ranker,10.0,True,resolved
2024-12-10,1135405.6781333804,-0.007280196740134914,1353770.0537655319,-0.006522118952163369,870.3979873982929,194768.5073009669,xgb_ranker,10.0,True,resolved
2024-12-11,1143229.3668492879,0.00689065491443519,1363976.3697325992,0.007539179891502545,735.9432985813462,195504.45059954823,xgb_ranker,10.0,True,resolved
2024-12-12,1146867.5856013088,0.003182404911490133,1369533.3324424296,0.004074090162514921,1020.7020902974939,196525.1526898455,xgb_ranker,10.0,True,resolved
2024-12-13,1145517.7881837215,-0.0011769426867876964,1369079.099084203,-0.0003316701736763017,969.8591375758153,197495.01182742146,xgb_ranker,10.0,True,resolved
2024-12-16,1144485.0599087146,-0.0009015384009394278,1368838.4689764096,-0.0001757605590168021,831.1243034691015,198326.13613089072,xgb_ranker,10.0,True,resolved
2024-12-17,1137427.3568351741,-0.006166706163996061,1361547.9463533196,-0.005326064972839162,960.2307676742279,199286.3668985652,xgb_ranker,10.0,True,resolved
2024-12-18,1116034.9578624195,-0.01880770569144541,1336937.458135011,-0.01807537390381575,842.0609371598722,200128.42783572487,xgb_ranker,10.0,True,resolved
2024-12-19,1110132.6477675037,-0.005288642666015364,1330672.056427307,-0.004686383547397921,675.9106248046462,200804.33846052978,xgb_ranker,10.0,True,resolved
2024-12-20,1122772.7487132296,0.011386117660033834,1346773.2438481594,0.012100041736866629,789.9429384326884,201594.2813989626,xgb_ranker,10.0,True,resolved
2024-12-23,1121940.2354112356,-0.0007414797900537895,1346985.9788321517,0.00015795902165716136,1009.7256536692755,202604.0070526321,xgb_ranker,10.0,True,resolved
2024-12-24,1128543.2686590822,0.005885369861458267,1355913.6182775223,0.006627863679108836,832.8836433658397,203436.89069599815,xgb_ranker,10.0,True,resolved
2024-12-26,1130494.9641753288,0.0017293936089535222,1359322.6438408974,0.0025141908137966684,883.494578608518,204320.38527460644,xgb_ranker,10.0,True,resolved
2024-12-27,1119681.9232240422,-0.009564873169669141,1347345.230373072,-0.008811310193422517,850.6075580013043,205170.99283260785,xgb_ranker,10.0,True,resolved
2024-12-30,1111168.3277822447,-0.0076035838975441195,1337851.9345271504,-0.0070459267839564355,619.8569507524239,205790.84978336014,xgb_ranker,10.0,True,resolved
2024-12-31,1104719.0824565461,-0.005804021914996849,1330656.350263455,-0.0053784608580310644,468.38861735235065,206259.2384007123,xgb_ranker,10.0,True,resolved
2025-01-02,1105437.8944590217,0.0006506740164904379,1332160.2644677274,0.001130204807555879,522.3091658950107,206781.5475666074,xgb_ranker,10.0,True,resolved
2025-01-03,1103542.9529285026,-0.0017141999021541565,1330868.584280434,-0.0009696132077693376,794.6291592652989,207576.17672587297,xgb_ranker,10.0,True,resolved
2025-01-06,1111766.6292725222,0.007452067291260578,1341652.272976474,0.008102744946729912,739.1866437434215,208315.3633696163,xgb_ranker,10.0,True,resolved
2025-01-07,1117275.3402883774,0.004954916680184773,1349300.8330815972,0.0057008513004304096,851.7542600809384,209167.1176296971,xgb_ranker,10.0,True,resolved
2025-01-08,1121483.3659295985,0.003766328217836623,1355537.5149427871,0.004622158163903434,952.7150446324217,210119.83267432963,xgb_ranker,10.0,True,resolved
2025-01-10,1109031.1434409367,-0.011103350140499013,1341471.3027277202,-0.010376852031026673,810.4390894560566,210930.27176378554,xgb_ranker,10.0,True,resolved
2025-01-13,1108846.2726950818,-0.00016669572080840744,1342202.363908576,0.0005449696757353628,782.1269359739686,211712.39869975924,xgb_ranker,10.0,True,resolved
2025-01-14,1118499.4979535348,0.008705647929889038,1354606.06667975,0.009241306009217354,595.2489069225088,212307.6476066819,xgb_ranker,10.0,True,resolved
2025-01-15,1132549.876979088,0.012561810757412362,1372550.3984757902,0.01324690051036237,774.0063922145297,213081.65399889657,xgb_ranker,10.0,True,resolved
2025-01-16,1139156.0297463732,0.005832990583078068,1381596.0908105099,0.0065904263659570805,858.3978024145158,213940.05180131106,xgb_ranker,10.0,True,resolved
2025-01-17,1141799.1375601161,0.0023202333523453245,1385805.1673734304,0.0030465318995303026,828.8590820280845,214768.91088333927,xgb_ranker,10.0,True,resolved
2025-01-21,1152701.8437651745,0.009548707689827296,1400199.6323135183,0.010387076970834297,961.4036157370854,215730.3144990764,xgb_ranker,10.0,True,resolved
2025-01-22,1154945.6354526454,0.001946549924950025,1404120.805105895,0.00280043838170263,987.6928967467949,216718.00739582314,xgb_ranker,10.0,True,resolved
2025-01-23,1155859.6443110553,0.0007913869106503935,1406298.6220881282,0.0015510182416740292,875.9109425831438,217593.91833840616,xgb_ranker,10.0,True,resolved
2025-01-24,1153472.0137812952,-0.002065675137558176,1404331.4602392924,-0.0013988222827915342,767.966864929437,218361.8852033355,xgb_ranker,10.0,True,resolved
2025-01-27,1109384.4146168842,-0.03822164615843915,1351674.8081529378,-0.037495885819849195,856.4231721428016,219218.30837547852,xgb_ranker,10.0,True,resolved
2025-01-28,1123915.7301261078,0.013098539440218993,1370211.87082278,0.013714143785200195,674.1456283863745,219892.4540038649,xgb_ranker,10.0,True,resolved
2025-01-29,1128353.6913753147,0.0039486601443943226,1376918.3849719772,0.00489450886538445,1062.2424820457386,220954.69648591086,xgb_ranker,10.0,True,resolved
2025-01-30,1131815.2998736408,0.0030678399200403383,1382390.0662468788,0.003973860277138419,1023.283931291322,221977.98041720229,xgb_ranker,10.0,True,resolved
2025-01-31,1126240.142670522,-0.004925854248251649,1376225.610506232,-0.004459273754319648,528.9919640899,222506.97238129243,xgb_ranker,10.0,True,resolved
2025-02-03,1120014.7291194692,-0.005527607581355731,1369510.2480597135,-0.004879550558609447,721.7576580280482,223228.7300393202,xgb_ranker,10.0,True,resolved
2025-02-04,1119436.144083843,-0.0005165869881738061,1369634.5243454457,9.074505715322978e-05,684.4371354365109,223913.16717475676,xgb_ranker,10.0,True,resolved
2025-02-05,1128730.795263995,0.008302975769787002,1381973.4176529744,0.009008894773169907,787.2377300285326,224700.40490478522,xgb_ranker,10.0,True,resolved
2025-02-06,1136819.2611591215,0.00716598318134376,1392910.655102262,0.007914216952061626,854.8039486352793,225555.20885342077,xgb_ranker,10.0,True,resolved
2025-02-07,1131659.5925026988,-0.004538688631262167,1387796.5227296678,-0.003671543723110293,988.6470883421684,226543.85594176294,xgb_ranker,10.0,True,resolved
2025-02-10,1129114.8275508035,-0.0022487017904981865,1385719.599830708,-0.0014965615383404351,853.9869089821121,227397.84285074534,xgb_ranker,10.0,True,resolved
2025-02-11,1118944.4424770086,-0.009007396613377128,1373926.9195456547,-0.00851014901318714,561.2131119721471,227959.05596271757,xgb_ranker,10.0,True,resolved
2025-02-12,1121766.1735151815,0.0025217793940925937,1378240.1345751418,0.0031393336633316338,690.531069655481,228649.5870323728,xgb_ranker,10.0,True,resolved
2025-02-13,1125229.9143654048,0.003087756550341769,1383475.2308071635,0.0037983919497710517,790.8028776019494,229440.389909975,xgb_ranker,10.0,True,resolved
2025-02-14,1125969.9998556376,0.0006577193520935776,1385169.2077316367,0.0012244360338022897,635.474319784729,230075.86422975984,xgb_ranker,10.0,True,resolved
2025-02-18,1136703.6611296048,0.009532812841677396,1399215.6505761663,0.010140597095377402,689.3290190944094,230765.19324885437,xgb_ranker,10.0,True,resolved
2025-02-19,1130658.7996331663,-0.00531788688921031,1392915.557823848,-0.004502588825192277,921.1440524843862,231686.33730133847,xgb_ranker,10.0,True,resolved
2025-02-20,1116074.036926151,-0.012899349221663692,1375946.0296529653,-0.012182740063148012,815.3706207253164,232501.70792206362,xgb_ranker,10.0,True,resolved
2025-02-21,1084070.7354466172,-0.02867489110998056,1337322.9403812448,-0.028070206562870625,680.5638744839281,233182.27179654755,xgb_ranker,10.0,True,resolved
2025-02-24,1077480.4099737224,-0.0060792393498010355,1329814.2773751451,-0.0056146969287456105,502.685568750585,233684.95736529827,xgb_ranker,10.0,True,resolved
2025-02-25,1070506.9860112965,-0.006471972852477137,1321704.7358910772,-0.006098251178408898,407.72071449833334,234092.67807979637,xgb_ranker,10.0,True,resolved
2025-02-26,1094824.488593305,0.022715874720832474,1352482.3062022948,0.023286267708247044,614.807413485977,234707.48549328226,xgb_ranker,10.0,True,resolved
2025-02-27,1085434.6259150829,-0.008576591751511486,1342083.6853928482,-0.007688544805177777,975.2242028359763,235682.70969611793,xgb_ranker,10.0,True,resolved
2025-02-28,1099558.5305915074,0.013012211273909946,1360593.5835249028,0.01379191054441331,839.0505858422213,236521.76028196013,xgb_ranker,10.0,True,resolved
2025-03-03,1087715.9740735907,-0.010770282971244827,1346841.572552262,-0.010107361330496056,736.9711166854504,237258.73139864585,xgb_ranker,10.0,True,resolved
2025-03-04,1085115.5422044718,-0.0023907269278946597,1344666.1275777936,-0.0016152196507760452,832.5943587013313,238091.3257573471,xgb_ranker,10.0,True,resolved
2025-03-05,1097216.8053587652,0.011152050342684294,1360442.3665749093,0.011732458097635234,624.2939834239951,238715.61974077084,xgb_ranker,10.0,True,resolved
2025-03-06,1058447.356462357,-0.03533435571443999,1313295.5387510674,-0.03465551278187562,745.6680613149267,239461.28780208586,xgb_ranker,10.0,True,resolved
2025-03-07,1064723.0371162412,0.00592913819999441,1321843.988166413,0.006509158954027372,608.6762691914048,240069.96407127706,xgb_ranker,10.0,True,resolved
2025-03-10,1014805.3927214855,-0.046883220006167625,1260575.1462759683,-0.04635103872994373,564.2420591843194,240634.2061304614,xgb_ranker,10.0,True,resolved
2025-03-11,1020933.1950548653,0.006038401428816176,1268731.471767742,0.006470320722940848,439.8230400865861,241074.0291705479,xgb_ranker,10.0,True,resolved
2025-03-12,1038045.5392906949,0.01676147305104525,1290804.7922093924,0.017397945059954623,648.2667487568407,241722.29591930474,xgb_ranker,10.0,True,resolved
2025-03-13,1025085.5745583782,-0.012484967414023385,1275702.4230233245,-0.011699963679417502,814.0206714665097,242536.31659077125,xgb_ranker,10.0,True,resolved
2025-03-14,1047277.6422452303,0.021648990325917605,1304104.660372686,0.022263998905050597,634.3781764967316,243170.69476726794,xgb_ranker,10.0,True,resolved
2025-03-17,1055651.9339060802,0.007996247912727794,1315673.4645784828,0.008871070365234823,910.4296777657593,244081.12444503352,xgb_ranker,10.0,True,resolved
2025-03-18,1049704.7182180749,-0.005633689947404985,1309282.4826310263,-0.004857574557456057,819.5407029503328,244900.66514798408,xgb_ranker,10.0,True,resolved
2025-03-19,1062146.2584984803,0.011852419127471814,1325570.0384503691,0.012440062427637955,615.8051878052395,245516.47033578914,xgb_ranker,10.0,True,resolved
2025-03-20,1058199.6824868014,-0.00371566154858749,1321593.3802423417,-0.002999960841508109,760.0541715905268,246276.52450737948,xgb_ranker,10.0,True,resolved
2025-03-21,1058900.9625745662,0.0006627105444945158,1323482.1433967825,0.0014291560344334986,811.2489441684149,247087.7734515481,xgb_ranker,10.0,True,resolved
2025-03-24,1070427.532998698,0.010885409336210738,1338872.9950598027,0.011629058797513414,785.3603016471892,247873.13375319517,xgb_ranker,10.0,True,resolved
2025-03-25,1069112.2007935885,-0.0012287914544057976,1338391.3160454608,-0.0003597645304066477,929.677329224482,248802.81108241976,xgb_ranker,10.0,True,resolved
2025-03-26,1068016.913967101,-0.001024482580663344,1338103.31262966,-0.00021518625558014648,866.8962429225857,249669.7073253422,xgb_ranker,10.0,True,resolved
2025-03-27,1062526.9920272587,-0.005140294941069934,1332429.6490054755,-0.004240078901706412,963.9006844204656,250633.60800976283,xgb_ranker,10.0,True,resolved
2025-03-28,1046137.9325613801,-0.015424605293658411,1312788.0616005352,-0.014741181584784435,730.7560689443784,251364.3640787072,xgb_ranker,10.0,True,resolved
2025-03-31,1045518.4843156335,-0.0005921286538476123,1312682.6902753077,-8.026529819216144e-05,530.9203044734371,251895.28438318055,xgb_ranker,10.0,True,resolved
2025-04-01,1056307.0713087413,0.010318886901525826,1326953.3478227323,0.010871368726917296,578.0240095236114,252473.30839270435,xgb_ranker,10.0,True,resolved
2025-04-02,1069129.9283417822,0.012139327077639983,1343933.727418682,0.012796515886418502,689.0050496357615,253162.31344234012,xgb_ranker,10.0,True,resolved
2025-04-03,1022277.0286205825,-0.04382339178725303,1286163.3929147131,-0.042985999477019976,882.0658471766457,254044.37928951692,xgb_ranker,10.0,True,resolved
2025-04-04,987827.6598097351,-0.03369866273658906,1243883.039014988,-0.03287323689403798,846.0055351431732,254890.38482465988,xgb_ranker,10.0,True,resolved
2025-04-07,1003095.8295722434,0.015456309216375974,1263770.071684955,0.015987863847484407,514.9842728576361,255405.36909751725,xgb_ranker,10.0,True,resolved
2025-04-08,1007284.2855307383,0.004175529231619901,1269966.7654029985,0.004903339505248461,729.5364748066589,256134.90557232406,xgb_ranker,10.0,True,resolved
2025-04-09,1061629.131301739,0.05395184512619133,1339464.1503649391,0.054723782428973244,756.9057304566874,256891.8113027808,xgb_ranker,10.0,True,resolved
2025-04-10,1036166.8993026991,-0.02398411201077233,1308172.8111724183,-0.023361087479642828,659.7841337701024,257551.59543655085,xgb_ranker,10.0,True,resolved
2025-04-11,1047306.1235553096,0.010750415073196073,1323151.748792228,0.011450274376506364,715.1008812178458,258266.69631776863,xgb_ranker,10.0,True,resolved
2025-04-14,1059847.0709887524,0.011974481148711247,1339822.8542418294,0.012599541560383232,655.3381504542938,258922.03446822276,xgb_ranker,10.0,True,resolved
2025-04-15,1065046.501310453,0.004905830722209847,1347200.2128282008,0.00550621939535878,638.3588803983288,259560.39334862083,xgb_ranker,10.0,True,resolved
2025-04-16,1053026.2369021706,-0.01128614045817955,1332875.5494566734,-0.010632913530688404,693.5205542928388,260253.91390291348,xgb_ranker,10.0,True,resolved
2025-04-17,1054247.9821055792,0.0011602229465836889,1335467.6988109287,0.001944779732295343,823.9559380652273,261077.86984097864,xgb_ranker,10.0,True,resolved
2025-04-21,1034983.7058393448,-0.018273002740549882,1312043.8583298577,-0.01753980309814096,774.589087618532,261852.4589285971,xgb_ranker,10.0,True,resolved
2025-04-22,1058662.0690253025,0.022878005762182685,1343043.5943781189,0.02362705777817653,781.4383808037303,262633.8973094013,xgb_ranker,10.0,True,resolved
2025-04-23,1078536.8109429234,0.018773452359466702,1369289.2701624543,0.019541938842639217,812.3920927246622,263446.2894021258,xgb_ranker,10.0,True,resolved
2025-04-24,1083616.7930367887,0.004710068346600149,1376752.0901978482,0.005450141323687152,797.0977783830941,264243.3871805091,xgb_ranker,10.0,True,resolved
2025-04-25,1075022.5874521527,-0.007931037650820372,1366547.3728701798,-0.00741216766644015,556.6666525751511,264800.0538330837,xgb_ranker,10.0,True,resolved
2025-04-28,1080259.7890876117,0.004871713112439169,1374022.9661604618,0.005470423813102698,644.4712100174006,265444.5250431012,xgb_ranker,10.0,True,resolved
2025-04-29,1081296.1601609043,0.0009593720730527444,1376271.1773694025,0.0016362253501649437,730.1060149385929,266174.63105804037,xgb_ranker,10.0,True,resolved
2025-04-30,1082594.8801810837,0.0012010770666068815,1378754.5311376092,0.0018044073065262012,649.3533169620436,266823.9843750029,xgb_ranker,10.0,True,resolved
2025-05-01,1077939.98714692,-0.004299755263377003,1373850.3976962273,-0.003556930063058794,807.5137195180954,267631.4980945216,xgb_ranker,10.0,True,resolved
2025-05-02,1087207.6780055056,0.008597594457104396,1386626.2863779082,0.009299330336916212,754.2600617737747,268385.7581562955,xgb_ranker,10.0,True,resolved
2025-05-05,1082438.5414283846,-0.004386592068472139,1381450.2848541625,-0.0037328021072399187,712.3173059599641,269098.0754622554,xgb_ranker,10.0,True,resolved
2025-05-06,1080659.6641611895,-0.0016433979381847985,1380066.0632793317,-0.0010020060728982427,694.0835955794039,269792.15905783506,xgb_ranker,10.0,True,resolved
2025-05-07,1087926.9202460225,0.006724833290112642,1390137.5318720497,0.007297816286262471,621.6797652237603,270413.8388230584,xgb_ranker,10.0,True,resolved
2025-05-08,1092243.492864516,0.003967704574786568,1396764.8043700564,0.0047673502412972635,862.3933954217234,271276.23221848015,xgb_ranker,10.0,True,resolved
2025-05-09,1091266.2756949745,-0.0008946880214216746,1396583.3980242666,-0.0001298760859539394,835.2382281282032,272111.47044660774,xgb_ranker,10.0,True,resolved
2025-05-12,1098401.7903110483,0.006538747485373753,1406686.2072300492,0.007233946229115329,742.382385163647,272853.85283177136,xgb_ranker,10.0,True,resolved
2025-05-13,1097461.9645206174,-0.0008556302427045193,1406550.9898462757,-9.612476690146199e-05,821.9100532466014,273675.7628850183,xgb_ranker,10.0,True,resolved
2025-05-14,1098077.2874523844,0.0005606781388871607,1408134.5571545048,0.0011258513339797993,613.7937712060808,274289.5566562241,xgb_ranker,10.0,True,resolved
2025-05-15,1115179.6965012,0.01557486822124754,1430771.9965648833,0.0160761905141531,556.4707624846426,274846.0274187087,xgb_ranker,10.0,True,resolved
2025-05-16,1121836.2487308376,0.00596904001258447,1440611.9320411342,0.006877360963085222,1012.3926651318137,275858.42008383997,xgb_ranker,10.0,True,resolved
2025-05-19,1123191.2210472603,0.0012078164865465535,1443582.2119924503,0.0020618182351910264,958.3369384545337,276816.75702229503,xgb_ranker,10.0,True,resolved
2025-05-20,1119884.3094302309,-0.0029442107052315425,1440453.776098574,-0.0021671338617829106,872.943589657011,277689.70061195205,xgb_ranker,10.0,True,resolved
2025-05-21,1100387.887480374,-0.01740931789621747,1416528.4909411725,-0.01660954732070785,902.9000532563807,278592.6006652085,xgb_ranker,10.0,True,resolved
2025-05-22,1097070.916786302,-0.003014364963310312,1413241.6681484291,-0.0023203365225358263,764.8412856756572,279357.44195088436,xgb_ranker,10.0,True,resolved
2025-05-23,1093356.2047594185,-0.003386027256802371,1409404.210461966,-0.0027153584365303685,733.4308264852455,280090.8727773695,xgb_ranker,10.0,True,resolved
2025-05-27,1092138.855061976,-0.0011134063099869085,1408702.2535581887,-0.0004980522255906283,669.2684502297851,280760.14122759894,xgb_ranker,10.0,True,resolved
2025-05-28,1091936.0434549195,-0.00018570130173145571,1409421.1100456836,0.0005102969670696123,764.5497078807409,281524.69093547965,xgb_ranker,10.0,True,resolved
2025-05-29,1092713.0648567532,0.0007115997374491645,1411457.8757063171,0.0014451079568174041,798.3889202102711,282323.0798556896,xgb_ranker,10.0,True,resolved
2025-05-30,1089212.7028023384,-0.0032033679901810608,1407910.7925981188,-0.0025130633859146156,743.1972225325834,283066.2770782219,xgb_ranker,10.0,True,resolved
2025-06-02,1087057.6453162017,-0.0019785460457742987,1406280.6145517332,-0.0011578702677441655,891.7959897672598,283958.07306798873,xgb_ranker,10.0,True,resolved
2025-06-03,1093269.3425287688,0.005714229819670846,1415274.9277693098,0.006395816826674894,740.4555361712027,284698.5286041597,xgb_ranker,10.0,True,resolved
2025-06-04,1088230.1527011395,-0.004609284859276808,1410010.599428283,-0.003719650675451547,968.9528787667334,285667.48148292623,xgb_ranker,10.0,True,resolved
2025-06-05,1084255.950010682,-0.003651987293857739,1406083.6535135088,-0.0027850470885584233,946.4530037502936,286613.93448667607,xgb_ranker,10.0,True,resolved
2025-06-06,1092499.6968551867,0.007603137289146078,1417650.6275797305,0.008226376885413833,676.2963644726275,287290.2308511485,xgb_ranker,10.0,True,resolved
2025-06-09,1086781.6919558002,-0.005233873213737361,1411305.748096501,-0.004475629862388364,828.1279298773832,288118.3587810262,xgb_ranker,10.0,True,resolved
2025-06-10,1086483.3908469165,-0.000274481168657581,1411727.3076012072,0.00029870175564350454,622.5291815760864,288740.88796260173,xgb_ranker,10.0,True,resolved
2025-06-11,1089102.6142800655,0.002410734904200851,1415742.2145301434,0.002843967745979503,468.29637730085415,289209.18433990225,xgb_ranker,10.0,True,resolved
2025-06-12,1092845.7032658965,0.003436856120582643,1421723.628992532,0.004224931912744978,863.2356574533802,290072.41999735526,xgb_ranker,10.0,True,resolved
2025-06-13,1082929.2853330057,-0.009073941456928747,1410035.4525274832,-0.008221131186608499,936.8568292020329,291009.27682655724,xgb_ranker,10.0,True,resolved
2025-06-16,1088201.7704302906,0.004868725196274903,1417826.8293400535,0.005525660222659212,710.5586764336482,291719.83550299064,xgb_ranker,10.0,True,resolved
2025-06-17,1085171.876334467,-0.0027843127792611666,1415006.871287107,-0.001988929814693341,864.265812077015,292584.10131506744,xgb_ranker,10.0,True,resolved
2025-06-18,1086311.5705230893,0.0010502430200016732,1417731.1295312685,0.0019252614947964375,950.1932501960764,293534.2945652641,xgb_ranker,10.0,True,resolved
2025-06-20,1088205.392348336,0.001743350505173158,1421248.0656929053,0.0024806792263916133,800.0844561697465,294334.37902143336,xgb_ranker,10.0,True,resolved
2025-06-23,1095050.5526339,0.0062903201304600476,1431396.1728154821,0.0071402785815783965,923.0284870691393,295257.4075085028,xgb_ranker,10.0,True,resolved
2025-06-24,1099754.2084264713,0.004295377762476571,1438746.0265151577,0.00513474455169094,914.7309777788703,296172.1384862822,xgb_ranker,10.0,True,resolved
2025-06-25,1090924.17438494,-0.008029097751001468,1428053.4578288193,-0.0074318667014756645,658.06204308739,296830.20052937017,xgb_ranker,10.0,True,resolved
2025-06-26,1095561.2501786225,0.004250594039954203,1434941.9321094821,0.0048236809643917855,624.648985125499,297454.8495144953,xgb_ranker,10.0,True,resolved
2025-06-27,1098683.744579538,0.0028501322042984167,1439965.889311891,0.00350115714788779,713.1781513163337,298168.02766581153,xgb_ranker,10.0,True,resolved
2025-06-30,1102739.6038660076,0.0036915621137381116,1446378.0892993326,0.004453022141035268,832.475390581958,299000.5030563932,xgb_ranker,10.0,True,resolved
2025-07-01,1099030.9629664298,-0.0033631157224933705,1442684.7766409535,-0.0025534904640102107,889.7363257644297,299890.23938215734,xgb_ranker,10.0,True,resolved
2025-07-02,1101460.5184419046,0.0022106342381083,1447032.1317051277,0.0030133783447110485,880.4156266905121,300770.6550088476,xgb_ranker,10.0,True,resolved
2025-07-03,1107516.1323390119,0.005497803866518547,1455815.199273534,0.006069711498428498,625.1003719485393,301395.75538079644,xgb_ranker,10.0,True,resolved
2025-07-07,1107473.667300291,-3.83425915714275e-05,1456959.0818524375,0.0007857333674454736,911.7341064818088,302307.4894872788,xgb_ranker,10.0,True,resolved
2025-07-08,1102273.673676188,-0.004695365476976909,1451405.0190331615,-0.0038120925209610412,977.8836408101796,303285.37312808883,xgb_ranker,10.0,True,resolved
2025-07-09,1105642.5750545503,0.0030563202758226993,1456874.3846885692,0.003768324887736041,783.7869946445392,304069.1601227338,xgb_ranker,10.0,True,resolved
2025-07-10,1105665.639311595,2.0860500097308332e-05,1457985.5798268828,0.0007627254278008699,820.7764785968808,304889.9366013307,xgb_ranker,10.0,True,resolved
2025-07-11,1098282.510579411,-0.00667754198889714,1449277.5336828288,-0.005972655878453859,778.9101934282764,305668.8467947592,xgb_ranker,10.0,True,resolved
2025-07-14,1105417.6598576666,0.00649664290337415,1459670.4112169438,0.007171074754540152,739.388082113945,306408.23487687344,xgb_ranker,10.0,True,resolved
2025-07-15,1096323.0685201767,-0.008227289709358265,1448939.9352858295,-0.007351300573509745,969.1524304495459,307377.3873073235,xgb_ranker,10.0,True,resolved
2025-07-16,1099250.059523275,0.0026698252432553193,1453987.094277188,0.0034833459058210003,891.308674145092,308268.6959814684,xgb_ranker,10.0,True,resolved
2025-07-17,1102677.5577228658,0.0031180332171893976,1459666.8610879907,0.003906339219349242,863.9653295623663,309132.661311031,xgb_ranker,10.0,True,resolved
2025-07-18,1106423.360146781,0.0033970061308317145,1465830.7425431628,0.004222800160426754,910.8857888860476,310043.54709991725,xgb_ranker,10.0,True,resolved
2025-07-21,1101010.4418153213,-0.004892266854110483,1459839.904428523,-0.0040869917247374765,892.9832839905154,310936.5303839075,xgb_ranker,10.0,True,resolved
2025-07-22,1104691.0349072907,0.00334292296619898,1465943.7709787204,0.0041811890000271745,918.0008974953685,311854.5312814033,xgb_ranker,10.0,True,resolved
2025-07-23,1102451.744062831,-0.0020270743345425224,1464198.2515386725,-0.0011907137740232443,925.8546184629323,312780.38589986594,xgb_ranker,10.0,True,resolved
2025-07-24,1102955.4218730219,0.00045687061851329425,1465951.7578446637,0.001197588034371977,817.0641475824347,313597.45004744787,xgb_ranker,10.0,True,resolved
2025-07-25,1105493.2250162251,0.0023009117983150418,1470532.7191904662,0.0031249059331515117,907.4661924988684,314504.91623994726,xgb_ranker,10.0,True,resolved
2025-07-28,1101020.7896382571,-0.004045647025925803,1465792.913447628,-0.00322318958360035,912.1122782096854,315417.02851815725,xgb_ranker,10.0,True,resolved
2025-07-29,1108589.1114536966,0.006873913632390316,1476980.836785283,0.007632676645529912,836.2299856463418,316253.2585038041,xgb_ranker,10.0,True,resolved
2025-07-30,1106358.628089007,-0.0020120018694436137,1475241.0967512934,-0.0011779029156371301,924.8955641552734,317178.1540679596,xgb_ranker,10.0,True,resolved
2025-07-31,1117510.0217242686,0.010079366086314323,1491180.7176486878,0.010804756546232142,808.5551839841028,317986.70925194334,xgb_ranker,10.0,True,resolved
2025-08-01,1109141.9313075028,-0.007488156932905388,1481191.5848677156,-0.006698807637965709,874.206592935678,318860.9158448788,xgb_ranker,10.0,True,resolved
2025-08-04,1125270.3554138294,0.014541352780084615,1503654.7943942752,0.015165634044947529,691.647271278076,319552.563116157,xgb_ranker,10.0,True,resolved
2025-08-05,1117939.5828053148,-0.00651467673812367,1494982.3278639596,-0.0057675914462861355,839.8908741275986,320392.45399028447,xgb_ranker,10.0,True,resolved
2025-08-06,1120739.0242559281,0.0025041079980265835,1499840.7024664916,0.003249787313187591,834.2104853617574,321226.66447564674,xgb_ranker,10.0,True,resolved
2025-08-07,1124607.2222382738,0.0034514707694004443,1506220.352428488,0.0042535516948600804,896.0973694986274,322122.7618451453,xgb_ranker,10.0,True,resolved
2025-08-08,1122937.344577211,-0.0014848541144341088,1505287.8216912106,-0.0006191197295759565,976.4174626500956,323099.1793077959,xgb_ranker,10.0,True,resolved
2025-08-11,1121083.8088790358,-0.0016506136403122706,1503750.125906019,-0.0010215294132015496,706.4836957975887,323805.66300359316,xgb_ranker,10.0,True,resolved
2025-08-12,1132085.7293860333,0.009813646776326346,1519530.0276793034,0.010493699386244115,764.9137001386355,324570.5767037322,xgb_ranker,10.0,True,resolved
2025-08-13,1137262.3533641992,0.004572643081521166,1527710.3263980872,0.005383439991164307,908.649531674369,325479.22623540676,xgb_ranker,10.0,True,resolved
2025-08-14,1131304.4808429442,-0.005238784616083181,1521060.7985645724,-0.00435261038602297,1009.4004751974754,326488.6267106043,xgb_ranker,10.0,True,resolved
2025-08-15,1128696.923493866,-0.0023049120667631984,1518685.8565514737,-0.001561372178771503,841.3272097538036,327329.9539203577,xgb_ranker,10.0,True,resolved
2025-08-18,1129565.225837834,0.0007692962795362579,1520971.5325349048,0.0015050354051635573,834.5579732238243,328164.511893581,xgb_ranker,10.0,True,resolved
2025-08-19,1126197.388902153,-0.002981533831464267,1517546.8999376805,-0.002251608609345035,821.3758009100299,328985.8876944905,xgb_ranker,10.0,True,resolved
2025-08-20,1129271.5483867188,0.0027296808844163856,1522837.4061626997,0.003486222551168927,848.9114971377204,329834.7991916284,xgb_ranker,10.0,True,resolved
2025-08-21,1128732.8342033294,-0.0004770457417075935,1523205.733635519,0.00024186920503055376,812.0853667032741,330646.8845583313,xgb_ranker,10.0,True,resolved
2025-08-22,1137344.3259065,0.007629344555435624,1536018.777298939,0.008411893009907745,881.4936212448953,331528.37817957613,xgb_ranker,10.0,True,resolved
2025-08-25,1132976.7203122114,-0.0038401788225456146,1531361.6722997064,-0.0030319323357634875,921.8723175685627,332450.2504971448,xgb_ranker,10.0,True,resolved
2025-08-26,1137229.2340652472,0.0037533990564819764,1538101.780131938,0.004401382086381744,733.2573134746923,333183.5078106196,xgb_ranker,10.0,True,resolved
2025-08-27,1139918.977060136,0.002365172222379197,1543058.1817776673,0.0032224146085471084,973.3608723462427,334156.8686829655,xgb_ranker,10.0,True,resolved
2025-08-28,1138835.7467255506,-0.0009502695861586252,1542934.6474588695,-8.005810814948333e-05,991.7210704441552,335148.58975340915,xgb_ranker,10.0,True,resolved
2025-08-29,1133787.480261043,-0.004432831054893338,1537204.9552107365,-0.0037135028742594223,820.250872622411,335968.84062603133,xgb_ranker,10.0,True,resolved
2025-09-02,1133234.097276342,-0.00048808352035556446,1537581.0613171163,0.00024466880952012104,825.6621380477752,336794.50276407914,xgb_ranker,10.0,True,resolved
2025-09-03,1130404.5656844736,-0.002496864150725031,1534869.6332474002,-0.0017634374784725182,830.1297356455315,337624.6324997244,xgb_ranker,10.0,True,resolved
2025-09-04,1144358.0051446492,0.012343757167794678,1554832.77117725,0.013006406210286814,743.7343990210302,338368.36689874483,xgb_ranker,10.0,True,resolved
2025-09-05,1140565.3495329192,-0.003314221244295479,1550799.4342321618,-0.0025940647893819557,821.9499911138406,339190.3168898585,xgb_ranker,10.0,True,resolved
2025-09-08,1138331.9098611488,-0.0019581865017073152,1548961.1668419377,-0.0011853675914799133,881.0416988114472,340071.35858867026,xgb_ranker,10.0,True,resolved
2025-09-09,1141803.1026855772,0.0030493679342187274,1554945.2436630493,0.0038632839539238795,926.2612318570352,340997.61982052727,xgb_ranker,10.0,True,resolved
2025-09-10,1153967.0259543736,0.010653258202036886,1572816.7031748502,0.011493304722229647,956.9071679461331,341954.5269884738,xgb_ranker,10.0,True,resolved
2025-09-11,1162817.8517492893,0.007669912220928277,1586297.7440846749,0.00857127272530378,1039.5692156727437,342994.09620414657,xgb_ranker,10.0,True,resolved
2025-09-12,1156841.2563631171,-0.005139752006026788,1579379.1127842607,-0.004361496021925149,905.2631022511404,343899.35930639727,xgb_ranker,10.0,True,resolved
2025-09-15,1162694.7171840467,0.005059865205129244,1588380.6458296352,0.005699412492232936,739.4310045574684,344638.79031095497,xgb_ranker,10.0,True,resolved
2025-09-16,1162713.6243264899,1.6261484776514123e-05,1589787.236782142,0.0008855502969014051,1014.0511924544676,345652.84150340944,xgb_ranker,10.0,True,resolved
2025-09-17,1164884.2513484803,0.0018668629803386683,1593927.2526715642,0.002604132045871843,856.6145202668407,346509.45602367644,xgb_ranker,10.0,True,resolved
2025-09-18,1173592.1559281573,0.00747533891852048,1606756.325199003,0.008048718977567093,666.0508409708781,347175.5068646477,xgb_ranker,10.0,True,resolved
2025-09-19,1175331.0767535071,0.0014817079481710405,1610403.657814547,0.002269997359488851,923.4036589960214,348098.91052364424,xgb_ranker,10.0,True,resolved
2025-09-22,1179666.0131524038,0.0036882683395649263,1617793.2011454972,0.004588628009562834,1059.6509785635853,349158.5615022083,xgb_ranker,10.0,True,resolved
2025-09-23,1176172.9761546943,-0.0029610389370928747,1614348.0798346833,-0.0021295189696523,982.4360698482806,350140.99757205625,xgb_ranker,10.0,True,resolved
2025-09-24,1168849.0653701846,-0.006226899387243301,1605524.9514016046,-0.005465443632195033,897.0436697435604,351038.04124179954,xgb_ranker,10.0,True,resolved
2025-09-25,1163886.3663153201,-0.004245799737447431,1599842.837450338,-0.0035391003710693036,824.0151914200405,351862.05643321946,xgb_ranker,10.0,True,resolved
2025-09-26,1168602.8042862231,0.004052318256664966,1607298.099924896,0.00465999678220852,706.3681920998478,352568.42462531966,xgb_ranker,10.0,True,resolved
2025-09-29,1181645.4085355126,0.011160853115747882,1626123.5220291046,0.011712464604473949,645.5906882804355,353214.0153136,xgb_ranker,10.0,True,resolved
2025-09-30,1180656.9757534717,-0.0008364884887640534,1625943.90053287,-0.00011045993357894357,859.1140919138551,354073.12940551364,xgb_ranker,10.0,True,resolved
2025-10-01,1176256.8320935243,-0.0037268603415817614,1621077.1917761883,-0.0029931590844474165,868.3394819880402,354941.46888750175,xgb_ranker,10.0,True,resolved
2025-10-02,1179665.8244274948,0.002898170060277705,1626736.0631352381,0.003490809313558607,696.6127665393445,355638.08165404096,xgb_ranker,10.0,True,resolved
2025-10-03,1181676.719291938,0.0017046309410710947,1630672.4322435441,0.0024197958092349037,845.8796266555571,356483.9612806971,xgb_ranker,10.0,True,resolved
2025-10-06,1179777.5162512555,-0.00160721033906841,1629233.4262846066,-0.0008824616952393116,857.4803069342213,357341.44158763153,xgb_ranker,10.0,True,resolved
2025-10-07,1176077.3849344268,-0.003136295840410641,1625328.5347154336,-0.0023967661761505887,876.307150181904,358217.74873781373,xgb_ranker,10.0,True,resolved
2025-10-08,1176723.2484285245,0.0005491675142905716,1627492.2692675835,0.001331259807438645,916.6651363461814,359134.41387416003,xgb_ranker,10.0,True,resolved
2025-10-09,1174818.957132153,-0.0016183000539120584,1626150.5811268045,-0.0008243898703019781,938.1466723191497,360072.5605464788,xgb_ranker,10.0,True,resolved
2025-10-10,1154011.8482964651,-0.01771090661192598,1598666.910784011,-0.016901061108221094,958.7514194263364,361031.3119659046,xgb_ranker,10.0,True,resolved
2025-10-13,1163660.5001016199,0.008360964247809077,1613063.9500887338,0.009005652902180916,744.9593167892134,361776.2712826942,xgb_ranker,10.0,True,resolved
2025-10-14,1160308.4246443766,-0.002880630095247305,1609779.5262235776,-0.00203613989698026,975.1591762316044,362751.4304589257,xgb_ranker,10.0,True,resolved
2025-10-15,1155741.7897118174,-0.003935707813169431,1604785.9477456207,-0.0031020263313147334,968.7307220663481,363720.16118099226,xgb_ranker,10.0,True,resolved
2025-10-16,1150940.3915414012,-0.004154386570735191,1599191.8245576092,-0.0034858999082526543,778.1341684895663,364498.2953494814,xgb_ranker,10.0,True,resolved
2025-10-17,1152527.397221197,0.0013788773870992976,1602489.3752597542,0.0020620107303621626,784.2338900384324,365282.52923951944,xgb_ranker,10.0,True,resolved
2025-10-20,1159867.9702064777,0.0063691093183375624,1613593.0914104567,0.006929041978142703,646.9931925324828,365929.52243205206,xgb_ranker,10.0,True,resolved
2025-10-21,1156833.1935576187,-0.002616484571359212,1610413.20349273,-0.0019706876130383133,744.6739791324899,366674.19641118514,xgb_ranker,10.0,True,resolved
2025-10-22,1144735.7261670453,-0.010457399958735514,1594617.6407004572,-0.009808391261332594,749.2779244175032,367423.4743356029,xgb_ranker,10.0,True,resolved
2025-10-23,1167230.2467447557,0.01965040494807435,1626844.6877653452,0.02020988997132367,643.6696866320492,368067.144022235,xgb_ranker,10.0,True,resolved
2025-10-24,1191224.5058927506,0.02055657760318641,1661865.8252931428,0.021527031923313622,1136.6356429818604,369203.7796652171,xgb_ranker,10.0,True,resolved
2025-10-27,1189944.0230883257,-0.0010749298709777921,1661460.1318482046,-0.00024411925365075415,990.0282279735286,370193.8078931901,xgb_ranker,10.0,True,resolved
2025-10-28,1173351.6104969676,-0.013943859769382283,1639305.7401504973,-0.013334290286618478,723.2355550930511,370917.0434482832,xgb_ranker,10.0,True,resolved
2025-10-29,1171499.8131290302,-0.0015782118091209885,1638089.2004719113,-0.0007421066423364264,973.936105058595,371890.979553342,xgb_ranker,10.0,True,resolved
2025-10-30,1171241.2485931418,-0.0002207124004550698,1638853.74043075,0.0004667266951141613,804.1567059429273,372695.1362592847,xgb_ranker,10.0,True,resolved
2025-10-31,1168132.970339746,-0.0026538326387748334,1635768.8221084662,-0.0018823634142439705,906.3018301139552,373601.4380893984,xgb_ranker,10.0,True,resolved
2025-11-03,1166040.2331354914,-0.001791523103440773,1633973.909800285,-0.0010972897171787066,804.6048215736224,374406.0429109719,xgb_ranker,10.0,True,resolved
2025-11-04,1151153.2568018269,-0.01276712064525709,1614063.656829174,-0.012185171900048641,678.610571219656,375084.6534821912,xgb_ranker,10.0,True,resolved
2025-11-05,1159797.574692856,0.00750926763222215,1627172.241652137,0.008121479451879132,706.3892445119194,375791.04272670276,xgb_ranker,10.0,True,resolved
2025-11-06,1137352.6060792678,-0.01935248797147404,1597006.3436114318,-0.01853884749783863,961.7860096302438,376752.82873633294,xgb_ranker,10.0,True,resolved
2025-11-07,1152254.8583004144,0.013102578867355996,1619019.0005759948,0.013783700392062448,766.7657395699996,377519.5944759027,xgb_ranker,10.0,True,resolved
2025-11-10,1171998.859110454,0.017135098774208934,1647794.991809254,0.017773720520279035,734.3796799461867,378253.97415584914,xgb_ranker,10.0,True,resolved
2025-11-11,1164670.3063003821,-0.00625303749496342,1639094.4798302911,-0.0052800937144552584,1137.7311110834505,379391.70526693284,xgb_ranker,10.0,True,resolved
2025-11-12,1164357.447925225,-0.0002686239817953906,1640105.4586666329,0.0006167910689605094,1031.5995931949928,380423.3048601275,xgb_ranker,10.0,True,resolved
2025-11-13,1149259.1295207818,-0.012967081914017742,1620206.4684175674,-0.012132750454499908,974.4218232794295,381397.7266834069,xgb_ranker,10.0,True,resolved
2025-11-14,1157105.810812305,0.0068275997031193025,1632391.556551598,0.007520700831377125,791.3671562246942,382189.09383963107,xgb_ranker,10.0,True,resolved
2025-11-17,1144776.9692002148,-0.010654895599768066,1616319.816357804,-0.009845517841163831,938.8302907851431,383127.924130416,xgb_ranker,10.0,True,resolved
2025-11-18,1141567.646887258,-0.002803447657755642,1613041.4308155566,-0.002028302511092761,886.0668088305054,384013.9909392461,xgb_ranker,10.0,True,resolved
2025-11-19,1139404.5528465256,-0.0018948452565474838,1610952.2815839555,-0.0012951615449484644,688.0481138481495,384702.03905309463,xgb_ranker,10.0,True,resolved
2025-11-20,1112646.125312943,-0.02348457136381732,1574255.3960365928,-0.02277962293909841,807.478740702538,385509.51779379655,xgb_ranker,10.0,True,resolved
2025-11-21,1125339.7944682052,0.011408541194256161,1593070.0628432939,0.011951470424728772,604.6588463665478,386114.1766401632,xgb_ranker,10.0,True,resolved
2025-11-24,1152053.5310624382,0.02373837371214349,1631697.2002557106,0.02424697966106737,572.4586026876887,386686.63524285087,xgb_ranker,10.0,True,resolved
2025-11-25,1149605.9620221115,-0.0021245271806679122,1629624.5904894588,-0.001270217149313635,977.1302126676541,387663.76545551897,xgb_ranker,10.0,True,resolved
2025-11-26,1156046.5424808182,0.00560242437102354,1640197.6594896177,0.00648803967604783,1016.7787940667384,388680.544249586,xgb_ranker,10.0,True,resolved
2025-11-28,1162165.1581774326,0.005292707059600055,1650233.8576471645,0.006118895548643755,953.3706347295088,389633.91488431516,xgb_ranker,10.0,True,resolved
2025-12-01,1156301.7451687409,-0.0050452493498317486,1643302.7645485802,-0.004200067200455071,981.4875024752757,390615.4023867905,xgb_ranker,10.0,True,resolved
2025-12-02,1156238.502467439,-5.4693942620143154e-05,1644334.6360539617,0.0006279253754344349,788.6634621078657,391404.06584889855,xgb_ranker,10.0,True,resolved
2025-12-03,1149761.5887040794,-0.005601710849048702,1636446.362510786,-0.0047972434382979046,933.8110384883753,392337.8768873864,xgb_ranker,10.0,True,resolved
2025-12-04,1153616.999797686,0.003353226557126554,1643060.567993323,0.004041810128374124,791.9037503968345,393129.7806377839,xgb_ranker,10.0,True,resolved
2025-12-05,1154175.9284133846,0.0004845010222600532,1645026.4909064872,0.0011965005742697876,821.4547694277793,393951.2354072119,xgb_ranker,10.0,True,resolved
2025-12-08,1152474.943280244,-0.0014737659062764585,1643847.3301433013,-0.0007168035102803616,876.439196333882,394827.67460354586,xgb_ranker,10.0,True,resolved
2025-12-09,1151242.0699490616,-0.0010697615062009724,1643438.6107334394,-0.000248635869260605,947.7702510540984,395775.44485460006,xgb_ranker,10.0,True,resolved
2025-12-10,1157402.7065060637,0.005351295542278756,1653586.400022611,0.006174729754367059,944.8759803304262,396720.3208349302,xgb_ranker,10.0,True,resolved
2025-12-11,1162521.5091412738,0.004422663439817454,1662316.504210595,0.005279496848706877,990.2549311791436,397710.57576610957,xgb_ranker,10.0,True,resolved
2025-12-12,1158496.7277217112,-0.003462113507504583,1658064.2825570025,-0.002558009646671855,1055.4335962513621,398766.00936236087,xgb_ranker,10.0,True,resolved
2025-12-15,1157907.3936646134,-0.0005087058452524218,1658373.6648162012,0.00018659243942065196,811.4947189966607,399577.504081357,xgb_ranker,10.0,True,resolved
2025-12-16,1154397.344108041,-0.0030313732996070097,1654453.959119942,-0.0023635841423552684,774.311566643598,400351.8156480004,xgb_ranker,10.0,True,resolved
2025-12-17,1144444.8355140944,-0.008621389025835313,1641286.6939124633,-0.00795867732365474,766.3843221639005,401118.19997016445,xgb_ranker,10.0,True,resolved
2025-12-18,1149562.1187090618,0.004471410972525014,1649669.193387688,0.005107273157282766,730.1344179507829,401848.3343881155,xgb_ranker,10.0,True,resolved
2025-12-19,1162007.132402959,0.010825873166273814,1668824.524495464,0.011611619580795818,904.7395304398773,402753.0739185553,xgb_ranker,10.0,True,resolved
2025-12-22,1166659.2476549388,0.004003516951190722,1676943.7341913788,0.004865226736986861,999.8031018278858,403752.8770203827,xgb_ranker,10.0,True,resolved
2025-12-23,1165154.2888621767,-0.0012899728826452073,1675975.611154778,-0.0005773139651985559,833.6708158364812,404586.5478362187,xgb_ranker,10.0,True,resolved
2025-12-24,1168436.8761448676,0.002817298373330779,1681964.3214956631,0.0035732681913902553,877.2197537985246,405463.7675900178,xgb_ranker,10.0,True,resolved
2025-12-26,1167528.646425712,-0.0007773031968593136,1682144.0271674232,0.00010684273706851322,1033.515353293308,406497.28294331173,xgb_ranker,10.0,True,resolved
2025-12-29,1164690.0906700883,-0.002431251485189301,1679234.2009748993,-0.001729831777498636,817.5029318543483,407314.78587516595,xgb_ranker,10.0,True,resolved
2025-12-30,1160398.4763770592,-0.0036847693025017225,1673739.0837167383,-0.0032723947945859644,481.0984564322903,407795.8843315982,xgb_ranker,10.0,True,resolved
2025-12-31,1151923.7745606892,-0.007303268652014583,1662283.7029655203,-0.006844185490237797,534.3686149712869,408330.2529465693,xgb_ranker,10.0,True,resolved
2024-01-02,1000000.0,,1000000.0,,0.0,0.0,catboost,10.0,True,resolved
2024-01-03,998178.41914739,-0.001821580852609972,999176.5975665372,-0.0008234024334627943,999.0009990009996,999.0009990009996,catboost,10.0,True,resolved
2024-01-04,997696.7435025928,-0.00048255465712099266,998843.8722630505,-0.0003329994960821203,149.282734221285,1148.2837332222846,catboost,10.0,True,resolved
2024-01-05,999382.1690109044,0.0016893164373721348,1000983.346522335,0.0021419506278164135,451.8861448844547,1600.1698781067416,catboost,10.0,True,resolved
2024-01-08,1018991.1915348363,0.019621145075401136,1021230.3695490641,0.02022713274608634,605.3720267924217,2205.541904899163,catboost,10.0,True,resolved
2024-01-09,1011140.1561333796,-0.007704713707712529,1014260.3913903502,-0.006825079204990314,895.3167495809083,3100.858654480073,catboost,10.0,True,resolved
2024-01-10,1015012.8423703385,0.0038300192248008624,1018892.9184393128,0.004567394219754828,746.1077998297153,3846.9664543097874,catboost,10.0,True,resolved
2024-01-11,1010146.7354020185,-0.0047941333992940205,1014598.5059385914,-0.0042147829502038325,589.4077026076667,4436.37415691745,catboost,10.0,True,resolved
2024-01-12,1002160.7852620198,-0.007905732761508633,1007301.3070941234,-0.0071922034201277185,723.1565190413725,5159.530675958826,catboost,10.0,True,resolved
2024-01-16,1005389.6939765466,0.0032219467794107892,1011074.4391056919,0.003745782900305361,522.2089558050974,5681.7396317639295,catboost,10.0,True,resolved
2024-01-17,1001443.6837051611,-0.003924856495970408,1007613.105890522,-0.0034234207505349223,499.5965863342886,6181.336218098216,catboost,10.0,True,resolved
2024-01-18,1003947.4155975758,0.0025001225062915022,1010693.5901886522,0.0030572094389420545,556.3874258326051,6737.723643930818,catboost,10.0,True,resolved
2024-01-19,1018564.9987924157,0.014560108395855753,1026158.7493582577,0.015301530869231028,734.5203458654807,7472.243989796297,catboost,10.0,True,resolved
2024-01-22,1023831.7149032673,0.005170721669305101,1032248.6291113257,0.0059346370694364214,771.0194425215224,8243.263432317824,catboost,10.0,True,resolved
2024-01-23,1024633.8977418547,0.0007835104411306748,1033741.5780620717,0.001446307516079104,678.2061188113873,8921.4695511292,catboost,10.0,True,resolved
2024-01-24,1025640.5393526804,0.0009824402774925023,1035404.2808837793,0.0016084317947475668,641.7643355886322,9563.233886717815,catboost,10.0,True,resolved
2024-01-25,1013483.3453805405,-0.011853269742840733,1023777.5710778811,-0.011229149831188723,572.6667872115418,10135.900673929345,catboost,10.0,True,resolved
2024-01-26,1013368.2791469372,-0.00011353539663749856,1024555.1989681046,0.0007595672265066078,889.9959170540227,11025.896590983384,catboost,10.0,True,resolved
2024-01-29,1024324.9130863139,0.010812094837426844,1036480.4089867107,0.011639402182153535,832.5392560907055,11858.435847074083,catboost,10.0,True,resolved
2024-01-30,1019788.8262049633,-0.004428367233286656,1032804.3658615581,-0.0035466595347869445,901.3477395869719,12759.78358666105,catboost,10.0,True,resolved
2024-01-31,1010224.9263193319,-0.009378314058629655,1023932.2821598633,-0.008590284854473662,809.878360431227,13569.661947092298,catboost,10.0,True,resolved
2024-02-01,1014895.0062640988,0.004622812032348156,1029204.7121848367,0.005149197966345831,528.6549006549865,14098.31684774728,catboost,10.0,True,resolved
2024-02-02,1025110.0747092721,0.010065148002625035,1040429.6587690713,0.010906427507901606,852.7961648100458,14951.113012557305,catboost,10.0,True,resolved
2024-02-05,1019389.3380834411,-0.005580607163043871,1035469.2618154311,-0.004767642782798842,833.9257057815612,15785.038718338863,catboost,10.0,True,resolved
2024-02-06,1021861.9420810366,0.0024255737285268086,1038546.3570321596,0.002971691512439145,554.8725381796054,16339.911256518455,catboost,10.0,True,resolved
2024-02-07,1027937.2134863412,0.005945295695162223,1045291.382451284,0.006494679196024977,561.6850160280592,16901.59627254654,catboost,10.0,True,resolved
2024-02-08,1030494.1425198845,0.0024874369757188486,1048691.9367257664,0.0032532118140187194,785.2512041550647,17686.84747670157,catboost,10.0,True,resolved
2024-02-09,1030624.5555393506,0.00012655386778548383,1049627.0369065432,0.0008916824360225561,786.9934904277027,18473.840967129236,catboost,10.0,True,resolved
2024-02-12,1032536.8616939425,0.001855482817980203,1052283.9699513167,0.002531311552915083,699.2282561137314,19173.06922324298,catboost,10.0,True,resolved
2024-02-13,1024533.4645844888,-0.007751197469428428,1044841.5158343702,-0.007072667007643307,698.5197771111191,19871.589000354106,catboost,10.0,True,resolved
2024-02-14,1033517.9330549,0.00876932650907114,1054706.0454649655,0.009441173116784052,687.9550306069807,20559.544030961064,catboost,10.0,True,resolved
2024-02-15,1037983.8423097781,0.004321075727905077,1060138.560306763,0.005150738317236669,855.5634338723794,21415.107464833447,catboost,10.0,True,resolved
2024-02-16,1028545.8435562581,-0.009092625885695926,1051270.1589313813,-0.00836532289969305,756.8426322561322,22171.95009708959,catboost,10.0,True,resolved
2024-02-20,1022688.2590762957,-0.00569501545960216,1045752.5286863499,-0.005248536922840219,458.9660281875298,22630.91612527709,catboost,10.0,True,resolved
2024-02-21,1017255.1296262259,-0.0053125958979689525,1040651.3097375027,-0.004878036446400169,442.7932995222681,23073.70942479934,catboost,10.0,True,resolved
2024-02-22,1051822.2788149097,0.03398080597675146,1076304.0483978416,0.03426002382040161,273.5247220708709,23347.23414687018,catboost,10.0,True,resolved
2024-02-23,1053062.94156345,0.0011795364801914232,1078419.2035950676,0.001965202305402869,830.6488164557796,24177.882963325974,catboost,10.0,True,resolved
2024-02-26,1055377.5284824776,0.0021979568624750367,1081791.8492845155,0.003127397655943609,977.0421601040557,25154.92512343003,catboost,10.0,True,resolved
2024-02-27,1060052.7602470675,0.004429914071898411,1087410.2866110776,0.005193639913517734,810.3964570638709,25965.32158049392,catboost,10.0,True,resolved
2024-02-28,1060575.1690507643,0.0004928139648210372,1088751.9287384073,0.0012337956922505722,781.6771844478868,26746.998764941778,catboost,10.0,True,resolved
2024-02-29,1066760.797026347,0.005832333394264699,1095571.367996461,0.006263538165168336,455.51730418691557,27202.51606912869,catboost,10.0,True,resolved
2024-03-01,1074493.7803567173,0.0072490321653424505,1104266.7312836968,0.007936829622644748,732.639083724581,27935.155152853305,catboost,10.0,True,resolved
2024-03-04,1069921.309679797,-0.0042554650017633255,1100392.5272276765,-0.0035083951605755503,797.1534636193625,28732.308616472666,catboost,10.0,True,resolved
2024-03-05,1058662.721097088,-0.010522819277315243,1089433.7715158327,-0.009958951411141559,603.4040696780263,29335.712686150706,catboost,10.0,True,resolved
2024-03-06,1061281.8821490887,0.0024740278464574494,1092560.7747008067,0.002870301313151913,422.5019511658341,29758.21463731654,catboost,10.0,True,resolved
2024-03-07,1070406.3667424568,0.008597607051286982,1102501.1105185812,0.009098199430138454,526.8228210596336,30285.037458376177,catboost,10.0,True,resolved
2024-03-08,1067717.1150544193,-0.002512365183534593,1100612.9914441863,-0.0017125779342814784,858.9514673872683,31143.988925763428,catboost,10.0,True,resolved
2024-03-11,1064924.810577557,-0.0026152100003754564,1098419.041197174,-0.0019933893785257784,670.1981487261337,31814.187074489568,catboost,10.0,True,resolved
2024-03-12,1078593.6697881492,0.01283551577991604,1113058.0017832094,0.013327300453641389,520.66541522139,32334.85248971099,catboost,10.0,True,resolved
2024-03-13,1071748.5603163578,-0.006346328245312116,1106961.5986008192,-0.005477165765506609,942.0072634873367,33276.8597531983,catboost,10.0,True,resolved
2024-03-14,1059712.6189409855,-0.01123019131634706,1095359.2577616726,-0.010481249624026523,806.5227560112273,34083.38250920948,catboost,10.0,True,resolved
2024-03-15,1060456.1704929015,0.0007016539565782853,1096544.7435977184,0.0010822803821171068,402.1756205607833,34485.55812977029,catboost,10.0,True,resolved
2024-03-18,1062270.936971169,0.0017113073871068973,1099280.084486243,0.0024945091429193766,833.3036228306204,35318.86175260089,catboost,10.0,True,resolved
2024-03-19,1059515.5023973999,-0.0025939094047189304,1097361.6876759976,-0.0017451392391431009,898.2292038665935,36217.09095646751,catboost,10.0,True,resolved
2024-03-20,1070969.8117548241,0.010810893593823145,1109917.4116603183,0.011441737145855058,663.8635213304898,36880.954477798055,catboost,10.0,True,resolved
2024-03-21,1084901.6685196303,0.013008636295712472,1125229.8365293469,0.013796003836107795,844.9777978295201,37725.93227562764,catboost,10.0,True,resolved
2024-03-22,1082634.7547914553,-0.002089510776832171,1123731.3543370161,-0.001331712103326943,822.760049936689,38548.69232556434,catboost,10.0,True,resolved
2024-03-25,1078982.8639372322,-0.003373151321866219,1120785.8651555618,-0.002621168458178391,810.2537744718902,39358.946100036264,catboost,10.0,True,resolved
2024-03-26,1078782.2477578712,-0.00018593082991968934,1121378.2167512449,0.0005285145129849678,771.9416244469805,40130.887724483284,catboost,10.0,True,resolved
2024-03-27,1087413.4796955865,0.008000902828772416,1131082.9598935978,0.00865429967996767,705.4300109346326,40836.31773541797,catboost,10.0,True,resolved
2024-03-28,1087256.688925746,-0.00014418689189366063,1131683.7166469318,0.0005311341206930553,735.21609220765,41571.533827625615,catboost,10.0,True,resolved
2024-04-01,1088313.443324939,0.0009719456407644156,1133429.222971305,0.0015423976670310147,623.8546516292738,42195.38847925481,catboost,10.0,True,resolved
2024-04-02,1076965.7713973208,-0.010426841639435858,1122440.3564193551,-0.009695238422688934,789.8560454744187,42985.24452472921,catboost,10.0,True,resolved
2024-04-03,1082369.2627076013,0.0050173287339203565,1128778.8066037288,0.005647026274602007,675.0147423511603,43660.25926708044,catboost,10.0,True,resolved
2024-04-04,1070939.0198109518,-0.010560391255065915,1117554.3995798696,-0.009943849900611812,670.6271770054755,44330.88644408588,catboost,10.0,True,resolved
2024-04-05,1079709.2457035128,0.00818928597270574,1127347.201618936,0.008762707249640567,610.2861221504681,44941.17256623636,catboost,10.0,True,resolved
2024-04-08,1082124.172305929,0.0022366452931896763,1130631.8087258318,0.0029135718811197364,735.5469576267939,45676.71952386317,catboost,10.0,True,resolved
2024-04-09,1075000.3757118988,-0.0065831600257574285,1124122.5938397828,-0.005757148203166751,893.819130524441,46570.5386543876,catboost,10.0,True,resolved
2024-04-10,1069915.6759250558,-0.004729951636971097,1119293.3979452609,-0.004295969070443051,466.7116592039352,47037.25031359147,catboost,10.0,True,resolved
2024-04-11,1076088.4646862673,0.005769416132607397,1126340.8328038023,0.006296324870207259,565.0110464548545,47602.26136004633,catboost,10.0,True,resolved
2024-04-12,1062550.4775973624,-0.012580738046338857,1113037.1055297297,-0.011811457852376361,820.9720221697352,48423.233382216014,catboost,10.0,True,resolved
2024-04-15,1051819.1771898854,-0.010099567628770512,1102621.5962701887,-0.009357737678101885,797.968739363425,49221.20212157947,catboost,10.0,True,resolved
2024-04-16,1057268.1343129626,0.00518050748764165,1108930.9993933775,0.005722183516567725,564.5214410119122,49785.72356259145,catboost,10.0,True,resolved
2024-04-17,1049650.9960647475,-0.007204547267628536,1101655.9454935957,-0.006560420714869952,681.2061738711648,50466.929736462684,catboost,10.0,True,resolved
2024-04-18,1045080.7338377434,-0.004354077921269517,1097554.3237752193,-0.0037231421798742392,662.0557542517698,51128.98549071438,catboost,10.0,True,resolved
2024-04-19,1030333.401764333,-0.01411118930425137,1082551.856124285,-0.013668997812637529,473.35479377597676,51602.34028449033,catboost,10.0,True,resolved
2024-04-22,1038658.1280383372,0.008079643210390897,1091792.3395120115,0.008535834413336163,471.8373992926329,52074.17768378297,catboost,10.0,True,resolved
2024-04-23,1058560.1907885706,0.01916132191428699,1113507.708397944,0.019889651264304087,754.8660689094519,52829.043752692414,catboost,10.0,True,resolved
2024-04-24,1061759.7552070143,0.0030225625772495324,1117935.6153650405,0.003976539123799361,1010.4853208408368,53839.52907353327,catboost,10.0,True,resolved
2024-04-25,1066346.3494296288,0.004319804174269359,1123685.4355013878,0.005143248016541424,873.0646903303598,54712.59376386362,catboost,10.0,True,resolved
2024-04-26,1068870.7033224546,0.0023672926663800276,1127240.7900438344,0.0031640123028382483,849.1744292773881,55561.768193141026,catboost,10.0,True,resolved
2024-04-29,1069377.8931025267,0.0004745099463345781,1128700.3149383438,0.0012947765086221974,874.0957334005601,56435.86392654159,catboost,10.0,True,resolved
2024-04-30,1053142.2649242133,-0.01518231140089299,1112468.6327435991,-0.014380860871498369,862.701376161968,57298.565302703515,catboost,10.0,True,resolved
2024-05-01,1052085.6963008696,-0.0010032534620759703,1112103.0796134127,-0.00032859634818183103,714.37732801618,58012.94263071972,catboost,10.0,True,resolved
2024-05-02,1062827.5067387044,0.010210014712302318,1124245.1263645724,0.010918094710591575,742.2530590056573,58755.19568972539,catboost,10.0,True,resolved
2024-05-03,1068039.3692117315,0.0049037707812247255,1130668.5466832002,0.005713540728790045,859.8643485126763,59615.060038238094,catboost,10.0,True,resolved
2024-05-06,1078890.6862107627,0.010160034650258387,1142906.8006104068,0.010823909414573674,706.8789144832435,60321.93895272131,catboost,10.0,True,resolved
2024-05-07,1073305.854708708,-0.005176457238378451,1137941.6178260762,-0.004344346172127755,894.0862168420365,61216.02516956331,catboost,10.0,True,resolved
2024-05-08,1075195.841093725,0.0017609019616595667,1140961.5549558615,0.002653859462100172,954.43116002074,62170.456329584034,catboost,10.0,True,resolved
2024-05-09,1080843.614794218,0.0052527860364004475,1147802.937743858,0.005996155399172087,797.2033318296632,62967.65966141373,catboost,10.0,True,resolved
2024-05-10,1074523.6799633128,-0.005847224098287751,1141973.126799619,-0.005079104393736822,832.7476815442891,63800.40734295799,catboost,10.0,True,resolved
2024-05-13,1073156.2070484138,-0.001272631716171868,1141188.4317862075,-0.0006871396489080972,630.2008239590103,64430.60816691696,catboost,10.0,True,resolved
2024-05-14,1083410.2665718829,0.009555048422700274,1152712.4130739279,0.01009822827390816,583.9372305228505,65014.54539743976,catboost,10.0,True,resolved
2024-05-15,1099525.613788566,0.014874648795488277,1170676.7736282998,0.015584425352431541,773.3395066012192,65787.88490404098,catboost,10.0,True,resolved
2024-05-16,1096591.6799175036,-0.0026683633689561503,1168330.7926591106,-0.0020039527750416175,729.4236872727186,66517.30859131372,catboost,10.0,True,resolved
2024-05-17,1099172.162120803,0.0023531841892996397,1171852.4582454036,0.0030142709653981914,725.1468421628185,67242.45543347641,catboost,10.0,True,resolved
2024-05-20,1102768.0538861142,0.0032714545448213617,1176535.295794367,0.003996098242585067,796.1207493192181,68038.57618279546,catboost,10.0,True,resolved
2024-05-21,1098929.269099355,-0.0034810446070063783,1173370.1570203034,-0.0026902199920204595,869.5469749070385,68908.12315770233,catboost,10.0,True,resolved
2024-05-22,1090805.7244956298,-0.007392236090301818,1165434.7316003873,-0.006762934417956945,696.776309411195,69604.89946711341,catboost,10.0,True,resolved
2024-05-23,1085042.8924367845,-0.005283096640797291,1160034.138657386,-0.004633972882878812,708.3085220757765,70313.2079891892,catboost,10.0,True,resolved
2024-05-24,1095023.0537999694,0.009197941788984476,1171585.2887816192,0.009957594987335838,820.0350292888796,71133.24301847804,catboost,10.0,True,resolved
2024-05-28,1089670.7609082072,-0.0048878358069162076,1166804.6884212228,-0.0040804544117892805,886.4828629284735,72019.72588140654,catboost,10.0,True,resolved
2024-05-29,1083562.9589547347,-0.005605181099272327,1161063.5907665202,-0.004920358746990261,745.86112928172,72765.58701068824,catboost,10.0,True,resolved
2024-05-30,1073587.7175111119,-0.00920596386318473,1150961.0412468784,-0.008701116459066793,547.8332660089648,73313.42027669723,catboost,10.0,True,resolved
2024-05-31,1073344.1286972417,-0.00022689232551476035,1151624.5503020268,0.0005764826361365216,861.6346862264053,74175.05496292375,catboost,10.0,True,resolved
2024-06-03,1067023.8058266486,-0.0058884403441645805,1145654.2564525218,-0.005184236345030402,756.8133422056663,74931.86830512939,catboost,10.0,True,resolved
2024-06-04,1064573.3306172334,-0.0022965515821052884,1143611.4823052315,-0.0017830633769175819,552.1724674676694,75484.04077259697,catboost,10.0,True,resolved
2024-06-05,1086246.3992239009,0.02035845533919356,1167551.264115975,0.020933491995452025,611.3591645685038,76095.3999371655,catboost,10.0,True,resolved
2024-06-06,1075345.3053384703,-0.010035562735323356,1156802.827532032,-0.00920596543748442,900.8257955069894,76996.22573267261,catboost,10.0,True,resolved
2024-06-07,1073098.493170212,-0.0020893866901209313,1155351.4096196378,-0.001254680467449032,898.360207468429,77894.58594014113,catboost,10.0,True,resolved
2024-06-10,1089457.3279227305,0.015244485810608221,1173698.2474258272,0.015879876592896913,672.7967272623264,78567.38266740352,catboost,10.0,True,resolved
2024-06-11,1084055.3765362103,-0.0049583873072110984,1168893.5265603121,-0.004093659401854688,941.6965351363665,79509.0792025398,catboost,10.0,True,resolved
2024-06-12,1087199.30543808,0.0029001552595175895,1173042.7766811904,0.003549724612718297,705.1001171767888,80214.17931971661,catboost,10.0,True,resolved
2024-06-13,1083610.1097704158,-0.0033013226275177,1169872.810988904,-0.002702344496979814,648.9996508507857,80863.17897056729,catboost,10.0,True,resolved
2024-06-14,1081640.5426254338,-0.0018175976093461887,1168580.3463864473,-0.0011047907005925506,766.4097772417693,81629.58874780894,catboost,10.0,True,resolved
2024-06-17,1089044.4462832813,0.006845068547334909,1177159.7784543948,0.007341756255337728,533.2348011500659,82162.82354895904,catboost,10.0,True,resolved
2024-06-18,1093820.0528460809,0.004385134673885682,1183160.111323515,0.005097296882670133,776.2103949203324,82939.03394387935,catboost,10.0,True,resolved
2024-06-20,1094448.9792296514,0.0005749815812337022,1184714.5575724419,0.0013138088700337391,813.2268917662656,83752.26083564563,catboost,10.0,True,resolved
2024-06-21,1096348.5776852947,0.0017356665241539115,1187547.008806788,0.0023908301086044137,716.9928424167358,84469.25367806247,catboost,10.0,True,resolved
2024-06-24,1085088.5128123264,-0.010270515328930752,1176201.854832937,-0.009553435686937672,786.4458204177954,85255.69949848016,catboost,10.0,True,resolved
2024-06-25,1094874.8009933229,0.009018884695067397,1187390.2129062254,0.00951227718891623,531.9505402114956,85787.65003869154,catboost,10.0,True,resolved
2024-06-26,1089015.797725,-0.005351299767797468,1181947.6257641362,-0.004583655046952129,840.7082298355592,86628.3582685271,catboost,10.0,True,resolved
2024-06-27,1092073.2817439314,0.0028075662679261093,1186294.7006648008,0.0036778913091468635,943.4933988147187,87571.85166734189,catboost,10.0,True,resolved
2024-06-28,1089464.2304941015,-0.0023890807452622287,1184252.410466975,-0.0017215706996593916,730.1169648060686,88301.96863214805,catboost,10.0,True,resolved
2024-07-01,1084220.04353729,-0.0048135467049092995,1179408.4888582388,-0.0040902780234377545,794.4858352876561,89096.45446743561,catboost,10.0,True,resolved
2024-07-02,1088733.7417812836,0.004163083195978912,1184840.7723866166,0.004605938976780299,478.9504545703064,89575.40492200587,catboost,10.0,True,resolved
2024-07-03,1100690.6808363409,0.010982427196106315,1198395.8220687471,0.011440397729415297,498.66333515335685,90074.06825715923,catboost,10.0,True,resolved
2024-07-05,1098359.4749873946,-0.002117948202464026,1196664.3762722316,-0.0014448029312440491,738.9763688353812,90813.04462599457,catboost,10.0,True,resolved
2024-07-08,1103087.0167860617,0.004304184473595374,1202496.0943228977,0.004873311319613993,627.2421674197192,91440.2867934143,catboost,10.0,True,resolved
2024-07-09,1102684.5065918302,-0.00036489432665454125,1202852.3892215155,0.0002962960963448502,729.4285457211665,92169.7153391354,catboost,10.0,True,resolved
2024-07-10,1107729.043093854,0.004574777710095512,1209232.9200825412,0.005304500301283932,804.2377354160785,92973.95307455155,catboost,10.0,True,resolved
2024-07-11,1109194.2151709376,0.001322680926548081,1211615.7897147764,0.001970562984733082,718.916842138832,93692.86991669032,catboost,10.0,True,resolved
2024-07-12,1113202.3846238176,0.0036135866902824443,1216818.6487329688,0.004294149236382161,756.5944501930821,94449.4643668833,catboost,10.0,True,resolved
2024-07-15,1122013.982066146,0.007915539495817914,1227210.18665651,0.008539923294536456,702.257973952991,95151.72234083636,catboost,10.0,True,resolved
2024-07-16,1127319.7654491274,0.004728803266079495,1233810.7307631453,0.005378495206773248,729.3276920291821,95881.05003286542,catboost,10.0,True,resolved
2024-07-17,1092206.7447635552,-0.031147347684073567,1196206.5279174089,-0.03047809676811386,757.0781718906998,96638.12820475607,catboost,10.0,True,resolved
2024-07-18,1089246.2050843162,-0.002710603732702599,1193524.6229562676,-0.002242008297522413,516.4098018177694,97154.53800657387,catboost,10.0,True,resolved
2024-07-19,1084075.6914545833,-0.004746873209746649,1188383.4171204697,-0.004307582547449673,481.79926364518604,97636.33727021904,catboost,10.0,True,resolved
2024-07-22,1100636.6552005482,0.015276575128941206,1207120.455254982,0.015766829008699412,530.4217696563459,98166.75903987527,catboost,10.0,True,resolved
2024-07-23,1093713.6974169195,-0.006289957499523102,1200548.8821769566,-0.005444007720536215,934.2154712987616,99100.97451117409,catboost,10.0,True,resolved
2024-07-24,1070685.8701573822,-0.02105471231998224,1176189.0656834345,-0.020290566136174748,838.62138389964,99939.5958950737,catboost,10.0,True,resolved
2024-07-25,1054067.5964322246,-0.015521147881324748,1158328.7197218393,-0.01518492773202007,358.1990879962772,100297.79498306995,catboost,10.0,True,resolved
2024-07-26,1068126.916033333,0.013338157485056845,1174258.78678386,0.013752630657250853,443.9292384594159,100741.72422152925,catboost,10.0,True,resolved
2024-07-29,1069937.5900717655,0.00169518622857745,1177169.3661162467,0.002478652376413759,835.1679106843822,101576.89213221362,catboost,10.0,True,resolved
2024-07-30,1056344.783420113,-0.012704298622446597,1163156.4426193705,-0.011903914509012403,865.4999929355857,102442.39212514933,catboost,10.0,True,resolved
2024-07-31,1081940.2794273347,0.024230247935102645,1191770.708110123,0.02460053045514199,391.9317589107147,102834.3238840599,catboost,10.0,True,resolved
2024-08-01,1056282.3258586482,-0.023714759545015895,1164576.3559920937,-0.02281844312246384,967.2618876450795,103801.585771705,catboost,10.0,True,resolved
2024-08-02,1046354.8483490068,-0.009398507640058562,1154677.656200733,-0.008499828920988217,953.2036384682268,104754.78941017322,catboost,10.0,True,resolved
2024-08-05,1034075.306718765,-0.011735542344566197,1141443.547467352,-0.0114613014829833,273.1974714192755,105027.98688159251,catboost,10.0,True,resolved
2024-08-06,1053539.6797554367,0.018822974410281912,1163419.3174557362,0.019252612218225273,444.13915422901124,105472.12603582138,catboost,10.0,True,resolved
2024-08-07,1041873.8186463276,-0.011073015410124065,1151508.9782282987,-0.010237357287039117,888.4993604045852,106360.62539622602,catboost,10.0,True,resolved
2024-08-08,1065227.8598132443,0.022415421857187923,1178019.8651795555,0.023022735777576075,627.354865569623,106987.98026179557,catboost,10.0,True,resolved
2024-08-09,1067629.3154129,0.002254405550448757,1181607.3773131291,0.003045374903781317,844.0303706288328,107832.01063242454,catboost,10.0,True,resolved
2024-08-12,1074365.5248700092,0.006309502146355062,1190003.5707555495,0.007105738846614695,855.1247732516119,108687.13540567624,catboost,10.0,True,resolved
2024-08-13,1098745.395532345,0.022692342687825606,1217848.4234840223,0.023398965694526153,763.7757415887907,109450.91114726513,catboost,10.0,True,resolved
2024-08-14,1099051.3773439224,0.0002784829067967731,1219278.4072105638,0.0011741885927400997,982.5652364242665,110433.47638368934,catboost,10.0,True,resolved
2024-08-15,1111493.1565030399,0.011320470922101533,1233981.88137777,0.0120591606316105,812.0256913567656,111245.50207504613,catboost,10.0,True,resolved
2024-08-16,1112685.1301628915,0.001072407556337751,1236302.6623602796,0.0018807253311678984,894.1405495905615,112139.64262463665,catboost,10.0,True,resolved
2024-08-19,1120505.954899397,0.007028785165269946,1245993.122639737,0.007838258845901835,898.7601494725767,113038.40277410923,catboost,10.0,True,resolved
2024-08-20,1115128.8814890874,-0.004798790570276212,1241134.0701102903,-0.00389974265600479,1011.0434926338738,114049.44626674315,catboost,10.0,True,resolved
2024-08-21,1123361.274251556,0.007382458565215799,1251132.7720237444,0.00805610139488433,748.1659162914426,114797.61218303454,catboost,10.0,True,resolved
2024-08-22,1114483.6905501927,-0.007902696937170162,1242207.9129473767,-0.007133422827643954,864.6795017628953,115662.29168479747,catboost,10.0,True,resolved
2024-08-23,1126119.3481734965,0.010440401884714623,1256139.9379792977,0.011215533959097579,858.4431001347102,116520.73478493217,catboost,10.0,True,resolved
2024-08-26,1114887.700664962,-0.009973763017882331,1244661.1798200347,-0.009138120532755645,941.4847497766052,117462.21953470877,catboost,10.0,True,resolved
2024-08-27,1119475.1856779102,0.004114750759392383,1250784.413971464,0.00491959920555618,890.4020669026568,118352.62160161133,catboost,10.0,True,resolved
2024-08-28,1096213.9146605,-0.020778728564067483,1225462.119422539,-0.020245131188133536,593.0310078406945,118945.65260945213,catboost,10.0,True,resolved
2024-08-29,1094053.2110211828,-0.0019710602195615046,1223716.4173600508,-0.0014245255196551065,609.0920687087065,119554.74467816077,catboost,10.0,True,resolved
2024-08-30,1101591.6798433373,0.006890404183465648,1232799.4539240054,0.007422501189899622,580.1532325225472,120134.89791068344,catboost,10.0,True,resolved
2024-09-03,1067872.3522590057,-0.030609642575665563,1195976.1156559885,-0.029869690606049604,808.7665618080796,120943.66447249142,catboost,10.0,True,resolved
2024-09-04,1066613.461562376,-0.001178877507191367,1195256.4078921727,-0.0006017743618742522,615.7793090481125,121559.44378153964,catboost,10.0,True,resolved
2024-09-05,1061027.553547426,-0.00523704998694452,1189725.6420867804,-0.004627263044877372,649.250879285141,122208.69466082477,catboost,10.0,True,resolved
2024-09-06,1036181.8694024311,-0.02341662481989848,1162584.3184581054,-0.02281309460647507,639.6890761948617,122848.3837370195,catboost,10.0,True,resolved
2024-09-09,1059052.8470699794,0.022072358475774267,1188748.0345034737,0.022504790087026327,454.37017794306956,123302.75391496252,catboost,10.0,True,resolved
2024-09-10,1057036.8806922787,-0.0019035559776626743,1187545.4748061514,-0.001011618663011804,943.7140118944023,124246.4679268568,catboost,10.0,True,resolved
2024-09-11,1067392.5407160479,0.00979687673431684,1200169.5027928697,0.01063035332502027,873.9132455381559,125120.381172395,catboost,10.0,True,resolved
2024-09-12,1071002.101063352,0.0033816615814861173,1204971.9982166835,0.004001514296637421,661.3919615757326,125781.77313397074,catboost,10.0,True,resolved
2024-09-13,1077404.8092591427,0.00597824055567564,1213108.1237535854,0.006752128305838712,826.8571644045007,126608.6302983753,catboost,10.0,True,resolved
2024-09-16,1077865.0851011388,0.00042720789627126443,1214584.7782352054,0.0012172488607617993,853.7021156425158,127462.33241401783,catboost,10.0,True,resolved
2024-09-17,1079025.4336762696,0.0010765248741886335,1216869.8736615835,0.0018813799310890555,872.6522993924989,128334.9847134103,catboost,10.0,True,resolved
2024-09-18,1080097.2951092795,0.000993360674880428,1218995.3424263583,0.0017466689009064673,812.107690904292,129147.09240431464,catboost,10.0,True,resolved
2024-09-19,1084728.9993218107,0.004288228693381413,1225126.8169366913,0.005029940884046846,802.4582957058285,129949.55070002048,catboost,10.0,True,resolved
2024-09-20,1081683.1359593086,-0.0028079486806440457,1222700.2481675548,-0.001980667417928128,896.3066694251031,130845.85736944545,catboost,10.0,True,resolved
2024-09-23,1089377.5891464879,0.007113407735949817,1232348.7177702808,0.007891116090952055,841.4369750638988,131687.2943445094,catboost,10.0,True,resolved
2024-09-24,1091921.9989145512,0.002335654591588243,1236281.398995064,0.0031912081118554703,929.5942089338585,132616.88855344334,catboost,10.0,True,resolved
2024-09-25,1088292.151088574,-0.0033242739221167605,1233259.8096483008,-0.002444095130137325,961.4327376707944,133578.3212911139,catboost,10.0,True,resolved
2024-09-26,1088835.1125078248,0.0004989114537927719,1234833.0419572638,0.0012756698115474752,845.8187324882142,134424.1400236022,catboost,10.0,True,resolved
2024-09-27,1092956.0956284646,0.003784763251387435,1240511.4256310153,0.004598503182868363,885.5515652283102,135309.69158883058,catboost,10.0,True,resolved
2024-09-30,1097173.235098588,0.0038584710648403853,1246217.0015879148,0.004599373967069331,808.5495244852901,136118.24111331557,catboost,10.0,True,resolved
2024-10-01,1090345.109299174,-0.006223379846483801,1239412.7231133177,-0.005459946755602796,840.6597869222041,136958.90090023776,catboost,10.0,True,resolved
2024-10-02,1093386.3374886021,0.002789234494189552,1243601.6070169338,0.003379732856940487,640.763537395457,137599.66443763344,catboost,10.0,True,resolved
2024-10-03,1087655.126148102,-0.005241707477033231,1237931.2102795416,-0.004559656971651949,745.8770737422399,138345.5415113756,catboost,10.0,True,resolved
2024-10-04,1092786.6741960084,0.004717991874942484,1244641.831225994,0.0054208350922320125,765.5879721419255,139111.12948351746,catboost,10.0,True,resolved
2024-10-07,1085829.8754575641,-0.006366108685908478,1237499.3563267314,-0.0057385785372705556,685.6120566810716,139796.74154019842,catboost,10.0,True,resolved
2024-10-08,1088940.396572838,0.0028646486761687573,1241816.4095016015,0.003488529632600601,674.1807385590516,140470.9222787574,catboost,10.0,True,resolved
2024-10-09,1090317.8842256095,0.0012649798438066906,1244199.9244287368,0.0019193778636665826,712.0619649084288,141182.98424366594,catboost,10.0,True,resolved
2024-10-10,1080867.6042521696,-0.008667453877592601,1234177.864996278,-0.008055023341253076,669.369666762137,141852.35391042786,catboost,10.0,True,resolved
2024-10-11,1089523.2782894261,0.00800807980848428,1244753.6178590225,0.008569067038628475,607.2052340087716,142459.5591444369,catboost,10.0,True,resolved
2024-10-14,1098974.8750137645,0.008674983740758258,1256440.232252848,0.00938869686832211,783.6044092134882,143243.1635536505,catboost,10.0,True,resolved
2024-10-15,1099488.8583048417,0.0004676933956937468,1257998.8561138914,0.0012405077623538485,861.8361819810307,144104.99973563143,catboost,10.0,True,resolved
2024-10-16,1102201.0127550128,0.002466741185856769,1261940.889176501,0.0031335744412257505,732.2131672231898,144837.21290285434,catboost,10.0,True,resolved
2024-10-17,1101983.497579124,-0.0001973461949060784,1262426.0501144053,0.0003844561516830325,641.5191484642756,145478.7320513189,catboost,10.0,True,resolved
2024-10-18,1114008.7912626965,0.010912408134958529,1276995.83382633,0.011541098752362089,692.9276159241363,146171.65966724316,catboost,10.0,True,resolved
2024-10-21,1108400.7060077824,-0.005034148113461034,1271576.8089539194,-0.004243572867558387,884.7673667297566,147056.4270339728,catboost,10.0,True,resolved
2024-10-22,1104040.9679259788,-0.0039333591707158,1267530.1745658072,-0.003182375110663771,818.5941830597918,147875.02121703263,catboost,10.0,True,resolved
2024-10-23,1097802.4200694938,-0.005650648877826181,1261092.020652834,-0.005079290451746821,611.7313221985665,148486.75253923095,catboost,10.0,True,resolved
2024-10-24,1100089.0893195062,0.002082951547754508,1264536.5750573683,0.0027314060735639245,705.6684721096543,149192.42101134043,catboost,10.0,True,resolved
2024-10-25,1091739.4836014663,-0.00758993594164703,1255759.342521984,-0.00694106656028215,708.3702369546531,149900.79124829484,catboost,10.0,True,resolved
2024-10-28,1101272.7911182893,0.008732218317665241,1267426.4260113034,0.009290859398177531,643.8919471316427,150544.6831954263,catboost,10.0,True,resolved
2024-10-29,1101139.6442153344,-0.00012090274455944794,1268283.7176308488,0.0006764034597599444,868.2003259349251,151412.8835213612,catboost,10.0,True,resolved
2024-10-30,1096780.1095881215,-0.003959111498814005,1264179.0516553887,-0.0032363941272758323,797.4409167280857,152210.32443808904,catboost,10.0,True,resolved
2024-10-31,1096344.070162017,-0.00039756321462502964,1264435.17267861,0.0002025986927136625,661.5450831207859,152871.86952120982,catboost,10.0,True,resolved
2024-11-01,1092915.9767433717,-0.0031268408448987817,1261505.0257050856,-0.0023173564266779634,888.5000282737973,153760.36954948385,catboost,10.0,True,resolved
2024-11-04,1094420.3782866278,0.0013765024716161367,1264078.1355718002,0.0020397143208179536,724.6997629270045,154485.069312411,catboost,10.0,True,resolved
2024-11-05,1108900.091029758,0.013230485314791984,1281686.8473553825,0.013930081763195101,762.5714626583614,155247.64077506948,catboost,10.0,True,resolved
2024-11-06,1115267.137015902,0.005741767033521805,1290201.3583187894,0.006643206943236946,994.157155614038,156241.7979306835,catboost,10.0,True,resolved
2024-11-07,1119807.2016922694,0.004070831575397449,1296513.3276578162,0.004892235850109339,912.8656844295101,157154.6636151129,catboost,10.0,True,resolved
2024-11-08,1120425.8991259201,0.0005525035316040761,1298394.530671466,0.0014509708257670617,1004.9978553329897,158159.66147044604,catboost,10.0,True,resolved
2024-11-11,1115470.3325922359,-0.004422931081430992,1293751.3818462596,-0.0035760693036847035,949.8079342927107,159109.46940473857,catboost,10.0,True,resolved
2024-11-12,1109828.089804438,-0.005058173779203923,1287779.7422726615,-0.004615755126828325,495.8124423874124,159605.28184712594,catboost,10.0,True,resolved
2024-11-13,1097307.2186672378,-0.011281811347383042,1273992.913285255,-0.010705890560971043,637.9396212400299,160243.22146836604,catboost,10.0,True,resolved
2024-11-14,1090459.3184180153,-0.006240640845815104,1266717.5233403477,-0.005710698912874013,583.1941923681738,160826.4156607345,catboost,10.0,True,resolved
2024-11-15,1078051.7907157775,-0.011378258218965875,1253052.0352572962,-0.010788110080782287,643.8827054809551,161470.29836621563,catboost,10.0,True,resolved
2024-11-18,1090125.5038345198,0.011199566869348532,1267952.9206150381,0.01189167324139273,747.2061479438526,162217.50451415963,catboost,10.0,True,resolved
2024-11-19,1116362.5644646198,0.024067926617450164,1299176.188843479,0.024624942867196964,619.4396782411085,162836.94419240064,catboost,10.0,True,resolved
2024-11-20,1118865.9670274854,0.002242463732260669,1303068.6004364414,0.0029960613705732886,840.2604827522534,163677.2046751528,catboost,10.0,True,resolved
2024-11-21,1125824.185889641,0.006218992325454087,1312196.7002755112,0.007005080036471378,876.0886523099665,164553.2933274625,catboost,10.0,True,resolved
2024-11-22,1135346.6904052966,0.008458251861173771,1324247.4356007297,0.009183634833625387,815.8131990141227,165369.10652647642,catboost,10.0,True,resolved
2024-11-25,1140776.7532724454,0.0047827354525606935,1331529.851886968,0.005499286681974747,815.7377434222927,166184.84426989863,catboost,10.0,True,resolved
2024-11-26,1144998.364322798,0.0037006461064730267,1337421.138452294,0.004424449483409809,822.9327454869216,167007.7770153854,catboost,10.0,True,resolved
2024-11-27,1139432.3718994763,-0.004861135698315033,1331925.5708660642,-0.0041090778575472164,853.942448488776,167861.71946387412,catboost,10.0,True,resolved
2024-11-29,1143828.4514360488,0.0038581311580994093,1338051.281997745,0.0045991392204427495,847.1564571988627,168708.87592107308,catboost,10.0,True,resolved
2024-12-02,1143419.2309463508,-0.0003577638667618954,1338772.877362473,0.0005392882727563997,1034.2672955685846,169743.1432166415,catboost,10.0,True,resolved
2024-12-03,1139435.6442218255,-0.0034839248953582036,1335096.203266382,-0.002746301600712431,845.9022768343539,170589.04549347612,catboost,10.0,True,resolved
2024-12-04,1138503.4265580205,-0.0008181398120484795,1334741.197113888,-0.0002659030500014037,628.9618840626648,171218.00737753877,catboost,10.0,True,resolved
2024-12-05,1134877.0447068126,-0.0031852182142054764,1331258.6246036103,-0.00260917436114827,656.479660977182,171874.48703851577,catboost,10.0,True,resolved
2024-12-06,1136570.1055067615,0.0014918451367444963,1333990.508419721,0.0020521060037632655,635.1468277906524,172509.6338663062,catboost,10.0,True,resolved
2024-12-09,1122410.3397747902,-0.012458330254654926,1318394.5859771543,-0.011691179468017343,876.6749886815988,173386.3088549879,catboost,10.0,True,resolved
2024-12-10,1109091.7056514367,-0.011866100704334137,1303521.041828337,-0.011281557363036043,660.6228688542991,174046.93172384205,catboost,10.0,True,resolved
2024-12-11,1115108.3290822245,0.005424820508646677,1311136.9271939415,0.005842548851319185,461.7545309730407,174508.6862548151,catboost,10.0,True,resolved
2024-12-12,1113519.6399926518,-0.0014246948463565445,1310256.552712591,-0.0006714588408662792,838.8616403094322,175347.5478951243,catboost,10.0,True,resolved
2024-12-13,1110413.010867326,-0.0027899185732783716,1307511.7893478435,-0.0020948289547302323,773.9830533427703,176121.5309484673,catboost,10.0,True,resolved
2024-12-16,1111407.3657208155,0.0008954819907169842,1309397.1086175956,0.0014419137824313033,608.000752957412,176729.53170142445,catboost,10.0,True,resolved
2024-12-17,1098527.9900667635,-0.01158834829720512,1295059.9149099141,-0.010949461865558896,707.072357413437,177436.60405883784,catboost,10.0,True,resolved
2024-12-18,1082806.6314067696,-0.014311295480999409,1277250.9612769342,-0.013751451518147495,621.8804996883089,178058.4845585262,catboost,10.0,True,resolved
2024-12-19,1079084.3295785934,-0.003437642253206641,1273668.6031701867,-0.0028047409752317565,686.8561165683717,178745.34067509478,catboost,10.0,True,resolved
2024-12-20,1090256.3051633502,0.010353199725474438,1287800.866796601,0.011095714843907478,801.3303579415062,179546.67103303655,catboost,10.0,True,resolved
2024-12-23,1091236.9946973547,0.0008995036574062087,1290006.331944121,0.0017125824375363585,884.4539262347602,180431.1249592714,catboost,10.0,True,resolved
2024-12-24,1098356.9176657305,0.006524634889555125,1299419.5951465736,0.0072970674401777735,839.4810305306919,181270.60598980237,catboost,10.0,True,resolved
2024-12-26,1098103.5254465728,-0.00023070116378576255,1300116.1585575582,0.0005360573394355139,840.7471745914422,182111.35316439392,catboost,10.0,True,resolved
2024-12-27,1091170.5907958073,-0.00631355285736479,1292946.9436967813,-0.005514287945417862,877.4722154407316,182988.82537983474,catboost,10.0,True,resolved
2024-12-30,1086862.9964691931,-0.003947681840904993,1288658.323843488,-0.0033169341357746074,686.3459083603154,183675.171288195,catboost,10.0,True,resolved
2024-12-31,1077837.4987882846,-0.00830417238440262,1278461.297561563,-0.007912901421000207,428.986830409749,184104.15811860462,catboost,10.0,True,resolved
2025-01-02,1080668.6254320492,0.002626672988226275,1282235.3015260687,0.0029519892168061723,346.999325873325,184451.15744447775,catboost,10.0,True,resolved
2025-01-03,1089968.4435232691,0.00860561496129475,1294032.5456741014,0.009200529835664328,640.2872407309286,185091.44468520893,catboost,10.0,True,resolved
2025-01-06,1094957.9468977938,0.004577658558991171,1300753.4937682396,0.0051938014361432305,676.0151690306493,185767.4598542395,catboost,10.0,True,resolved
2025-01-07,1095987.2090738867,0.000940001558058956,1302780.5461203982,0.0015583677936441553,678.7409192038309,186446.20077344327,catboost,10.0,True,resolved
2025-01-08,1100552.156068306,0.004165146232205208,1309010.7558825866,0.004782240401686622,670.9164519734445,187117.11722541688,catboost,10.0,True,resolved
2025-01-10,1086383.2499876327,-0.01287436129450803,1293087.604762866,-0.012164263011715803,777.0519240580306,187894.16914947465,catboost,10.0,True,resolved
2025-01-13,1086546.1958790654,0.00014998932599019632,1294311.2265903123,0.0009462791406702475,861.3173830353348,188755.4865325098,catboost,10.0,True,resolved
2025-01-14,1091728.5845902583,0.004769598136598496,1301014.1757468542,0.005178776957841746,439.46380480411074,189194.95033731367,catboost,10.0,True,resolved
2025-01-15,1115455.1521352353,0.021733027677279138,1330141.3414398232,0.022388046368709613,719.937393155242,189914.88773046882,catboost,10.0,True,resolved
2025-01-16,1122256.1467185928,0.006097057842566755,1339507.4405648836,0.007041431487966543,1054.8948425207004,190969.7825729897,catboost,10.0,True,resolved
2025-01-17,1125184.2447711031,0.0026091174114499793,1344116.2427924678,0.003440669374438654,931.7157609468177,191901.49833393638,catboost,10.0,True,resolved
2025-01-21,1134338.5917157326,0.008135864848064722,1356084.6336947067,0.008904282621697845,863.8969093910664,192765.39524332754,catboost,10.0,True,resolved
2025-01-22,1136679.8305477784,0.002063968244706116,1359941.4662423297,0.0028440942783305445,889.9883078482412,193655.3835511755,catboost,10.0,True,resolved
2025-01-23,1139068.744760268,0.0021016597183203256,1363724.7135351151,0.0027819192124782788,772.7872086055166,194428.17075978086,catboost,10.0,True,resolved
2025-01-24,1132992.0412546028,-0.005334799619090558,1357375.0657491444,-0.004656106707570662,771.4202500544675,195199.5910098354,catboost,10.0,True,resolved
2025-01-27,1104318.5766105421,-0.02530773703609568,1323935.8762977226,-0.024635187646508405,780.5760848063913,195980.16709464203,catboost,10.0,True,resolved
2025-01-28,1116048.2935319636,0.010621678535394308,1338745.7484756112,0.011186245831862562,617.179333480386,196597.3464281223,catboost,10.0,True,resolved
2025-01-29,1120484.1065330757,0.003974570837856906,1345046.6650460965,0.004706581946318122,812.7120480735751,197410.05847619617,catboost,10.0,True,resolved
2025-01-30,1131388.1999733886,0.009731591351216595,1359068.1604516776,0.010424541965687428,778.0589394625182,198188.11741565884,catboost,10.0,True,resolved
2025-01-31,1126764.0018739603,-0.004087189613200093,1354500.92921636,-0.003360560837360582,822.3386532981034,199010.45606895685,catboost,10.0,True,resolved
2025-02-03,1124558.1644353028,-0.0019576747526445226,1352793.2809558166,-0.0012607213651240068,783.2310473738095,199793.68711633087,catboost,10.0,True,resolved
2025-02-04,1121290.427682519,-0.0029057961216482076,1349713.0919923373,-0.0022769103061356377,707.9312790970685,200501.61839542797,catboost,10.0,True,resolved
2025-02-05,1132481.2098388074,0.009980270837964378,1364104.3701219452,0.010662472057942907,762.3455514721711,201263.96394690016,catboost,10.0,True,resolved
2025-02-06,1135284.721261168,0.002475547848391768,1368403.5624195118,0.0031516593537357362,768.1380569515949,202032.1020038518,catboost,10.0,True,resolved
2025-02-07,1130357.0004576324,-0.0043405153890042625,1363572.8732857876,-0.003530164102454436,924.620686385302,202956.72269023678,catboost,10.0,True,resolved
2025-02-10,1128077.6372281138,-0.0020164985297527194,1361790.8160799267,-0.001306902799823817,806.1859928890915,203762.90868312598,catboost,10.0,True,resolved
2025-02-11,1112913.6650789082,-0.01344231252244854,1344311.2286737124,-0.01283573600278154,684.1953972500801,204447.104080376,catboost,10.0,True,resolved
2025-02-12,1112608.3282150924,-0.00027435808670217554,1344626.09400835,0.00023422056434685423,565.4799115591078,205012.583991935,catboost,10.0,True,resolved
2025-02-13,1118755.9816418272,0.005525442575643025,1352727.7260098858,0.006025193202509271,554.1522399120965,205566.73623184735,catboost,10.0,True,resolved
2025-02-14,1120297.589655726,0.0013779662761099765,1355299.1759347708,0.001900936807490483,580.8833561991651,206147.6195880468,catboost,10.0,True,resolved
2025-02-18,1132907.9870473254,0.01125629253158933,1371376.609890815,0.011862645710645658,685.2389677869378,206832.85855583375,catboost,10.0,True,resolved
2025-02-19,1124292.2132685666,-0.0076050075357080305,1362112.7152903993,-0.006755179090558783,955.0151709503681,207787.87372678437,catboost,10.0,True,resolved
2025-02-20,1111899.815476777,-0.011022399377615733,1348062.6739630718,-0.010314888899874974,800.1124180234997,208587.98614480815,catboost,10.0,True,resolved
2025-02-21,1069793.2774867609,-0.037869003487477904,1297503.5326832067,-0.03750503760424573,408.24817006379175,208996.23431487175,catboost,10.0,True,resolved
2025-02-24,1050849.8162780209,-0.017707590435830256,1274814.5982854231,-0.01748660703132221,235.76596571364226,209232.0002805851,catboost,10.0,True,resolved
2025-02-25,1042327.5710652606,-0.008109860306152017,1264768.4266450743,-0.007880496233617529,244.12151820474008,209476.12179878965,catboost,10.0,True,resolved
2025-02-26,1069512.3797879694,0.026080868891269926,1298330.055856322,0.02653578987599592,479.5093998667552,209955.63119865625,catboost,10.0,True,resolved
2025-02-27,1055583.4375767172,-0.013023638131251514,1282561.7813666759,-0.012145043102499864,946.143294860145,210901.77449351622,catboost,10.0,True,resolved
2025-02-28,1070889.2076946828,0.014499820263476959,1302116.2713800399,0.015246431242109004,782.1872843748378,211683.96177789077,catboost,10.0,True,resolved
2025-03-03,1054784.2886512442,-0.01503882841261217,1283514.7177368246,-0.014285631822648637,820.391769321273,212504.35354721185,catboost,10.0,True,resolved
2025-03-04,1058620.56538418,0.0036370249104120678,1289037.9837490513,0.004303235433065877,695.8701098279354,213200.22365703963,catboost,10.0,True,resolved
2025-03-05,1076658.2707059155,0.017038876734072783,1311674.352642226,0.017560668637039534,553.4057177306879,213753.62937477024,catboost,10.0,True,resolved
2025-03-06,1041549.1364774867,-0.03260935728976422,1269955.7782416746,-0.03180558826702207,863.768148339231,214617.39752310966,catboost,10.0,True,resolved
2025-03-07,1050136.1445578416,0.008244457970937535,1281045.196492087,0.008732129449236625,504.49383738436484,215121.8913604941,catboost,10.0,True,resolved
2025-03-10,1000060.9623477651,-0.047684466885158594,1220638.885459127,-0.04715392649562411,550.5881977011953,215672.47955819522,catboost,10.0,True,resolved
2025-03-11,1006902.2054804083,0.006840826099823394,1229566.381635768,0.007313789756323574,469.8467357626034,216142.32629395786,catboost,10.0,True,resolved
2025-03-12,1027155.9512554469,0.020114908543054755,1254946.9017529034,0.020641846179439316,531.8012757776204,216674.12756973566,catboost,10.0,True,resolved
2025-03-13,1012096.2655891046,-0.014661537664203306,1237615.769757399,-0.01381025123158297,874.5750622206414,217548.70263195614,catboost,10.0,True,resolved
2025-03-14,1029798.3507389023,0.017490515232257975,1260019.2360656413,0.018102117681187746,613.6197045329507,218162.32233648916,catboost,10.0,True,resolved
2025-03-17,1040884.8377634943,0.010765687298525117,1274497.5298418077,0.011490533923413926,744.5630377219153,218906.88537421133,catboost,10.0,True,resolved
2025-03-18,1034918.1003552873,-0.005732370375408191,1268142.437018504,-0.004986351620542284,776.7470735429529,219683.63244775444,catboost,10.0,True,resolved
2025-03-19,1052312.2472337799,0.016807268973768164,1289983.6543382588,0.017223000100134778,429.04774048759447,220112.68018824203,catboost,10.0,True,resolved
2025-03-20,1050091.8437220838,-0.002110023443643083,1288358.1231163272,-0.001260117689448892,892.0101793867134,221004.69036762865,catboost,10.0,True,resolved
2025-03-21,1052488.5678274326,0.0022823947444954307,1292368.7256886156,0.003112956328157779,871.2598014948313,221875.95016912353,catboost,10.0,True,resolved
2025-03-24,1074179.9601162043,0.020609622709296893,1319667.1573366025,0.0211227888027401,537.8781567206842,222413.82832584405,catboost,10.0,True,resolved
2025-03-25,1073462.4314055168,-0.0006679781203606794,1319938.4138242267,0.000205549169058461,938.764253190353,223352.59257903427,catboost,10.0,True,resolved
2025-03-26,1067431.124030344,-0.005618554686889099,1313475.5605105853,-0.00489632943927798,777.8147283582026,224130.4073073927,catboost,10.0,True,resolved
2025-03-27,1054929.3237171038,-0.011712044020261048,1298797.298022111,-0.011175131787582337,574.9719841224285,224705.37929151542,catboost,10.0,True,resolved
2025-03-28,1033093.3720031371,-0.020698971223044982,1272464.9339034758,-0.02027442169670024,450.5071746096296,225155.88646612488,catboost,10.0,True,resolved
2025-03-31,1027105.0403422692,-0.005796505740092717,1265225.882784012,-0.005688998515076427,110.2434506674049,225266.1299167924,catboost,10.0,True,resolved
2025-04-01,1044466.320463581,0.01690312036198982,1286799.1193333396,0.017050897268918952,151.68449382974381,225417.8144106222,catboost,10.0,True,resolved
2025-04-02,1054830.078516608,0.009922539243225392,1300484.0899506225,0.01063489274407714,743.0869389991286,226160.90134962104,catboost,10.0,True,resolved
2025-04-03,1013783.9955307792,-0.03891250716281369,1251049.9622950149,-0.03801209721641774,934.7977108879546,227095.69906050907,catboost,10.0,True,resolved
2025-04-04,968263.8626625041,-0.04490121472517672,1195700.5187764387,-0.044242392539654674,678.4514166327581,227774.15047714204,catboost,10.0,True,resolved
2025-04-07,986409.5710862753,0.018740458178284847,1218709.7898677844,0.019243339557041494,475.92411912724367,228250.07459626932,catboost,10.0,True,resolved
2025-04-08,989375.7280126859,0.003007023667809916,1223304.5119460742,0.0037701527603124507,754.5269224516856,229004.601518721,catboost,10.0,True,resolved
2025-04-09,1076004.392988923,0.08755891470093391,1331399.3052451299,0.08836294826305746,759.8790418771858,229764.48056059846,catboost,10.0,True,resolved
2025-04-10,1021980.781799562,-0.050207612107692534,1265657.4334565394,-0.04937802771084243,893.3235370139979,230657.80409761236,catboost,10.0,True,resolved
2025-04-11,1034253.3510863982,0.012008610636714767,1281923.041379102,0.01285150902021015,852.184791328082,231509.98888894016,catboost,10.0,True,resolved
2025-04-14,1045406.0029654779,0.010783288125066015,1296604.492959632,0.011452677818112766,693.4312673628044,232203.4201563029,catboost,10.0,True,resolved
2025-04-15,1049679.965925727,0.004088328312756406,1302825.294125315,0.004797763079999351,740.0702603194325,232943.4904166225,catboost,10.0,True,resolved
2025-04-16,1033429.1647355314,-0.015481672240799438,1283360.2207839596,-0.014940662749738709,567.3590149000547,233510.84943152242,catboost,10.0,True,resolved
2025-04-17,1035518.6376951557,0.0020218830965148538,1286705.714330326,0.0026068234718408245,608.3531823423496,234119.20261386456,catboost,10.0,True,resolved
2025-04-21,1012865.2655926354,-0.021876353817196326,1259033.3769088145,-0.021506345323035858,384.6551653728419,234503.8577792373,catboost,10.0,True,resolved
2025-04-22,1041965.145437455,0.028730257452152852,1295646.5386040362,0.02908037417174314,349.5593468914214,234853.417126129,catboost,10.0,True,resolved
2025-04-23,1069137.1185439022,0.026077621910317594,1330177.4674233869,0.026651503932974885,596.4838400394551,235449.90096616838,catboost,10.0,True,resolved
2025-04-24,1084135.8438576814,0.014028813567156462,1349995.9734901548,0.014899144326325997,928.6802000677354,236378.58116623622,catboost,10.0,True,resolved
2025-04-25,1081293.0531255342,-0.0026221720721193442,1347241.8850891802,-0.0020400715669206537,630.8097768923249,237009.39094312873,catboost,10.0,True,resolved
2025-04-28,1086087.500683995,0.004433994599893243,1353695.642922194,0.00479034826963276,384.0685624598183,237393.4595055886,catboost,10.0,True,resolved
2025-04-29,1085964.4154265884,-0.00011332904331284865,1354149.520960969,0.00033528809902594325,486.6145581881823,237880.07406377653,catboost,10.0,True,resolved
2025-04-30,1089143.0019642625,0.0029269711719104308,1358678.1507328586,0.0033442612516496606,450.77171264085075,238330.84577641764,catboost,10.0,True,resolved
2025-05-01,1083349.8508924674,-0.0053189994898256154,1352032.1300691937,-0.004891534216606153,465.8425314031266,238796.68830782085,catboost,10.0,True,resolved
2025-05-02,1096960.9491130915,0.01256389910370248,1369572.8697160361,0.01297361154127663,441.8337375821644,239238.52204540273,catboost,10.0,True,resolved
2025-05-05,1090434.1950403308,-0.0059498508839695985,1361995.77596688,-0.005532450238100339,454.45378319905456,239692.97582860157,catboost,10.0,True,resolved
2025-05-06,1087984.6420229285,-0.0022464015055138065,1359472.2094169315,-0.0018528446229262308,433.7995703179808,240126.77539891968,catboost,10.0,True,resolved
2025-05-07,1100318.433397736,0.011336365329454257,1375370.0353188373,0.0116941161369708,401.2061314330665,240527.98153035296,catboost,10.0,True,resolved
2025-05-08,1102157.1504595822,0.001671077213682981,1378551.6401885797,0.0023132719108605038,701.9145710638379,241229.89610141705,catboost,10.0,True,resolved
2025-05-09,1101591.2148827934,-0.000513479930292049,1378648.500959686,7.026270781773647e-05,642.1843569453492,241872.0804583624,catboost,10.0,True,resolved
2025-05-12,1110832.423575562,0.008388963680825867,1390774.529529214,0.008795591161261829,448.25632359968085,242320.33678196216,catboost,10.0,True,resolved
2025-05-13,1109403.487632336,-0.0012863649934041765,1389823.9262002003,-0.0006835064266925706,666.7837632487964,242987.1205452113,catboost,10.0,True,resolved
2025-05-14,1113747.870675678,0.00391596303037911,1395971.6145069767,0.0044233576576742095,561.469230610231,243548.58977582166,catboost,10.0,True,resolved
2025-05-15,1134954.382396279,0.01904067543378174,1423068.7658577296,0.01941096156193911,412.7018608831619,243961.2916367049,catboost,10.0,True,resolved
2025-05-16,1142466.7253551637,0.0066190704008946,1433735.5580805938,0.007495626689856483,995.9545507647242,244957.24618746954,catboost,10.0,True,resolved
2025-05-19,1143306.2387076747,0.0007348252109924402,1436066.3089218477,0.001625649045333244,1015.676646809736,245972.92283427948,catboost,10.0,True,resolved
2025-05-20,1139500.9812632948,-0.0033282923818216403,1432139.2884060736,-0.002734567680737876,679.4921658064981,246652.4150000863,catboost,10.0,True,resolved
2025-05-21,1119490.2779665191,-0.017560935554957635,1407731.280238769,-0.017043040690874367,596.652005189768,247249.0670052758,catboost,10.0,True,resolved
2025-05-22,1114263.0712364893,-0.004669273894476911,1401764.5909116976,-0.004238514417367667,482.29558524621416,247731.3625905221,catboost,10.0,True,resolved
2025-05-23,1107566.5946148692,-0.006009780629442463,1393993.5938822655,-0.005543724730825095,518.5687383540344,248249.9313288762,catboost,10.0,True,resolved
2025-05-27,1122372.2063838453,0.013367694404077257,1413217.583889665,0.013790587052743053,471.0827032792635,248721.0140321552,catboost,10.0,True,resolved
2025-05-28,1116269.6552670754,-0.005437190160322736,1406332.8772941912,-0.0048716536462311,632.3553305777551,249353.36936273327,catboost,10.0,True,resolved
2025-05-29,1113831.2976095257,-0.002184380490900528,1404040.2440915196,-0.0016302208671126195,615.9649980752954,249969.33436080848,catboost,10.0,True,resolved
2025-05-30,1110120.4871706543,-0.0033315731447262076,1399822.3740667568,-0.003004094820296288,355.1335599929947,250324.46792080125,catboost,10.0,True,resolved
2025-06-02,1114755.9781258355,0.004175664721759675,1406470.14491155,0.004749010280125754,642.774973223411,250967.24289402485,catboost,10.0,True,resolved
2025-06-03,1117223.5782261495,0.0022135787102597337,1410586.3974954432,0.0029266547880772986,794.6213866155141,251761.86428064056,catboost,10.0,True,resolved
2025-06-04,1115568.4411341043,-0.0014814734707561117,1409353.9184854545,-0.0008737352154940536,673.9548579474557,252435.81913858777,catboost,10.0,True,resolved
2025-06-05,1107751.5371919454,-0.007007103870930731,1400237.0157025666,-0.00646885261630048,605.4430375034323,253041.26217609094,catboost,10.0,True,resolved
2025-06-06,1112332.3680954538,0.004135251227112224,1406706.6361988308,0.004620375281979117,534.9310300849805,253576.19320617593,catboost,10.0,True,resolved
2025-06-09,1103875.13716834,-0.007603150973296335,1396748.2387851276,-0.007079228289284645,582.8031405676754,254158.99634674337,catboost,10.0,True,resolved
2025-06-10,1104820.8976251327,0.0008567639807695038,1398515.1613332815,0.0012650257928306097,447.9730920051363,254606.96943874875,catboost,10.0,True,resolved
2025-06-11,1107830.900559051,0.002724426140371161,1402872.4019576786,0.0031156191544201572,430.723649029974,255037.69308777858,catboost,10.0,True,resolved
2025-06-12,1113550.0716126023,0.005162494610563062,1410997.7509838114,0.005791937324302721,697.6414682969474,255735.33455607572,catboost,10.0,True,resolved
2025-06-13,1106112.0072795264,-0.006679595756573731,1402643.6603212282,-0.00592069736238654,849.7728771123013,256585.10743318786,catboost,10.0,True,resolved
2025-06-16,1113904.2299307054,0.007044695835409787,1413421.2847380377,0.007683793626059865,704.8039342955198,257289.91136748355,catboost,10.0,True,resolved
2025-06-17,1106784.9557349496,-0.006391280331342952,1405569.7788111581,-0.005554965113133137,931.1624456168003,258221.07381310035,catboost,10.0,True,resolved
2025-06-18,1107800.416339558,0.0009174868156156535,1407972.0020620744,0.001709074346311068,873.6732725902193,259094.74708569032,catboost,10.0,True,resolved
2025-06-20,1109819.904095482,0.0018229707500894143,1411612.5029284065,0.0025856344167358714,848.2478142339679,259942.99489992447,catboost,10.0,True,resolved
2025-06-23,1116351.7728288325,0.005885521343820255,1421057.3589506408,0.006690827690064349,893.031639758437,260836.02653968267,catboost,10.0,True,resolved
2025-06-24,1125281.6017751698,0.007999117449967619,1433420.5466347493,0.008699992020897662,781.1238084919096,261617.15034817476,catboost,10.0,True,resolved
2025-06-25,1119528.9985339297,-0.005112145468445628,1427167.1136312105,-0.004362594786449736,843.8796384420862,262461.0299866168,catboost,10.0,True,resolved
2025-06-26,1124164.3521501468,0.0041404497983414945,1433738.1014741464,0.00460421753008089,521.1313989630336,262982.1613855796,catboost,10.0,True,resolved
2025-06-27,1127674.032029442,0.0031220344895142027,1439092.7729022903,0.003734762592023211,687.2235550459038,263669.38494062505,catboost,10.0,True,resolved
2025-06-30,1132933.873220826,0.004664327670929946,1446969.8213165263,0.005473620994114192,910.5278725558431,264579.9128131809,catboost,10.0,True,resolved
2025-07-01,1125961.701956478,-0.00615408491982572,1439224.0581396155,-0.005353092416166216,909.9298681252291,265489.8426813066,catboost,10.0,True,resolved
2025-07-02,1127850.7066824432,0.0016776811526384439,1442478.1951497707,0.0022610357239036816,654.6502072649755,266144.49288857204,catboost,10.0,True,resolved
2025-07-03,1138246.1750373542,0.009217060638716301,1456414.4758636192,0.009661345842667313,497.4866196322382,266641.97950820485,catboost,10.0,True,resolved
2025-07-07,1137448.137606212,-0.0007011114543091779,1456639.8674940933,0.00015475788946717195,974.1272596361404,267616.1067678414,catboost,10.0,True,resolved
2025-07-08,1130111.5809413367,-0.00645001422246394,1448259.604272917,-0.0057531469570396565,792.3300867710338,268408.4368546126,catboost,10.0,True,resolved
2025-07-09,1130916.7897054942,0.0007125037719610816,1449930.2024873388,0.001153521239902755,498.1959859961568,268906.63284060854,catboost,10.0,True,resolved
2025-07-10,1136509.3144346676,0.004945124858062977,1457937.6939381408,0.005522673737718753,654.1120669322756,269560.7449075403,catboost,10.0,True,resolved
2025-07-11,1128440.0889605037,-0.007100008219622644,1448460.788853393,-0.006500212679973361,682.5121911757994,270243.2570987164,catboost,10.0,True,resolved
2025-07-14,1138964.634265512,0.009326631877021763,1462868.1218899619,0.009946650366679188,699.6898861046413,270942.9469848207,catboost,10.0,True,resolved
2025-07-15,1127164.6711936833,-0.010360254143833125,1448690.296190771,-0.009691800297673914,763.1279115570002,271706.0748963777,catboost,10.0,True,resolved
2025-07-16,1130708.259763903,0.0031438073431337976,1454164.5774976024,0.0037787795785100275,714.0775697457121,272420.1524661231,catboost,10.0,True,resolved
2025-07-17,1133622.4913808247,0.0025773506045938532,1458819.0900299458,0.003200815509034838,704.8669359486765,273125.01940207195,catboost,10.0,True,resolved
2025-07-18,1140196.6724152474,0.00579926834939104,1468098.1009798772,0.00636063170090595,634.1185807019411,273759.1379827737,catboost,10.0,True,resolved
2025-07-21,1134918.8867948153,-0.004628837943591146,1462419.100323344,-0.0038682705554503594,867.9506632759756,274627.08864604967,catboost,10.0,True,resolved
2025-07-22,1130612.1656439002,-0.0037947391668473607,1458003.9151288003,-0.0030190970519788918,874.5985356159257,275501.68718166533,catboost,10.0,True,resolved
2025-07-23,1145290.3847170565,0.012982541245518009,1477486.4004970242,0.013362436935913768,422.27810647646726,275923.96528814145,catboost,10.0,True,resolved
2025-07-24,1144852.8815003992,-0.0003820019992269996,1477788.7549754377,0.0002046411244880364,680.7616646158594,276604.726952757,catboost,10.0,True,resolved
2025-07-25,1147356.858017412,0.0021871600774863165,1482213.9776493646,0.002994489340257811,924.0987923385231,277528.8257450951,catboost,10.0,True,resolved
2025-07-28,1146637.587876611,-0.0006268931377148013,1482397.5313070896,0.0001238374893859362,862.7629255347377,278391.58867063007,catboost,10.0,True,resolved
2025-07-29,1148262.9800613436,0.0014175291320621675,1485554.8628229331,0.002129881795647437,817.1790714096053,279208.76774203975,catboost,10.0,True,resolved
2025-07-30,1149043.2146523295,0.000679491200651805,1487543.3621304096,0.0013385566277221983,755.9671719840943,279964.73491402436,catboost,10.0,True,resolved
2025-07-31,1163393.2153116483,0.012488651842098797,1507069.7835311084,0.013126623329308362,733.2032389115717,280697.93815293536,catboost,10.0,True,resolved
2025-08-01,1152811.1174303496,-0.009095891004026524,1494521.952067492,-0.008325979062639322,893.8706513674233,281591.8088043033,catboost,10.0,True,resolved
2025-08-04,1161048.6209875657,0.00714557955996975,1506295.9031231725,0.007878071673281584,840.9143914864666,282432.7231957902,catboost,10.0,True,resolved
2025-08-05,1157946.513023621,-0.0026718157257756836,1503331.288803224,-0.001968148697610861,816.7081918434159,283249.4313876332,catboost,10.0,True,resolved
2025-08-06,1158530.4175679903,0.0005042586490844325,1505060.707651573,0.0011503910423669161,747.4498649439589,283996.88125257666,catboost,10.0,True,resolved
2025-08-07,1148095.0738566516,-0.009007397262166705,1492459.0876411935,-0.008372831704604455,726.8778273159622,284723.7590798924,catboost,10.0,True,resolved
2025-08-08,1146505.4091312536,-0.001384610701322786,1491406.9408618864,-0.0007049752907933859,780.6347672184432,285504.3938471109,catboost,10.0,True,resolved
2025-08-11,1145455.6600870471,-0.0009156075809549913,1490817.2611492262,-0.0003953848520507064,595.7722158967958,286100.16606300825,catboost,10.0,True,resolved
2025-08-12,1156252.8344696003,0.009426095447232496,1505799.770835394,0.010049863304251172,716.229842617616,286816.3959056258,catboost,10.0,True,resolved
2025-08-13,1161420.3455720483,0.004469187835391075,1513744.758485694,0.005276257709809773,925.1265613369153,287741.5224669624,catboost,10.0,True,resolved
2025-08-14,1156914.8678819644,-0.0038792825588609414,1509147.8415896525,-0.0030367846826701017,980.4257526036705,288721.94821956655,catboost,10.0,True,resolved
2025-08-15,1153343.8087909392,-0.003086708616307332,1505424.1465741836,-0.002467415658592209,716.6799380223022,289438.6281575887,catboost,10.0,True,resolved
2025-08-18,1160786.4957909947,0.006453138208508458,1515800.3438979194,0.006892540781512135,505.36392647403005,289943.9920840626,catboost,10.0,True,resolved
2025-08-19,1146099.3646236623,-0.012652741241035992,1497644.3048110039,-0.01197785655611272,781.4059039781231,290725.397988041,catboost,10.0,True,resolved
2025-08-20,1150060.3386191074,0.0034560476322624822,1503697.1460059104,0.004041574608511844,667.4120558933564,291392.8100439349,catboost,10.0,True,resolved
2025-08-21,1150687.1269238803,0.0005450047129922364,1505102.1064080375,0.0009343373470243055,449.6843097874529,291842.4943537226,catboost,10.0,True,resolved
2025-08-22,1160193.9699846525,0.008261883563594585,1518625.1112975376,0.00898477573842027,825.7210965142144,292668.21545023663,catboost,10.0,True,resolved
2025-08-25,1156438.3062454115,-0.003237099861233217,1514789.6516718632,-0.0025256131991636677,828.7157763689896,293496.9312266061,catboost,10.0,True,resolved
2025-08-26,1165345.2343299063,0.0077020348049632315,1527283.707441459,0.008248046688070554,630.1532899984137,294127.08451660455,catboost,10.0,True,resolved
2025-08-27,1163126.0268004579,-0.0019043348392157045,1525585.5960483993,-0.0011118506566827335,920.0593568618331,295047.1438734663,catboost,10.0,True,resolved
2025-08-28,1168274.5704778628,0.004426471043355251,1533464.3945060906,0.005164442085779486,865.5285853067444,295912.6724587731,catboost,10.0,True,resolved
2025-08-29,1159193.8723876313,-0.007772743086000067,1522665.5873572028,-0.007042098393400198,855.6750085925672,296768.3474673656,catboost,10.0,True,resolved
2025-09-02,1163857.4505704674,0.004023121838308441,1529855.2890151087,0.004721786397225092,803.2729278582989,297571.6203952234,catboost,10.0,True,resolved
2025-09-03,1166119.3963056838,0.0019434903596722286,1533470.7574873988,0.0023632748131476866,487.20572485601645,298058.8261200793,catboost,10.0,True,resolved
2025-09-04,1182999.143897452,0.01447514520832427,1556566.8883001925,0.015061344143684208,683.9056514364363,298742.7317715154,catboost,10.0,True,resolved
2025-09-05,1175460.0756136114,-0.006372843397842831,1547805.9286897504,-0.005628386210893455,881.2667699615604,299623.9985414775,catboost,10.0,True,resolved
2025-09-08,1179436.9419537408,0.0033832423768653808,1553984.3968547906,0.003991758947628821,716.5096323863,300340.5081738643,catboost,10.0,True,resolved
2025-09-09,1187652.69827893,0.006965829229988119,1565876.2895137947,0.0076525174146360175,810.683785664054,301151.1919595281,catboost,10.0,True,resolved
2025-09-10,1204639.23518488,0.014302612986579089,1589455.8606612068,0.015058386990924655,902.8541443639598,302054.046103892,catboost,10.0,True,resolved
2025-09-11,1215317.9201014903,0.008864633165440061,1604896.0894717127,0.009714160168048158,1018.1110934859186,303072.1571973784,catboost,10.0,True,resolved
2025-09-12,1209369.2443815982,-0.004894748626265155,1598395.5916331876,-0.004050416647637833,1027.9277624637402,304100.0849598417,catboost,10.0,True,resolved
2025-09-15,1214526.854152531,0.0042647105463393675,1606098.7647048745,0.004819315763888055,669.6780083399664,304769.7629681816,catboost,10.0,True,resolved
2025-09-16,1211675.7916094626,-0.0023474676853133536,1603378.0387383979,-0.0016939966745921353,794.3544383764711,305564.1174065584,catboost,10.0,True,resolved
2025-09-17,1216368.5395593778,0.0038729402554802395,1610360.7381127223,0.004354992525542389,585.1039817561086,306149.2213883145,catboost,10.0,True,resolved
2025-09-18,1222467.2716144465,0.005013885065851875,1619353.4984449546,0.005584314197060847,689.9566923728723,306839.17808068753,catboost,10.0,True,resolved
2025-09-19,1221988.9484028118,-0.0003912769059273291,1619952.9229673948,0.00037016286006474886,929.380063609292,307768.5581442966,catboost,10.0,True,resolved
2025-09-22,1222874.7214328721,0.0007248617356303555,1622329.9038954312,0.0014673148178172557,904.7294578416424,308673.28760213853,catboost,10.0,True,resolved
2025-09-23,1221537.7616459294,-0.0010932925209020672,1621805.4635043058,-0.00032326371465274395,950.171951212115,309623.4595533507,catboost,10.0,True,resolved
2025-09-24,1218638.1878453447,-0.0023737078718530924,1619109.7317604676,-0.0016621794688084224,871.9644190378915,310495.4239723887,catboost,10.0,True,resolved
2025-09-25,1213616.870105415,-0.0041204336036834155,1613571.8188153955,-0.003420344425359434,850.3182421908426,311345.74221457966,catboost,10.0,True,resolved
2025-09-26,1219960.8230084912,0.005227311072665941,1622971.1396547307,0.005825164228658641,726.3272773461534,312072.0694919255,catboost,10.0,True,resolved
2025-09-29,1225736.553057593,0.004734356989315902,1631688.7395428042,0.005371383184255674,775.0490246810963,312847.11851660674,catboost,10.0,True,resolved
2025-09-30,1222894.768006715,-0.002318430533697624,1628990.5446058572,-0.0016536211052746719,813.3988389614436,313660.5173555681,catboost,10.0,True,resolved
2025-10-01,1216654.4749343419,-0.005102886393523964,1621559.4528442216,-0.004561777099469699,662.3237932047426,314322.84114877315,catboost,10.0,True,resolved
2025-10-02,1220530.0722985817,0.0031854544113265604,1627499.6366807232,0.003663253805515687,584.840959959642,314907.6821087332,catboost,10.0,True,resolved
2025-10-03,1221030.79502697,0.0004102502181249079,1629213.249994706,0.0010529116414905726,785.77056637963,315693.4526751124,catboost,10.0,True,resolved
2025-10-06,1218876.0812091697,-0.0017646678745336652,1627418.750386781,-0.001101451641109974,810.9497179979464,316504.40239311056,catboost,10.0,True,resolved
2025-10-07,1216629.4017015365,-0.001843238654256285,1625512.4043284426,-0.0011713924629941364,821.9619100951206,317326.3643032055,catboost,10.0,True,resolved
2025-10-08,1221424.784126297,0.003941530936252269,1632953.0443668508,0.0045774120324120204,772.7744641533856,318099.1387673595,catboost,10.0,True,resolved
2025-10-09,1220439.5068415795,-0.00080666226649595,1632776.0802884204,-0.00010837058606238958,854.6830728343065,318953.82184019336,catboost,10.0,True,resolved
2025-10-10,1199565.5466697547,-0.017103641806749836,1606008.445856005,-0.016393940819911523,882.5384102715666,319836.3602504651,catboost,10.0,True,resolved
2025-10-13,1222024.2479373678,0.018722362717038088,1636804.527667261,0.019175541629758763,539.4971645361754,320375.857415001,catboost,10.0,True,resolved
2025-10-14,1216857.2935981883,-0.004228192973994349,1631370.9886085887,-0.0033196016792647054,1109.2081669577774,321485.06558195886,catboost,10.0,True,resolved
2025-10-15,1213435.1295759033,-0.0028122969228099315,1628250.1043479168,-0.0019130438646171033,1096.6134638759643,322581.6790458353,catboost,10.0,True,resolved
2025-10-16,1216168.5893500568,0.002252662468333888,1633070.7874924242,0.002960652747163728,859.863216041242,323441.5422618765,catboost,10.0,True,resolved
2025-10-17,1219981.2413426756,0.003134969958940026,1639257.9754877002,0.0037886832846825147,790.4724816437073,324232.01474352047,catboost,10.0,True,resolved
2025-10-20,1233831.1961312378,0.011352596514778712,1658798.7520598595,0.01192050114402865,692.7710710284042,324924.78581454867,catboost,10.0,True,resolved
2025-10-21,1230494.7611981675,-0.0027041259319199318,1655711.581227738,-0.0018610882292309228,1037.4227159184202,325962.2085304668,catboost,10.0,True,resolved
2025-10-22,1222564.197863041,-0.00644501999131164,1646004.4952730366,-0.005862787978751283,715.8154989123859,326678.02402937907,catboost,10.0,True,resolved
2025-10-23,1248734.881267194,0.021406387860774645,1682026.6653071262,0.021884612185165464,591.0788685523523,327269.1028979317,catboost,10.0,True,resolved
2025-10-24,1274586.7349496798,0.02070243577744213,1718368.5340588125,0.021606000369233547,1129.2497752104277,328398.3526731424,catboost,10.0,True,resolved
2025-10-27,1276724.3466236005,0.001677101773701617,1722632.302600992,0.002481288767612888,1025.797501366326,329424.1501745084,catboost,10.0,True,resolved
2025-10-28,1268475.2034055004,-0.0064611779668145575,1712565.5249024096,-0.005843834278146609,787.8695270613282,330212.01970157004,catboost,10.0,True,resolved
2025-10-29,1262903.7259960829,-0.004392263557426834,1706127.9453011875,-0.0037590267394813637,799.0166114577723,331011.03631302825,catboost,10.0,True,resolved
2025-10-30,1264067.8191349139,0.0009217592084564963,1708689.5492636333,0.001501413753582037,737.0980449249083,331748.1343579532,catboost,10.0,True,resolved
2025-10-31,1262213.3163356585,-0.0014670912202514597,1707542.3876971616,-0.0006713692179870501,1006.3958936282169,332754.53025158186,catboost,10.0,True,resolved
2025-11-03,1264460.9261379032,0.0017806893439928917,1711638.6980954192,0.0023989509295765377,777.5561117335445,333532.0863633148,catboost,10.0,True,resolved
2025-11-04,1248525.3745321357,-0.01260264455497273,1690995.1333937214,-0.012060702252565503,684.239686879902,334216.32605019433,catboost,10.0,True,resolved
2025-11-05,1263509.8977045226,0.012001777038774364,1712077.9019805682,0.012467669581363694,578.732621533038,334795.05867172725,catboost,10.0,True,resolved
2025-11-06,1231141.499348783,-0.025617843132487383,1669374.4043861222,-0.024942496801720115,862.0420156847756,335657.1006874117,catboost,10.0,True,resolved
2025-11-07,1245612.7624277815,0.011754345935583554,1690216.6529638893,0.012485065377189297,888.1095112689726,336545.21019868046,catboost,10.0,True,resolved
2025-11-10,1260497.6893758941,0.01194988313952483,1711599.093304283,0.012650709779067792,868.9103331530605,337414.12053183385,catboost,10.0,True,resolved
2025-11-11,1253300.839899219,-0.005709530082707581,1703365.1480452914,-0.0048106740014074445,1128.8160861792912,338542.9366180137,catboost,10.0,True,resolved
2025-11-12,1250111.885849499,-0.002544444197433604,1700059.2315356391,-0.0019408149294624089,755.9698047791152,339298.9064227933,catboost,10.0,True,resolved
2025-11-13,1219711.3397535728,-0.024318260181381834,1659657.3938954899,-0.02376495882655505,694.2522565221856,339993.15867931565,catboost,10.0,True,resolved
2025-11-14,1236821.7722345456,0.014028263838581356,1683570.8345886273,0.014408660956830799,454.5088572493421,340447.6675365645,catboost,10.0,True,resolved
2025-11-17,1223324.2817566106,-0.01091304404639426,1666237.2450416673,-0.010295729286136868,761.7820039655418,341209.4495405302,catboost,10.0,True,resolved
2025-11-18,1211884.9727094788,-0.00935100301508418,1651763.599841468,-0.008686425203415338,814.8801161648937,342024.3296566948,catboost,10.0,True,resolved
2025-11-19,1221283.8602485324,0.007755593765669033,1664984.2601702097,0.0080039663847844,292.4254461539862,342316.75510284834,catboost,10.0,True,resolved
2025-11-20,1190019.3276957944,-0.02559972629653484,1623506.27986206,-0.024911935386049522,852.5382904963787,343169.293393345,catboost,10.0,True,resolved
2025-11-21,1199625.2164950902,0.008072044357376518,1637691.6144253525,0.008737468243422919,786.5628747778711,343955.85626812273,catboost,10.0,True,resolved
2025-11-24,1234468.8624850844,0.029045443119140035,1685960.0736206463,0.02947347276503609,498.22325727956087,344454.07952540286,catboost,10.0,True,resolved
2025-11-25,1229707.063777843,-0.0038573663961483096,1680934.5965926233,-0.002980780569275643,1077.9986050741977,345532.0781304766,catboost,10.0,True,resolved
2025-11-26,1238191.9934874394,0.006899960128332827,1693845.3577177257,0.007680704026958196,964.3154382213145,346496.3935686975,catboost,10.0,True,resolved
2025-11-28,1249788.0661829659,0.009365326828568499,1711103.6788424177,0.010188841056863573,1019.4363470252132,347515.8299157229,catboost,10.0,True,resolved
2025-12-01,1243855.8604101152,-0.004746569385134625,1704437.6461888817,-0.0038957502902721153,1066.7595668415295,348582.58948256454,catboost,10.0,True,resolved
2025-12-02,1242276.0119826447,-0.0012701217864179437,1703212.4435277812,-0.0007188310254939712,685.1898585636806,349267.77934112854,catboost,10.0,True,resolved
2025-12-03,1235009.250984502,-0.005849554308422267,1694286.580484414,-0.005240604645231128,760.1269413259873,350027.90628245403,catboost,10.0,True,resolved
2025-12-04,1244563.1569785713,0.007735898323395718,1708291.417227887,0.00826591965301926,650.5211973780454,350678.42747983255,catboost,10.0,True,resolved
2025-12-05,1249635.742984556,0.004075796376858287,1716378.5286279032,0.004734035023801431,807.9794759280844,351486.40695576085,catboost,10.0,True,resolved
2025-12-08,1250914.1740122836,0.00102304294263722,1719279.2858900675,0.0016900451816319606,831.0007641484674,352317.4077199087,catboost,10.0,True,resolved
2025-12-09,1247173.5101403892,-0.002990344141593826,1715134.660869644,-0.0024106758305284526,724.8999986438853,353042.30771855253,catboost,10.0,True,resolved
2025-12-10,1254060.724881048,0.005522258679053982,1725582.8107646336,0.006091737362296623,707.6186245217525,353749.9263430738,catboost,10.0,True,resolved
2025-12-11,1267184.0269252504,0.010464646395370591,1744750.405490513,0.011107896188062849,803.4182594512139,354553.34460252465,catboost,10.0,True,resolved
2025-12-12,1253880.1830303287,-0.010498746521610425,1727926.333623407,-0.009642681161822764,1097.2340933819007,355650.5786959068,catboost,10.0,True,resolved
2025-12-15,1245626.7060488085,-0.006582349010073263,1717471.794514552,-0.006050338434817504,675.1460294568035,356325.72472536337,catboost,10.0,True,resolved
2025-12-16,1240078.01796614,-0.004454535259820536,1710658.5621913204,-0.0039670126432308495,606.299356956404,356932.02408232033,catboost,10.0,True,resolved
2025-12-17,1216652.8277563187,-0.018890093905737593,1679437.0103756594,-0.018251188463738077,797.1495280659173,357729.17361038656,catboost,10.0,True,resolved
2025-12-18,1226552.7112634012,0.008136983107448481,1693889.8895638026,0.008605788189049335,578.8886221170699,358308.062232503,catboost,10.0,True,resolved
2025-12-19,1249386.9614490927,0.01861660732229864,1726651.43185726,0.019341010590655294,892.0793643574008,359200.1415968604,catboost,10.0,True,resolved
2025-12-22,1254380.4711561971,0.003996767903926779,1734977.9683769078,0.004822360996562747,1029.7678738484246,360229.90947070875,catboost,10.0,True,resolved
2025-12-23,1252863.3358735812,-0.0012094697880759009,1733963.280870449,-0.000584841724190821,785.5741384683004,361015.48360917676,catboost,10.0,True,resolved
2025-12-24,1255621.344897908,0.0022013646224259276,1738928.0637712306,0.002863257230158567,826.3847907910508,361841.8683999677,catboost,10.0,True,resolved
2025-12-26,1254217.627068948,-0.001117946771663103,1738199.4100337927,-0.00041902465813203893,878.1102040885884,362719.9786040558,catboost,10.0,True,resolved
2025-12-29,1251152.17796367,-0.002444112599853776,1735097.1203052031,-0.001784772052436323,828.5046501991883,363548.4832542547,catboost,10.0,True,resolved
2025-12-30,1245221.3115452558,-0.004740323777453814,1727873.47298392,-0.004163252440885001,724.8108382582064,364273.2940925127,catboost,10.0,True,resolved
2025-12-31,1234579.4504257534,-0.008546160446207263,1713805.4889069921,-0.008141790644330849,506.1534719783551,364779.4475644909,catboost,10.0,True,resolved
2024-01-02,1000000.0,,1000000.0,,0.0,0.0,reversal,10.0,True,resolved
2024-01-03,993581.4136987976,-0.0064185863012024,994574.9951124964,-0.005425004887503526,999.0009990009996,999.0009990009996,reversal,10.0,True,resolved
2024-01-04,991088.0040711141,-0.0025095171802794747,992625.6748464161,-0.0019599530207974336,546.0367344966568,1545.0377334976563,reversal,10.0,True,resolved
2024-01-05,984810.4333228399,-0.006334019504310118,987234.7106295817,-0.005431014282064051,895.7925157845746,2440.830249282232,reversal,10.0,True,resolved
2024-01-08,989798.9334041708,0.005065441949573257,992935.9997278112,0.0057750087561181385,698.4592214017301,3139.2894706839647,reversal,10.0,True,resolved
2024-01-09,979887.7450948847,-0.010013335006534119,983874.533329957,-0.009125931983872237,877.1499058439887,4016.4393765279533,reversal,10.0,True,resolved
2024-01-10,978751.5719517043,-0.001159493165281189,983492.4983988383,-0.00038829639164017493,754.5916726858252,4771.0310492137705,reversal,10.0,True,resolved
2024-01-11,974909.2358703888,-0.0039257521432671805,980282.9126636703,-0.0032634572611315305,647.1473257622533,5418.178374976015,reversal,10.0,True,resolved
2024-01-12,973929.4091082301,-0.001005044086267004,980178.7170461202,-0.00010629137385143039,879.2700116110999,6297.448386587108,reversal,10.0,True,resolved
2024-01-16,970996.6829927424,-0.0030112306785899934,978103.0745598684,-0.002117616359297192,866.5273571529975,7163.9757437401,reversal,10.0,True,resolved
2024-01-17,963034.1608537231,-0.008200359773091859,970968.7767517806,-0.007294014295270546,876.8667545753148,8040.842498315416,reversal,10.0,True,resolved
2024-01-18,965438.6737970945,0.0024968096056321443,974138.8665886484,0.0032648730966127193,740.2682679653545,8781.110766280779,reversal,10.0,True,resolved
2024-01-19,975947.4565727715,0.01088498219606815,985449.8236180033,0.011611236772602007,700.930243594392,9482.041009875176,reversal,10.0,True,resolved
2024-01-22,981894.2635860362,0.006093368011991229,992281.3909793668,0.006932435520950131,819.6998020455245,10301.740811920708,reversal,10.0,True,resolved
2024-01-23,986912.4638531012,0.005110733867349282,998126.8845689042,0.0058909636345874095,765.6533393882725,11067.394151308965,reversal,10.0,True,resolved
2024-01-24,983413.0745510047,-0.0035457950226246426,995542.2860912875,-0.002589448814148465,950.7379564651551,12018.132107774125,reversal,10.0,True,resolved
2024-01-25,989551.0094637827,0.006241461570541285,1002571.3935812605,0.007060581542518651,802.9015336717488,12821.03364144587,reversal,10.0,True,resolved
2024-01-26,992046.7106318467,0.0025220540873547304,1005914.380391147,0.003334412722414859,804.4463685666105,13625.480010012501,reversal,10.0,True,resolved
2024-01-29,1003274.4546189199,0.01131775738656704,1018214.4227796136,0.012227722983425116,900.241570123085,14525.7215801356,reversal,10.0,True,resolved
2024-01-30,998333.1050537269,-0.004925222148778663,1014114.3547664073,-0.004026723567727153,901.1213278434236,15426.842907979042,reversal,10.0,True,resolved
2024-01-31,990345.8624431787,-0.008000578734808639,1006869.899796575,-0.007143627280082221,860.1686441978936,16287.01155217692,reversal,10.0,True,resolved
2024-02-01,993439.6603684572,0.003123957036227809,1010836.6036595416,0.003939638938226242,805.2242059482662,17092.23575812519,reversal,10.0,True,resolved
2024-02-02,998543.3267683061,0.005137369287185445,1016870.149566609,0.005968863696886428,824.5415130786033,17916.777271203795,reversal,10.0,True,resolved
2024-02-05,990835.2399679386,-0.007719331343702396,1009884.8985623444,-0.006869363809372975,849.3787186982939,18766.155989902116,reversal,10.0,True,resolved
2024-02-06,995483.774859125,0.004691531652968761,1015471.503777425,0.005531922720137361,829.8626625664319,19596.018652468563,reversal,10.0,True,resolved
2024-02-07,996768.5231687903,0.0012905768452600164,1017675.7214221272,0.0021706346623246997,874.6198900927029,20470.638542561268,reversal,10.0,True,resolved
2024-02-08,996574.1543601493,-0.000194998943208069,1018381.9929195554,0.0006940044677898882,887.8240527400518,21358.462595301295,reversal,10.0,True,resolved
2024-02-09,1000698.04861745,0.00413807064858962,1023361.1260887508,0.004889258847675437,748.8739220454202,22107.33651734671,reversal,10.0,True,resolved
2024-02-12,1005896.5225599959,0.00519484768630063,1029599.8961178779,0.006096352372667813,900.8596137543519,23008.196131101085,reversal,10.0,True,resolved
2024-02-13,997050.8491488216,-0.008793820450499368,1021519.890618087,-0.007847713981185,950.0787850531116,23958.27491615416,reversal,10.0,True,resolved
2024-02-14,1005230.1815100933,0.008203525796356637,1030860.7573509903,0.009144086981264232,935.6865112876981,24893.961427441845,reversal,10.0,True,resolved
2024-02-15,1015766.0892917969,0.010481089779732056,1042607.3802722156,0.011394965651239541,915.3669261457873,25809.32835358762,reversal,10.0,True,resolved
2024-02-16,1008273.168723552,-0.007376620116811616,1035838.9164862878,-0.0064918625304192235,900.9852542367123,26710.31360782434,reversal,10.0,True,resolved
2024-02-20,1002425.162520864,-0.005800021645018472,1030525.8000388525,-0.00512928831198789,675.9217324002724,27386.23534022463,reversal,10.0,True,resolved
2024-02-21,999319.246719592,-0.0030984016736584907,1028027.9060855908,-0.002423902393484445,674.7381063787498,28060.97344660335,reversal,10.0,True,resolved
2024-02-22,1026446.4713974709,0.02714570420506557,1056727.580542482,0.0279172134209571,766.782401844923,28827.755848448276,reversal,10.0,True,resolved
2024-02-23,1035215.7699227342,0.008543356881849151,1066726.5841633622,0.009462233980632062,947.676009660757,29775.431858109034,reversal,10.0,True,resolved
2024-02-26,1030176.6842116679,-0.004867667067554926,1062488.4474995001,-0.0039730299467375385,924.1094422716069,30699.54130038065,reversal,10.0,True,resolved
2024-02-27,1036426.561560475,0.006066801398820099,1069856.8272745414,0.00693502107470656,893.9179043606326,31593.459204741248,reversal,10.0,True,resolved
2024-02-28,1032869.5342572588,-0.003432010945243147,1067124.624116994,-0.002553802609745137,910.9098877902748,32504.369092531546,reversal,10.0,True,resolved
2024-02-29,1040803.1778749644,0.007681167228357433,1076098.9390720164,0.00840980964378768,751.0287835959117,33255.39787612743,reversal,10.0,True,resolved
2024-03-01,1046888.5592729758,0.005846812853162131,1083407.686982547,0.006791892125489252,984.5288676883627,34239.926743815726,reversal,10.0,True,resolved
2024-03-04,1045997.5447585579,-0.0008511073184681583,1083417.8561492683,9.386278908340984e-06,899.1693571213091,35139.09610093698,reversal,10.0,True,resolved
2024-03-05,1038513.0183225274,-0.007155395797566744,1076473.0307390632,-0.00641010794753627,778.439357960196,35917.53545889713,reversal,10.0,True,resolved
2024-03-06,1042478.2221712366,0.0038181551687372917,1081511.75182415,0.004680768529451651,888.8327349944338,36806.3681938916,reversal,10.0,True,resolved
2024-03-07,1049416.8052567597,0.006655854230769087,1089684.3404628562,0.007556634151151487,940.6293932841337,37746.99758717566,reversal,10.0,True,resolved
2024-03-08,1049346.3573515357,-6.71305289482449e-05,1090635.782585907,0.0008731355381748074,985.2302565529467,38732.227843728586,reversal,10.0,True,resolved
2024-03-11,1049197.4931278354,-0.00014186376372049558,1091499.3081908925,0.0007917635004950352,978.0205580896054,39710.24840181816,reversal,10.0,True,resolved
2024-03-12,1059049.356162738,0.00938990333033729,1102524.3843691885,0.01010085493922075,742.4042403999554,40452.65264221807,reversal,10.0,True,resolved
2024-03-13,1050192.5194659575,-0.008363006544729434,1094278.346478866,-0.007479234026230186,933.8648600645914,41386.51750228268,reversal,10.0,True,resolved
2024-03-14,1039555.2455128945,-0.010128879949051983,1084108.7395032013,-0.00929343709339403,882.8305003015332,42269.34800258423,reversal,10.0,True,resolved
2024-03-15,1041092.9370212245,0.0014791820973125702,1086300.7026691302,0.002021903418040205,563.6735314741292,42833.02153405836,reversal,10.0,True,resolved
2024-03-18,1043998.7441886838,0.002791112170805299,1090300.8125543054,0.003682322836896512,931.2897426612534,43764.311276719556,reversal,10.0,True,resolved
2024-03-19,1042348.4408959384,-0.0015807521818695935,1089521.3605689374,-0.0007148962711877038,901.9354149788225,44666.24669169836,reversal,10.0,True,resolved
2024-03-20,1050645.3158366028,0.00795979023437976,1099072.3166694331,0.008766194446622189,834.1800267624347,45500.426718460825,reversal,10.0,True,resolved
2024-03-21,1062106.0163980892,0.010908248853097158,1111979.561589894,0.011743763103390759,879.8717766104278,46380.29849507126,reversal,10.0,True,resolved
2024-03-22,1058749.9933493813,-0.0031597816007946644,1109384.1535863054,-0.0023340429026209586,876.7196631630318,47257.018158234285,reversal,10.0,True,resolved
2024-03-25,1056372.7421102878,-0.0022453376661406566,1107764.588980501,-0.001459877176511748,831.4868753729588,48088.50503360719,reversal,10.0,True,resolved
2024-03-26,1055355.523434908,-0.000962935368199469,1107644.7117584655,-0.00010821543063210814,905.3059376067816,48993.81097121396,reversal,10.0,True,resolved
2024-03-27,1066357.3851997294,0.010424791949743328,1120274.7149957113,0.011402576208028758,1027.4896424312938,50021.30061364529,reversal,10.0,True,resolved
2024-03-28,1068544.4263401192,0.0020509457436543865,1123578.2462251773,0.002948858155277234,957.6988945505972,50978.99950819595,reversal,10.0,True,resolved
2024-04-01,1068402.4692595312,-0.00013285089238090908,1124377.899767391,0.0007117025849336933,902.0795882368745,51881.079096432775,reversal,10.0,True,resolved
2024-04-02,1055746.7946646956,-0.011845418705936472,1112170.679066841,-0.010856866453062941,1056.2828359752375,52937.36193240807,reversal,10.0,True,resolved
2024-04-03,1057790.1024349707,0.0019354146094510138,1115286.2944088825,0.0028013823783374914,912.3548356048769,53849.71676801301,reversal,10.0,True,resolved
2024-04-04,1051912.4837921963,-0.005556507504886343,1110032.6498642205,-0.0047105793113385586,897.9582743428841,54747.67504235591,reversal,10.0,True,resolved
2024-04-05,1057406.2143624728,0.005222611818876066,1116806.7491451388,0.006102612640940697,919.528685180052,55667.20372753594,reversal,10.0,True,resolved
2024-04-08,1058483.3662747599,0.001018673710875273,1118882.5581797112,0.0018587002954284504,889.5980944361903,56556.801821972156,reversal,10.0,True,resolved
2024-04-09,1056099.6076230763,-0.0022520511210988303,1117375.0784240523,-0.0013473082984789553,956.1185834365518,57512.92040540865,reversal,10.0,True,resolved
2024-04-10,1054443.2213683159,-0.0015683996498099262,1116532.2759677456,-0.0007542699605359582,857.6902983062608,58370.610703714905,reversal,10.0,True,resolved
2024-04-11,1056312.8997802562,0.0017731428056544374,1119628.557847072,0.0027731234877581556,1056.5176271225037,59427.12833083743,reversal,10.0,True,resolved
2024-04-12,1048866.8975801526,-0.007049049767026916,1112768.50141551,-0.006127082400214201,976.3828299576926,60403.51116079506,reversal,10.0,True,resolved
2024-04-15,1042158.1667752183,-0.0063961698289954905,1106725.4479318743,-0.005430647503005814,1022.5526550763607,61426.06381587137,reversal,10.0,True,resolved
2024-04-16,1041991.6142495179,-0.00015981501753792315,1107501.8226116314,0.0007015061244031173,896.0533173840897,62322.1171332554,reversal,10.0,True,resolved
2024-04-17,1039644.6048865552,-0.002252426344767744,1105858.707347686,-0.0014836230788954907,802.1371413296247,63124.25427458507,reversal,10.0,True,resolved
2024-04-18,1034120.4043639452,-0.0053135470492945425,1100997.7980054077,-0.0043955971137911165,958.8297925084106,64083.08406709346,reversal,10.0,True,resolved
2024-04-19,1025333.7433305776,-0.008496748537489718,1092455.3929612902,-0.007758784858237777,768.4440711988115,64851.528138292335,reversal,10.0,True,resolved
2024-04-22,1031506.1601260646,0.006019909942139634,1099712.7011341006,0.006643116249477332,637.3990054350545,65488.927143727415,reversal,10.0,True,resolved
2024-04-23,1045503.8451572467,0.013570141965484117,1115556.6123101432,0.014407318529378932,863.0970196418618,66352.02416336919,reversal,10.0,True,resolved
2024-04-24,1053131.588048886,0.007295757855861451,1124659.551033638,0.008159997101934602,906.9789799783537,67259.00314334747,reversal,10.0,True,resolved
2024-04-25,1055398.304606652,0.002152358341055205,1128018.2918445491,0.0029864511512165404,875.5605894259384,68134.56373277349,reversal,10.0,True,resolved
2024-04-26,1054094.7112260656,-0.0012351672111811096,1127713.956953423,-0.0002697960603355032,1017.6618932522532,69152.22562602568,reversal,10.0,True,resolved
2024-04-29,1056170.2089883422,0.001968986031494646,1130864.8857223215,0.0027940851041790005,868.2532762036221,70020.47890222927,reversal,10.0,True,resolved
2024-04-30,1046373.5753058289,-0.009275620159649334,1121317.9316367598,-0.008442170418496708,882.9745408313314,70903.45344306047,reversal,10.0,True,resolved
2024-05-01,1047996.5996815349,0.0015510945746424198,1124033.5433659945,0.002421803533696032,910.681643598194,71814.13508665872,reversal,10.0,True,resolved
2024-05-02,1058750.8893531412,0.010261760080971793,1136590.6460386368,0.011171466142406494,952.0948644931281,72766.22995115194,reversal,10.0,True,resolved
2024-05-03,1063795.2194515648,0.0047644163978040055,1143044.6062659256,0.005678350644343855,966.62229414138,73732.85224529346,reversal,10.0,True,resolved
2024-05-06,1070836.6342697004,0.0066191450096624305,1151638.6409086236,0.007518547041460488,955.4954149267895,74688.3476602202,reversal,10.0,True,resolved
2024-05-07,1070015.6011793846,-0.0007667211449818856,1151798.99619121,0.0001392409709872755,971.1362927409706,75659.4839529611,reversal,10.0,True,resolved
2024-05-08,1070659.3510799024,0.0006016266490023181,1153587.1769628609,0.0015525111391518909,1014.4347913944262,76673.91874435556,reversal,10.0,True,resolved
2024-05-09,1076207.4406380332,0.005181937235718248,1160566.1649452364,0.006049814111794838,925.6748343290985,77599.59357868478,reversal,10.0,True,resolved
2024-05-10,1069941.5399004587,-0.005822205367637889,1154899.7961315403,-0.004882417724079935,1011.5413359938392,78611.1349146786,reversal,10.0,True,resolved
2024-05-13,1071631.394448657,0.001579389606983117,1157725.1217537425,0.0024463816096131907,929.1310248645003,79540.26593954311,reversal,10.0,True,resolved
2024-05-14,1088743.9707578432,0.015968714987106614,1177276.7371225704,0.016887959845952816,984.3689049523626,80524.63484449562,reversal,10.0,True,resolved
2024-05-15,1092256.4393558041,0.0032261658317298547,1182228.9529734026,0.004206501066976065,1068.251404396064,81592.88624889171,reversal,10.0,True,resolved
2024-05-16,1097834.8417504942,0.0051072277477073325,1189095.1010702061,0.005807798971201539,763.9448412331169,82356.83109012472,reversal,10.0,True,resolved
2024-05-17,1097132.1320549662,-0.0006400868954090644,1189469.3701975802,0.0003147512146313147,1048.1875414558185,83405.01863158063,reversal,10.0,True,resolved
2024-05-20,1099652.8958398607,0.0022975936181661716,1193238.4614594923,0.003168716535580929,954.7157043088591,84359.73433588959,reversal,10.0,True,resolved
2024-05-21,1097788.68043712,-0.0016952762183352066,1192257.301637743,-0.0008222663394116259,959.883759592632,85319.61809548234,reversal,10.0,True,resolved
2024-05-22,1092843.4846395617,-0.004504688275332791,1187953.5115304699,-0.0036097829733239273,979.951509332869,86299.56960481511,reversal,10.0,True,resolved
2024-05-23,1084718.6148196184,-0.007434614319563826,1180184.116332056,-0.006540150875436468,981.1158768837452,87280.68548169876,reversal,10.0,True,resolved
2024-05-24,1092511.2936713663,0.007184055611550333,1189754.4541831776,0.008109190522632703,998.8024242275626,88279.48790592638,reversal,10.0,True,resolved
2024-05-28,1092521.2616262655,9.123891859807998e-06,1190890.665875367,0.0009549967963511374,1034.7743320136,89314.26223793984,reversal,10.0,True,resolved
2024-05-29,1087748.403062994,-0.004368664236489961,1186722.1885006384,-0.003500302331838734,947.464206588259,90261.72644452816,reversal,10.0,True,resolved
2024-05-30,1086853.5553478403,-0.0008226605643674167,1186771.2656572815,4.1355219543959265e-05,937.9476096076154,91199.67405413576,reversal,10.0,True,resolved
2024-05-31,1086831.2772936353,-2.0497751601733505e-05,1187801.153957012,0.0008678069056216042,963.1277423159925,92162.80179645184,reversal,10.0,True,resolved
2024-06-03,1085633.5041872133,-0.0011020782447526134,1187247.7260710483,-0.0004659263750671494,692.3943412808619,92855.19613773277,reversal,10.0,True,resolved
2024-06-04,1083598.6091477787,-0.001874384892863068,1185970.850948539,-0.0010754917398198005,869.7274541616291,93724.92359189436,reversal,10.0,True,resolved
2024-06-05,1097288.3471167916,0.01263358761578659,1201915.6054657316,0.01344447420814765,879.8897906806203,94604.81338257503,reversal,10.0,True,resolved
2024-06-06,1088046.5331954423,-0.008422411434180432,1192939.8925848089,-0.007467839538903953,1045.491691969453,95650.30507454458,reversal,10.0,True,resolved
2024-06-07,1084254.338847782,-0.003485323680526009,1189887.4064845939,-0.0025587928773184165,1009.3494924098336,96659.65456695428,reversal,10.0,True,resolved
2024-06-10,1096469.2128707482,0.011265690701267372,1204273.463878757,0.01209026779824951,892.0186001856913,97551.67316714006,reversal,10.0,True,resolved
2024-06-11,1092680.1608560123,-0.0034556848202017543,1201181.7560941726,-0.002567280503405489,974.5634804070966,98526.23664754706,reversal,10.0,True,resolved
2024-06-12,1095410.9089704836,0.0024991284845257145,1205206.3948733194,0.003350566022775503,935.3904851016291,99461.62713264865,reversal,10.0,True,resolved
2024-06-13,1091691.3195519918,-0.0033956110789399307,1202146.6434253405,-0.0025387779727973347,939.3089695557768,100400.93610220445,reversal,10.0,True,resolved
2024-06-14,1086636.7719775485,-0.004630015356829609,1197703.9482330205,-0.003695634984814511,1019.0079899134388,101419.94409211799,reversal,10.0,True,resolved
2024-06-17,1086946.4619035223,0.00028499856986274885,1199125.7381186457,0.001187096266755061,978.3246512963907,102398.26874341429,reversal,10.0,True,resolved
2024-06-18,1087608.1074599095,0.000608719545605263,1200701.3816009564,0.001313993547317871,765.7627806175208,103164.03152403174,reversal,10.0,True,resolved
2024-06-20,1083657.8211991596,-0.003632086073701468,1197234.7654674943,-0.002887159277554896,804.425097873748,103968.45662190537,reversal,10.0,True,resolved
2024-06-21,1083067.3803194873,-0.0005448591502978939,1197627.285094274,0.00032785518605149555,941.8381150261758,104910.29473693152,reversal,10.0,True,resolved
2024-06-24,1075139.8463457,-0.007319520574471272,1189861.966661652,-0.006483919103438485,910.2661671585386,105820.56090409,reversal,10.0,True,resolved
2024-06-25,1083354.4811552253,0.007640526799788772,1199701.8502011274,0.008269768943941047,674.7528775853166,106495.31378167534,reversal,10.0,True,resolved
2024-06-26,1079401.530171504,-0.003648806602531529,1196473.9469951254,-0.0026905878368536085,1035.2623485916022,107530.57613026697,reversal,10.0,True,resolved
2024-06-27,1081277.687902344,0.0017381462582712892,1199665.8795554203,0.0026677827530730003,1000.6641354584283,108531.24026572552,reversal,10.0,True,resolved
2024-06-28,1074669.9539154833,-0.006111042575639769,1193318.6904106773,-0.005290797423608606,887.6189170838097,109418.85918280945,reversal,10.0,True,resolved
2024-07-01,1068344.2471489245,-0.005886185561912782,1187291.0545209032,-0.0050511535084561965,903.1684688881614,110322.02765169766,reversal,10.0,True,resolved
2024-07-02,1068937.3321278521,0.0005551440750586334,1188836.3978310209,0.0013015707515300345,798.0493353275319,111120.07698702524,reversal,10.0,True,resolved
2024-07-03,1074952.4497843212,0.005627193920241691,1196535.3730952314,0.006476059513535137,908.2862355649086,112028.36322259017,reversal,10.0,True,resolved
2024-07-05,1074235.6811557778,-0.0006667910089299678,1196708.3700296637,0.0001445815462894906,871.9423235282784,112900.30554611828,reversal,10.0,True,resolved
2024-07-08,1076720.612405141,0.0023132086309864963,1200581.3555323957,0.003236365349927217,991.8055461357268,113892.11109225405,reversal,10.0,True,resolved
2024-07-09,1074503.7339274038,-0.002058917097152113,1199224.8614284145,-0.001129864375896128,1001.7755382069914,114893.886630461,reversal,10.0,True,resolved
2024-07-10,1076553.7444329038,0.0019078672700438837,1202444.9716442288,0.002685159655528402,832.8863431469538,115726.77297360804,reversal,10.0,True,resolved
2024-07-11,1084564.9393175428,0.007441518759343513,1212178.9829171416,0.008095182318075267,703.2715361318432,116430.04450973994,reversal,10.0,True,resolved
2024-07-12,1089115.8846364869,0.004196102191730278,1218306.6113713034,0.005055052546296013,931.4332471346227,117361.47775687465,reversal,10.0,True,resolved
2024-07-15,1089607.964472325,0.00045181586530840256,1219891.2964231516,0.0013007276140974966,925.4793414911563,118286.95709836582,reversal,10.0,True,resolved
2024-07-16,1101553.8620020244,0.010963482205716524,1234270.146561144,0.011786992972367738,896.7338747266638,119183.69097309253,reversal,10.0,True,resolved
2024-07-17,1085734.614227885,-0.014360848179850949,1217631.3407438698,-0.013480684000688359,974.6000311742054,120158.29100426675,reversal,10.0,True,resolved
2024-07-18,1079508.7308922685,-0.0057342588640263426,1211491.1358311386,-0.005042745457734421,753.4943260940051,120911.78533036076,reversal,10.0,True,resolved
2024-07-19,1074706.7188294432,-0.004448330917023902,1207083.5033460679,-0.003638187977369589,872.267069404162,121784.05239976477,reversal,10.0,True,resolved
2024-07-22,1079493.4633061974,0.004454000698877136,1213612.582312556,0.005408970422004167,1020.5360588952525,122804.58845866019,reversal,10.0,True,resolved
2024-07-23,1073272.751212649,-0.0057626213636310375,1207705.4659601145,-0.00486738225899519,968.5857572992746,123773.17421595953,reversal,10.0,True,resolved
2024-07-24,1069203.5045441934,-0.003791437604148573,1204157.644947134,-0.0029376541822306868,916.6281545847781,124689.8023705443,reversal,10.0,True,resolved
2024-07-25,1065706.636044923,-0.003270535949806086,1201333.5061746351,-0.0023453231263775853,992.2839376260894,125682.0863081703,reversal,10.0,True,resolved
2024-07-26,1073540.540223822,0.007350901189817405,1211137.0107849147,0.008160518756774371,864.1872755712993,126546.27358374154,reversal,10.0,True,resolved
2024-07-29,1080893.0036753628,0.006848799068182254,1220376.6560643343,0.007628901765153406,840.2019497662185,127386.47553350774,reversal,10.0,True,resolved
2024-07-30,1076371.3717930475,-0.004183237255621419,1216395.509328159,-0.0032622278674309113,999.2215083304312,128385.69704183828,reversal,10.0,True,resolved
2024-07-31,1087064.3777131732,0.009934309105892547,1229398.891777306,0.010690094093103841,810.7876859248104,129196.48472776297,reversal,10.0,True,resolved
2024-08-01,1065881.9460002137,-0.019485903638495006,1206602.8143262924,-0.01854245810979882,1026.5232437949778,130223.00797155789,reversal,10.0,True,resolved
2024-08-02,1054268.9310594897,-0.010895216852393919,1194567.7397850533,-0.009974346486137486,988.8596291505064,131211.86760070844,reversal,10.0,True,resolved
2024-08-05,1041466.4145735601,-0.012143501632988163,1180793.0621235135,-0.011531097988648487,634.7409260811507,131846.6085267894,reversal,10.0,True,resolved
2024-08-06,1049158.8571083422,0.007386164764546788,1190329.6468837354,0.008076423436187419,719.1244258731822,132565.73295266266,reversal,10.0,True,resolved
2024-08-07,1042100.0075499113,-0.006728103671436725,1183338.2330973344,-0.005873510589864295,905.0750765429959,133470.80802920548,reversal,10.0,True,resolved
2024-08-08,1061463.3188352576,0.01858104898288171,1206300.2307028282,0.01940442467188075,854.7075000470084,134325.51552925276,reversal,10.0,True,resolved
2024-08-09,1069658.9867279753,0.007721103261213891,1216765.8269034997,0.008675780650869935,1021.9716710226959,135347.48720027524,reversal,10.0,True,resolved
2024-08-12,1068320.5118518807,-0.001251309896613817,1216410.0198128908,-0.00029242035134591227,1025.9656129170598,136373.45281319224,reversal,10.0,True,resolved
2024-08-13,1084735.4885324524,0.015365217178239021,1236147.1763282476,0.016225743124339553,913.9079811875828,137287.3607943799,reversal,10.0,True,resolved
2024-08-14,1081041.0051849857,-0.0034058840948082425,1233134.5712036612,-0.0024370925908150376,1050.6591038300382,138338.01989820978,reversal,10.0,True,resolved
2024-08-15,1090506.0790762538,0.00875551791825746,1245107.7727996,0.009709566072948261,1029.422195777419,139367.44209398745,reversal,10.0,True,resolved
2024-08-16,1089582.2131437864,-0.0008471900800864907,1245297.0411958243,0.00015200964957329255,1088.5759506313025,140456.01804461886,reversal,10.0,True,resolved
2024-08-19,1094301.9030597308,0.004331651030101247,1251913.369960352,0.005313052665871787,1065.4784343670801,141521.49647898594,reversal,10.0,True,resolved
2024-08-20,1089256.0376660333,-0.004611035930385365,1247321.3121063993,-0.003668031641916425,1033.1718701329755,142554.66834911905,reversal,10.0,True,resolved
2024-08-21,1095429.3629527166,0.0056674694224427835,1255445.7850206806,0.006513536516554286,921.065768113596,143475.73411723255,reversal,10.0,True,resolved
2024-08-22,1089197.199995,-0.005689242198984035,1249459.7386010252,-0.004768064452545739,1010.3289383825456,144486.06305561532,reversal,10.0,True,resolved
2024-08-23,1098155.04488013,0.008224263599990289,1260859.3327133844,0.009123618601046601,975.4268795489329,145461.48993516408,reversal,10.0,True,resolved
2024-08-26,1084978.7421038519,-0.011998581473271375,1246904.61441139,-0.011067625023612915,1024.523724128282,146486.01365929213,reversal,10.0,True,resolved
2024-08-27,1088561.0171874184,0.003301700710393929,1252069.0304860494,0.004141789207426472,906.9486078713172,147392.9622671632,reversal,10.0,True,resolved
2024-08-28,1069473.2100134478,-0.017534898708102653,1231049.314207504,-0.01678798514039237,813.6774362465188,148206.6397034098,reversal,10.0,True,resolved
2024-08-29,1069722.1044153888,0.00023272616799618895,1232207.2181690629,0.0009405829223863016,760.1368960308301,148966.77659944078,reversal,10.0,True,resolved
2024-08-30,1072138.3133495897,0.0022587258169459723,1235913.4058700972,0.003007763342387726,801.9769365882419,149768.75353602914,reversal,10.0,True,resolved
2024-09-03,1055640.5367995827,-0.015387731549733052,1217927.0515773804,-0.014553086168730633,893.4989326675955,150662.252468697,reversal,10.0,True,resolved
2024-09-04,1045418.85121982,-0.009682922570169672,1207021.6476774914,-0.008954069856454083,763.0477339731518,151425.30020266998,reversal,10.0,True,resolved
2024-09-05,1043507.242599471,-0.0018285576332571774,1205746.688671746,-0.0010562851198224754,803.9512534625926,152229.25145613262,reversal,10.0,True,resolved
2024-09-06,1025010.8470560474,-0.017725220092720595,1185388.3468589196,-0.016884426890073634,861.254139001391,153090.50559513396,reversal,10.0,True,resolved
2024-09-09,1034506.8558745477,0.009264300807912518,1197312.8017768129,0.010059534455093111,831.1669402008614,153921.67253533495,reversal,10.0,True,resolved
2024-09-10,1037133.5187658796,0.0025390483169986933,1201391.756145327,0.003406757501014601,896.6346351178138,154818.307170453,reversal,10.0,True,resolved
2024-09-11,1045472.7760092553,0.008040678555350178,1212197.1928805443,0.008994099285221324,987.4036353163649,155805.7108057693,reversal,10.0,True,resolved
2024-09-12,1053741.5714254994,0.007909144653012845,1222746.1345236565,0.008702331357528292,829.165953381549,156634.8767591509,reversal,10.0,True,resolved
2024-09-13,1059141.2212331267,0.005124263817666952,1230112.927472332,0.006024793487934721,950.037035400976,157584.9137945517,reversal,10.0,True,resolved
2024-09-16,1055110.603784382,-0.003805552430536041,1226460.5621710597,-0.0029691300852981994,885.8703211096694,158470.78411566155,reversal,10.0,True,resolved
2024-09-17,1055845.6379895897,0.0006966418521159312,1228302.9267409511,0.0015021800347416736,851.8747147595401,159322.6588304214,reversal,10.0,True,resolved
2024-09-18,1055646.5520793935,-0.00018855588642219256,1229030.310598635,0.0005921860494251252,826.7555750626622,160149.4144054841,reversal,10.0,True,resolved
2024-09-19,1060809.9846551882,0.00489125130530077,1236096.0866343202,0.005749065726656788,908.7234241250852,161058.13782960913,reversal,10.0,True,resolved
2024-09-20,1058858.8956824224,-0.0018392445404818991,1234895.711487069,-0.0009711018101510316,920.6286802693138,161978.7665098787,reversal,10.0,True,resolved
2024-09-23,1062304.8816670026,0.0032544336158777387,1240043.273388437,0.004168418315396938,967.306891192777,162946.0734010717,reversal,10.0,True,resolved
2024-09-24,1062438.9442954692,0.00012619976692218593,1241253.6531843562,0.0009760786755543815,904.2308739373058,163850.30427500897,reversal,10.0,True,resolved
2024-09-25,1055521.1000476738,-0.006511286399034311,1234141.348730485,-0.005729936371687616,832.3294010743327,164682.63367608335,reversal,10.0,True,resolved
2024-09-26,1062801.2469900157,0.006897206452825211,1243785.5066933697,0.007814467907428346,968.0480257500658,165650.68170183367,reversal,10.0,True,resolved
2024-09-27,1071692.1816440455,0.008365566637421606,1255355.3138724933,0.009302091973946602,993.1774173940101,166643.85911922756,reversal,10.0,True,resolved
2024-09-30,1074017.5928560668,0.0021698499362512447,1259337.915686027,0.003172489708310744,1072.1517183783292,167716.01083760615,reversal,10.0,True,resolved
2024-10-01,1062944.3783578267,-0.010310086698667287,1247358.2835161004,-0.009512643128354203,859.0686140652048,168575.0794516714,reversal,10.0,True,resolved
2024-10-02,1063115.6247471767,0.0001611056917338871,1248307.9629457379,0.0007613525658085596,638.2201923574664,169213.29964402874,reversal,10.0,True,resolved
2024-10-03,1057756.5183291135,-0.005040944082952081,1243042.6230102316,-0.004217981533243709,875.6120251421281,170088.91166917063,reversal,10.0,True,resolved
2024-10-04,1061754.8376447083,0.0037799996939851255,1248767.6882500728,0.004605686992435576,874.7236282701025,170963.6352974407,reversal,10.0,True,resolved
2024-10-07,1057469.8162075488,-0.004035791771540231,1244703.0529859466,-0.003254917069340557,827.1594254510348,171790.79472289153,reversal,10.0,True,resolved
2024-10-08,1060096.508106238,0.0024839403058418696,1248956.527566888,0.003417260503007169,986.5718248784119,172777.36654776978,reversal,10.0,True,resolved
2024-10-09,1063378.6080203434,0.003096038793645839,1253968.1934490488,0.0040126824045063625,969.1507216022824,173746.51726937233,reversal,10.0,True,resolved
2024-10-10,1060177.601172357,-0.0030102230981920997,1251362.617991177,-0.0020778640730154674,989.8651173196474,174736.38238669222,reversal,10.0,True,resolved
2024-10-11,1060853.631579126,0.0006376576962401348,1253242.5649754647,0.001502319916912409,913.7752518244681,175650.15763851648,reversal,10.0,True,resolved
2024-10-14,1061486.1630263203,0.0005962476145298101,1254980.9281235975,0.0013870923289034387,838.4594418420447,176488.6170803583,reversal,10.0,True,resolved
2024-10-15,1057330.1780287214,-0.00391525122263503,1251117.1022695946,-0.003078792487930526,894.7285679656987,177383.34564832388,reversal,10.0,True,resolved
2024-10-16,1057280.145626077,-4.731956363690504e-05,1251912.7652360592,0.0006359620254741127,724.2723778672375,178107.61802619128,reversal,10.0,True,resolved
2024-10-17,1048650.7202438617,-0.008161909989433558,1242622.1321930795,-0.007421150499434259,787.3202708900535,178894.93829708133,reversal,10.0,True,resolved
2024-10-18,1051353.9234269152,0.00257779175741657,1246890.0959846573,0.0034346433086986927,895.5104242940816,179790.44872137535,reversal,10.0,True,resolved
2024-10-21,1043688.8118348196,-0.007290705271837394,1238846.8671742957,-0.006450631724690958,886.2871522610312,180676.73587363647,reversal,10.0,True,resolved
2024-10-22,1042729.5001044953,-0.0009191549429736767,1238735.4667378599,-8.992268486740507e-05,864.2310398173869,181540.96691345389,reversal,10.0,True,resolved
2024-10-23,1039548.9487275282,-0.003050217124046406,1236081.362066548,-0.002142591975913377,946.0785562294051,182487.04546968327,reversal,10.0,True,resolved
2024-10-24,1040286.0427832383,0.0007090518023344927,1238113.9629498743,0.0016443908513659178,971.3617671732446,183458.4072368565,reversal,10.0,True,resolved
2024-10-25,1043737.0953728145,0.0033174073741708554,1243372.4886899819,0.004247206555670235,969.9434506524475,184428.35068750914,reversal,10.0,True,resolved
2024-10-28,1045203.8388528468,0.0014052805888904452,1246255.2094418816,0.0023184691459090523,953.7217695719377,185382.07245708106,reversal,10.0,True,resolved
2024-10-29,1042923.5935072874,-0.0021816274116079892,1244723.8638825293,-0.0012287575993669142,995.5977131590324,186377.6701702403,reversal,10.0,True,resolved
2024-10-30,1041908.2177722254,-0.0009735859284258908,1244650.3354605548,-5.907207542821258e-05,954.0178293842464,187331.68799962438,reversal,10.0,True,resolved
2024-10-31,1039272.5115085017,-0.0025296914054092623,1242595.036314288,-0.001651306465527469,917.668175845255,188249.35617546976,reversal,10.0,True,resolved
2024-11-01,1034404.5528384381,-0.004684005990880924,1237773.934448981,-0.0038798657039601503,839.2285666238673,189088.58474209378,reversal,10.0,True,resolved
2024-11-04,1034273.8015335174,-0.00012640248398154696,1238553.5828865059,0.0006298795085486475,782.5936297752835,189871.1783718691,reversal,10.0,True,resolved
2024-11-05,1044202.566392509,0.00959974510063999,1251535.1546264612,0.010481235466374583,906.1376244817596,190777.31599635066,reversal,10.0,True,resolved
2024-11-06,1066702.4571330529,0.02154743865290043,1279684.5610439503,0.02249190229569753,984.7414724449509,191762.0574687955,reversal,10.0,True,resolved
2024-11-07,1073199.0233631525,0.006090326488569442,1288558.1381979142,0.006934190990571132,897.5343669886994,192659.591835784,reversal,10.0,True,resolved
2024-11-08,1072312.2261461904,-0.000826311986553141,1288746.2706651627,0.00014600231194195068,1042.7186603667233,193702.31049615075,reversal,10.0,True,resolved
2024-11-11,1071276.221114526,-0.0009661412099978284,1288689.2770239245,-4.422409789694992e-05,992.6984236311685,194695.00891978218,reversal,10.0,True,resolved
2024-11-12,1059692.0214957935,-0.010813457248850966,1275714.2426760443,-0.010068396299412474,798.5922610760334,195493.60118085804,reversal,10.0,True,resolved
2024-11-13,1049450.3954401738,-0.00966471941646141,1264405.075822541,-0.008864968717273491,850.5611580929044,196344.16233895073,reversal,10.0,True,resolved
2024-11-14,1036617.532416624,-0.012228174937384484,1249739.2939203396,-0.01159895842134362,658.1318873132307,197002.29422626423,reversal,10.0,True,resolved
2024-11-15,1032749.912922037,-0.0037309994994688678,1246076.501860137,-0.0029308449194331843,833.4152331965049,197835.70945946092,reversal,10.0,True,resolved
2024-11-18,1050741.1298609753,0.01742069083117559,1268847.0019391691,0.018273757706722238,899.3358292281962,198735.04528868938,reversal,10.0,True,resolved
2024-11-19,1046646.1909763284,-0.0038971910095387807,1264842.549562633,-0.0031559773325042784,775.892084979803,199510.9373736691,reversal,10.0,True,resolved
2024-11-20,1050251.2299653597,0.0034443721480210687,1270223.2952541648,0.0042540833982793735,848.1271213396077,200359.0644950085,reversal,10.0,True,resolved
2024-11-21,1057962.873219105,0.007342665291617534,1280662.0771622653,0.008218068387741084,915.9052325305573,201274.96972753882,reversal,10.0,True,resolved
2024-11-22,1069303.2340477896,0.010719053679245638,1295518.2330819294,0.011600371545773314,929.5935702400785,202204.56329777912,reversal,10.0,True,resolved
2024-11-25,1075920.9103388954,0.0061887742226822695,1304684.114566775,0.007075069459301142,950.220020816605,203154.78331859587,reversal,10.0,True,resolved
2024-11-26,1081725.707544644,0.005395189506931519,1312810.2115471284,0.006228401871093192,893.1306927020454,204047.9140112979,reversal,10.0,True,resolved
2024-11-27,1078027.3438265575,-0.0034189477908231902,1309529.4866282623,-0.0024990092932014596,994.1784025229417,205042.0924138206,reversal,10.0,True,resolved
2024-11-29,1079475.4152271408,0.0013432603624350392,1312541.9935037405,0.002300449822809858,1030.8750014071481,206072.96741522787,reversal,10.0,True,resolved
2024-12-02,1082306.923129054,0.0026230406565743714,1317237.9189818064,0.003577733513523862,1030.6747979016072,207103.6422131294,reversal,10.0,True,resolved
2024-12-03,1079966.8109477716,-0.0021621520950054762,1315550.4717086037,-0.0012810497244925,955.4797008136958,208059.121913943,reversal,10.0,True,resolved
2024-12-04,1075181.0017816783,-0.004431440964276834,1310908.0822171145,-0.0035288570004157194,975.28738161733,209034.40929556006,reversal,10.0,True,resolved
2024-12-05,1067302.9820687685,-0.00732715672975548,1302397.1405025593,-0.006492401587883112,902.3998348269879,209936.80913038706,reversal,10.0,True,resolved
2024-12-06,1065814.1669115159,-0.0013949320692112632,1301580.7337574866,-0.0006268493070843428,821.3253774385813,210758.13450782537,reversal,10.0,True,resolved
2024-12-09,1068860.2300874004,0.002857968368642938,1306484.9285608614,0.0037678759958417185,972.8209487910397,211730.9554566165,reversal,10.0,True,resolved
2024-12-10,1060551.1571841286,-0.007773769356721583,1297542.622591468,-0.006844553483861149,998.8681369743822,212729.82359359105,reversal,10.0,True,resolved
2024-12-11,1071089.096389406,0.00993628561328097,1311429.4174670158,0.010702380510485998,810.9513767620168,213540.77497035332,reversal,10.0,True,resolved
2024-12-12,1068652.4853229518,-0.002274891112856836,1309724.5564613384,-0.0013000021068386713,1046.3827010181667,214587.1576713716,reversal,10.0,True,resolved
2024-12-13,1062069.730347177,-0.00615986493849352,1302840.877244923,-0.005255822060032167,968.737960967104,215555.89563233856,reversal,10.0,True,resolved
2024-12-16,1057815.251663878,-0.004005837433958437,1298598.6626858613,-0.0032561263874623103,794.9274331993997,216350.8230655379,reversal,10.0,True,resolved
2024-12-17,1051344.8583215042,-0.006116751797817566,1291850.1148277477,-0.005196792551869556,976.7681085991904,217327.59117413705,reversal,10.0,True,resolved
2024-12-18,1035412.6584283282,-0.015154114054081291,1273334.3555138814,-0.014332745804907177,872.5786414273948,218200.16981556427,reversal,10.0,True,resolved
2024-12-19,1027817.1153498228,-0.00733576416772308,1264903.1853154022,-0.006621332536870583,745.2302166407724,218945.4000322051,reversal,10.0,True,resolved
2024-12-20,1036333.7891332331,0.008286176262507272,1276347.4294162719,0.009047525718749894,781.4213566819815,219726.82138888733,reversal,10.0,True,resolved
2024-12-23,1037964.8288459225,0.0015738555760624884,1279533.6471504043,0.0024963561336819318,953.8310976581392,220680.6524865453,reversal,10.0,True,resolved
2024-12-24,1043844.5113422069,0.005664625941923074,1287862.0286588543,0.006508919501255539,872.9606746462695,221553.61316119152,reversal,10.0,True,resolved
2024-12-26,1044385.4229537388,0.0005181917475778341,1289641.378252143,0.001381630604593287,899.5923166053826,222453.20547779714,reversal,10.0,True,resolved
2024-12-27,1037521.7189051004,-0.006572002919407405,1282270.1264098133,-0.005715737697808754,895.7002128949451,223348.90569069196,reversal,10.0,True,resolved
2024-12-30,1029354.3113434614,-0.007872035267134536,1273129.8265700312,-0.007128217098353318,768.9694760492995,224117.875166741,reversal,10.0,True,resolved
2024-12-31,1019018.874008375,-0.010040699515405094,1261122.8901271648,-0.00943103852590954,632.0793368810783,224749.9545036221,reversal,10.0,True,resolved
2025-01-02,1022283.3902053118,0.0032035875685949566,1265870.5842014658,0.003764656173850245,567.1293428226816,225317.08384644488,reversal,10.0,True,resolved
2025-01-03,1045466.480890119,0.022677753455576655,1295580.4050825709,0.023469872238042866,818.9500665423177,226136.03391298716,reversal,10.0,True,resolved
2025-01-06,1056946.9791234373,0.010981220769071154,1310929.6199333954,0.011847365698500534,917.6185153360873,227053.6524283231,reversal,10.0,True,resolved
2025-01-07,1055748.5893705366,-0.0011338220143214395,1310701.3611335917,-0.0001741197973811337,1019.4775642799583,228073.12999260318,reversal,10.0,True,resolved
2025-01-08,1054150.4150735643,-0.0015137830285193443,1309851.338125728,-0.0006485253110048994,913.4495518775406,228986.57954448063,reversal,10.0,True,resolved
2025-01-10,1046609.4413552707,-0.007153603139042897,1301470.9790679035,-0.006397946708834978,795.2532415545788,229781.8327860353,reversal,10.0,True,resolved
2025-01-13,1034802.4960716892,-0.011281137754970527,1287836.8623088214,-0.010475928375173305,837.238435139829,230619.07122117537,reversal,10.0,True,resolved
2025-01-14,1036934.7120664151,0.0020605052682229896,1291463.091169296,0.0028157517202711535,782.0915412608426,231401.16276243623,reversal,10.0,True,resolved
2025-01-15,1048487.2356760353,0.011141032772061576,1307015.3301077783,0.012042341004419477,943.9282010813341,232345.0909635173,reversal,10.0,True,resolved
2025-01-16,1051509.9018101657,0.002882883101749556,1311853.4851281133,0.00370168192284015,856.7114924330843,233201.80245595035,reversal,10.0,True,resolved
2025-01-17,1050980.1018533823,-0.0005038468547670094,1312234.7664204186,0.0002906431980611579,836.6096970015478,234038.4121529519,reversal,10.0,True,resolved
2025-01-21,1059107.3074451038,0.007732977605750424,1323580.8579715365,0.008646388467566934,959.1564402756875,234997.5685932275,reversal,10.0,True,resolved
2025-01-22,1054203.0846380142,-0.0046305249455034225,1318539.244274253,-0.0038090711775705666,871.4595787664614,235869.02817199382,reversal,10.0,True,resolved
2025-01-23,1055776.1040571507,0.001492140785830376,1321682.6721801613,0.0023840230160450115,939.2447933863864,236808.27296537996,reversal,10.0,True,resolved
2025-01-24,1054019.9594998923,-0.0016633683510260955,1320625.59190045,-0.0007997988488172014,912.1028132881746,237720.37577866792,reversal,10.0,True,resolved
2025-01-27,1040969.813948762,-0.01238130780495117,1305369.4780214117,-0.011552187063923136,879.2177467687475,238599.5935254365,reversal,10.0,True,resolved
2025-01-28,1043187.9645962851,0.0021308501147683234,1309133.7032708456,0.002883647360239605,775.877872170132,239375.47139760695,reversal,10.0,True,resolved
2025-01-29,1051098.370962783,0.00758291567288083,1320242.4097299036,0.00848554004171076,942.0565399693209,240317.52793757623,reversal,10.0,True,resolved
2025-01-30,1057630.4420141056,0.006214519241752203,1329672.6829487938,0.0071428346411166466,975.9944231918491,241293.52236076805,reversal,10.0,True,resolved
2025-01-31,1055333.4244757972,-0.0021718527068245175,1327884.5479501667,-0.001344793362725527,876.5873046622488,242170.1096654303,reversal,10.0,True,resolved
2025-02-03,1048900.9918823596,-0.0060951661761615705,1321114.4767857473,-0.005098388391423181,1047.3601819296587,243217.46984735996,reversal,10.0,True,resolved
2025-02-04,1048595.4813119695,-0.0002912673100269325,1321766.023733897,0.0004931797808580551,822.2475377762432,244039.7173851364,reversal,10.0,True,resolved
2025-02-05,1051601.9224581223,0.0028671124372872114,1326685.180378717,0.0037216546321290345,897.5409929665026,244937.25837810282,reversal,10.0,True,resolved
2025-02-06,1047674.4962184367,-0.0037347081208306543,1322794.676229008,-0.002932499893153473,841.7114078236099,245778.96978592622,reversal,10.0,True,resolved
2025-02-07,1043587.5199085166,-0.0039009981866238164,1318625.3840681002,-0.003151881570005566,788.7058132146454,246567.6755991408,reversal,10.0,True,resolved
2025-02-10,1047432.359590494,0.0036842522631110874,1324644.4449557227,0.004564648125499504,923.3169748378119,247490.99257397847,reversal,10.0,True,resolved
2025-02-11,1035850.0203802276,-0.0110578397776393,1311106.8932799413,-0.010219762538794974,883.0695484327921,248374.06212241118,reversal,10.0,True,resolved
2025-02-12,1037370.8841098212,0.0014682277353581519,1313862.6064338395,0.0021018218789197185,654.9173886923609,249028.97951110336,reversal,10.0,True,resolved
2025-02-13,1043900.2488631268,0.006294146918253363,1323257.2977880414,0.007150436665293025,884.7365537594444,249913.71606486273,reversal,10.0,True,resolved
2025-02-14,1043086.908169603,-0.0007791364111749965,1323385.3605647709,9.677843979671863e-05,914.84600324436,250828.56206810742,reversal,10.0,True,resolved
2025-02-18,1047322.3710000901,0.004060508091238146,1329727.036208601,0.004792009820271614,762.9395251457393,251591.5015932534,reversal,10.0,True,resolved
2025-02-19,1046856.1795150191,-0.00044512701912968744,1330308.468021338,0.00043725651724346726,923.1692465826076,252514.6708398359,reversal,10.0,True,resolved
2025-02-20,1038993.6065226374,-0.0075106525100937516,1321361.6151111708,-0.006725397248259712,823.9897512870208,253338.660591123,reversal,10.0,True,resolved
2025-02-21,1017286.9373700283,-0.020892014172501194,1294758.750102944,-0.020132917971882103,796.448209832865,254135.10880095573,reversal,10.0,True,resolved
2025-02-24,1004179.9097337038,-0.01288429759081533,1278993.3057313305,-0.012176356692209955,723.2516022602379,254858.36040321598,reversal,10.0,True,resolved
2025-02-25,989594.8362427332,-0.014524362964838056,1261218.3699458553,-0.013897598764452845,628.6191742332842,255486.97957744933,reversal,10.0,True,resolved
2025-02-26,1016646.2768897697,0.02733587490183842,1296424.5452676732,0.027914416853386914,579.9130304904654,256066.8926079399,reversal,10.0,True,resolved
2025-02-27,1004832.3591087426,-0.011620480052481508,1282529.1717453608,-0.010718227738771624,923.2914448409769,256990.18405278114,reversal,10.0,True,resolved
2025-02-28,1011072.8078048698,0.0062104376312706044,1291670.6729350814,0.007127714044336431,917.7164798144958,257907.9005325959,reversal,10.0,True,resolved
2025-03-03,985112.6175824063,-0.025675886070782084,1259459.3437814857,-0.024937725868159122,762.9611371147868,258670.8616697109,reversal,10.0,True,resolved
2025-03-04,993637.319417767,0.008653530249446373,1271231.9017865655,0.0093473108625588,680.1596529634055,259351.02132267426,reversal,10.0,True,resolved
2025-03-05,999914.9590306429,0.006317837998027542,1280493.7979774834,0.007285764444631582,961.4186856782094,260312.4400083525,reversal,10.0,True,resolved
2025-03-06,991662.1741266844,-0.008253486788475484,1271150.60863039,-0.0072965518160656995,960.2631624842438,261272.7031708366,reversal,10.0,True,resolved
2025-03-07,999820.2738026296,0.008226692404729175,1282741.6685833652,0.009118557529122384,880.6344131322998,262153.33758396877,reversal,10.0,True,resolved
2025-03-10,974174.6920297291,-0.02565019178433159,1250967.482679422,-0.0247705260397707,884.4516549781578,263037.789238947,reversal,10.0,True,resolved
2025-03-11,983048.1709750943,0.009108714297306308,1263035.972380695,0.00964732486525044,527.0664056129563,263564.85564456007,reversal,10.0,True,resolved
2025-03-12,993143.3401883331,0.010269251814206903,1277243.2775040714,0.011248535618979316,966.2406025695126,264531.09624712984,reversal,10.0,True,resolved
2025-03-13,987837.9620551707,-0.005342006454130077,1271504.8403424823,-0.004492830193479569,844.520415493897,265375.6166626234,reversal,10.0,True,resolved
2025-03-14,999495.0048277986,0.011800561651200026,1287561.8998090872,0.012628390358529584,819.4894124430151,266195.1060750664,reversal,10.0,True,resolved
2025-03-17,1005533.8634103253,0.006041909717765082,1296579.3627080373,0.007003517967009598,953.7609889286667,267148.8670639948,reversal,10.0,True,resolved
2025-03-18,1001339.9477722354,-0.004170834807955659,1292381.6550344126,-0.003237524670188563,939.0994498471208,268087.9665138419,reversal,10.0,True,resolved
2025-03-19,1012174.3151213935,0.010819869289407924,1307408.8032714918,0.011627484944978672,800.6696509854509,268888.6361648268,reversal,10.0,True,resolved
2025-03-20,1011777.7634864079,-0.00039178195797040516,1308184.9698050239,0.000593667819575483,998.0700685010993,269886.7062333276,reversal,10.0,True,resolved
2025-03-21,1017673.2839055485,0.00582689265558245,1317013.3879397642,0.006748600800738469,925.5195576556858,270812.2257909836,reversal,10.0,True,resolved
2025-03-24,1033242.6092768332,0.015298942811521998,1338270.1836782512,0.016140151598412755,854.6125082200763,271666.83829920396,reversal,10.0,True,resolved
2025-03-25,1027997.0887047256,-0.005076755957421297,1332788.8614886652,-0.004095826281147907,1016.3732895605833,272683.2115887647,reversal,10.0,True,resolved
2025-03-26,1027369.2828961948,-0.00061070776895078,1332825.173899188,2.724543367071952e-05,655.8162618258709,273339.0278505905,reversal,10.0,True,resolved
2025-03-27,1022106.8666209844,-0.005122224659448116,1327230.9846087357,-0.004197241618783654,957.9197208760262,274296.9475714666,reversal,10.0,True,resolved
2025-03-28,1006267.1814763244,-0.015497092977200033,1307544.51297498,-0.014832739637674397,687.0364011524268,274983.9839726188,reversal,10.0,True,resolved
2025-03-31,986743.7422227259,-0.019401844373931776,1283190.266224207,-0.018625940844921085,776.5730638765147,275760.5570364953,reversal,10.0,True,resolved
2025-04-01,991826.7802528022,0.005151325326498979,1290747.3263996143,0.005889274859950611,721.542036602719,276482.0990730977,reversal,10.0,True,resolved
2025-04-02,1001038.3118424024,0.009287439876600523,1303616.4052120305,0.00997025409172303,681.0121200460986,277163.11119314434,reversal,10.0,True,resolved
2025-04-03,967454.4802099447,-0.03354899731124883,1261158.2484597282,-0.032569517062342124,953.4173504739757,278116.52854361804,reversal,10.0,True,resolved
2025-04-04,942285.8711808862,-0.026015290170134597,1229532.1747131431,-0.025077006620866538,915.5582059827924,279032.0867496007,reversal,10.0,True,resolved
2025-04-07,955897.1086419469,0.014444913032605422,1248388.3632088916,0.01533606755768524,824.9772618277332,279857.06401142856,reversal,10.0,True,resolved
2025-04-08,950693.6274968479,-0.005443557782585651,1242800.6567916784,-0.004475936000276737,930.930178610918,280787.9941900393,reversal,10.0,True,resolved
2025-04-09,1019687.4902394459,0.07257213128088091,1334139.760920109,0.07349457342919719,820.5607937017529,281608.5549837406,reversal,10.0,True,resolved
2025-04-10,957035.0015003666,-0.06144283355321645,1253405.5188724874,-0.060514081367263994,957.4210590896255,282565.97604283073,reversal,10.0,True,resolved
2025-04-11,974054.8866996927,0.01778397359829431,1276963.5509472121,0.01879521967951492,950.1290318819541,283516.10507471237,reversal,10.0,True,resolved
2025-04-14,984521.5651353649,0.010745470895521692,1291646.4540849542,0.011498294627791728,733.4306172705859,284249.5356919834,reversal,10.0,True,resolved
2025-04-15,983099.1340651285,-0.0014447942235178424,1291015.969546273,-0.0004881247006000011,945.395231111936,285194.93092309515,reversal,10.0,True,resolved
2025-04-16,968628.6549403323,-0.014719247147498282,1273011.1464862302,-0.013946243489436072,763.7665786895504,285958.6975017848,reversal,10.0,True,resolved
2025-04-17,972911.520963614,0.004421576835908825,1279699.9619311374,0.005254325905448498,807.854428885153,286766.5519306703,reversal,10.0,True,resolved
2025-04-21,955372.0729385598,-0.018027793532224168,1257561.35875247,-0.017299838897595232,710.1614236394165,287476.7133543096,reversal,10.0,True,resolved
2025-04-22,970824.2585854793,0.016173997633603943,1278862.8702678564,0.01693874526847572,729.1425190690943,288205.8558733789,reversal,10.0,True,resolved
2025-04-23,991526.3540550685,0.02132424616145534,1307336.3795940082,0.022264708740967754,914.3314611859091,289120.18733456446,reversal,10.0,True,resolved
2025-04-24,996807.5140993173,0.005326293166742602,1315397.4000957904,0.006165988056023863,829.1883764300338,289949.3757109944,reversal,10.0,True,resolved
2025-04-25,992954.4690381933,-0.003865385249032127,1311340.9838784453,-0.0030837952219228137,778.6674224613304,290728.0431334561,reversal,10.0,True,resolved
2025-04-28,993975.317254228,0.0010280916677112284,1313841.2780005177,0.0019066697013292444,870.1321036941513,291598.17523715016,reversal,10.0,True,resolved
2025-04-29,994671.8977519835,0.0007008026111550159,1315912.9384734982,0.0015767966098105823,869.8149500349361,292467.9901871846,reversal,10.0,True,resolved
2025-04-30,996051.4850963922,0.0013869773012855635,1318888.066087172,0.0022608848402425608,862.6886885727762,293330.6788757572,reversal,10.0,True,resolved
2025-05-01,996357.8829295184,0.00030761244545152167,1320403.09473659,0.0011487166260537585,838.5976343201479,294169.2765100778,reversal,10.0,True,resolved
2025-05-02,1007765.3459487692,0.011449162208372776,1336742.2576223398,0.012374374879066119,922.6831775718905,295091.95968764933,reversal,10.0,True,resolved
2025-05-05,1003742.2097071421,-0.003992135925094287,1332544.4465992558,-0.0031403294084161315,857.1261473292745,295949.0858349787,reversal,10.0,True,resolved
2025-05-06,999803.7926214328,-0.0039237336515501875,1328434.629184673,-0.003084187867107402,841.2871114853011,296790.3729464638,reversal,10.0,True,resolved
2025-05-07,996953.9733938798,-0.002850378492844974,1325916.5303319576,-0.001895538400907948,957.7578852321788,297748.13083169586,reversal,10.0,True,resolved
2025-05-08,999932.0945347139,0.0029872202933258762,1330959.179046351,0.00380314190149722,814.8533193249738,298562.9841510214,reversal,10.0,True,resolved
2025-05-09,1000048.166328226,0.00011607967595650415,1332319.1398582011,0.0010217900242623923,905.9110372188744,299468.89518823975,reversal,10.0,True,resolved
2025-05-12,1002241.73554064,0.0021934635613281017,1336419.3933969783,0.0030775310630255515,883.6677235928624,300352.56291183276,reversal,10.0,True,resolved
2025-05-13,1006978.3181804861,0.004725988224079547,1344037.5653939603,0.005700435083943134,976.829976880336,301329.3928887125,reversal,10.0,True,resolved
2025-05-14,1000564.2554993693,-0.006369613491486459,1336499.4496020793,-0.005608560345313984,771.8117455800917,302101.20463429316,reversal,10.0,True,resolved
2025-05-15,1005943.9986600983,0.005376709322924889,1344722.847039117,0.006152937391396662,777.2525912443582,302878.4572255373,reversal,10.0,True,resolved
2025-05-16,1010697.9746338321,0.004725885317737433,1352348.1260484965,0.005670520900399101,948.0326113420722,303826.4898368791,reversal,10.0,True,resolved
2025-05-19,1005919.9702237956,-0.004727430478692285,1346949.7776780422,-0.003991833364851094,743.714697632347,304570.2045345117,reversal,10.0,True,resolved
2025-05-20,999252.3966588429,-0.006628334024891935,1339030.2151668794,-0.005879627171263224,754.3760982964833,305324.58063280873,reversal,10.0,True,resolved
2025-05-21,968162.94995948,-0.031112706662816514,1298221.1496642723,-0.03047658300789058,640.751348669612,305965.3319814789,reversal,10.0,True,resolved
2025-05-22,969405.8460410492,0.0012837674501191554,1300696.4131851804,0.0019066578306385917,601.7269018234657,306567.05888330285,reversal,10.0,True,resolved
2025-05-23,964549.4670565934,-0.005009644829653936,1295365.2890078058,-0.004098669084755646,883.3255672573858,307450.3844505601,reversal,10.0,True,resolved
2025-05-27,971422.8864070328,0.007126041312753184,1305779.3937634972,0.00803951197709507,876.3264071223285,308326.71085768274,reversal,10.0,True,resolved
2025-05-28,965005.5435974952,-0.00660612684684958,1298326.1774222006,-0.00570786794223721,873.3689340228777,309200.079791706,reversal,10.0,True,resolved
2025-05-29,963707.0045152653,-0.0013456286244625248,1297770.1411115825,-0.0004282716626126115,884.7515495792808,310084.8313412851,reversal,10.0,True,resolved
2025-05-30,960586.3434298835,-0.0032381845008500054,1294520.830226651,-0.002503764558913657,707.3602792247428,310792.1916205096,reversal,10.0,True,resolved
2025-06-02,961426.4455074738,0.0008745721645289084,1296862.3777813325,0.0018088141187126983,891.388817102791,311683.5804376124,reversal,10.0,True,resolved
2025-06-03,970936.6901990088,0.009891806841775708,1310877.3513441863,0.010806831783362059,875.9218464096904,312559.50228402216,reversal,10.0,True,resolved
2025-06-04,968920.6685734785,-0.002076367744551,1309463.8870257838,-0.001078258249677777,970.3850099562461,313529.8872939783,reversal,10.0,True,resolved
2025-06-05,965529.4585369094,-0.0034999873019138095,1306072.966965755,-0.0025895483591614754,884.5276328170016,314414.414926795,reversal,10.0,True,resolved
2025-06-06,971787.3999666612,0.006481357326201698,1315540.4927458582,0.0072488490456226184,741.0079688941246,315155.42289568955,reversal,10.0,True,resolved
2025-06-09,970149.2589470755,-0.0016856989704147063,1314487.606870838,-0.000800344710653933,856.4827917084931,316011.90568739816,reversal,10.0,True,resolved
2025-06-10,974075.9067362549,0.004047467699394236,1320906.710439516,0.004883350390772367,809.5558912830465,316821.46157868084,reversal,10.0,True,resolved
2025-06-11,975107.9897862624,0.0010595509475905818,1323326.797307653,0.0018321406417352026,751.0878732137991,317572.5494518953,reversal,10.0,True,resolved
2025-06-12,978687.6666202152,0.0036710568177555913,1329490.2533497873,0.004657546461444229,960.402713583825,318532.9521654795,reversal,10.0,True,resolved
2025-06-13,968283.417389273,-0.010630816741435067,1316406.4715450115,-0.009841201747669781,775.2561733231302,319308.2083388031,reversal,10.0,True,resolved
2025-06-16,983620.3143852432,0.015839264331637848,1338200.5067165825,0.016555703456845094,693.9661584978803,320002.1744973005,reversal,10.0,True,resolved
2025-06-17,975421.008558481,-0.008335844336324727,1328325.2087026301,-0.007379535401748183,939.2391478737084,320941.4136451746,reversal,10.0,True,resolved
2025-06-18,974413.5997464361,-0.001032793843074642,1328247.8366035605,-5.824785870411908e-05,951.8149036146374,321893.228548789,reversal,10.0,True,resolved
2025-06-20,973076.275115768,-0.0013724404411188385,1327561.8128076396,-0.0005164877946838287,837.1789489012873,322730.40749769006,reversal,10.0,True,resolved
2025-06-23,972781.7983347306,-0.00030262456147378547,1328230.1263292101,0.0005034142403939068,781.520343062254,323511.9278407529,reversal,10.0,True,resolved
2025-06-24,986003.3288105173,0.013591465730979246,1347413.9579888158,0.014443153546459309,826.6888926834873,324338.6167334368,reversal,10.0,True,resolved
2025-06-25,984430.8200385943,-0.0015948310984101877,1346320.2432180736,-0.0008117139979570975,771.6005593672661,325110.2172928044,reversal,10.0,True,resolved
2025-06-26,988528.3480862072,0.004162332145850822,1353105.5760979345,0.005039910016982452,865.370915442721,325975.58820824686,reversal,10.0,True,resolved
2025-06-27,994112.0309117008,0.005648480224470731,1361795.2659449405,0.006422033875630895,761.789405904223,326737.3776141507,reversal,10.0,True,resolved
2025-06-30,997235.6455568522,0.0031421153230453136,1367359.2331635812,0.004085758966697384,935.4571576780155,327672.8347718287,reversal,10.0,True,resolved
2025-07-01,999860.9846177862,0.0026326165461805218,1372213.610253506,0.0035501841595011463,903.8213637858479,328576.65613561514,reversal,10.0,True,resolved
2025-07-02,1012400.2325309264,0.012540991303839455,1390646.6076296796,0.013433037858273433,894.7362010701534,329471.392336685,reversal,10.0,True,resolved
2025-07-03,1013708.7894834953,0.0012925292888343876,1393837.5025006197,0.0022945404342364917,1013.6955291146052,330485.08786579967,reversal,10.0,True,resolved
2025-07-07,1008467.5530490035,-0.00517035709748781,1387797.5634558576,-0.004333316497745376,849.970425523209,331335.0582913231,reversal,10.0,True,resolved
2025-07-08,1009587.0615429407,0.0011101085905564911,1390613.262086304,0.0020288972286670592,922.1121402549229,332257.1704315778,reversal,10.0,True,resolved
2025-07-09,1007851.0435218692,-0.0017195327547268047,1389554.9204419062,-0.0007610610895583125,967.4508975654647,333224.62132914306,reversal,10.0,True,resolved
2025-07-10,1007350.316543675,-0.0004968263727191946,1390076.6626834404,0.00037547435791029926,878.7974091314608,334103.41873827466,reversal,10.0,True,resolved
2025-07-11,999638.1043861818,-0.007655938585451216,1380469.8997349227,-0.0069109590905386264,752.6621986636956,334856.0809369379,reversal,10.0,True,resolved
2025-07-14,1004910.4146529828,0.005274218983517542,1388725.381644289,0.005980196968403018,705.1919964531035,335561.27293339086,reversal,10.0,True,resolved
2025-07-15,992798.7798560471,-0.01205245225875995,1373223.3617935744,-0.011162768431840608,899.1352237963417,336460.40815718693,reversal,10.0,True,resolved
2025-07-16,993280.5771586446,0.000485291997102566,1375012.8561585995,0.0013031342276961233,810.7062701975103,337271.1144273842,reversal,10.0,True,resolved
2025-07-17,1000217.0255856682,0.006983372660790188,1385833.4154870352,0.007869424114815393,881.0515501115804,338152.16597749613,reversal,10.0,True,resolved
2025-07-18,999496.7656617577,-0.0007201036429955732,1386118.7737200446,0.00020591091961019714,926.9147049510289,339079.0806824471,reversal,10.0,True,resolved
2025-07-21,996398.2637454871,-0.003100061973906554,1382947.0553217933,-0.002288201024605696,812.5787445460765,339891.6594269932,reversal,10.0,True,resolved
2025-07-22,1003394.0747502919,0.0070210991521677535,1393895.1718084826,0.00791651165860574,889.6851577486218,340781.3445847413,reversal,10.0,True,resolved
2025-07-23,1014018.8501708459,0.01058883611924677,1409831.12475846,0.011432676769589367,847.1782766606166,341628.5228614016,reversal,10.0,True,resolved
2025-07-24,1011900.9328747801,-0.00208863700680606,1408122.268026131,-0.00121210030217056,889.4001385541736,342517.9229999563,reversal,10.0,True,resolved
2025-07-25,1014977.872330412,0.003040751674069808,1413639.0065821677,0.003917797964923864,885.5959743175614,343403.51897427393,reversal,10.0,True,resolved
2025-07-28,1012284.8127234149,-0.0026533185406435456,1411194.3289098109,-0.001729350747237457,940.2455857369499,344343.76456001075,reversal,10.0,True,resolved
2025-07-29,1008542.5107284532,-0.0036968864374182786,1407189.5659045181,-0.002837853669938273,869.7733262208743,345213.5378862313,reversal,10.0,True,resolved
2025-07-30,1004202.0749491181,-0.004303671618363536,1402327.503118767,-0.0034551583550336273,858.3423190889719,346071.88020531996,reversal,10.0,True,resolved
2025-07-31,998428.6016898497,-0.005749314210051648,1395426.4180329577,-0.00492116504201856,830.5702078910939,346902.45041321154,reversal,10.0,True,resolved
2025-08-01,991110.7156082995,-0.0073294034938148345,1386469.6638187428,-0.006418650312526419,908.5337366751655,347810.9841498869,reversal,10.0,True,resolved
2025-08-04,998006.1604943883,0.006957290217427081,1397372.430601092,0.00786368938813986,896.0744015509663,348707.05855143844,reversal,10.0,True,resolved
2025-08-05,997338.0793257101,-0.0006694158764984914,1397540.15673203,0.00012002965513335795,789.0499688796876,349496.1085203179,reversal,10.0,True,resolved
2025-08-06,997520.7364663947,0.00018314465723423545,1399080.687265396,0.0011023157552541019,915.3349038054768,350411.4434241238,reversal,10.0,True,resolved
2025-08-07,1001981.1037624383,0.004471453206921661,1406632.9606213314,0.005398025592574518,923.6429365980947,351335.08636072156,reversal,10.0,True,resolved
2025-08-08,998763.2388794443,-0.003211502563182922,1403481.6080792514,-0.0022403516982055782,976.339689425501,352311.4260501475,reversal,10.0,True,resolved
2025-08-11,996396.1763525641,-0.0023699936428736024,1401297.9917718556,-0.0015558567314495342,814.2805625357873,353125.7066126827,reversal,10.0,True,resolved
2025-08-12,1006757.5875183595,0.010398886920386152,1416947.204224091,0.011167654948572414,765.1709915079261,353890.8776041902,reversal,10.0,True,resolved
2025-08-13,1013430.5244785196,0.006628146678892888,1427591.271597735,0.007511971753014324,888.7713765371142,354779.6489807271,reversal,10.0,True,resolved
2025-08-14,1009820.3811726511,-0.0035622997518514055,1423641.8662338683,-0.0027664818652516354,805.3003065758713,355584.94928730326,reversal,10.0,True,resolved
2025-08-15,1010714.6121252591,0.0008855346646594597,1426022.7802595245,0.001672410795247714,793.8134028580707,356378.76269016176,reversal,10.0,True,resolved
2025-08-18,1013539.4394167371,0.002794881223234791,1431346.8382971385,0.003733501393746952,950.9330740347672,357329.6957641964,reversal,10.0,True,resolved
2025-08-19,1010988.1395483251,-0.0025172181458278375,1429122.1013578041,-0.001554296191397686,976.622013235693,358306.3177774324,reversal,10.0,True,resolved
2025-08-20,1012734.2716697876,0.0017271539132424074,1432860.9063306693,0.0026161550292398417,894.6039581118871,359200.9217355437,reversal,10.0,True,resolved
2025-08-21,1011733.5306487738,-0.0009881575542652898,1432514.9490407775,-0.00024144513145918367,754.9248862431718,359955.8466217866,reversal,10.0,True,resolved
2025-08-22,1030309.7340856692,0.0183607668167165,1460065.1409155629,0.019232044938332526,877.8301283703696,360833.6767501571,reversal,10.0,True,resolved
2025-08-25,1021298.162796475,-0.008746468164926524,1448693.4883405801,-0.00778845563551489,989.684438184192,361823.3611883409,reversal,10.0,True,resolved
2025-08-26,1020971.5707604315,-0.00031978128223519864,1449512.4307839214,0.0005652972488192631,904.2292478563396,362727.59043619764,reversal,10.0,True,resolved
2025-08-27,1022902.0623358956,0.0018908377380442154,1453538.1809014305,0.002777313275838633,903.6574931931749,363631.2479293904,reversal,10.0,True,resolved
2025-08-28,1021920.6667594237,-0.000959422815348332,1453402.5896257726,-9.328360096738653e-05,885.4358563840038,364516.6837857743,reversal,10.0,True,resolved
2025-08-29,1022857.4688612099,0.0009167072672646714,1456015.9026064414,0.001798065449533759,897.4849287797838,365414.1687145542,reversal,10.0,True,resolved
2025-09-02,1020743.4359521938,-0.002066791291429615,1454310.9011003014,-0.0011710047280993896,911.5021938883147,366325.67090844276,reversal,10.0,True,resolved
2025-09-03,1020656.7661602623,-8.490849794262623e-05,1455450.153008736,0.0007833620084760629,884.7794773386385,367210.45038578194,reversal,10.0,True,resolved
2025-09-04,1027340.702418706,0.006548662077251466,1466265.5482392472,0.0074309623096011634,898.778299166318,368109.2286849481,reversal,10.0,True,resolved
2025-09-05,1027616.3135680961,0.00026827628725434316,1467964.6916781336,0.0011588238166864162,914.3847358117733,369023.6134207598,reversal,10.0,True,resolved
2025-09-08,1022634.2742463426,-0.004848151256430455,1462222.4338834325,-0.003911713835662245,962.2312102243086,369985.8446309845,reversal,10.0,True,resolved
2025-09-09,1023669.9465485904,0.0010127494533773707,1465069.9933544693,0.0019474188092396538,953.2653201299194,370939.10995111463,reversal,10.0,True,resolved
2025-09-10,1028343.7526499287,0.00456573538873184,1473162.6475004817,0.0055237320965690895,980.1780022278388,371919.28795334295,reversal,10.0,True,resolved
2025-09-11,1036758.3102375857,0.008182631115299266,1486578.8692225083,0.0091070879001649,944.9751773952611,372864.26313073834,reversal,10.0,True,resolved
2025-09-12,1029733.0836633615,-0.006776146865525745,1477778.93807462,-0.005919585788603854,888.5547577461887,373752.8178884846,reversal,10.0,True,resolved
2025-09-15,1031654.5886721602,0.001866022408411716,1481865.6506404073,0.002765442422066222,923.3007442316768,374676.118632716,reversal,10.0,True,resolved
2025-09-16,1032875.5185727266,0.0011834677167847918,1484965.289954831,0.0020917141260976546,934.7783958290257,375610.8970285447,reversal,10.0,True,resolved
2025-09-17,1034964.4923367335,0.0020224835679070186,1489274.1689787097,0.002901669859239453,912.0685202723595,376522.9655488168,reversal,10.0,True,resolved
2025-09-18,1039981.6508572137,0.004847662463426605,1497795.8101793232,0.005722009672978645,902.5595635253494,377425.5251123423,reversal,10.0,True,resolved
2025-09-19,1035452.6591627465,-0.004354876541075581,1492721.0106610176,-0.0033881784712016527,1007.1035616308413,378432.6286739727,reversal,10.0,True,resolved
2025-09-22,1035980.8885169245,0.0005101434136109972,1494748.29054124,0.0013581103674051853,877.494618406885,379310.1232923794,reversal,10.0,True,resolved
2025-09-23,1036900.6103738291,0.0008877787873300402,1497480.4177632236,0.0018278175926158546,974.2604972811711,380284.3837896611,reversal,10.0,True,resolved
2025-09-24,1034363.6607070132,-0.0024466661909874343,1495247.1970588583,-0.001491318803154007,993.3598662737037,381277.7436559343,reversal,10.0,True,resolved
2025-09-25,1026366.0919783637,-0.007731873259336108,1484986.5404381966,-0.0068621808091962055,895.3099546306757,382173.05361056473,reversal,10.0,True,resolved
2025-09-26,1028514.5935956683,0.0020933092335146952,1489310.5121965646,0.002911791885394477,836.9473371262684,383010.0009476915,reversal,10.0,True,resolved
2025-09-29,1031703.7086307267,0.0031006998392790752,1495161.5787790832,0.003928708308040374,853.4335378560706,383863.43448554806,reversal,10.0,True,resolved
2025-09-30,1031101.5198244486,-0.0005836838631483321,1495666.937148384,0.0003379958236444658,949.1308251788988,384812.5653107266,reversal,10.0,True,resolved
2025-10-01,1030382.870832378,-0.0006969721004707052,1495768.1518850743,6.767197574286676e-05,788.0146289391398,385600.5799396657,reversal,10.0,True,resolved
2025-10-02,1032051.0174181307,0.0016189579941336962,1499374.575431026,0.0024110845931615277,815.324111355234,386415.90405102033,reversal,10.0,True,resolved
2025-10-03,1035677.1230697049,0.003513494575728915,1505870.778147256,0.004332608290601669,843.9732121889258,387259.87726320885,reversal,10.0,True,resolved
2025-10-06,1032554.9325641898,-0.0030146369326581324,1502667.6928831171,-0.0021270651576623667,921.7911347631069,388181.6683979718,reversal,10.0,True,resolved
2025-10-07,1027806.8981026424,-0.004598335944951959,1497173.0765877878,-0.003656574451791794,974.4679243199205,389156.1363222915,reversal,10.0,True,resolved
2025-10-08,1028658.8495702061,0.0008289022666967405,1499762.422300974,0.0017294898991153662,923.9085189952374,390080.0448412867,reversal,10.0,True,resolved
2025-10-09,1020292.0879140378,-0.008133660308919932,1488908.416663289,-0.0072371500154220225,923.7744295740482,391003.8192708604,reversal,10.0,True,resolved
2025-10-10,1006717.7362153345,-0.013304378088882074,1470415.2273422794,-0.01242063589273934,907.3487277786206,391911.1679986389,reversal,10.0,True,resolved
2025-10-13,1011483.1152310474,0.004733580073425392,1478694.2262476517,0.005630381644194715,902.255507795325,392813.4235064341,reversal,10.0,True,resolved
2025-10-14,1006182.183026908,-0.005240752044514907,1472349.302267427,-0.004290896567795244,960.4777322082405,393773.90123864275,reversal,10.0,True,resolved
2025-10-15,1006688.9411479228,0.0005036444985442312,1474404.8590448129,0.001396106735147784,898.0729859614831,394671.9742246039,reversal,10.0,True,resolved
2025-10-16,1010779.5068455832,0.004063385948191778,1481795.8412989767,0.005012858041550494,953.88491429268,395625.859138897,reversal,10.0,True,resolved
2025-10-17,1013765.4310726111,0.0029540806939649666,1487486.5362000563,0.0038404041518236287,892.8136604573538,396518.67279935424,reversal,10.0,True,resolved
2025-10-20,1016922.5376402343,0.003114237742633197,1493592.7956411082,0.004105085520068608,1004.4042285708902,397523.077027925,reversal,10.0,True,resolved
2025-10-21,1012134.4330408028,-0.004708426081835415,1487926.269895714,-0.003793889313025156,930.7527568237726,398453.8297847493,reversal,10.0,True,resolved
2025-10-22,1002421.8054650968,-0.009596183331621155,1474585.6931967968,-0.008965885587766564,637.0734114822167,399090.9031962311,reversal,10.0,True,resolved
2025-10-23,1019138.8825582275,0.01667668939561273,1500419.3392460728,0.017519257218121087,847.2271361897934,399938.1303324211,reversal,10.0,True,resolved
2025-10-24,1035427.2997771453,0.015982529464513062,1525854.1571265901,0.01695180621525294,991.3923603138162,400929.5226927344,reversal,10.0,True,resolved
2025-10-27,1036882.3664615564,0.0014052813603855352,1529299.4372179955,0.0022579353834795146,883.6727061878731,401813.1953989223,reversal,10.0,True,resolved
2025-10-28,1036572.3126122314,-0.00029902509614776474,1530061.6334121628,0.0004983956546493751,826.6651718315554,402639.8605707535,reversal,10.0,True,resolved
2025-10-29,1033884.7984266498,-0.0025926933923295925,1527476.802526336,-0.001689363898408791,945.3988655208326,403585.25943627406,reversal,10.0,True,resolved
2025-10-30,1029720.4554943109,-0.004027859717713245,1522469.435985789,-0.003278194819237301,776.4221304369253,404361.6815667109,reversal,10.0,True,resolved
2025-10-31,1029794.9843637468,7.23777691684635e-05,1523843.7334726667,0.0009026765689965632,856.9068485156665,405218.58841522614,reversal,10.0,True,resolved
2025-11-03,1023657.2448508365,-0.005960156736151245,1516081.3198429677,-0.005093969584406999,890.7021816689125,406109.29059689544,reversal,10.0,True,resolved
2025-11-04,1019525.0788074803,-0.004036669563119544,1511176.3634477,-0.0032352858194808487,821.6425551901674,406930.9331520855,reversal,10.0,True,resolved
2025-11-05,1023785.4301240256,0.004178760684855787,1518790.317612146,0.005038428570359077,874.0279569955454,407804.9611090811,reversal,10.0,True,resolved
2025-11-06,1012890.0575545074,-0.01064224225988275,1503919.673827231,-0.009791110472902487,876.7422248645747,408681.70333394624,reversal,10.0,True,resolved
2025-11-07,1018190.8144592841,0.005233299374637568,1513084.8098363932,0.006094165911028071,863.5142677784906,409545.2176017246,reversal,10.0,True,resolved
2025-11-10,1025817.5337260156,0.007490461668308912,1525821.5400636327,0.0084177239401515,942.9429806894499,410488.16058241465,reversal,10.0,True,resolved
2025-11-11,1023829.5214569268,-0.0019379784452190352,1524288.9334303793,-0.0010044468458542122,953.3658636093754,411441.5264460241,reversal,10.0,True,resolved
2025-11-12,1025491.7450167759,0.0016235354861457996,1528041.007098661,0.0024615239184593296,859.2442365680994,412300.7706825921,reversal,10.0,True,resolved
2025-11-13,1001033.5836198068,-0.023850178722373827,1492891.6209130504,-0.02300290765910129,873.1804166220855,413173.95109921397,reversal,10.0,True,resolved
2025-11-14,1012344.7607668929,0.01129949817086473,1510880.54617478,0.012049719490506261,743.5688801487321,413917.5199793624,reversal,10.0,True,resolved
2025-11-17,999764.2912042304,-0.01242706047407438,1493456.8007898992,-0.011532179316885105,905.4106318635726,414822.9306112262,reversal,10.0,True,resolved
2025-11-18,998340.499807345,-0.0014241270761635727,1492711.9209230302,-0.0004987622450646212,923.4675858946506,415746.3981971203,reversal,10.0,True,resolved
2025-11-19,996834.7306995736,-0.0015082720855879028,1491654.4177318425,-0.000708444259314156,798.2602524013668,416544.65844952123,reversal,10.0,True,resolved
2025-11-20,979023.5205269989,-0.017867766465234358,1466298.2629893047,-0.01699867907815633,877.7347290956903,417422.39317861735,reversal,10.0,True,resolved
2025-11-21,991632.4921115664,0.01287913039901234,1486134.203919341,0.013527903176804745,633.4889269461709,418055.88210556307,reversal,10.0,True,resolved
2025-11-24,1010232.2218841367,0.018756676410395023,1515146.724207315,0.0195221402020489,752.3373911536582,418808.2194967164,reversal,10.0,True,resolved
2025-11-25,1007588.8866348665,-0.0026165620062487127,1512635.9880612502,-0.001657091096163188,963.4447370240979,419771.6642337407,reversal,10.0,True,resolved
2025-11-26,1010217.7779002734,0.00260909116831054,1518064.3285846093,0.0035886628152466127,984.4992718748312,420756.16350561514,reversal,10.0,True,resolved
2025-11-28,1014551.2041936527,0.004289596152609931,1526029.201770885,0.0052467296914233685,965.371206849846,421721.5347124645,reversal,10.0,True,resolved
2025-12-01,1010274.262916441,-0.004215599231988443,1520970.092639984,-0.003315211219438008,913.1387843227313,422634.6734967868,reversal,10.0,True,resolved
2025-12-02,1007376.8957478849,-0.002867901593565314,1517915.305002666,-0.0020084468801195854,869.3834553014174,423504.05695208855,reversal,10.0,True,resolved
2025-12-03,1008310.7028421075,0.0009269689409834303,1520673.9436787497,0.0018173864292638786,896.2111084691751,424400.26806055754,reversal,10.0,True,resolved
2025-12-04,1012554.382507069,0.004208702390047003,1528410.0051588474,0.005087258522614713,881.3973102637786,425281.6653708212,reversal,10.0,True,resolved
2025-12-05,1009835.9500084314,-0.002684727403882037,1525729.4012247156,-0.0017538513390280563,944.26461561829,426225.92998643924,reversal,10.0,True,resolved
2025-12-08,1005442.3382638673,-0.004350817322880451,1520428.0761845391,-0.0034746168199426553,885.598795439949,427111.5287818793,reversal,10.0,True,resolved
2025-12-09,1001612.5402567494,-0.003809067771833652,1515866.574467236,-0.003000143044418202,814.4305018366464,427925.95928371616,reversal,10.0,True,resolved
2025-12-10,1005302.3791770679,0.0036838984857086032,1522672.8197204904,0.004490002859022457,807.6068913909669,428733.5661751069,reversal,10.0,True,resolved
2025-12-11,1007759.4586890637,0.0024441198617346505,1527615.6049318267,0.0032461242804897594,804.2668793506601,429537.833054458,reversal,10.0,True,resolved
2025-12-12,999285.3543877857,-0.008408856129518694,1516150.521039124,-0.007505215222787798,913.3480256834096,430451.1810801412,reversal,10.0,True,resolved
2025-12-15,991376.9663399126,-0.007914043784538527,1505357.9472071356,-0.007118405252132587,800.7516341770139,431251.93271431874,reversal,10.0,True,resolved
2025-12-16,988446.1142717919,-0.002956344728223037,1502105.388082868,-0.0021606549660179164,790.2071743204556,432042.1398886391,reversal,10.0,True,resolved
2025-12-17,980197.8463698227,-0.008344681397271514,1490898.4287568277,-0.0074608342496818025,868.4846290807923,432910.62451771955,reversal,10.0,True,resolved
2025-12-18,978648.5474194261,-0.0015805981987558892,1489833.5315433051,-0.0007142654341721899,857.8472136321584,433768.47173135175,reversal,10.0,True,resolved
2025-12-19,991379.8117606672,0.013009025941755903,1510614.729752849,0.013948671290823222,928.6569330494609,434697.12866440153,reversal,10.0,True,resolved
2025-12-22,994505.1443156479,0.003152507765343815,1516697.2608606655,0.004026527074055153,864.8369044876888,435561.9655688891,reversal,10.0,True,resolved
2025-12-23,991691.2396866253,-0.0028294520597567097,1513667.4179678792,-0.0019976583138726633,826.9007753445323,436388.8663442338,reversal,10.0,True,resolved
2025-12-24,996988.8816182212,0.005342027558164153,1523044.6306386208,0.0061950284186804705,844.5457969136036,437233.4121411468,reversal,10.0,True,resolved
2025-12-26,994448.7805276483,-0.0025477727358905744,1520648.7881219722,-0.0015730612671829292,972.7653714987749,438206.1775126455,reversal,10.0,True,resolved
2025-12-29,992875.887452598,-0.0015816732906200892,1519551.070783286,-0.0007218743389405535,855.0942924320186,439061.2718050781,reversal,10.0,True,resolved
2025-12-30,989071.1113201656,-0.0038320762751065107,1514736.742049145,-0.0031682572746035698,660.5342587295972,439721.8060638079,reversal,10.0,True,resolved
2025-12-31,980025.050103775,-0.00914601701824691,1501903.3376156134,-0.008472366238486129,667.040071130121,440388.8461349375,reversal,10.0,True,resolved
2024-01-02,1000000.0,,1000000.0,,0.0,0.0,momentum,10.0,True,resolved
2024-01-03,989279.977138383,-0.010720022861616996,990269.2571155212,-0.009730742884478727,999.0009990009996,999.0009990009996,momentum,10.0,True,resolved
2024-01-04,993052.1409756109,0.003813039710092392,994045.1931165864,0.003813039710092392,0.0,999.0009990009996,momentum,10.0,True,resolved
2024-01-05,995079.1384321762,0.002041179282463279,996074.2175706081,0.002041179282463279,0.0,999.0009990009996,momentum,10.0,True,resolved
2024-01-08,1010623.67748099,0.015621409844150946,1011734.828289139,0.01572233317786953,100.42670396418558,1099.4277029651853,momentum,10.0,True,resolved
2024-01-09,1002931.0902657714,-0.007611722727882797,1004225.952476661,-0.007421782469597904,191.209571007837,1290.6372739730207,momentum,10.0,True,resolved
2024-01-10,1003598.03998688,0.0006650005444859275,1005038.9210135275,0.000809547427908619,145.43218454367414,1436.0694585166932,momentum,10.0,True,resolved
2024-01-11,996192.1805967973,-0.007379308343587021,997749.5750420562,-0.007252799686723099,124.75999597752937,1560.8294544942228,momentum,10.0,True,resolved
2024-01-12,981805.8664041222,-0.014441304070522354,983518.0150292943,-0.014263659307659382,175.21219342758698,1736.0416479218115,momentum,10.0,True,resolved
2024-01-16,974450.0829783378,-0.007492095614304195,976369.73070103,-0.007268076658515921,219.0552580558121,1955.0969059776244,momentum,10.0,True,resolved
2024-01-17,959356.1463968996,-0.015489697055907303,961606.6556967711,-0.015120373502012452,357.46570531691884,2312.562611294542,momentum,10.0,True,resolved
2024-01-18,963667.5307966447,0.004494039482560996,966285.2982504334,0.00486544318921367,353.10855598676864,2665.671167281306,momentum,10.0,True,resolved
2024-01-19,977727.8369508372,0.01459041184314791,980533.2892876463,0.014745118303062688,146.37312517860255,2812.044292459909,momentum,10.0,True,resolved
2024-01-22,980102.2595395192,0.0024285107766666147,983016.7160141974,0.002532730661653826,106.8574944061532,2918.9017868660644,momentum,10.0,True,resolved
2024-01-23,984922.462107373,0.004918060866545115,987922.1128917709,0.004990145943258417,72.06865619156824,2990.970443057632,momentum,10.0,True,resolved
2024-01-24,987748.8546091499,0.0028696599077753238,990773.5481717524,0.0028862956327952993,10.244154664173875,3001.214597721808,momentum,10.0,True,resolved
2024-01-25,990941.5528999695,0.0032322976391432334,994083.9569875557,0.003341236574101014,112.35103271697199,3113.5656304387808,momentum,10.0,True,resolved
2024-01-26,988954.4380032971,-0.002005279615994726,992192.6180001177,-0.0019025948202296972,103.73140242282918,3217.297032861608,momentum,10.0,True,resolved
2024-01-29,998853.4933871393,0.010009617231536483,1002234.2239883181,0.010120621546691577,108.56808601839043,3325.8651188799986,momentum,10.0,True,resolved
2024-01-30,998385.2456087775,-0.000468785243743719,1001870.8273797319,-0.0003625865091096969,108.83792498054817,3434.703043860546,momentum,10.0,True,resolved
2024-01-31,987440.026147389,-0.010962921887647248,990913.2969762726,-0.010937069035254154,24.338311344025612,3459.0413552045693,momentum,10.0,True,resolved
2024-02-01,1000685.7287377442,0.013414184395618145,1004433.5304032227,0.013644214350747363,222.51503881459553,3681.5563940191682,momentum,10.0,True,resolved
2024-02-02,1017709.590589558,0.017012196100056,1021806.6392040468,0.017296424576596747,282.712983982779,3964.2693780019463,momentum,10.0,True,resolved
2024-02-05,1020733.2865869188,0.002971079397619869,1024982.1370384699,0.003107728715578517,137.6022307839712,4101.871608785921,momentum,10.0,True,resolved
2024-02-06,1019094.422678247,-0.0016055750607993913,1023402.0191990713,-0.0015416052458866458,64.14147887938292,4166.013087665301,momentum,10.0,True,resolved
2024-02-07,1038857.45942022,0.01939274350068021,1043353.945998763,0.01949568832716042,105.1869969600803,4271.200084625373,momentum,10.0,True,resolved
2024-02-08,1038872.6137518273,1.4587498477158789e-05,1043478.8594120379,0.00011972295092577134,107.79181108571085,4378.991895711082,momentum,10.0,True,resolved
2024-02-09,1055749.967598454,0.016245835748499804,1060540.9506551162,0.016351161395538272,109.98882823253624,4488.980723943622,momentum,10.0,True,resolved
2024-02-12,1054509.5528892688,-0.0011749133291539815,1059431.689006565,-0.0010459394782126319,136.02777281441064,4625.008496758037,momentum,10.0,True,resolved
2024-02-13,1042752.7765725116,-0.01114904676258699,1047719.9945319712,-0.011054695263623682,101.05117437521291,4726.059671133255,momentum,10.0,True,resolved
2024-02-14,1072288.915617764,0.028325159816247725,1077674.346881078,0.028590035988086626,273.7328654925004,4999.792536625757,momentum,10.0,True,resolved
2024-02-15,1087298.5641536126,0.013997765263852768,1092988.07275855,0.014209975324913193,223.49454897056438,5223.287085596329,momentum,10.0,True,resolved
2024-02-16,1060989.7627785555,-0.02419648313941869,1066637.1907475002,-0.024109029794391,91.20521736850135,5314.492302964828,momentum,10.0,True,resolved
2024-02-20,1040458.1751235616,-0.0193513532130839,1046105.6182312906,-0.019248881151257224,107.31330767665955,5421.805610641486,momentum,10.0,True,resolved
2024-02-21,1016855.8448358505,-0.022684554604905816,1022460.0223567092,-0.022603449845303714,75.49926614302309,5497.3048767845185,momentum,10.0,True,resolved
2024-02-22,1086235.0395629741,0.06822913501404271,1092345.037810197,0.06834987571680995,144.34964532399482,5641.654522108514,momentum,10.0,True,resolved
2024-02-23,1077115.4183328713,-0.008395624241482769,1083326.5213618362,-0.008256106025290477,146.6314029787838,5788.2859250873,momentum,10.0,True,resolved
2024-02-26,1089457.0607083747,0.011458050052431279,1095849.3178623398,0.011559577148320344,107.08868802346427,5895.374613110758,momentum,10.0,True,resolved
2024-02-27,1093695.614244561,0.003890519130171466,1100175.676439252,0.003947950239501452,56.72959924065953,5952.10421235142,momentum,10.0,True,resolved
2024-02-28,1085731.4266695473,-0.0072819050120399575,1092174.8551457624,-0.007272312472299314,7.015530165895318,5959.119742517315,momentum,10.0,True,resolved
2024-02-29,1107106.0870005158,0.019686876336014958,1113679.4454868564,0.019689695509629734,7.001513122606814,5966.121255639929,momentum,10.0,True,resolved
2024-03-01,1137498.4927202961,0.0274521168988624,1144269.565725802,0.02746761679306453,22.981337341154845,5989.102592981084,momentum,10.0,True,resolved
2024-03-04,1170428.4226916526,0.028949427346145695,1177424.3907721185,0.028974662998475065,43.36371654233386,6032.466309523423,momentum,10.0,True,resolved
2024-03-05,1161334.1024398152,-0.007770078097490973,1168408.2197289676,-0.0076575371750523535,136.94366865470207,6169.409978178126,momentum,10.0,True,resolved
2024-03-06,1181415.394749815,0.017291572053047988,1188755.5486340574,0.017414571860689065,145.23790250512212,6314.647880683251,momentum,10.0,True,resolved
2024-03-07,1197573.943732018,0.013677279857712277,1205033.7907589225,0.013693515158410552,28.85682211518131,6343.504702798427,momentum,10.0,True,resolved
2024-03-08,1180654.8190348085,-0.014127833012535285,1188138.8051771552,-0.014020341762472022,112.91006643279103,6456.414769231219,momentum,10.0,True,resolved
2024-03-11,1152184.4941606775,-0.024114012338852464,1159762.913827344,-0.023882639996410382,268.1187518727441,6724.533521103963,momentum,10.0,True,resolved
2024-03-12,1181722.7937613297,0.02563677930952335,1189730.868020811,0.02583972451280525,264.6023704076986,6989.13589151166,momentum,10.0,True,resolved
2024-03-13,1186867.6521547094,0.0043536931169823045,1195023.3280579876,0.004448451477081505,109.25990987306854,7098.395801384731,momentum,10.0,True,resolved
2024-03-14,1168102.6668234132,-0.01581051206276385,1176160.0920186962,-0.015784826619197223,18.675431444968503,7117.0712328297,momentum,10.0,True,resolved
2024-03-15,1163242.5635825656,-0.00416068157267746,1171450.122761734,-0.004004530751318236,171.12347277468993,7288.194705604387,momentum,10.0,True,resolved
2024-03-18,1169899.877315747,0.0057230658003764034,1178463.5828392326,0.005986989920632846,303.970357306062,7592.165062910444,momentum,10.0,True,resolved
2024-03-19,1169180.1675923264,-0.0006151891605220561,1177918.730493434,-0.00046234126682631604,181.04457976446523,7773.2096426749185,momentum,10.0,True,resolved
2024-03-20,1204010.625821239,0.029790496960480084,1213044.5344379966,0.029820227011627676,29.499130037239418,7802.708772712157,momentum,10.0,True,resolved
2024-03-21,1225526.1292457103,0.017869861746274696,1234722.3405169782,0.017870577265347354,0.0,7802.708772712157,momentum,10.0,True,resolved
2024-03-22,1222253.6331335404,-0.002670278531053505,1231433.921323138,-0.0026632863810200913,23.143000778961742,7825.851773491119,momentum,10.0,True,resolved
2024-03-25,1242140.5745231349,0.01627071570947969,1251551.353486644,0.016336590876017576,77.79990564099901,7903.651679132121,momentum,10.0,True,resolved
2024-03-26,1229045.344861107,-0.010542469935059695,1238420.0461274516,-0.010492024416425716,54.970356164189894,7958.622035296319,momentum,10.0,True,resolved
2024-03-27,1223763.555382025,-0.0042974732390194115,1233150.6341949082,-0.004254947220065475,39.2031109472139,7997.8251462435255,momentum,10.0,True,resolved
2024-03-28,1229082.7831078963,0.0043466139373720125,1238802.3965343088,0.004583188933029669,287.63303894086573,8285.45818518438,momentum,10.0,True,resolved
2024-04-01,1227330.5326916818,-0.0014256569535404662,1237338.095460745,-0.0011820295776471257,293.7974449301499,8579.255630114512,momentum,10.0,True,resolved
2024-04-02,1217972.8683346708,-0.007624404435281562,1228122.2280322264,-0.00744814005349681,212.6691097758042,8791.92473989031,momentum,10.0,True,resolved
2024-04-03,1235927.2350386968,0.014741187731525551,1246651.7037738264,0.015087647889322042,412.9565953018288,9204.881335192133,momentum,10.0,True,resolved
2024-04-04,1215464.4733555734,-0.016556607139159518,1226267.201974159,-0.016351400906893132,253.73026178505026,9458.611596977174,momentum,10.0,True,resolved
2024-04-05,1233543.9647513912,0.014874553548986258,1244635.353099915,0.01497891413566732,128.93450448620953,9587.546101463386,momentum,10.0,True,resolved
2024-04-08,1235159.8016639221,0.001309914327096262,1246430.825786887,0.001442569249298753,170.1424226721159,9757.688524135488,momentum,10.0,True,resolved
2024-04-09,1219645.2737202945,-0.012560745518699346,1230837.7289633402,-0.012510198320635046,52.25531631111102,9809.94384044661,momentum,10.0,True,resolved
2024-04-10,1217245.4778149726,-0.0019676179271385097,1228415.7284946283,-0.001967765865246718,2.637792914295937,9812.581633360893,momentum,10.0,True,resolved
2024-04-11,1232316.6873899482,0.01238140527088194,1243616.5754446737,0.01237435063508463,0.0,9812.581633360893,momentum,10.0,True,resolved
2024-04-12,1200687.0015537755,-0.02566684859487256,1211767.6631258281,-0.025609913013146746,64.72873003766897,9877.310363398561,momentum,10.0,True,resolved
2024-04-15,1177510.4807178262,-0.019302716533082576,1188572.6129788011,-0.019141499524086947,186.70995834131753,10064.020321739878,momentum,10.0,True,resolved
2024-04-16,1176405.351447743,-0.0009385303045537086,1187642.8328050694,-0.000782266193566028,185.7614210046216,10249.7817427445,momentum,10.0,True,resolved
2024-04-17,1168993.3993559282,-0.00630050864924514,1180242.2916447958,-0.006231285160703037,79.3927464643892,10329.174489208895,momentum,10.0,True,resolved
2024-04-18,1150543.9354254338,-0.015782350816231583,1161692.4033905398,-0.01571701707825157,68.70020205322237,10397.874691262119,momentum,10.0,True,resolved
2024-04-19,1137677.435339608,-0.0111829715403855,1149047.9797989766,-0.010884485044973191,339.0080948881128,10736.882786150245,momentum,10.0,True,resolved
2024-04-22,1141997.3596934013,0.0037971433902121987,1153915.7131537595,0.004236318622338642,498.6591114225098,11235.541897572752,momentum,10.0,True,resolved
2024-04-23,1152539.1402089053,0.009231002529055177,1164797.280692869,0.009430123374756016,224.74174369423758,11460.283641267008,momentum,10.0,True,resolved
2024-04-24,1154456.3452180007,0.0016634619530127015,1166768.5209464775,0.0016923462015947521,35.00492062416624,11495.288561891179,momentum,10.0,True,resolved
2024-04-25,1167077.017213892,0.010932134461531406,1179683.9654798156,0.011069414628071206,154.28477179906554,11649.573333690249,momentum,10.0,True,resolved
2024-04-26,1175771.8576313,0.007450099941274546,1188615.2558728685,0.007570917851223102,149.07234759993696,11798.645681290196,momentum,10.0,True,resolved
2024-04-29,1182007.7546473867,0.005303662420232946,1194982.6353095435,0.005356972666482385,63.12994319097517,11861.775624481163,momentum,10.0,True,resolved
2024-04-30,1158692.003787441,-0.019725548134750803,1171490.4790953298,-0.019658993796280888,78.04696538952577,11939.822589870699,momentum,10.0,True,resolved
2024-05-01,1148592.6689303182,-0.008716151336257472,1161480.407033087,-0.008544731895706814,204.25546336110972,12144.078053231804,momentum,10.0,True,resolved
2024-05-02,1160265.2184961038,0.010162479599191698,1173678.4045884283,0.010502112202219749,387.59311054936995,12531.67116378119,momentum,10.0,True,resolved
2024-05-03,1171323.2983836166,0.009530648433851985,1185111.057208332,0.00974087328795381,246.97532677086758,12778.646490552046,momentum,10.0,True,resolved
2024-05-06,1185242.3278843032,0.01188316626152175,1199304.0862181466,0.011976117279040466,110.6656096318543,12889.312100183883,momentum,10.0,True,resolved
2024-05-07,1177495.3461627325,-0.006536200690199223,1191610.8211553798,-0.006414774327190509,136.60713281937507,13025.919233003267,momentum,10.0,True,resolved
2024-05-08,1174278.063306832,-0.0027323104642281715,1188538.6738063453,-0.002578146568067985,184.72884101208533,13210.64807401534,momentum,10.0,True,resolved
2024-05-09,1181892.3933190866,0.006484264885960878,1196436.5452350297,0.006645026874380955,184.936419238949,13395.584493254273,momentum,10.0,True,resolved
2024-05-10,1173574.4042104294,-0.0070378565389510594,1188283.9398819767,-0.006814072493457224,263.05208383632026,13658.63657709059,momentum,10.0,True,resolved
2024-05-13,1178084.9198709242,0.0038433998256202084,1193186.9282058242,0.004126108381414806,333.9006068219576,13992.537183912562,momentum,10.0,True,resolved
2024-05-14,1189578.3758831015,0.009756050534486471,1205012.9811102683,0.009911316177614093,181.21887184943694,14173.756055761985,momentum,10.0,True,resolved
2024-05-15,1202681.3906175767,0.011014839375125707,1218365.3326399752,0.011080670282410221,75.42360274712914,14249.1796585091,momentum,10.0,True,resolved
2024-05-16,1192489.4280904906,-0.008474366200887595,1208202.475176527,-0.008341387588094995,161.72998253896876,14410.909641048054,momentum,10.0,True,resolved
2024-05-17,1196317.8378353405,0.003210434956207653,1212333.150246936,0.003418859963687293,248.26707395700984,14659.176715005058,momentum,10.0,True,resolved
2024-05-20,1204595.50940303,0.006919291266831884,1220832.5707589127,0.007010796092019378,108.88043428391653,14768.057149288987,momentum,10.0,True,resolved
2024-05-21,1209263.2184296409,0.0038749181697714796,1225577.3416461386,0.0038865041782727427,13.45606395273414,14781.51321324172,momentum,10.0,True,resolved
2024-05-22,1217212.733119625,0.006573849736625004,1233651.093204202,0.006587712813961755,13.429178710071344,14794.942391951787,momentum,10.0,True,resolved
2024-05-23,1200997.268805644,-0.013321799774819842,1217279.9838212808,-0.013270453431366791,65.74263747471485,14860.6850294265,momentum,10.0,True,resolved
2024-05-24,1221922.353695955,0.017423091154170844,1238655.9858336078,0.01756046455740079,163.27402619277137,15023.959055619285,momentum,10.0,True,resolved
2024-05-28,1212768.3557296435,-0.007491472709884817,1229537.8901922016,-0.007361281700237199,155.4153497955961,15179.374405414881,momentum,10.0,True,resolved
2024-05-29,1196840.6123046435,-0.013133376501580418,1213498.7056268058,-0.013044888403470511,105.48772894723446,15284.862134362134,momentum,10.0,True,resolved
2024-05-30,1199143.8673546053,0.0019244459339717856,1215951.2716795688,0.002021070184410556,118.19615401342239,15403.058288375569,momentum,10.0,True,resolved
2024-05-31,1180081.8784130027,-0.01589633192525486,1196833.8501341206,-0.015722193800613238,216.7082716084436,15619.766559984015,momentum,10.0,True,resolved
2024-06-03,1170670.2994279321,-0.007975360995906011,1187624.534948432,-0.007694731549125811,331.9204109664251,15951.686970950439,momentum,10.0,True,resolved
2024-06-04,1156305.2895740657,-0.012270756216234524,1173307.9594691643,-0.012054799356169599,252.3445890976556,16204.031560048094,momentum,10.0,True,resolved
2024-06-05,1187716.1394705928,0.027164841482388846,1205378.964733014,0.027333834229130716,193.4606847810805,16397.492244829184,momentum,10.0,True,resolved
2024-06-06,1175542.13574408,-0.010249927000183123,1193181.3719092042,-0.010119301216204413,149.87645236456933,16547.368697193764,momentum,10.0,True,resolved
2024-06-07,1161456.3971943622,-0.011982334040967269,1179076.2890470196,-0.011821407201165979,187.22578679884887,16734.594483992623,momentum,10.0,True,resolved
2024-06-10,1169749.1185472568,0.007139933425763134,1187754.6214453403,0.007360280652692008,251.9751782904135,16986.56966228306,momentum,10.0,True,resolved
2024-06-11,1170192.1053925364,0.0003787024399126704,1188348.2658080214,0.0004998038752808132,142.16065905500315,17128.730321338066,momentum,10.0,True,resolved
2024-06-12,1188367.8145199136,0.01553224384579166,1206925.8326911211,0.015633099670884665,117.94938657356103,17246.6797079116,momentum,10.0,True,resolved
2024-06-13,1184990.1501693989,-0.0028422718195875163,1203573.4663593026,-0.002777607572077234,73.2106425866931,17319.890350498303,momentum,10.0,True,resolved
2024-06-14,1160339.504232516,-0.020802405769667298,1178555.7919758414,-0.020786163107381683,16.380323463514273,17336.27067396184,momentum,10.0,True,resolved
2024-06-17,1160130.2367092457,-0.00018035025310003672,1178388.498897479,-0.00014194752552354473,40.16544141353254,17376.436115375367,momentum,10.0,True,resolved
2024-06-18,1167868.3103052592,0.006670004238457539,1186282.7443336828,0.006699187444200172,34.18769401548028,17410.623809390847,momentum,10.0,True,resolved
2024-06-20,1152021.2890381566,-0.013569185093275205,1170333.8403192349,-0.013444437332186143,146.42138725882432,17557.045196649648,momentum,10.0,True,resolved
2024-06-21,1141341.875258049,-0.009270153148839833,1159725.9936161828,-0.009063949394267357,239.11476432485418,17796.159960974503,momentum,10.0,True,resolved
2024-06-24,1124362.1367595308,-0.014876995987446184,1142705.2418363353,-0.014676528657234345,225.7699661175921,18021.929927092093,momentum,10.0,True,resolved
2024-06-25,1132551.9691088558,0.00728398091821969,1151436.155713642,0.007640565176086911,401.2982653199867,18423.228192412076,momentum,10.0,True,resolved
2024-06-26,1126038.9892375339,-0.00575071171033914,1145220.556888503,-0.005398127194717661,400.6022521598197,18823.83044457193,momentum,10.0,True,resolved
2024-06-27,1126254.627587725,0.00019150167290127307,1145579.443916434,0.00031337808754150487,135.69432948071932,18959.524774052617,momentum,10.0,True,resolved
2024-06-28,1129375.8878794203,0.00277136290075064,1148790.4347223984,0.00280294031375683,35.53188535975575,18995.056659412374,momentum,10.0,True,resolved
2024-07-01,1126815.1703376102,-0.0022673740154115496,1146457.2043769304,-0.002031032183891668,269.25036641814563,19264.307025830483,momentum,10.0,True,resolved
2024-07-02,1129028.2963578403,0.0019640541576726456,1148965.9114645217,0.0021882256729806038,248.78913226555824,19513.09615809601,momentum,10.0,True,resolved
2024-07-03,1136453.9319086475,0.006577014566208739,1156662.9664688532,0.0066991152022259914,141.849929860864,19654.94608795686,momentum,10.0,True,resolved
2024-07-05,1139758.7289385456,0.002907990317168263,1160198.0814929039,0.003056305187018271,162.9950633907633,19817.94115134765,momentum,10.0,True,resolved
2024-07-08,1146037.1990398166,0.005508595759664114,1166722.3363843812,0.005623397414243447,136.58092933550574,19954.522080683168,momentum,10.0,True,resolved
2024-07-09,1143224.5828932915,-0.002454210167769144,1164049.1121297283,-0.0022912257452248896,190.00079919773776,20144.522879880882,momentum,10.0,True,resolved
2024-07-10,1157522.1064990854,0.012506312250222473,1178692.7830441357,0.012579942514294284,87.24454095768613,20231.76742083858,momentum,10.0,True,resolved
2024-07-11,1149573.366143266,-0.006867031144537128,1170760.6803838895,-0.006729575996690551,159.9728566347272,20391.740277473295,momentum,10.0,True,resolved
2024-07-12,1164110.063546314,0.012645297665356825,1185910.902872974,0.012940494793621582,338.1004679086495,20729.84074538193,momentum,10.0,True,resolved
2024-07-15,1174870.7433756012,0.009243696250255118,1197159.7420376374,0.009485399904336944,283.09539293513023,21012.936138317058,momentum,10.0,True,resolved
2024-07-16,1186451.3685201867,0.009856935505358155,1209186.4777200534,0.010046057564503386,221.21463295005026,21234.150771267075,momentum,10.0,True,resolved
2024-07-17,1159463.786512072,-0.022746471304403548,1181941.3937977464,-0.02253174710792183,250.0984528640781,21484.249224131156,momentum,10.0,True,resolved
2024-07-18,1147126.0559156945,-0.010640893437036225,1169665.2462339124,-0.010386426626779688,300.88205525230757,21785.131279383502,momentum,10.0,True,resolved
2024-07-19,1138228.8163953342,-0.007756113179085644,1160777.59288684,-0.007598458940016317,181.39774812055924,21966.52902750408,momentum,10.0,True,resolved
2024-07-22,1149072.7327712756,0.009527009174028045,1171854.644739746,0.009542785733275272,21.362198366918957,21987.891225871015,momentum,10.0,True,resolved
2024-07-23,1146893.6444986416,-0.0018963884621807647,1169657.1649487694,-0.001875215327123425,23.32993654666673,22011.22116241769,momentum,10.0,True,resolved
2024-07-24,1107984.3784137615,-0.033925784026721195,1130030.880605326,-0.033878546236391416,40.33769432886337,22051.558856746567,momentum,10.0,True,resolved
2024-07-25,1103760.3367489227,-0.0038123657220565654,1126004.1761128455,-0.0035633579237440705,279.53761939510895,22331.096476141705,momentum,10.0,True,resolved
2024-07-26,1117946.4474638267,0.01285252807388293,1140962.2314029858,0.013284191664171274,475.9135932314071,22807.01006937314,momentum,10.0,True,resolved
2024-07-29,1119689.805358049,0.0015594288064308959,1143082.8437282108,0.001858617460647638,340.8724637959623,23147.882533169097,momentum,10.0,True,resolved
2024-07-30,1121661.4758613408,0.0017609077923694816,1145266.5136803612,0.001910333939601605,162.25491313243492,23310.137446301553,momentum,10.0,True,resolved
2024-07-31,1121628.510781993,-2.938950838315968e-05,1145399.4066688048,0.00011603673630222744,169.8734170013911,23480.010863302974,momentum,10.0,True,resolved
2024-08-01,1101958.2859127014,-0.01753720120361202,1125428.5056103012,-0.017435752927955073,126.28982958761888,23606.300692890596,momentum,10.0,True,resolved
2024-08-02,1077919.0894734461,-0.021814978612683777,1101093.6905504346,-0.021622710761773467,210.58279994767116,23816.883492838268,momentum,10.0,True,resolved
2024-08-05,1055010.0514183664,-0.02125302193717582,1078105.4534487906,-0.02087763947693888,400.28486542050234,24217.1683582588,momentum,10.0,True,resolved
2024-08-06,1057372.3419593016,0.0022391166205093516,1080718.2632914823,0.002423519734858548,197.65645728211192,24414.824815540876,momentum,10.0,True,resolved
2024-08-07,1042889.8352813262,-0.013696695197398023,1066034.971369422,-0.013586604780176703,119.20688016224148,24534.03169570313,momentum,10.0,True,resolved
2024-08-08,1058581.3287794043,0.015046165920147514,1082209.561425714,0.01517266364677905,133.0776381687152,24667.10933387181,momentum,10.0,True,resolved
2024-08-09,1057977.9879521315,-0.0005699522661791745,1081654.3021542472,-0.0005130792512453297,62.258572592689866,24729.367906464508,momentum,10.0,True,resolved
2024-08-12,1054330.4861542946,-0.0034476159611762647,1078143.2010189656,-0.003246047400069396,210.4811171617069,24939.849023626215,momentum,10.0,True,resolved
2024-08-13,1067749.529818678,0.012727549701545549,1092051.9837424918,0.012900682126809171,180.6255099810671,25120.474533607292,momentum,10.0,True,resolved
2024-08-14,1069039.7403705486,0.0012083456989109287,1093436.575237896,0.0012678805734680498,61.8641371355823,25182.33867074288,momentum,10.0,True,resolved
2024-08-15,1073878.875003642,0.00452661809505428,1098499.571898641,0.00463035239116949,110.57123356839777,25292.909904311276,momentum,10.0,True,resolved
2024-08-16,1078519.4850773439,0.004321353349730606,1103418.1568156525,0.0044775483239472,166.15138490855588,25459.06128921981,momentum,10.0,True,resolved
2024-08-19,1081849.5208653086,0.003087599096761595,1106935.0154563528,0.003187240140084091,109.52140639558299,25568.582695615387,momentum,10.0,True,resolved
2024-08-20,1076575.7483474363,-0.004874774556126837,1101544.7975713767,-0.004869498037112896,2.9621119379278342,25571.544807553346,momentum,10.0,True,resolved
2024-08-21,1081422.2129646114,0.004501740471689386,1106540.3512239552,0.0045350435711670745,39.41105110834869,25610.955858661695,momentum,10.0,True,resolved
2024-08-22,1080327.6331257767,-0.0010121669646807607,1105511.7997617621,-0.0009295200677095217,88.71587736095452,25699.671736022658,momentum,10.0,True,resolved
2024-08-23,1090771.0843956708,0.009666929688429304,1116565.1989346687,0.009998445222645813,360.4118862032271,26060.08362222588,momentum,10.0,True,resolved
2024-08-26,1088986.26791908,-0.0016362887705072549,1115251.037273357,-0.0011769681363574813,502.81362276379616,26562.897244989672,momentum,10.0,True,resolved
2024-08-27,1095152.194259099,0.0056620790561492385,1121789.2068820077,0.005862509327618115,218.67354073728904,26781.57078572696,momentum,10.0,True,resolved
2024-08-28,1086030.1346869182,-0.008329490293677466,1112544.3373803098,-0.008241182429802318,97.7680248810838,26879.338810608017,momentum,10.0,True,resolved
2024-08-29,1088985.2354275035,0.002721011734575063,1115677.1386882432,0.0028158889517249097,100.8938195794908,26980.232630187485,momentum,10.0,True,resolved
2024-08-30,1096714.778207354,0.00709793166003414,1123809.4576870282,0.007289132955029087,208.9666031908636,27189.19923337838,momentum,10.0,True,resolved
2024-09-03,1081386.2762490406,-0.013976744239161953,1108470.476998726,-0.013649093788436595,363.13572372648935,27552.33495710486,momentum,10.0,True,resolved
2024-09-04,1084369.7302086616,0.002758916055389138,1111729.9680763048,0.002940530348092052,198.02069407498317,27750.355651179878,momentum,10.0,True,resolved
2024-09-05,1077038.7791185614,-0.006760564119296819,1104304.7956403266,-0.006678935217358961,90.78362700366323,27841.139278183535,momentum,10.0,True,resolved
2024-09-06,1059953.8814725166,-0.015862843545918492,1087079.1096081145,-0.01559866995073933,290.5663540810466,28131.705632264573,momentum,10.0,True,resolved
2024-09-09,1069389.7717120307,0.00890217056086029,1097142.8784435005,0.009257623246033964,371.71984724199194,28503.425479506586,momentum,10.0,True,resolved
2024-09-10,1069508.6011148586,0.00011111888852055607,1097525.3821306871,0.0003486361664484239,255.41214985119848,28758.83762935778,momentum,10.0,True,resolved
2024-09-11,1085322.5724162213,0.01478620301405531,1113999.5909536397,0.015010321484292488,240.2592592083489,28999.096888566128,momentum,10.0,True,resolved
2024-09-12,1094454.586407904,0.008414101230155513,1123651.8591674862,0.008664516838452041,278.18714399500465,29277.284032561154,momentum,10.0,True,resolved
2024-09-13,1109898.8372487195,0.014111367463409241,1139684.472502973,0.014268310246347449,176.22217878675917,29453.506211347914,momentum,10.0,True,resolved
2024-09-16,1120742.0316476088,0.009769533974617106,1150960.3397578818,0.009893850032145268,137.96333112469983,29591.469542472594,momentum,10.0,True,resolved
2024-09-17,1124506.8218946003,0.003359194302239965,1155058.471911783,0.003560619781880048,230.06618653732005,29821.535729009913,momentum,10.0,True,resolved
2024-09-18,1123703.6429164298,-0.0007142499827766935,1154400.7517637836,-0.0005694258463909696,170.49923171006589,29992.034960719964,momentum,10.0,True,resolved
2024-09-19,1128559.8241159457,0.004321585348706636,1159486.511277717,0.004405540715529677,84.79982426292507,30076.83478498292,momentum,10.0,True,resolved
2024-09-20,1129789.7525951758,0.0010898212508969607,1160933.5165565554,0.001247970773927909,174.21505541987725,30251.04984040279,momentum,10.0,True,resolved
2024-09-23,1136746.1912144157,0.006157285993487527,1168358.5157659487,0.006395714400094565,275.36683670095636,30526.416677103756,momentum,10.0,True,resolved
2024-09-24,1139112.6739334185,0.0020818039570245084,1171026.2053298748,0.0022832799418397443,233.57653045519484,30759.993207558953,momentum,10.0,True,resolved
2024-09-25,1138157.3044174844,-0.0008386962394466568,1170201.1987090283,-0.0007045159340511864,155.68533226311305,30915.67853982204,momentum,10.0,True,resolved
2024-09-26,1147918.3376461195,0.008576172371560498,1180378.5079389939,0.008697059310136757,133.0134704665121,31048.69201028858,momentum,10.0,True,resolved
2024-09-27,1154172.514190271,0.0054482765359216145,1186887.140477415,0.005514021557191384,75.76540122697853,31124.45741151554,momentum,10.0,True,resolved
2024-09-30,1147590.4843795716,-0.005702812820245651,1180302.1395274762,-0.0055481273032329526,184.61611914402917,31309.07353065956,momentum,10.0,True,resolved
2024-10-01,1139346.554074032,-0.00718368653082424,1172010.6167441094,-0.0070249154904405975,182.14895963216642,31491.222490291708,momentum,10.0,True,resolved
2024-10-02,1144512.564023382,0.00453418666241423,1177357.5548602443,0.004562192560156886,31.15716412919604,31522.379654420885,momentum,10.0,True,resolved
2024-10-03,1149815.4924394034,0.00463335098513884,1182849.2228575405,0.00466440120473699,41.035981224558114,31563.41563564544,momentum,10.0,True,resolved
2024-10-04,1177549.4288168265,0.024120336314641166,1211617.1190461558,0.024320848027542752,233.93646156508635,31797.352097210507,momentum,10.0,True,resolved
2024-10-07,1170042.3192883027,-0.0063751969512370055,1204138.4185383797,-0.006172494916268367,240.62952285042033,32037.981620060953,momentum,10.0,True,resolved
2024-10-08,1188009.047530701,0.0153556225669913,1222647.3292954606,0.015371082320874363,28.142974231046853,32066.124594291967,momentum,10.0,True,resolved
2024-10-09,1198547.7641098083,0.008870905992687694,1233517.5235711858,0.008890702997722988,27.228286864107286,32093.352881156075,momentum,10.0,True,resolved
2024-10-10,1199328.336769905,0.0006512653758745657,1234373.4913463746,0.000693924292790582,54.06604231744287,32147.418923473495,momentum,10.0,True,resolved
2024-10-11,1217588.604961073,0.015225412117208625,1253324.8107767035,0.015352986404186364,152.13759558837359,32299.556519061844,momentum,10.0,True,resolved
2024-10-14,1223540.294074087,0.0048880952801000355,1259594.0711813208,0.005002103485633569,137.54610807660868,32437.102627138436,momentum,10.0,True,resolved
2024-10-15,1208053.7649036897,-0.012657146842978806,1243655.4788785907,-0.01265375303631111,12.472317912139498,32449.574945050543,momentum,10.0,True,resolved
2024-10-16,1243142.7520820708,0.029045882060703132,1279793.405736073,0.029057827888208987,17.478216999371128,32467.053162049913,momentum,10.0,True,resolved
2024-10-17,1235607.1884241386,-0.006061704213221941,1272056.2017149625,-0.0060456664227460655,17.443295486884875,32484.496457536796,momentum,10.0,True,resolved
2024-10-18,1240316.2207092042,0.0038111078740739046,1276940.4867958317,0.0038396771104014515,45.29112195118472,32529.78757948798,momentum,10.0,True,resolved
2024-10-21,1257625.8492631963,0.013955818899227701,1294858.8771412391,0.014032283047402894,130.3961923500114,32660.183771837987,momentum,10.0,True,resolved
2024-10-22,1257128.4347979252,-0.0003955186397947008,1294433.9090769317,-0.0003281964326843356,85.02534124757831,32745.209113085588,momentum,10.0,True,resolved
2024-10-23,1246682.6237425706,-0.008309263211466189,1283690.5096005125,-0.008299689463543425,17.679932382106063,32762.88904546769,momentum,10.0,True,resolved
2024-10-24,1254087.746689888,0.0059398621640260885,1291388.565201426,0.005996815855021875,66.81710292167023,32829.70614838942,momentum,10.0,True,resolved
2024-10-25,1259100.242880224,0.0039969262147456774,1296671.4749431135,0.004090875422041229,129.21695312892345,32958.923101518376,momentum,10.0,True,resolved
2024-10-28,1280455.9292439267,0.01696106921149587,1318851.672437158,0.01710548733634898,192.38715515563814,33151.31025667397,momentum,10.0,True,resolved
2024-10-29,1297081.5891260025,0.012984171889377505,1336085.5212650876,0.013067313927791924,123.14296148540603,33274.453218159346,momentum,10.0,True,resolved
2024-10-30,1294281.9379810598,-0.0021584233161686672,1333282.7858729777,-0.0020977215511295277,92.48093068538388,33366.93414884472,momentum,10.0,True,resolved
2024-10-31,1278159.9020620661,-0.012456355486303305,1316768.0766961258,-0.012386501462282595,95.6529801756211,33462.58712902039,momentum,10.0,True,resolved
2024-11-01,1268891.8279575282,-0.007251106915172056,1307285.541152044,-0.007201371078097707,51.56404175657357,33514.1511707769,momentum,10.0,True,resolved
2024-11-04,1252164.317639274,-0.013182770942090083,1290271.961030914,-0.013014433025960614,189.9160923588172,33704.0672631357,momentum,10.0,True,resolved
2024-11-05,1313101.5602044761,0.048665531916839866,1353195.2656889702,0.04876747426781347,158.4054553319543,33862.47271846768,momentum,10.0,True,resolved
2024-11-06,1394187.6889236432,0.061751604884652256,1436802.1920750649,0.06178482034780597,28.268548056095124,33890.74126652382,momentum,10.0,True,resolved
2024-11-07,1509390.3806559648,0.08263069072232421,1555270.4870721733,0.08245275212589531,32.285441389709845,33923.026707913494,momentum,10.0,True,resolved
2024-11-08,1601911.0407823268,0.061296707142226126,1650474.1905086322,0.061213598681269854,15.087659492166248,33938.11436740563,momentum,10.0,True,resolved
2024-11-11,1627132.178068393,0.015744405677951212,1676505.2750601766,0.015771882227084255,7.0160674650877795,33945.130434870734,momentum,10.0,True,resolved
2024-11-12,1628470.462001467,0.0008224801593332831,1677874.1589802492,0.0008165103566544207,1.9999441259059159,33947.13037899659,momentum,10.0,True,resolved
2024-11-13,1613767.236979961,-0.009028855827961979,1662731.5662172975,-0.009024867974696593,8.412449954038962,33955.54282895063,momentum,10.0,True,resolved
2024-11-14,1608467.291800946,-0.0032842067043902246,1657272.129131268,-0.003283414591358058,8.395641862222703,33963.93847081278,momentum,10.0,True,resolved
2024-11-15,1638901.4333709953,0.01892120637154715,1688603.2197829299,0.01890521785826782,1.1341185711465274,33965.07258938393,momentum,10.0,True,resolved
2024-11-18,1637380.8516085201,-0.0009278054991675999,1687050.8147273876,-0.0009193427072475835,14.948259961416765,33980.02084934531,momentum,10.0,True,resolved
2024-11-19,1694202.7596767985,0.0347029269411927,1745576.3126047011,0.034691010707208925,64.76910026077044,34044.78994960613,momentum,10.0,True,resolved
2024-11-20,1695870.113942451,0.0009841527267790973,1747372.346073562,0.0010289057292378612,84.66835223386144,34129.45830183992,momentum,10.0,True,resolved
2024-11-21,1689310.583311916,-0.003867943999134371,1740688.3193233688,-0.003825187439421618,37.699254128586595,34167.15755596858,momentum,10.0,True,resolved
2024-11-22,1742510.4271607914,0.03149204437266717,1795491.5843031479,0.03148367480347192,3.968907818101455,34171.12646378663,momentum,10.0,True,resolved
2024-11-25,1725233.4655943753,-0.009914983174342806,1777725.9815729205,-0.009894561960379522,0.7300751340656407,34171.8565389207,momentum,10.0,True,resolved
2024-11-26,1739299.0529402997,0.008152860251339211,1792209.0754060717,0.008146977646316778,34.87686685939348,34206.733405780105,momentum,10.0,True,resolved
2024-11-27,1739781.2751630866,0.0002772508971196075,1792874.2080733646,0.00037112448342124793,150.2946975989366,34357.02810337904,momentum,10.0,True,resolved
2024-11-29,1757630.3495733174,0.010259378385686801,1811383.2657577735,0.010323678929097246,140.76125129355427,34497.78935467262,momentum,10.0,True,resolved
2024-12-02,1761941.4511472778,0.0024527919508257057,1816080.705425179,0.0025932886519410836,275.12128562181664,34772.910640294474,momentum,10.0,True,resolved
2024-12-03,1822748.9780071392,0.03451166145178486,1878938.1356762673,0.034611584200698875,262.633511898967,35035.544152193455,momentum,10.0,True,resolved
2024-12-04,1844267.3985830257,0.011805476692360095,1901115.38944289,0.01180307820972537,12.716316897607813,35048.26046909102,momentum,10.0,True,resolved
2024-12-05,1861137.336709984,0.009147230027445996,1918469.5389698662,0.00912840410600313,13.096603867025543,35061.35707295805,momentum,10.0,True,resolved
2024-12-06,1919761.469777908,0.031499090320522116,1979015.5112347095,0.031559517122879965,173.89938135042212,35235.256454308525,momentum,10.0,True,resolved
2024-12-09,1770626.2163635471,-0.0776842622180629,1825641.576506323,-0.07750011753707597,171.82245345247225,35407.07890776092,momentum,10.0,True,resolved
2024-12-10,1715771.6288195588,-0.030980331725036225,1769197.872834429,-0.030917187907118504,58.90490087014315,35465.98380863106,momentum,10.0,True,resolved
2024-12-11,1768195.2199807132,0.03055394452303739,1823401.9723987964,0.030637669418812408,198.72507981455067,35664.70888844566,momentum,10.0,True,resolved
2024-12-12,1746824.0665397218,-0.012086421906074674,1801625.833904206,-0.011942587988945985,181.3481884997332,35846.05707694533,momentum,10.0,True,resolved
2024-12-13,1757221.9505245232,0.005952450612498383,1812402.2255760792,0.005981481542435496,30.381929262455788,35876.439006207846,momentum,10.0,True,resolved
2024-12-16,1800236.1033559698,0.02447849733416274,1856723.1202369514,0.024454226570365556,18.654054794395496,35895.09306100224,momentum,10.0,True,resolved
2024-12-17,1776078.8028158112,-0.013418962376726573,1832088.3744777134,-0.013267861799498792,259.5895022361699,36154.68256323842,momentum,10.0,True,resolved
2024-12-18,1680174.1219160457,-0.05399798744724471,1733468.8704195833,-0.05382901034249743,277.9688825412678,36432.651445779746,momentum,10.0,True,resolved
2024-12-19,1699703.0264981613,0.011623143296508598,1754306.8199074497,0.012020953963149283,716.2230713644716,37148.874517144235,momentum,10.0,True,resolved
2024-12-20,1741368.2383608944,0.024513230378000017,1797992.2203632998,0.02490180164616529,677.4640391445791,37826.33855628878,momentum,10.0,True,resolved
2024-12-23,1748776.3171488633,0.004254171303217369,1805638.6174048418,0.004252742005745214,0.0,37826.33855628878,momentum,10.0,True,resolved
2024-12-24,1781879.6915318808,0.018929450300989803,1839951.2962750182,0.019003071012898776,125.70312790209222,37952.041684190874,momentum,10.0,True,resolved
2024-12-26,1788072.787952722,0.0034755973987878885,1846478.539086071,0.003547508471700933,125.45197280138888,38077.49365699226,momentum,10.0,True,resolved
2024-12-27,1754031.6455227784,-0.019037895246378334,1811338.669082026,-0.0190307492127354,0.0,38077.49365699226,momentum,10.0,True,resolved
2024-12-30,1727303.0323000907,-0.015238387112862739,1783744.2035060502,-0.015234293866182691,0.0,38077.49365699226,momentum,10.0,True,resolved
2024-12-31,1708993.7957954549,-0.01059989831677366,1764841.4901368886,-0.010597210817564151,0.0,38077.49365699226,momentum,10.0,True,resolved
2025-01-02,1705053.9474476767,-0.002305361410598006,1760778.142909537,-0.0023023865032979485,0.0,38077.49365699226,momentum,10.0,True,resolved
2025-01-03,1751101.289464923,0.027006384218033253,1808375.697304843,0.027032113379517053,65.64590418208914,38143.13956117435,momentum,10.0,True,resolved
2025-01-06,1758427.889517885,0.004183995578691313,1816146.5813914137,0.004297162419375722,158.18203505492644,38301.32159622934,momentum,10.0,True,resolved
2025-01-07,1707852.1836446396,-0.028761887919732665,1764078.1709767669,-0.028669718043769055,126.17269094597292,38427.49428717532,momentum,10.0,True,resolved
2025-01-08,1694874.958027751,-0.007598564876495684,1751248.1376298508,-0.0072729392370476376,542.0713371364523,38969.56562431175,momentum,10.0,True,resolved
2025-01-10,1680764.091339212,-0.008325609285630864,1737311.0911553162,-0.007958350490180677,626.2001113962916,39595.765735708024,momentum,10.0,True,resolved
2025-01-13,1676096.1726880644,-0.00277725986365418,1732725.8877714681,-0.0026392529278097543,227.54748112469903,39823.31321683267,momentum,10.0,True,resolved
2025-01-14,1684255.1586995062,0.004867850750089442,1741411.2451458753,0.005012539741977129,240.89694610449598,40064.2101629371,momentum,10.0,True,resolved
2025-01-15,1697205.6078160864,0.007689125397472241,1755151.4947317678,0.007890295657727586,336.55555577129735,40400.76571870836,momentum,10.0,True,resolved
2025-01-16,1720389.1920249534,0.013659856002184112,1779726.2687116752,0.014001511581006376,581.86062437765,40982.626343086034,momentum,10.0,True,resolved
2025-01-17,1726875.4381933976,0.0037702202492970738,1787033.0855926557,0.004105584667393636,583.7136498174617,41566.33999290357,momentum,10.0,True,resolved
2025-01-21,1748569.8856603948,0.012562832840852245,1809699.34872768,0.012683740059298954,209.74291765372337,41776.08291055723,momentum,10.0,True,resolved
2025-01-22,1746164.2235814196,-0.0013757883506421154,1807407.212371767,-0.0012665840641012949,192.99057766540898,41969.073488222646,momentum,10.0,True,resolved
2025-01-23,1750623.8086457164,0.002553932215579424,1812338.4189998333,0.0027283318304320847,303.76857996420455,42272.84206818682,momentum,10.0,True,resolved
2025-01-24,1748723.540426523,-0.0010854806211412216,1810666.1727224693,-0.0009227008928536229,293.84991530660864,42566.691983493496,momentum,10.0,True,resolved
2025-01-27,1620224.862851427,-0.07348141350219062,1677815.1256669853,-0.07337136411828626,196.62056646287215,42763.3125499563,momentum,10.0,True,resolved
2025-01-28,1637830.5549401857,0.010866202890983168,1696417.4469115615,0.011087229433088597,363.5168557120753,43126.82940566843,momentum,10.0,True,resolved
2025-01-29,1645915.996167635,0.004936677486606422,1705197.2237640605,0.005175481346577193,390.1734297003153,43517.00283536877,momentum,10.0,True,resolved
2025-01-30,1670507.753088942,0.014941076566827638,1730779.2043068404,0.015002358780710434,102.60432142367634,43619.60715679242,momentum,10.0,True,resolved
2025-01-31,1646137.4163765358,-0.01458858042852118,1705720.738581715,-0.014478141211062945,180.87485889804168,43800.48201569052,momentum,10.0,True,resolved
2025-02-03,1652673.5273826784,0.003970574352492262,1712621.2832656098,0.004045530154972887,122.65400533796017,43923.13602102849,momentum,10.0,True,resolved
2025-02-04,1662344.9858998135,0.0058520078871546755,1722688.0528182224,0.005877989285183682,41.035120594158215,43964.171141622646,momentum,10.0,True,resolved
2025-02-05,1681393.0495297378,0.01145855029581222,1742748.8521356464,0.011645056273888788,308.1175548084342,44272.2886964311,momentum,10.0,True,resolved
2025-02-06,1688300.2910845433,0.004108046929739206,1750334.5383243875,0.004352713346759796,470.33461580814844,44742.623312239244,momentum,10.0,True,resolved
2025-02-07,1686329.6787133666,-0.0011672167454942484,1748890.6899183623,-0.000824898540485508,579.1792895716816,45321.802601810996,momentum,10.0,True,resolved
2025-02-10,1694246.4958725302,0.004694703093409247,1757487.872607525,0.004915791900958588,375.1312885659433,45696.933890376895,momentum,10.0,True,resolved
2025-02-11,1682162.9754522315,-0.007132091138884578,1745242.9301965577,-0.006967298381865827,276.45551623766323,45973.38940661456,momentum,10.0,True,resolved
2025-02-12,1716706.3698047048,0.020535105609007065,1781515.001093024,0.020783393686276685,422.7919429851543,46396.181349599734,momentum,10.0,True,resolved
2025-02-13,1754768.1385120084,0.022171391320481737,1821287.6994855043,0.02232521105243479,270.3911534848435,46666.57250308464,momentum,10.0,True,resolved
2025-02-14,1772797.4484220548,0.01027446846928437,1840181.965164516,0.010374124683513175,171.12752231474607,46837.70002539942,momentum,10.0,True,resolved
2025-02-18,1772298.3351676047,-0.00028153992149204665,1839734.9708966394,-0.00024290764518852814,57.41023001303707,46895.1102554124,momentum,10.0,True,resolved
2025-02-19,1752306.4456078561,-0.01128020557433862,1819025.873972678,-0.01125656534857744,37.928841672470355,46933.03909708491,momentum,10.0,True,resolved
2025-02-20,1709299.1310168346,-0.024543261082454526,1774465.069898145,-0.024497069949430683,81.38529090871778,47014.42438799368,momentum,10.0,True,resolved
2025-02-21,1653533.818225259,-0.03262466573559997,1716795.35663406,-0.03249977373034196,209.11603518000052,47223.54042317371,momentum,10.0,True,resolved
2025-02-24,1633629.6469759466,-0.012037353593817302,1696928.9576090334,-0.011571792146488846,770.5778355985452,47994.11825877227,momentum,10.0,True,resolved
2025-02-25,1616976.3057067704,-0.010194073852665242,1680397.998498786,-0.009741691917108608,742.1181947172502,48736.23645348953,momentum,10.0,True,resolved
2025-02-26,1617064.429217921,5.4498950194714624e-05,1680683.1242297154,0.00016967749972573998,186.0073510520372,48922.24380454154,momentum,10.0,True,resolved
2025-02-27,1593066.0197191397,-0.014840725616843908,1655823.59592777,-0.014791323803729495,79.04033953263001,49001.2841440741,momentum,10.0,True,resolved
2025-02-28,1608187.0882786473,0.00949180283323936,1671657.5341948185,0.009562575570241538,110.65295956048341,49111.93710363461,momentum,10.0,True,resolved
2025-03-03,1599422.4264913672,-0.005450026213468462,1662836.2611595187,-0.005276961850651185,280.94392733033317,49392.88103096501,momentum,10.0,True,resolved
2025-03-04,1575448.9543003514,-0.01498883083914615,1638139.0417125802,-0.014852466249272611,218.79713801386222,49611.67816897893,momentum,10.0,True,resolved
2025-03-05,1580557.7990221484,0.003242786577027257,1643623.6129718553,0.0033480499027367383,163.23998355624065,49774.918152535116,momentum,10.0,True,resolved
2025-03-06,1566876.138767499,-0.008656222672219771,1629635.4208008202,-0.008510581169944964,228.59440681842554,50003.51255935347,momentum,10.0,True,resolved
2025-03-07,1574817.0789443613,0.005068007598295843,1638030.6447809483,0.005151596407988235,126.62326026829776,50130.13581962179,momentum,10.0,True,resolved
2025-03-10,1555785.2828557324,-0.012085083622147663,1618557.8465492446,-0.011887932801347367,305.14778711486287,50435.2836067366,momentum,10.0,True,resolved
2025-03-11,1534746.3588873867,-0.013523025445855485,1597288.0759215378,-0.013141186564974316,596.6792572515815,51031.962863988185,momentum,10.0,True,resolved
2025-03-12,1513057.4593550612,-0.014131911378534867,1575163.0714122672,-0.013851605632569375,434.40175141736756,51466.36461540557,momentum,10.0,True,resolved
2025-03-13,1516296.2173345094,0.0021405386553057237,1578666.032321249,0.0022238719105069915,122.48781893059359,51588.85243433613,momentum,10.0,True,resolved
2025-03-14,1520589.485197473,0.0028314176437838068,1583262.2006379706,0.002911425356991737,121.63954898892003,51710.49198332502,momentum,10.0,True,resolved
2025-03-17,1541496.9089551507,0.013749551710837027,1605289.864169654,0.013912833593076046,244.78716153546662,51955.279144860535,momentum,10.0,True,resolved
2025-03-18,1533596.8835594847,-0.005124905116430489,1597339.3323938483,-0.004952707889872676,263.5729807776123,52218.85212563819,momentum,10.0,True,resolved
2025-03-19,1521064.6722572588,-0.008171776714320567,1584459.5791037988,-0.008063254331030167,163.35002767805912,52382.20215331632,momentum,10.0,True,resolved
2025-03-20,1515620.9279030736,-0.0035789039437137404,1579147.423568401,-0.003352660809689101,344.2234521648496,52726.42560548113,momentum,10.0,True,resolved
2025-03-21,1510412.4009021097,-0.0034365631307098354,1574164.8778404228,-0.0031552125239321382,426.35733831970396,53152.78294380077,momentum,10.0,True,resolved
2025-03-24,1509763.7237725034,-0.0004294702090759106,1573756.3452175902,-0.0002595234010004388,254.9592427935763,53407.742186594376,momentum,10.0,True,resolved
2025-03-25,1498670.4561754146,-0.00734768455647461,1562503.9145985316,-0.007150046227456408,297.1991109522654,53704.94129754658,momentum,10.0,True,resolved
2025-03-26,1500016.7898127204,0.00089835202379418,1564404.8276407896,0.0012165812990916347,480.53400722998055,54185.47530477655,momentum,10.0,True,resolved
2025-03-27,1501554.9497965528,0.001025428511386428,1566380.8661119204,0.0012631247591525785,359.5575226786847,54545.03282745519,momentum,10.0,True,resolved
2025-03-28,1497063.0475276422,-0.0029915004239565723,1561748.8990312933,-0.0029571141864906947,53.92303438352066,54598.95586183874,momentum,10.0,True,resolved
2025-03-31,1508182.4494115617,0.007427477354599699,1573369.7479127543,0.0074409201688370175,20.948997818634048,54619.90485965743,momentum,10.0,True,resolved
2025-04-01,1504414.646028096,-0.0024982411013572126,1569511.1471121856,-0.002452443747369304,71.31947106176972,54691.22433071916,momentum,10.0,True,resolved
2025-04-02,1511796.7904357598,0.004906987862125511,1577317.818587713,0.004973950959119566,99.87626573827654,54791.1005964575,momentum,10.0,True,resolved
2025-04-03,1500442.7310246318,-0.0075103079216455315,1565603.089085352,-0.007426993700515028,132.57456903677175,54923.675165494256,momentum,10.0,True,resolved
2025-04-04,1418030.4862420484,-0.05492528510322092,1479929.8069583552,-0.054722223483250954,307.01457939036396,55230.689744884614,momentum,10.0,True,resolved
2025-04-07,1401348.133757844,-0.011764452630644517,1462880.0662015108,-0.01152064150386034,342.74279399523147,55573.43253887991,momentum,10.0,True,resolved
2025-04-08,1389878.91862005,-0.00818441532229286,1451278.1389003263,-0.007930880712121446,351.81543200038493,55925.24797088033,momentum,10.0,True,resolved
2025-04-09,1432061.2892192304,0.03034967293486357,1495588.282360456,0.030531806600287315,246.8488026598794,56172.09677354026,momentum,10.0,True,resolved
2025-04-10,1434046.2695042503,0.0013861000921979727,1497807.4705075305,0.0014838229031668426,141.09665800687338,56313.193431547086,momentum,10.0,True,resolved
2025-04-11,1460478.029831888,0.018431595193072248,1525605.4862091541,0.01855913810618426,178.9084167906951,56492.101848337785,momentum,10.0,True,resolved
2025-04-14,1468407.2282568086,0.00542918021562655,1534065.3706251415,0.005545263498631492,170.55129156902512,56662.65313990685,momentum,10.0,True,resolved
2025-04-15,1462992.5013769465,-0.003687483128430369,1528570.5090557418,-0.0035818953185551283,155.82485798879003,56818.47799789568,momentum,10.0,True,resolved
2025-04-16,1456853.647087715,-0.004196094158687491,1522322.0547910715,-0.00408777627701995,161.80542012997037,56980.28341802564,momentum,10.0,True,resolved
2025-04-17,1443544.934678558,-0.009135243224850709,1508580.5475442791,-0.009026675533961304,155.03928304337745,57135.32270106904,momentum,10.0,True,resolved
2025-04-21,1420341.5729787955,-0.01607387559773421,1484506.5945044796,-0.01595801634787619,173.33332225493783,57308.65602332403,momentum,10.0,True,resolved
2025-04-22,1433959.4790667105,0.009587768426263077,1498950.3722688314,0.00972968245329553,186.75291056475177,57495.40893388872,momentum,10.0,True,resolved
2025-04-23,1433452.1169467364,-0.00035381900770603547,1498670.6282264607,-0.00018662662056467827,236.345452174444,57731.7543860631,momentum,10.0,True,resolved
2025-04-24,1433627.1745132909,0.00012212306535031026,1499046.0112330487,0.00025047732271388234,178.33815300733596,57910.09253907045,momentum,10.0,True,resolved
2025-04-25,1426664.5780904947,-0.004856629775562005,1491778.6471762753,-0.004847992658207789,16.663963420842226,57926.75650249129,momentum,10.0,True,resolved
2025-04-28,1427249.0640191175,0.0004096869983307716,1492656.5132518292,0.0005884693933753127,255.34330703318182,58182.09980952441,momentum,10.0,True,resolved
2025-04-29,1434260.8622859218,0.004912806351442978,1500421.223973875,0.005201940736606625,409.89110544896135,58591.99091497331,momentum,10.0,True,resolved
2025-04-30,1441043.2396802702,0.004728831116215915,1507762.8588900012,0.0048930492309899876,234.16430210091693,58826.155217074185,momentum,10.0,True,resolved
2025-05-01,1437985.2721871412,-0.0021220511702393363,1504660.663211112,-0.002057482488441953,83.6244471865561,58909.77966426075,momentum,10.0,True,resolved
2025-05-02,1457165.487108058,0.013338255468878568,1525005.0558907387,0.013520917491263162,256.6082220886218,59166.38788634944,momentum,10.0,True,resolved
2025-05-05,1460783.6739262817,0.0024830308226724274,1529636.290970771,0.0030368653940804347,808.8423435089794,59975.230229858484,momentum,10.0,True,resolved
2025-05-06,1458407.2103998554,-0.0016268415158549043,1527790.444546259,-0.001206722431605356,607.2441447564222,60582.47437461492,momentum,10.0,True,resolved
2025-05-07,1463670.6382571065,0.0036090248455422635,1533411.9333260453,0.0036794894220297802,103.81487607302918,60686.289250687885,momentum,10.0,True,resolved
2025-05-08,1495567.2951627923,0.02179223663574148,1566950.868036874,0.021872097107058064,114.80086875690108,60801.09011944484,momentum,10.0,True,resolved
2025-05-09,1482039.9359443847,-0.009044968596304548,1552883.8448488687,-0.008977322438723956,100.84825134187417,60901.938370786724,momentum,10.0,True,resolved
2025-05-12,1559896.9473140028,0.052533679748654194,1634620.3463517884,0.052635296435114,148.4126037904621,61050.350974577144,momentum,10.0,True,resolved
2025-05-13,1623366.1925236685,0.04068810142808088,1701267.0459184886,0.0407719747985793,135.07157792934353,61185.42255250653,momentum,10.0,True,resolved
2025-05-14,1630278.6302975644,0.00425808902866831,1708554.5237943158,0.004283559064586884,41.709207606057944,61227.13176011256,momentum,10.0,True,resolved
2025-05-15,1617077.7373552744,-0.00809732317958467,1694753.7331473785,-0.0080774657494036,32.10545456654232,61259.2372146791,momentum,10.0,True,resolved
2025-05-16,1631802.3556513581,0.009105696007024378,1710219.4132675896,0.009125620919264277,32.0413078041716,61291.27852248328,momentum,10.0,True,resolved
2025-05-19,1644098.7384166294,0.007535460849585007,1723105.1549266907,0.007534554665404647,0.0,61291.27852248328,momentum,10.0,True,resolved
2025-05-20,1641242.733868353,-0.0017371247124894351,1720110.8848552313,-0.0017377175518848986,0.0,61291.27852248328,momentum,10.0,True,resolved
2025-05-21,1609605.2623564235,-0.01927653409155461,1686953.6195590233,-0.019276237124095985,2.253770002388465,61293.53229248567,momentum,10.0,True,resolved
2025-05-22,1619200.6515712256,0.005961330668585507,1697012.6314337645,0.005962826575736324,2.249266965420666,61295.78155945104,momentum,10.0,True,resolved
2025-05-23,1625845.9833712643,0.004104081723034225,1704024.1093878723,0.00413165926065262,45.2705025769655,61341.05206202801,momentum,10.0,True,resolved
2025-05-27,1671743.1360793118,0.028229705136570082,1752289.383324936,0.028324290525679086,152.2801901914311,61493.33225221941,momentum,10.0,True,resolved
2025-05-28,1671169.654091361,-0.0003430443203708,1751835.2830796242,-0.000259146833641255,142.99283590217306,61636.32508812157,momentum,10.0,True,resolved
2025-05-29,1658753.3815375813,-0.00742969005174432,1738857.5553893277,-0.0074080753000261845,36.03454279633689,61672.35963091798,momentum,10.0,True,resolved
2025-05-30,1661239.4244941464,0.0014987417564511496,1741504.7009600815,0.001522347568119864,44.06843752896061,61716.428068446934,momentum,10.0,True,resolved
2025-06-02,1686449.9417197462,0.015175727745130096,1768109.458042708,0.015276879280291089,168.31621587162726,61884.7442843186,momentum,10.0,True,resolved
2025-06-03,1725232.331444669,0.022996466580783803,1808946.1233413396,0.023096231465125294,171.5840749375488,62056.32835925609,momentum,10.0,True,resolved
2025-06-04,1730133.6873916932,0.002840983128875152,1814136.5447110874,0.0028693067763456703,47.40177255620124,62103.73013181228,momentum,10.0,True,resolved
2025-06-05,1714407.6940758114,-0.009089467149553054,1797747.6637362312,-0.009033984251425875,97.21390244360472,62200.94403425588,momentum,10.0,True,resolved
2025-06-06,1723499.0528562095,0.005302915293610377,1807460.6165235199,0.00540284545112546,170.61908711564243,62371.563121371466,momentum,10.0,True,resolved
2025-06-09,1711083.0470820644,-0.007203952768972566,1794562.3305203698,-0.007136136679956384,108.20329389536441,62479.76641526684,momentum,10.0,True,resolved
2025-06-10,1688835.886156869,-0.013001800796947904,1771328.8300201858,-0.012946611051089518,82.59293662352269,62562.35935189032,momentum,10.0,True,resolved
2025-06-11,1706660.4219191489,0.010554332666889099,1790202.1696787039,0.010654904577092505,181.41567564433538,62743.77502753463,momentum,10.0,True,resolved
2025-06-12,1701536.1482191212,-0.0030025151074081213,1785266.847077704,-0.0027568520944679653,420.37479228478867,63164.14981981941,momentum,10.0,True,resolved
2025-06-13,1677161.2895700969,-0.014325207651060379,1760198.642907589,-0.014041712705945897,476.3433335048359,63640.493153324314,momentum,10.0,True,resolved
2025-06-16,1713768.2411247054,0.021826732933951654,1798811.5534920646,0.021936677851706943,189.49570865184666,63829.988861976126,momentum,10.0,True,resolved
2025-06-17,1703977.1014554857,-0.005713222730043155,1788547.476152885,-0.005706032585377718,13.697076180866537,63843.685938156996,momentum,10.0,True,resolved
2025-06-18,1718232.2377358358,0.008365802725972094,1803610.1158559073,0.008421716450838446,107.26612160732361,63950.95205976436,momentum,10.0,True,resolved
2025-06-20,1721021.1853732327,0.0016231494067833196,1806649.0153916322,0.0016848982543451463,107.10040814222621,64058.05246790663,momentum,10.0,True,resolved
2025-06-23,1727699.1148994023,0.003880213435444313,1813728.6771485202,0.0039186702544729,72.35424279895315,64130.40671070552,momentum,10.0,True,resolved
2025-06-24,1769914.5478932,0.02443448204015297,1858145.3115197017,0.024489128352434664,110.54575188641206,64240.952462591886,momentum,10.0,True,resolved
2025-06-25,1771479.295616264,0.0008840809433012797,1859908.1593769721,0.0009487136696690879,118.6816391034145,64359.634101695345,momentum,10.0,True,resolved
2025-06-26,1791707.7193774714,0.011418944500940498,1881329.3462825022,0.011517335841306098,181.5341400538128,64541.16824174915,momentum,10.0,True,resolved
2025-06-27,1791162.1999645464,-0.0003044689750594243,1881020.8547226186,-0.00016397530846645747,254.6876069537652,64795.85584870295,momentum,10.0,True,resolved
2025-06-30,1831515.4224861937,0.022529072198177236,1923603.532511256,0.022638067877730483,226.5965754478124,65022.45242415077,momentum,10.0,True,resolved
2025-07-01,1814143.8600778498,-0.009484802691294147,1905473.1087818344,-0.00942523936091566,91.95811712370165,65114.41054127444,momentum,10.0,True,resolved
2025-07-02,1865788.4244573438,0.0284677337426138,1959903.8260785688,0.02856546074876487,182.39674244713422,65296.807283721595,momentum,10.0,True,resolved
2025-07-03,1866158.850017093,0.0001985356725839882,1960752.5320765253,0.0004330345125427293,415.5037211386586,65712.31100486034,momentum,10.0,True,resolved
2025-07-07,1842602.1093230555,-0.012623116565785186,1936252.9595900478,-0.012494984494821115,242.60984501990401,65954.92084988016,momentum,10.0,True,resolved
2025-07-08,1838307.546501261,-0.0023307054735611787,1931763.2932633553,-0.0023187395554159496,4.310429816638149,65959.2312796967,momentum,10.0,True,resolved
2025-07-09,1858009.0801673022,0.010717213071087084,1952504.6662635983,0.010737015799282768,38.3877085795015,65997.6189882762,momentum,10.0,True,resolved
2025-07-10,1884242.7343841519,0.014119228208770318,1980094.2663367,0.014130363194418516,38.31100986106094,66035.92999813726,momentum,10.0,True,resolved
2025-07-11,1882302.5252543548,-0.0010297023278326156,1978311.6060013862,-0.0009002906405116695,253.73090300481732,66289.66090114208,momentum,10.0,True,resolved
2025-07-14,1891418.4131521052,0.004842945156501077,1988155.4993577402,0.0049759063872909515,261.8010700852239,66551.46197122725,momentum,10.0,True,resolved
2025-07-15,1889243.6805952801,-0.0011497892490116568,1985963.7287852683,-0.0011024140582464037,95.89915953208698,66647.36113075921,momentum,10.0,True,resolved
2025-07-16,1899085.725633489,0.005209515923910724,1996391.703144651,0.005250838274755809,87.1646708617095,66734.52580162088,momentum,10.0,True,resolved
2025-07-17,1919887.2225992356,0.01095342705438318,2018291.8213239757,0.010969850327883224,32.552772866806045,66767.07857448769,momentum,10.0,True,resolved
2025-07-18,1943974.5123797476,0.01254620036894738,2043691.9943049487,0.012584985338894628,103.18911958550933,66870.2676940731,momentum,10.0,True,resolved
2025-07-21,1925390.188339504,-0.009559962809128297,2024328.401193542,-0.009474809885915425,145.00040701457107,67015.26810108758,momentum,10.0,True,resolved
2025-07-22,1911751.3593218147,-0.007083670156983413,2010097.5710644498,-0.007029901927326443,74.29154947279795,67089.55965056042,momentum,10.0,True,resolved
2025-07-23,1940759.236412184,0.015173457023542891,2040626.8114949968,0.015187939565729724,31.66883159327397,67121.22848215369,momentum,10.0,True,resolved
2025-07-24,1941262.2151262406,0.0002591659514583622,2041276.9282924978,0.0003185868155013427,114.0058837945157,67235.23436594818,momentum,10.0,True,resolved
2025-07-25,1961129.7832995965,0.010234355780764037,2062305.2486806898,0.010301551982847323,129.08966916530224,67364.3240351136,momentum,10.0,True,resolved
2025-07-28,1974828.4040156305,0.006985065870034335,2077305.6936028502,0.007273629804199322,572.09899919117,67936.42303430483,momentum,10.0,True,resolved
2025-07-29,1948982.8577690767,-0.013087489623908155,2050813.9969071213,-0.012752911994277638,649.0653775462556,68585.48841185097,momentum,10.0,True,resolved
2025-07-30,1971005.93162872,0.011299778123678328,2074244.7276134517,0.011425088156052476,266.9797585599458,68852.46817041088,momentum,10.0,True,resolved
2025-07-31,1948801.4579806726,-0.011265553944679874,2051085.9290446094,-0.01116493066634805,181.74364690705895,69034.21181731798,momentum,10.0,True,resolved
2025-08-01,1899625.1147098108,-0.025234147413773944,2000016.7557712297,-0.024898602515969426,634.0937939239898,69668.30561124194,momentum,10.0,True,resolved
2025-08-04,1924580.570996926,0.013137042721677927,2027048.236308745,0.013515627036380318,707.6694901606636,70375.97510140257,momentum,10.0,True,resolved
2025-08-05,1918313.1755642025,-0.003256499378187616,2020559.203480273,-0.003201222700200068,114.03191452903314,70490.00701593161,momentum,10.0,True,resolved
2025-08-06,1911459.6445749293,-0.0035726861893953243,2013369.5424849058,-0.003558253073200457,26.96361989143519,70516.97063582305,momentum,10.0,True,resolved
2025-08-07,1902525.661688956,-0.004673906096489988,2004237.5057264075,-0.004535698273863575,260.21568894242085,70777.18632476551,momentum,10.0,True,resolved
2025-08-08,1909373.9459937413,0.003599575260764487,2011808.7288353187,0.0037776077372462247,338.9783839524234,71116.16470871778,momentum,10.0,True,resolved
2025-08-11,1904249.9707091015,-0.0026835891918347565,2006516.838508056,-0.0026304142393925867,105.92652216467829,71222.09123088245,momentum,10.0,True,resolved
2025-08-12,1953076.8657262565,0.025641011300093552,2058115.6063910075,0.025715591762149215,154.76590062539748,71376.85713150786,momentum,10.0,True,resolved
2025-08-13,1972848.6760386622,0.010123416368998717,2079168.643326892,0.010229278117569907,222.66483093259836,71599.52196244057,momentum,10.0,True,resolved
2025-08-14,1946171.6059295607,-0.013522106603060413,2051195.909099585,-0.013453807278734131,146.059530843507,71745.58149328397,momentum,10.0,True,resolved
2025-08-15,1939660.2519350816,-0.003345724485261492,2044495.4667897879,-0.003266602804769758,150.15638102170297,71895.73787430566,momentum,10.0,True,resolved
2025-08-18,1946810.1971717465,0.0036861843353916957,2052118.5034878734,0.003728566202230388,89.70787273587881,71985.44574704148,momentum,10.0,True,resolved
2025-08-19,1894178.3979757451,-0.027034889827710407,1996813.86163805,-0.026950023478578333,142.53659729486498,72127.9823443364,momentum,10.0,True,resolved
2025-08-20,1884116.6994215176,-0.0053119065052057435,1986507.1344206464,-0.005161586372877447,293.69016866931634,72421.67251300575,momentum,10.0,True,resolved
2025-08-21,1890963.21312807,0.0036338055432842964,1994283.295754387,0.003914489507236718,530.4199300291089,72952.09244303475,momentum,10.0,True,resolved
2025-08-22,1932197.8066811108,0.02180613206368487,2038146.2192669502,0.02199432929410916,371.86351087786073,73323.95595391268,momentum,10.0,True,resolved
2025-08-25,1942293.3115621482,0.005224881658663305,2049015.0738301012,0.005332715808319177,219.2934491003917,73543.24940301295,momentum,10.0,True,resolved
2025-08-26,1946718.6229786482,0.002278395024148505,2053926.47075678,0.00239695500018855,232.95967499050698,73776.20907800333,momentum,10.0,True,resolved
2025-08-27,1946232.555986439,-0.0002496852839807273,2053429.220014585,-0.00024209763556515274,24.737383046993525,73800.94646105022,momentum,10.0,True,resolved
2025-08-28,1998789.5230267528,0.027004464023917985,2108994.3587827724,0.02705968057072483,147.85057153228905,73948.7970325825,momentum,10.0,True,resolved
2025-08-29,1980488.7027334725,-0.009155951680979157,2090020.9225649433,-0.008996437633327692,295.98973482220583,74244.78676740466,momentum,10.0,True,resolved
2025-09-02,1972433.9050781792,-0.004067075790018859,2081889.460304455,-0.003890612851142783,328.19044536821207,74572.977212773,momentum,10.0,True,resolved
2025-09-03,1984454.5250580644,0.006094308128113735,2094844.2540031313,0.006222613614068617,267.8224740818551,74840.79968685488,momentum,10.0,True,resolved
2025-09-04,2023954.8151510989,0.019904860300025584,2136603.4736561147,0.019934283693493482,87.953686870859,74928.75337372563,momentum,10.0,True,resolved
2025-09-05,2055252.6434284903,0.015463699111808005,2169762.059359216,0.015519297853785252,142.84829551882262,75071.60166924445,momentum,10.0,True,resolved
2025-09-08,2040894.5135050886,-0.006986065664146279,2154995.9691318558,-0.006805396086482007,306.48673317786483,75378.08840242219,momentum,10.0,True,resolved
2025-09-09,2043795.3757034203,0.0014213680222745495,2158455.6985502373,0.0016054458885021994,406.4177334748055,75784.50613589697,momentum,10.0,True,resolved
2025-09-10,2117074.3355539925,0.0358543525059849,2236176.68962159,0.03600768416213285,440.24049353369577,76224.74662943067,momentum,10.0,True,resolved
2025-09-11,2161133.513725178,0.020811351510553244,2283070.1201438936,0.020970360141907562,393.19839210003437,76617.94502153061,momentum,10.0,True,resolved
2025-09-12,2151709.2471290524,-0.004360797949905737,2273311.759733697,-0.004274227201388703,195.2985706779504,76813.2435922086,momentum,10.0,True,resolved
2025-09-15,2172711.445469776,0.009760704597401526,2295649.0212449795,0.009825868104381463,121.61999283783425,76934.86358504643,momentum,10.0,True,resolved
2025-09-16,2225816.3138286574,0.024441749257411827,2351959.240466178,0.02452910645315476,301.2957470066283,77236.15933205305,momentum,10.0,True,resolved
2025-09-17,2264037.1929111304,0.017171623213026344,2392418.9807022167,0.01720256862445435,179.55927313319026,77415.7186051861,momentum,10.0,True,resolved
2025-09-18,2299872.418483651,0.015828019824375206,2430271.254841389,0.01582175799661223,0.5518167536600745,77416.27042193977,momentum,10.0,True,resolved
2025-09-19,2344579.2677872293,0.019438838843527817,2477450.269628475,0.019413065390581297,0.5507142226837305,77416.82113616254,momentum,10.0,True,resolved
2025-09-22,2363393.3509838274,0.008024502926853305,2497364.291687928,0.00803811172461577,30.29915203075054,77447.1202881933,momentum,10.0,True,resolved
2025-09-23,2296063.4584535724,-0.028488652767947875,2426458.841422156,-0.02839211343806325,70.53380984396723,77517.65409803734,momentum,10.0,True,resolved
2025-09-24,2203138.476961786,-0.04047143433673761,2328459.1779965423,-0.0403879356009087,40.21468569823413,77557.8687837355,momentum,10.0,True,resolved
2025-09-25,2196465.5305974237,-0.003028836559363479,2321391.497478892,-0.0030353465435161153,0.0,77557.8687837355,momentum,10.0,True,resolved
2025-09-26,2225297.8212947594,0.013126675695881884,2351844.680886196,0.013118503897501688,13.598829364037046,77571.46761309954,momentum,10.0,True,resolved
2025-09-29,2279524.5809490853,0.024368315618434666,2409313.0456198175,0.024435442187435097,197.5844445436203,77769.05205764307,momentum,10.0,True,resolved
2025-09-30,2382286.2274543727,0.045080297604205954,2517956.9683305104,0.04509331940413874,221.74233196221334,77990.7943896053,momentum,10.0,True,resolved
2025-10-01,2474794.006100414,0.03883151301466059,2615719.572396914,0.038826161565113315,38.04283880949985,78028.83722841484,momentum,10.0,True,resolved
2025-10-02,2450649.2820449127,-0.00975625607464059,2590386.1242526136,-0.00968507802275076,126.95886431348123,78155.7960927284,momentum,10.0,True,resolved
2025-10-03,2459010.2732412894,0.00341174531077737,2599372.9350273954,0.003469293898173076,184.32804385450564,78340.12413658289,momentum,10.0,True,resolved
2025-10-06,2390002.8079892015,-0.02806310571493764,2526631.904515964,-0.027984068592552647,122.28806641461848,78462.41220299756,momentum,10.0,True,resolved
2025-10-07,2360039.460745905,-0.012536950644215228,2495408.9866006467,-0.012357525391613722,459.010944720661,78921.42314771832,momentum,10.0,True,resolved
2025-10-08,2401994.2847199384,0.017777170539670983,2540529.7370970533,0.01808150517157192,713.2712833930185,79634.69443111135,momentum,10.0,True,resolved
2025-10-09,2389060.215588001,-0.005384721027113293,2527276.0404118383,-0.005216902794595635,380.62174677078883,80015.31617788205,momentum,10.0,True,resolved
2025-10-10,2310521.383866353,-0.03287436256700538,2444125.323534149,-0.03290131966120291,61.45976436686126,80076.77594224879,momentum,10.0,True,resolved
2025-10-13,2571854.2550635156,0.1131055843161497,2720184.55894046,0.11294806888508302,126.04854580000574,80202.82448804879,momentum,10.0,True,resolved
2025-10-14,2581534.5868426203,0.003763950371622249,2730502.4322594693,0.0037930784089990066,218.18984019666655,80421.01432824542,momentum,10.0,True,resolved
2025-10-15,2646555.5592351747,0.02518694606066818,2799520.141955389,0.025276560416321647,219.8648132444783,80640.87914148999,momentum,10.0,True,resolved
2025-10-16,2641243.537177954,-0.002007145490932394,2794085.218336183,-0.0019413768587533964,145.54621828685507,80786.4253597768,momentum,10.0,True,resolved
2025-10-17,2590296.204565825,-0.019289146152180914,2740280.3547509266,-0.019256700988274145,18.10874675359362,80804.53410653051,momentum,10.0,True,resolved
2025-10-20,2586848.7159266737,-0.0013309244838773937,2736801.50068008,-0.0012695248735462572,68.95562134082847,80873.48972787133,momentum,10.0,True,resolved
2025-10-21,2526235.9832696673,-0.023431108392163336,2672931.7437496334,-0.023337372810770307,137.56191380879704,81011.0516416802,momentum,10.0,True,resolved
2025-10-22,2405826.4915224495,-0.047663596174168044,2545909.932740159,-0.047521531855986066,150.63794795575305,81161.68958963592,momentum,10.0,True,resolved
2025-10-23,2506339.4091176316,0.04177895536081477,2652436.3797223098,0.04184218994247635,283.04645707089986,81444.73604670686,momentum,10.0,True,resolved
2025-10-24,2628743.626651662,0.04883784577968364,2782066.545599935,0.04887211126669766,271.7452301810889,81716.48127688802,momentum,10.0,True,resolved
2025-10-27,2621108.333182672,-0.0029045409341478257,2774130.3478646614,-0.002852626853166229,70.82626929927756,81787.30754618716,momentum,10.0,True,resolved
2025-10-28,2661005.7349128043,0.015221576775381607,2816204.806885372,0.015166720285186619,0.0,81787.30754618716,momentum,10.0,True,resolved
2025-10-29,2887943.333190164,0.08528264155913057,3056061.0691589667,0.08517003510794652,216.08364960530216,82003.39119579247,momentum,10.0,True,resolved
2025-10-30,2815288.3670739513,-0.025158030381418395,2979665.041601246,-0.024998200568925433,347.99300850191287,82351.3842042944,momentum,10.0,True,resolved
2025-10-31,2853079.2998941694,0.013423467827381241,3019819.7205815143,0.013476239248251032,273.2582280644884,82624.64243235881,momentum,10.0,True,resolved
2025-11-03,2954336.3195707817,0.035490432978981135,3126886.6541014006,0.03545474347033828,178.79973666634118,82803.44216902513,momentum,10.0,True,resolved
2025-11-04,2768375.660814691,-0.06294498616295252,2930396.9736868544,-0.0628387601312057,72.05575623030418,82875.49792525552,momentum,10.0,True,resolved
2025-11-05,2952261.5805933033,0.06642375974527148,3125141.0131840124,0.0664565385665623,301.5546694255203,83177.052594681,momentum,10.0,True,resolved
2025-11-06,2903606.7300113877,-0.016480535092739834,3074059.998223468,-0.016345187223568147,285.07166787445584,83462.12426255544,momentum,10.0,True,resolved
2025-11-07,2880693.0576299545,-0.007891451739865385,3050016.498828359,-0.007821415134709242,158.1875838800104,83620.31184643535,momentum,10.0,True,resolved
2025-11-10,2972102.5471185525,0.031731769980312796,3147074.387167027,0.031822086331648514,270.27565574066534,83890.58750217613,momentum,10.0,True,resolved
2025-11-11,2830525.614170282,-0.04763527862977979,2997645.2207821035,-0.0474819301997621,130.28465862879895,84020.87216080494,momentum,10.0,True,resolved
2025-11-12,2835662.1023289612,0.0018146764448851993,3003106.1761047957,0.0018217483793052658,0.0,84020.87216080494,momentum,10.0,True,resolved
2025-11-13,2547276.6848171544,-0.10169949983637072,2698373.0229705274,-0.10147265373398318,39.68179012947008,84060.55395093441,momentum,10.0,True,resolved
2025-11-14,2559822.644773893,0.004925244293844333,2712891.3982730955,0.005380418192361569,1216.093619247442,85276.64757018196,momentum,10.0,True,resolved
2025-11-17,2545044.34400408,-0.00577317370013275,2698586.5700252126,-0.005272908549523447,1281.5890385301961,86558.2366087122,momentum,10.0,True,resolved
2025-11-18,2521602.369436593,-0.009210831482254878,2673841.146716301,-0.009169771903474788,107.23387428050417,86665.47048299285,momentum,10.0,True,resolved
2025-11-19,2537529.721039137,0.006316361292959538,2690871.498121842,0.0063692457670700975,124.69642279822816,86790.16690579108,momentum,10.0,True,resolved
2025-11-20,2421702.5611590524,-0.045645636746533325,2568257.253242752,-0.045566741096581986,202.38053201403642,86992.54743780513,momentum,10.0,True,resolved
2025-11-21,2470546.8688414455,0.020169408277379786,2620577.435925859,0.020371862132208873,486.2377390138312,87478.78517681894,momentum,10.0,True,resolved
2025-11-24,2550407.673778111,0.032325152760253495,2706156.1095681675,0.03265641856985346,805.0028165613362,88283.78799338017,momentum,10.0,True,resolved
2025-11-25,2588954.2898127665,0.015113903722518751,2747467.0160512077,0.015265529707239267,396.5648004352669,88680.35279381533,momentum,10.0,True,resolved
2025-11-26,2621000.0964200143,0.012377895868360467,2781472.322370713,0.012376966173147874,10.804334745511124,88691.15712856084,momentum,10.0,True,resolved
2025-11-28,2646364.0436924975,0.009677201960857529,2808554.8711650837,0.009736767314401096,164.2760409513186,88855.43316951208,momentum,10.0,True,resolved
2025-12-01,2617836.900704399,-0.01077975007108023,2778571.6571198357,-0.010675673227210192,282.0784327397993,89137.51160225188,momentum,10.0,True,resolved
2025-12-02,2598541.8786324034,-0.007370597483290053,2758529.5449599824,-0.007213098898672388,411.2137187519214,89548.7253210037,momentum,10.0,True,resolved
2025-12-03,2597051.721045061,-0.0005734591386022947,2757545.08305436,-0.00035687923206084715,547.6337355487155,90096.35905655245,momentum,10.0,True,resolved
2025-12-04,2606971.5061993417,0.0038196332687163714,2768817.64049992,0.0040878959748771315,695.360660979771,90791.7197175323,momentum,10.0,True,resolved
2025-12-05,2620168.7776008593,0.005062299825730587,2783543.577186782,0.005318492800487462,671.3262012653229,91463.04591879758,momentum,10.0,True,resolved
2025-12-08,2630680.924638267,0.004012011412117156,2795102.7755599697,0.004152691722854263,381.23603046277,91844.28194926037,momentum,10.0,True,resolved
2025-12-09,2650108.605609618,0.007385038903576779,2816275.4614017825,0.0075749221198391226,518.799148319389,92363.08109757987,momentum,10.0,True,resolved
2025-12-10,2698551.9651533877,0.018279763871271948,2868527.416717801,0.018553566947606237,726.17086548523,93089.251963065,momentum,10.0,True,resolved
2025-12-11,2712627.6454879595,0.005216012334145148,2883980.6258374844,0.005387157546280497,462.7167566059153,93551.96871967093,momentum,10.0,True,resolved
2025-12-12,2611729.9583507963,-0.03719555365624583,2777095.1781278183,-0.03706177730602034,288.6388078820225,93840.60752755306,momentum,10.0,True,resolved
2025-12-15,2615303.188355023,0.001368146807368742,2781079.7473185924,0.0014347974898938354,187.82341792124808,94028.43094547417,momentum,10.0,True,resolved
2025-12-16,2591437.239404617,-0.009125499887230104,2755870.6913323854,-0.009064485119677945,126.06051804010616,94154.49146351437,momentum,10.0,True,resolved
2025-12-17,2567154.4054343137,-0.009370411754938801,2730275.073785457,-0.009287670001147164,238.03202518683392,94392.52348870132,momentum,10.0,True,resolved
2025-12-18,2618711.9629577934,0.02008354363661935,2785232.4873810243,0.02012889255124417,152.6590978776078,94545.18258657884,momentum,10.0,True,resolved
2025-12-19,2687873.105178574,0.02641036631713556,2858804.4694984844,0.026415023683225902,84.40612496644835,94629.58871154518,momentum,10.0,True,resolved
2025-12-22,2734027.881259601,0.01717148625510001,2907959.4582088077,0.017194246488269505,80.47000546492768,94710.0587170102,momentum,10.0,True,resolved
2025-12-23,2716281.4509938923,-0.006490947070200592,2889100.920236962,-0.006485144735635995,34.35872201105243,94744.41743902136,momentum,10.0,True,resolved
2025-12-24,2734518.4712244626,0.006713965603195371,2908585.466255981,0.006744155554601061,91.64870935530972,94836.06614837663,momentum,10.0,True,resolved
2025-12-26,2730556.9169111117,-0.0014487209923935707,2904556.2475095107,-0.0013852846317274903,173.9159881986706,95009.98213657543,momentum,10.0,True,resolved
2025-12-29,2688790.4510708353,-0.015295951379590278,2860398.269388039,-0.015203003267481696,212.76309851958766,95222.74523509495,momentum,10.0,True,resolved
2025-12-30,2673880.4784822557,-0.005545234134047727,2844672.8104839823,-0.005497646629265107,118.76368607497085,95341.5089211698,momentum,10.0,True,resolved
2025-12-31,2647673.842902258,-0.009800974946671204,2816810.2739152396,-0.009794636650674149,23.68195068119604,95365.19087185092,momentum,10.0,True,resolved
2024-01-02,1000000.0,,1000000.0,,0.0,0.0,notebook_baseline,10.0,True,resolved
2024-01-03,993214.9762164241,-0.0067850237835758165,994208.1911926405,-0.005791808807359522,999.0009990009996,999.0009990009996,notebook_baseline,10.0,True,resolved
2024-01-04,993104.6236862913,-0.00011110638962896768,994296.3374992758,8.865980728800515e-05,198.41077852005424,1197.4117775210536,notebook_baseline,10.0,True,resolved
2024-01-05,993055.0860216379,-4.988161717489614e-05,994794.5449442032,0.0005010653525894249,547.570762653889,1744.982540174945,notebook_baseline,10.0,True,resolved
2024-01-08,1005593.2704265198,0.01262586998583548,1007998.9258811835,0.013273475416696101,643.0045031521921,2387.9870433271394,notebook_baseline,10.0,True,resolved
2024-01-09,1000478.4956215506,-0.0050863256103531596,1003701.4607163788,-0.004263362841431473,828.9853274255613,3216.9723707526987,notebook_baseline,10.0,True,resolved
2024-01-10,997507.0499711249,-0.0029700245067033615,1001454.912336646,-0.002238263535184415,732.7065742494993,3949.6789450021984,notebook_baseline,10.0,True,resolved
2024-01-11,993075.4970248463,-0.004442628196368981,997480.4622406879,-0.003968676020256079,474.64823957724167,4424.327184579442,notebook_baseline,10.0,True,resolved
2024-01-12,991920.4902968996,-0.0011630603427503772,997014.0887564947,-0.00046755149784649674,694.8468994904435,5119.174084069883,notebook_baseline,10.0,True,resolved
2024-01-16,987956.0401114451,-0.003996741900419654,993728.522132373,-0.003295406415188773,693.0665887899489,5812.240672859842,notebook_baseline,10.0,True,resolved
2024-01-17,980813.1646254142,-0.0072299527469108504,987152.5507420367,-0.006617472724064877,604.4230860292805,6416.663758889115,notebook_baseline,10.0,True,resolved
2024-01-18,980262.8450958515,-0.0005610849746016111,987227.3752822718,7.579835576465577e-05,621.6343370446804,7038.298095933803,notebook_baseline,10.0,True,resolved
2024-01-19,990251.3332321825,0.010189601887190092,997927.3842158902,0.010838444315382834,640.9710349970029,7679.2691309308,notebook_baseline,10.0,True,resolved
2024-01-22,992825.1791056717,0.002599184456624881,1001334.7940677224,0.003414486771008418,811.0297900257332,8490.29892095653,notebook_baseline,10.0,True,resolved
2024-01-23,994074.3987513694,0.0012582473450390985,1003477.470244487,0.002139819957779121,874.4377634756288,9364.736684432166,notebook_baseline,10.0,True,resolved
2024-01-24,992626.4496347569,-0.0014565802302436426,1002878.1616512985,-0.0005972317375919634,860.1057999826764,10224.842484414838,notebook_baseline,10.0,True,resolved
2024-01-25,1001089.396428547,0.008525812300190116,1012160.3250511978,0.009255524504208523,723.5445029501723,10948.386987365013,notebook_baseline,10.0,True,resolved
2024-01-26,996436.1514882308,-0.004648181228286807,1008204.8354175925,-0.003907967478773866,741.050529177816,11689.437516542832,notebook_baseline,10.0,True,resolved
2024-01-29,1007779.2178100231,0.0113836358755659,1020451.840819932,0.012147338489273185,759.0589609157988,12448.496477458639,notebook_baseline,10.0,True,resolved
2024-01-30,1002012.7188796531,-0.00572198635222998,1015536.6795347354,-0.00481665188750835,910.2640589096832,13358.760536368309,notebook_baseline,10.0,True,resolved
2024-01-31,993466.1577420264,-0.008529393865561508,1007741.2624263861,-0.007676155145790231,858.7132364293589,14217.473772797657,notebook_baseline,10.0,True,resolved
2024-02-01,1005058.3933462079,0.011668475583032079,1020043.1362791331,0.01220737337193789,532.9640691191393,14750.437841916806,notebook_baseline,10.0,True,resolved
2024-02-02,1004169.9145740655,-0.0008840071164266661,1019996.4736311882,-4.5745759454041135e-05,841.1428477761561,15591.580689692952,notebook_baseline,10.0,True,resolved
2024-02-05,997364.4913500991,-0.006777163033063971,1014014.2468118719,-0.005864948530674319,914.6781433102789,16506.258833003234,notebook_baseline,10.0,True,resolved
2024-02-06,1002308.6436293854,0.004957217067747877,1019833.1102103541,0.005738443435856055,778.9726922722799,17285.23152527554,notebook_baseline,10.0,True,resolved
2024-02-07,1007257.1682963909,0.004937126601130437,1025686.2800787333,0.005739340888012423,799.1331695964668,18084.364694871998,notebook_baseline,10.0,True,resolved
2024-02-08,1007019.6715499464,-0.00023578561058656966,1026293.2122569984,0.0005917327647382287,831.490241952971,18915.85493682499,notebook_baseline,10.0,True,resolved
2024-02-09,1004505.0088181593,-0.0024971336735821748,1024625.3727706113,-0.0016251101210337238,875.9277041208173,19791.782640945832,notebook_baseline,10.0,True,resolved
2024-02-12,1010081.5955512342,0.005551576830498783,1031236.7178258877,0.006452451043057028,902.3327487451185,20694.115389690935,notebook_baseline,10.0,True,resolved
2024-02-13,1001682.589708551,-0.008315175605293157,1023603.3382517739,-0.007402160379051503,914.4762507015957,21608.59164039256,notebook_baseline,10.0,True,resolved
2024-02-14,1007674.0045912644,0.005981350723542889,1030558.0448447475,0.0067943375456860355,815.4396627594144,22424.031303151965,notebook_baseline,10.0,True,resolved
2024-02-15,1013825.6300309969,0.006104777350317558,1037541.6287784087,0.006776507125043407,674.4682611135567,23098.499564265494,notebook_baseline,10.0,True,resolved
2024-02-16,1010683.762985599,-0.003099021125853585,1035039.3658382064,-0.0024117229331304113,696.7339688313938,23795.233533096878,notebook_baseline,10.0,True,resolved
2024-02-20,1001165.4602524204,-0.009417686403768055,1026009.1165624985,-0.008724546692380986,698.3252367481839,24493.558769845084,notebook_baseline,10.0,True,resolved
2024-02-21,968985.512575402,-0.03214248688613863,993575.6470893859,-0.03161128780392952,502.52855474043315,24996.08732458555,notebook_baseline,10.0,True,resolved
2024-02-22,1007688.8223179826,0.039942093292719694,1033853.3012562786,0.040538085132102,579.5382474181595,25575.625572003697,notebook_baseline,10.0,True,resolved
2024-02-23,1007661.7962911368,-2.6819814060830005e-05,1034600.9167144604,0.0007231349527763165,751.8356419832387,26327.461213986902,notebook_baseline,10.0,True,resolved
2024-02-26,1007787.7733622978,0.000125019199521903,1035534.4801385609,0.000902341578301602,785.4763570158638,27112.937571002756,notebook_baseline,10.0,True,resolved
2024-02-27,1011265.5104020686,0.0034508625046798524,1039992.8673741801,0.004305397184865001,863.2905412176182,27976.22811222036,notebook_baseline,10.0,True,resolved
2024-02-28,1009680.7373507014,-0.0015671186598039677,1039112.8883296862,-0.0008461394997022476,729.7095380884973,28705.93765030886,notebook_baseline,10.0,True,resolved
2024-02-29,1017908.6533540615,0.008149027409346532,1048312.9734567098,0.008853787909234967,712.5059320661406,29418.443582375006,notebook_baseline,10.0,True,resolved
2024-03-01,1025758.4377204836,0.007711678587815074,1057301.1483155026,0.008573942216087538,880.3518615000572,30298.795443875082,notebook_baseline,10.0,True,resolved
2024-03-04,1029745.1311714249,0.003886581191377525,1062225.3220695704,0.00465730483875193,791.1406404222602,31089.936084297384,notebook_baseline,10.0,True,resolved
2024-03-05,1024832.2307593364,-0.004770986784370268,1058104.3469961565,-0.0038795677223970593,919.1743783056183,32009.110462602992,notebook_baseline,10.0,True,resolved
2024-03-06,1031748.3887471809,0.006748575796372114,1066003.715757843,0.007465585775270789,735.240471352382,32744.350933955408,notebook_baseline,10.0,True,resolved
2024-03-07,1038890.8745690121,0.006922701212554339,1074132.2799307813,0.0076252681419215484,724.1616651430033,33468.512599098445,notebook_baseline,10.0,True,resolved
2024-03-08,1034835.4336741351,-0.0039036254857464092,1070911.5419862065,-0.0029984555950430813,943.5335730986073,34412.046172197064,notebook_baseline,10.0,True,resolved
2024-03-11,1032026.709707306,-0.0027141745203456136,1068849.2081287797,-0.0019257742367795316,816.8202973832754,35228.86646958039,notebook_baseline,10.0,True,resolved
2024-03-12,1041253.283118818,0.008940246724940648,1079012.296751489,0.009508440054422307,584.9189878608063,35813.7854574412,notebook_baseline,10.0,True,resolved
2024-03-13,1039007.1679804254,-0.002157126584671931,1077571.3370130726,-0.0013354432963874618,853.6581750143843,36667.44363245557,notebook_baseline,10.0,True,resolved
2024-03-14,1033343.2414423241,-0.0054512872602319185,1072583.052918573,-0.004629191519075371,856.8265702734865,37524.27020272902,notebook_baseline,10.0,True,resolved
2024-03-15,1030378.8634758381,-0.002868725364041147,1070020.0657238401,-0.0023895466069119298,489.98019225331234,38014.2503949824,notebook_baseline,10.0,True,resolved
2024-03-18,1030682.1923262572,0.0002943857460311339,1071087.3870214885,0.0009974778341435009,725.2368209718048,38739.48721595423,notebook_baseline,10.0,True,resolved
2024-03-19,1030454.6764905211,-0.00022074295784879627,1071747.5150991534,0.0006163157980045852,858.9850652752791,39598.47228122949,notebook_baseline,10.0,True,resolved
2024-03-20,1036359.6444764117,0.005730449014993644,1078731.8423480128,0.006516765516562328,807.1204127975093,40405.59269402694,notebook_baseline,10.0,True,resolved
2024-03-21,1041046.2892514803,0.004522218517526655,1084499.6005362745,0.005346795155047435,855.3277031886764,41260.92039721568,notebook_baseline,10.0,True,resolved
2024-03-22,1036920.4588975142,-0.003963157447045562,1080990.7406567181,-0.003235464427853385,758.5178867682486,42019.438283984,notebook_baseline,10.0,True,resolved
2024-03-25,1034676.9523837573,-0.002163624504180617,1079394.018062665,-0.0014770918325195392,711.5070782964124,42730.945362280385,notebook_baseline,10.0,True,resolved
2024-03-26,1032669.1311814009,-0.0019405295514998144,1078207.987359133,-0.0010987931039867505,874.3325346668244,43605.27789694723,notebook_baseline,10.0,True,resolved
2024-03-27,1036940.4710655038,0.0041362133863886985,1083473.9884546753,0.004884030870927036,773.1048175238733,44378.382714471125,notebook_baseline,10.0,True,resolved
2024-03-28,1037257.7581566427,0.0003059839016725796,1084497.7790721762,0.0009449148095941329,664.5636237114037,45042.946338182526,notebook_baseline,10.0,True,resolved
2024-04-01,1038936.4936683056,0.0016184362068751845,1086896.772867816,0.002212078108350113,616.7720870042435,45659.71842518676,notebook_baseline,10.0,True,resolved
2024-04-02,1031001.3852148879,-0.0076377223264149086,1079459.9917369876,-0.006842214749802067,825.5588545887668,46485.277279775495,notebook_baseline,10.0,True,resolved
2024-04-03,1035091.4567742113,0.003967086386087448,1084553.7722191215,0.00471882285691505,770.3882708922508,47255.66555066772,notebook_baseline,10.0,True,resolved
2024-04-04,1024108.4963128183,-0.010610618404310435,1073672.0184874258,-0.010033392543949526,598.8550064224386,47854.52055709021,notebook_baseline,10.0,True,resolved
2024-04-05,1031759.9785230983,0.007471358979862286,1082415.9599154112,0.008143959493611241,687.8497555998049,48542.370312690044,notebook_baseline,10.0,True,resolved
2024-04-08,1031045.7522580889,-0.0006922407147752496,1082487.302922381,6.591089711527331e-05,780.2450687468418,49322.615381436815,notebook_baseline,10.0,True,resolved
2024-04-09,1024803.0232325821,-0.006054754613783686,1076756.9710519188,-0.0052936712098073935,788.7004537043091,50111.315835141046,notebook_baseline,10.0,True,resolved
2024-04-10,1021965.734246321,-0.0027686188681521617,1074328.0223611156,-0.0022558002930135324,515.0057828759394,50626.32161801694,notebook_baseline,10.0,True,resolved
2024-04-11,1017563.0437139325,-0.004308060813443482,1070372.1547590038,-0.0036821785523361017,638.2387206256182,51264.56033864258,notebook_baseline,10.0,True,resolved
2024-04-12,1003245.0053059568,-0.014070910393637392,1056207.2619060783,-0.013233614859977982,837.3277978528548,52101.88813649537,notebook_baseline,10.0,True,resolved
2024-04-15,990012.7034007278,-0.013189501901575418,1043020.4084758009,-0.012485100136955918,689.5368972225198,52791.42503371783,notebook_baseline,10.0,True,resolved
2024-04-16,991980.0368880365,0.0019871800438022724,1045684.3543029781,0.0025540687464304934,561.6046036989526,53353.02963741676,notebook_baseline,10.0,True,resolved
2024-04-17,987459.879015984,-0.004556702457675255,1041723.115196011,-0.0037881786130458117,765.597918091115,54118.627555507795,notebook_baseline,10.0,True,resolved
2024-04-18,977489.3946910563,-0.010097103220905956,1032007.4148892268,-0.009326566882367882,766.5107916273075,54885.13834713508,notebook_baseline,10.0,True,resolved
2024-04-19,961950.4236043337,-0.015896818084286113,1015923.9564233513,-0.015584634600325886,313.4450406403033,55198.583387775434,notebook_baseline,10.0,True,resolved
2024-04-22,969936.3939509718,0.008301852310346192,1024881.1634508611,0.00881680855232947,493.8032264969669,55692.38661427237,notebook_baseline,10.0,True,resolved
2024-04-23,982946.0374633018,0.013412883147250643,1039601.6252235859,0.014363091349205437,920.341367849297,56612.727982121614,notebook_baseline,10.0,True,resolved
2024-04-24,988750.6948923117,0.005905367342433188,1046658.1386244969,0.0067877090894248315,865.8838058900947,57478.61178801174,notebook_baseline,10.0,True,resolved
2024-04-25,990875.8162467276,0.0021492994800345055,1049801.584975742,0.0030033171627330546,839.4091194284961,58318.020907440194,notebook_baseline,10.0,True,resolved
2024-04-26,997428.3531949733,0.006612874025996085,1057566.83761837,0.007396876470526115,772.2202554843952,59090.24116292463,notebook_baseline,10.0,True,resolved
2024-04-29,993517.1418946264,-0.003921295487358534,1054175.0658532423,-0.003207146484250578,712.6466976125146,59802.887860537216,notebook_baseline,10.0,True,resolved
2024-04-30,981308.4942241024,-0.012288311047399025,1042011.5807770246,-0.011538391933386016,748.2494463937494,60551.13730693091,notebook_baseline,10.0,True,resolved
2024-05-01,977268.3525154945,-0.004117096440505508,1038397.3538691164,-0.0034685093472887063,638.8745138928398,61190.0118208238,notebook_baseline,10.0,True,resolved
2024-05-02,998942.1506328236,0.02217793921346245,1061965.0033426958,0.022696176358467435,502.137542191312,61692.14936301511,notebook_baseline,10.0,True,resolved
2024-05-03,1007492.538917108,0.008559442885524238,1071895.3996595794,0.009350963812956303,790.1047341421904,62482.254097157296,notebook_baseline,10.0,True,resolved
2024-05-06,1009211.1152215581,0.0017057955647963308,1074574.6316424366,0.0024995274573509363,797.2411745637794,63279.495271721054,notebook_baseline,10.0,True,resolved
2024-05-07,1016238.4558598414,0.006963201784336848,1082835.1434080917,0.007687238766310056,734.6087040835661,64014.10397580462,notebook_baseline,10.0,True,resolved
2024-05-08,1016189.2142288003,-4.845479991155699e-05,1083741.7983802445,0.000837297327919373,887.3564844785096,64901.460460283066,notebook_baseline,10.0,True,resolved
2024-05-09,1020137.8786103192,0.00388575702854288,1088905.6656298945,0.004764850130693388,891.1759901125344,65792.6364503955,notebook_baseline,10.0,True,resolved
2024-05-10,1019535.5693032148,-0.0005904195106694043,1089116.4688106913,0.00019359177516520276,802.7258379992217,66595.36228839475,notebook_baseline,10.0,True,resolved
2024-05-13,1021372.0793272706,0.001801320208289603,1091913.1825844133,0.002567873917815211,783.2145797773268,67378.57686817207,notebook_baseline,10.0,True,resolved
2024-05-14,1030698.3460306586,0.009131115772746279,1102695.8651841374,0.009875036561242778,761.3164824996169,68139.89335067157,notebook_baseline,10.0,True,resolved
2024-05-15,1041831.9467844524,0.010801997302771094,1115485.8276531484,0.01159881239499816,817.9535590858245,68957.84690975737,notebook_baseline,10.0,True,resolved
2024-05-16,1040770.2531996808,-0.0010190641475801288,1115219.8227794901,-0.0002384654892639837,813.869051110928,69771.71596086824,notebook_baseline,10.0,True,resolved
2024-05-17,1040473.7665186247,-0.0002848723626992511,1115902.4126394792,0.0006120675458294311,933.734755220277,70705.45071608861,notebook_baseline,10.0,True,resolved
2024-05-20,1038768.6927552912,-0.0016387474804276936,1114997.68789224,-0.0008107561530396046,861.4176968690614,71566.86841295783,notebook_baseline,10.0,True,resolved
2024-05-21,1036127.4979630786,-0.002542620711071919,1112817.7084802699,-0.001955142540332133,610.0325218609014,72176.90093481872,notebook_baseline,10.0,True,resolved
2024-05-22,1030163.4172275921,-0.005756126294506503,1107184.0637065577,-0.005062504605004681,718.361796134345,72895.26273095312,notebook_baseline,10.0,True,resolved
2024-05-23,1020826.2876535355,-0.009063736313977278,1097876.9296396119,-0.008406130807002477,678.1928778327218,73573.45560878594,notebook_baseline,10.0,True,resolved
2024-05-24,1030957.826304828,0.009924841056533573,1109556.337019079,0.010638175431285202,726.2668204890133,74299.7224292749,notebook_baseline,10.0,True,resolved
2024-05-28,1031537.5893360155,0.0005623537805279355,1111066.0677324205,0.0013606616112866732,823.4435316816302,75123.16596095644,notebook_baseline,10.0,True,resolved
2024-05-29,1024451.6920052,-0.006869257508470117,1104358.6565641256,-0.006036914782200253,857.4649932901408,75980.63095424662,notebook_baseline,10.0,True,resolved
2024-05-30,1021481.9475306413,-0.0028988623843705374,1101971.467174332,-0.0021616069884584643,754.3444652855286,76734.97541953217,notebook_baseline,10.0,True,resolved
2024-05-31,1022971.5308959679,0.0014582571614969453,1104466.6853904375,0.002264321981497286,822.685092697177,77557.66051222931,notebook_baseline,10.0,True,resolved
2024-06-03,1019687.3347973467,-0.0032104472113164695,1101727.2545925262,-0.002480319989862645,754.7013451727465,78312.36185740205,notebook_baseline,10.0,True,resolved
2024-06-04,1012007.00270625,-0.007532046176314644,1094033.9866546884,-0.006982915150522628,557.7851783591359,78870.14703576121,notebook_baseline,10.0,True,resolved
2024-06-05,1027069.9840016878,0.014884265874798741,1110934.4491210738,0.01544784044421088,574.9823969991794,79445.12943276032,notebook_baseline,10.0,True,resolved
2024-06-06,1018924.2029935452,-0.007931086620217354,1103053.5149454116,-0.0070939686692561565,852.6421963947143,80297.77162915496,notebook_baseline,10.0,True,resolved
2024-06-07,1016044.5506626591,-0.0028261693288135215,1100868.922762085,-0.001980495192415721,859.989073657745,81157.76070281284,notebook_baseline,10.0,True,resolved
2024-06-10,1021924.8354538972,0.005787428107756787,1107991.092032121,0.006469588815502636,698.5255305105735,81856.2862333235,notebook_baseline,10.0,True,resolved
2024-06-11,1018073.0498958516,-0.0037691476167469595,1104597.346396904,-0.003062971949524207,722.8249303275,82579.11116365113,notebook_baseline,10.0,True,resolved
2024-06-12,1020840.7973497896,0.002718613810886339,1108513.3719113208,0.0035452063389347366,844.5113166188233,83423.62248026984,notebook_baseline,10.0,True,resolved
2024-06-13,1017457.7098257821,-0.0033140206903862213,1105644.5852927342,-0.0025879585138790517,741.1194531723886,84164.74193344224,notebook_baseline,10.0,True,resolved
2024-06-14,1011001.5585791434,-0.006345375522039398,1099494.2882540068,-0.00556263479289687,798.3520582823795,84963.09399172463,notebook_baseline,10.0,True,resolved
2024-06-17,1010187.6328123014,-0.000805068755765137,1099365.5847957644,-0.00011705695938335481,695.0322275866271,85658.1262193113,notebook_baseline,10.0,True,resolved
2024-06-18,1017679.9461784204,0.007416754197693942,1108077.948936812,0.007924901653771688,512.5672591504347,86170.69347846186,notebook_baseline,10.0,True,resolved
2024-06-20,1016809.0116253168,-0.0008558039847146315,1107962.8452963666,-0.00010387684418411425,764.2782765890516,86934.97175505091,notebook_baseline,10.0,True,resolved
2024-06-21,1018066.623086902,0.0012368217110654278,1110197.298670575,0.0020167222968661136,789.9133910611761,87724.88514611202,notebook_baseline,10.0,True,resolved
2024-06-24,1016115.8556800354,-0.001916149063949879,1108940.411066358,-0.0011321299427787812,798.0261688873279,88522.91131499926,notebook_baseline,10.0,True,resolved
2024-06-25,1018983.9203796459,0.0028225764646601093,1112788.926411319,0.0034704437736743365,657.7031800778843,89180.61449507707,notebook_baseline,10.0,True,resolved
2024-06-26,1013464.7968164395,-0.0054163009374574855,1107635.8622507367,-0.004630765132791814,796.5662305934175,89977.18072567054,notebook_baseline,10.0,True,resolved
2024-06-27,1014873.0763262694,0.0013895692423198103,1110097.9921602379,0.0022228694405921345,843.4511884927539,90820.63191416331,notebook_baseline,10.0,True,resolved
2024-06-28,1005659.4454892462,-0.009078604065816398,1100743.9267962025,-0.008426342025745326,648.3637343783804,91468.99564854163,notebook_baseline,10.0,True,resolved
2024-07-01,999033.4221258005,-0.0065887347781257155,1094329.098713092,-0.005827720623252763,765.4508072043956,92234.44645574616,notebook_baseline,10.0,True,resolved
2024-07-02,998122.6922054177,-0.0009116110634667107,1094103.5415134868,-0.00020611459557329237,696.0854677758591,92930.53192352198,notebook_baseline,10.0,True,resolved
2024-07-03,1008305.7639038755,0.010202224413871974,1106006.418151561,0.010879113526685691,691.8913159048918,93622.42323942692,notebook_baseline,10.0,True,resolved
2024-07-05,1002534.670239598,-0.005723555166374794,1100587.2637259378,-0.004899749528289421,816.1708647331723,94438.59410416012,notebook_baseline,10.0,True,resolved
2024-07-08,1007159.1735725999,0.004612811377282977,1106507.3920199345,0.005379063059438582,774.4510076651949,95213.04511182531,notebook_baseline,10.0,True,resolved
2024-07-09,1003753.8988162181,-0.0033810690958635536,1103783.1569310755,-0.002462012552745696,924.8481529090224,96137.89326473446,notebook_baseline,10.0,True,resolved
2024-07-10,1007274.5013453744,0.003507435969422712,1108533.6009130978,0.00430378372073581,797.1157873383514,96935.00905207286,notebook_baseline,10.0,True,resolved
2024-07-11,1013008.1607665862,0.005692251132688897,1115626.9803755665,0.006398885389333975,713.3857881632588,97648.39484023603,notebook_baseline,10.0,True,resolved
2024-07-12,1016548.6907468796,0.0034950656050136697,1120456.2297009462,0.0043287312070510175,844.1320850418969,98492.52692527795,notebook_baseline,10.0,True,resolved
2024-07-15,1016861.9510549167,0.000308160652695344,1121791.5833964976,0.0011917946102257826,898.1370144976704,99390.66393977577,notebook_baseline,10.0,True,resolved
2024-07-16,1026247.3369493824,0.00922975423038408,1133094.619573067,0.010075878927836568,855.5290505659167,100246.19299034169,notebook_baseline,10.0,True,resolved
2024-07-17,1011459.023719959,-0.0144100868250564,1117663.44904246,-0.013618607187828036,810.4025422632014,101056.59553260486,notebook_baseline,10.0,True,resolved
2024-07-18,1005445.6407427196,-0.005945256146040578,1111851.4032199932,-0.005200175265144491,758.2171853125026,101814.81271791736,notebook_baseline,10.0,True,resolved
2024-07-19,999907.3316930558,-0.0055083127572891355,1106347.2640332147,-0.004950426982273215,562.4152597789847,102377.22797769636,notebook_baseline,10.0,True,resolved
2024-07-22,1012723.8780399624,0.012817734144628723,1121202.7525146508,0.013427509575320906,610.376090868489,102987.60406856492,notebook_baseline,10.0,True,resolved
2024-07-23,1009104.3946920948,-0.0035740081046304883,1118162.0769016913,-0.0027119765859831,873.9024926750704,103861.50656123989,notebook_baseline,10.0,True,resolved
2024-07-24,1001575.467111058,-0.007460999695015791,1110629.6027087537,-0.0067364779655283424,735.4262811887612,104596.93284242877,notebook_baseline,10.0,True,resolved
2024-07-25,993551.0954373671,-0.008011749425968162,1102434.7418771922,-0.00737857230851291,635.7859626221474,105232.71880505093,notebook_baseline,10.0,True,resolved
2024-07-26,1000407.864722098,0.00690127494823245,1110770.9513094458,0.007561635274718315,655.2359244720177,105887.95472952297,notebook_baseline,10.0,True,resolved
2024-07-29,999766.715944618,-0.0006408873821259764,1110608.547397912,-0.00014620828114231266,491.3471646524046,106379.30189417527,notebook_baseline,10.0,True,resolved
2024-07-30,987110.9025060395,-0.012658766526970067,1097279.1102338461,-0.012001922005098864,640.9611711576847,107020.26306533306,notebook_baseline,10.0,True,resolved
2024-07-31,1001092.3914048099,0.014164050729532862,1113476.779292663,0.01476166720732075,594.9027973145114,107615.16586264744,notebook_baseline,10.0,True,resolved
2024-08-01,992682.4426972136,-0.008400771776713611,1105029.7656023928,-0.007586160616331994,815.8682558733168,108431.03411852063,notebook_baseline,10.0,True,resolved
2024-08-02,984632.7931686665,-0.008108987509314103,1096989.6025859225,-0.007275969631539647,830.9838134224785,109262.01793194322,notebook_baseline,10.0,True,resolved
2024-08-05,963757.774435077,-0.021200816058960625,1074497.2824244876,-0.020503676706154605,677.585863703602,109939.60379564676,notebook_baseline,10.0,True,resolved
2024-08-06,968577.8130572385,0.005001296746982797,1080628.4303193148,0.0057060617975626116,677.8077014122368,110617.41149705889,notebook_baseline,10.0,True,resolved
2024-08-07,966402.6038883607,-0.0022457763739310854,1079051.4821967147,-0.0014592880201514946,764.1907453779563,111381.60224243697,notebook_baseline,10.0,True,resolved
2024-08-08,976621.5128995178,0.01057417371397884,1091373.0867856531,0.011418921888559197,813.379266090661,112194.9815085275,notebook_baseline,10.0,True,resolved
2024-08-09,976435.0843183749,-0.00019089133167815575,1092051.4561054723,0.0006215741693036403,791.8751792616845,112986.8566877892,notebook_baseline,10.0,True,resolved
2024-08-12,972705.9812311693,-0.003819099853226593,1088697.0516640008,-0.0030716541997335423,730.4011004172248,113717.25778820639,notebook_baseline,10.0,True,resolved
2024-08-13,981566.1164040724,0.009108749554195938,1099341.168981099,0.009776932252024917,649.2197040432511,114366.47749224972,notebook_baseline,10.0,True,resolved
2024-08-14,982505.4817022469,0.0009570066473116867,1101290.2461671233,0.0017729502369412398,799.6447007929632,115166.12219304273,notebook_baseline,10.0,True,resolved
2024-08-15,990240.7246128898,0.007872976848170898,1110887.8737342341,0.008714893826140768,829.7340243461748,115995.85621738888,notebook_baseline,10.0,True,resolved
2024-08-16,992125.5224659024,0.0019033733981697054,1113919.7741058543,0.0027292586797518226,816.6888181688114,116812.54503555766,notebook_baseline,10.0,True,resolved
2024-08-19,996294.5869774229,0.004202154281001125,1119536.3068864408,0.005042134012833044,830.9526475386443,117643.49768309623,notebook_baseline,10.0,True,resolved
2024-08-20,994546.6883480018,-0.0017543994038188293,1118530.4556841822,-0.0008984534008155132,854.6061173693424,118498.10380046548,notebook_baseline,10.0,True,resolved
2024-08-21,998522.656030156,0.003997768761121234,1123982.6232017283,0.004874402382017529,871.0086017509389,119369.11240221656,notebook_baseline,10.0,True,resolved
2024-08-22,994690.3730049011,-0.0038379530019788666,1120429.0157283763,-0.0031616213631749934,676.6148083894956,120045.72721060604,notebook_baseline,10.0,True,resolved
2024-08-23,1003641.4477563323,0.008998855316544985,1131273.6055460875,0.00967896195606932,676.7921956364161,120722.51940624234,notebook_baseline,10.0,True,resolved
2024-08-26,1002101.3304362257,-0.0015345294114242902,1130401.5904734465,-0.0007708259685065277,768.2940438886571,121490.81345013101,notebook_baseline,10.0,True,resolved
2024-08-27,1002541.3191752521,0.00043906611603317103,1131796.6809634822,0.0012341547480054782,795.1335040414026,122285.9469541724,notebook_baseline,10.0,True,resolved
2024-08-28,999414.5165423229,-0.0031188765720913114,1129074.8112546108,-0.0024049104884760197,714.2583682474491,123000.20532241977,notebook_baseline,10.0,True,resolved
2024-08-29,994777.2891961427,-0.004639943956611381,1124506.9402344497,-0.004045676136451348,595.0378304505023,123595.24315287026,notebook_baseline,10.0,True,resolved
2024-08-30,997994.603772808,0.003234205898754672,1129024.231866804,0.00401713094933176,778.4816336548823,124373.72478652526,notebook_baseline,10.0,True,resolved
2024-09-03,990702.9871596313,-0.007306268576615094,1121599.419042233,-0.00657630953792232,731.7369262859509,125105.4617128111,notebook_baseline,10.0,True,resolved
2024-09-04,988533.4325024036,-0.002189914318768582,1119994.8479434801,-0.0014306097805605322,751.6121368188151,125857.07384962993,notebook_baseline,10.0,True,resolved
2024-09-05,983788.9760438919,-0.004799490136111584,1115461.855021948,-0.004047333726450164,743.715930656554,126600.78978028643,notebook_baseline,10.0,True,resolved
2024-09-06,972572.6308123888,-0.01140116986938322,1103444.478038898,-0.010773453999297522,612.0616018417255,127212.8513821281,notebook_baseline,10.0,True,resolved
2024-09-09,977863.097217756,0.005439662023953851,1110093.1495469294,0.006025379292166955,571.4840421596036,127784.33542428756,notebook_baseline,10.0,True,resolved
2024-09-10,972541.014761291,-0.005442563965863512,1104805.6402923183,-0.00476312213688479,660.1475540281439,128444.48297831576,notebook_baseline,10.0,True,resolved
2024-09-11,972400.3132692941,-0.0001446740958594983,1105445.9245524118,0.0005795447060932268,701.6168052365056,129146.09978355214,notebook_baseline,10.0,True,resolved
2024-09-12,977425.465587481,0.005167781467790622,1111778.5856191805,0.005728603205383154,543.4021155141643,129689.50189906626,notebook_baseline,10.0,True,resolved
2024-09-13,982658.555606334,0.005353953015443169,1118472.7101296796,0.006021095024753453,648.9023434886491,130338.4042425549,notebook_baseline,10.0,True,resolved
2024-09-16,988754.5939043693,0.006203617994526844,1126186.6722416948,0.00689687110123649,683.7250391327178,131022.12928168767,notebook_baseline,10.0,True,resolved
2024-09-17,991125.3067891374,0.0023976757219470457,1129817.5349340625,0.0032240327308619143,824.167680701471,131846.29696238897,notebook_baseline,10.0,True,resolved
2024-09-18,991597.4522508269,0.0004763731270458482,1131311.2933892785,0.0013221236253011526,837.4971994168391,132683.79416180603,notebook_baseline,10.0,True,resolved
2024-09-19,991640.8824039733,4.379816935573544e-05,1132216.0550280972,0.000799745962146492,749.6111165620173,133433.4052783678,notebook_baseline,10.0,True,resolved
2024-09-20,990451.546941921,-0.0011993610622114126,1131685.8738820632,-0.00046826852850168077,724.049441803923,134157.45472017152,notebook_baseline,10.0,True,resolved
2024-09-23,997413.7626171142,0.007029334949992805,1140506.4354894608,0.007794178412018349,758.8448430135933,134916.2995631852,notebook_baseline,10.0,True,resolved
2024-09-24,994579.7376495618,-0.0028413734337454644,1138248.4072361575,-0.0019798470074693375,859.2947938041932,135775.59435698958,notebook_baseline,10.0,True,resolved
2024-09-25,987135.8178919175,-0.007484487644234705,1130639.8084634189,-0.006684480052305486,796.0924603577112,136571.68681734736,notebook_baseline,10.0,True,resolved
2024-09-26,989821.453515064,0.0027206343589900595,1134503.889133342,0.0034176053602559264,690.2811094330972,137261.96792678046,notebook_baseline,10.0,True,resolved
2024-09-27,993959.0374219086,0.004180131570346468,1140095.2552315793,0.004928467986573759,742.8371681803316,138004.80509496076,notebook_baseline,10.0,True,resolved
2024-09-30,994451.3238771373,0.0004952784135909827,1141530.4696397106,0.0012588548207226324,758.9623792212758,138763.76747418195,notebook_baseline,10.0,True,resolved
2024-10-01,991483.9699426895,-0.0029839106884373967,1139058.8960904418,-0.0021651402349767146,814.466835464579,139578.23430964677,notebook_baseline,10.0,True,resolved
2024-10-02,992866.1697984374,0.0013940718132112728,1141523.1069620377,0.00216337441378478,761.7122206239421,140339.9465302708,notebook_baseline,10.0,True,resolved
2024-10-03,984663.767126811,-0.008261337651671252,1132944.912892186,-0.007514691570879362,739.7108039586349,141079.65733422956,notebook_baseline,10.0,True,resolved
2024-10-04,984042.2462752948,-0.0006312010985534133,1132981.699764181,3.247013299256807e-05,654.4698161569514,141734.12715038648,notebook_baseline,10.0,True,resolved
2024-10-07,976630.9065884608,-0.007531525922679361,1125047.9678496658,-0.007002524326885862,518.2074328686992,142252.3345832553,notebook_baseline,10.0,True,resolved
2024-10-08,976321.7498044723,-0.00031655437269373365,1125515.9491822603,0.00041596567076962465,715.3739909043175,142967.70857415957,notebook_baseline,10.0,True,resolved
2024-10-09,979474.0854744737,0.003228787713305259,1129894.0470958343,0.0038898586170679206,644.6393978681714,143612.34797202802,notebook_baseline,10.0,True,resolved
2024-10-10,976868.1146858558,-0.0026605816603667565,1127704.199425731,-0.001938100015423383,708.623758040829,144320.97173006888,notebook_baseline,10.0,True,resolved
2024-10-11,983047.893599527,0.00632611385382198,1135623.6643342362,0.007022643803701323,676.9772653414741,144997.94899541014,notebook_baseline,10.0,True,resolved
2024-10-14,986460.498753019,0.0034714536043574107,1140506.205969933,0.004299436326522077,813.9515709881155,145811.90056639857,notebook_baseline,10.0,True,resolved
2024-10-15,981505.2442917033,-0.005023266991004305,1135726.8688580375,-0.004190540206513771,822.8811350669234,146634.7817014653,notebook_baseline,10.0,True,resolved
2024-10-16,984312.0329624735,0.0028596777114477945,1139647.9939142086,0.0034525246903014395,580.5111364151527,147215.29283788035,notebook_baseline,10.0,True,resolved
2024-10-17,978518.5592051437,-0.00588581015299916,1133619.639800327,-0.005289663252226573,586.0158548530109,147801.30869273315,notebook_baseline,10.0,True,resolved
2024-10-18,983674.9242193875,0.005269562815888085,1140270.5361059331,0.005866955786667294,584.3027230270463,148385.6114157603,notebook_baseline,10.0,True,resolved
2024-10-21,984255.7998378426,0.0005905158341981132,1141837.0520261098,0.0013738107497949237,771.8179831411503,149157.42939890167,notebook_baseline,10.0,True,resolved
2024-10-22,980299.6921955005,-0.004019389718601496,1138238.4434281476,-0.003151595572745469,852.3754946340471,150009.804893536,notebook_baseline,10.0,True,resolved
2024-10-23,976114.9943579686,-0.004268794401189435,1134132.2194339181,-0.0036075253106566674,646.7259402638915,150656.5308337996,notebook_baseline,10.0,True,resolved
2024-10-24,976776.7092639833,0.000677906711647136,1135652.6057247669,0.0013405723466772823,643.443549759335,151299.9743835587,notebook_baseline,10.0,True,resolved
2024-10-25,970067.6836803578,-0.006868535582385982,1128732.551783288,-0.006093460188965616,752.0895235050637,152052.06390706362,notebook_baseline,10.0,True,resolved
2024-10-28,975802.59958783,0.005911871928064194,1136201.316263223,0.006616947892691849,688.609371837622,152740.67327890111,notebook_baseline,10.0,True,resolved
2024-10-29,975795.163800213,-7.620176068590112e-06,1137116.0940227173,0.0008051194329741218,792.3246806654183,153532.99795956656,notebook_baseline,10.0,True,resolved
2024-10-30,971428.9532534357,-0.00447451546057398,1132991.4302148188,-0.0036273022865298543,828.0471048260314,154361.04506439267,notebook_baseline,10.0,True,resolved
2024-10-31,965145.2769556011,-0.006468487764122899,1126478.5435281622,-0.005748398896028517,700.2270656705061,155061.272130063,notebook_baseline,10.0,True,resolved
2024-11-01,962306.8256315672,-0.002940957586185733,1123941.7772692293,-0.002251943699688841,667.3732827879215,155728.6454128506,notebook_baseline,10.0,True,resolved
2024-11-04,957616.7926410714,-0.004873739711258596,1119221.3380284344,-0.004199896592743224,651.4244359739774,156380.0698488243,notebook_baseline,10.0,True,resolved
2024-11-05,971910.1479629618,0.014925965617697656,1136682.1581552108,0.015600864220060684,641.2705575739602,157021.3404063983,notebook_baseline,10.0,True,resolved
2024-11-06,996484.9644662112,0.025285070389228892,1166398.8825613034,0.026143389506809722,834.0487509426646,157855.38915734075,notebook_baseline,10.0,True,resolved
2024-11-07,996579.5695053942,9.493875227084558e-05,1167547.8314907895,0.0009850394634836057,888.9205524874362,158744.3097098283,notebook_baseline,10.0,True,resolved
2024-11-08,1000129.8512314401,0.0035624668964544526,1172625.7721435258,0.004349235650801919,781.6728094199062,159525.98251924844,notebook_baseline,10.0,True,resolved
2024-11-11,996494.4901983042,-0.003634889038318101,1169319.2408201403,-0.0028197668872151915,812.9459645800774,160338.92848382855,notebook_baseline,10.0,True,resolved
2024-11-12,989643.0159934941,-0.006875576605994693,1162156.4880261002,-0.006125575073079537,751.4394032193824,161090.36788704764,notebook_baseline,10.0,True,resolved
2024-11-13,982774.0057147403,-0.0069408970383710855,1154972.2361297798,-0.006181828325480199,750.1225341860763,161840.4904212338,notebook_baseline,10.0,True,resolved
2024-11-14,975189.0613672242,-0.007717892723464681,1146888.4735339507,-0.006999096898568813,708.8795115563123,162549.36993279005,notebook_baseline,10.0,True,resolved
2024-11-15,971757.078249914,-0.0035193002600937273,1143535.4997755599,-0.002923539503417616,582.5470747077048,163131.91700749757,notebook_baseline,10.0,True,resolved
2024-11-18,973950.9463710111,0.002257630194007154,1146778.38701192,0.00283584308226259,563.4582075688006,163695.37521506645,notebook_baseline,10.0,True,resolved
2024-11-19,977756.9713474193,0.003907819988870687,1151927.4491774626,0.0044900237254723585,567.5610981880488,164262.9363132546,notebook_baseline,10.0,True,resolved
2024-11-20,978049.0078570978,0.0002986800587838623,1153215.3902031234,0.0011180747768277932,801.8254238724973,165064.7617371271,notebook_baseline,10.0,True,resolved
2024-11-21,985118.8235095057,0.007228488138746547,1162599.5384352948,0.008137376861159007,887.4156071591143,165952.1773442863,notebook_baseline,10.0,True,resolved
2024-11-22,991948.5163001708,0.0069328619326693985,1171468.5529596726,0.007628606610591282,681.21185927967,166633.38920356616,notebook_baseline,10.0,True,resolved
2024-11-25,996127.1704852906,0.004212571636989404,1177256.823419644,0.00494103784975497,725.9240256453705,167359.31322921155,notebook_baseline,10.0,True,resolved
2024-11-26,997209.8276728091,0.001086866435930256,1179479.417314937,0.0018879430988023582,795.7838503430853,168155.09707955463,notebook_baseline,10.0,True,resolved
2024-11-27,991151.6990628443,-0.006075079127632277,1173322.4639365529,-0.00522006004343889,853.5670689736701,169008.66414852842,notebook_baseline,10.0,True,resolved
2024-11-29,994451.6536043214,0.003329414200265557,1178152.7066021268,0.00411672222601811,781.5954114141077,169790.25955994282,notebook_baseline,10.0,True,resolved
2024-12-02,993249.437543669,-0.0012089235874817028,1177639.5385484449,-0.00043557006728101033,771.631440045884,170561.89099998845,notebook_baseline,10.0,True,resolved
2024-12-03,989963.2546146575,-0.003308517281558565,1174582.4275380038,-0.002595964987902266,706.7187034912253,171268.6097034794,notebook_baseline,10.0,True,resolved
2024-12-04,992943.1984341923,0.003010155988764307,1178962.8468104624,0.0037293417386128347,711.9595375660937,171980.56924104542,notebook_baseline,10.0,True,resolved
2024-12-05,992311.3752507746,-0.0006363135216739257,1179155.3225555257,0.0001632585331963199,800.5976770649108,172781.16691811022,notebook_baseline,10.0,True,resolved
2024-12-06,995558.6350251142,0.003272420185165048,1183867.1745593222,0.003995955336558055,717.5067356161029,173498.6736537262,notebook_baseline,10.0,True,resolved
2024-12-09,989647.9006173887,-0.005937103250153064,1177766.7115080396,-0.0051529961995553375,784.5746260360127,174283.24827976216,notebook_baseline,10.0,True,resolved
2024-12-10,979460.6063126046,-0.010293857338987689,1166560.531207019,-0.009514770787393045,773.87578369461,175057.12406345698,notebook_baseline,10.0,True,resolved
2024-12-11,985458.4800130689,0.006123649753556171,1174463.2306033345,0.00677435862512743,638.1202483088174,175695.24431176588,notebook_baseline,10.0,True,resolved
2024-12-12,985007.4572198185,-0.0004576781289095111,1174861.4751893557,0.000339086465752203,787.8345354330057,176483.07884719866,notebook_baseline,10.0,True,resolved
2024-12-13,987484.7374955775,0.0025149863156885832,1178592.5847513112,0.0031757867976343057,649.7975275839227,177132.8763747827,notebook_baseline,10.0,True,resolved
2024-12-16,986205.5551367067,-0.001295394561859342,1177808.2935857615,-0.0006654472255273047,623.3214137402409,177756.19778852325,notebook_baseline,10.0,True,resolved
2024-12-17,979492.4903856042,-0.0068069630272685755,1170743.4986003432,-0.005998255423987464,796.064261235239,178552.26204975828,notebook_baseline,10.0,True,resolved
2024-12-18,959769.3256076877,-0.02013610616876904,1147928.1442427188,-0.019487918903586365,646.0270204654697,179198.28907022404,notebook_baseline,10.0,True,resolved
2024-12-19,956713.2481651531,-0.003184179115747088,1144902.5812926798,-0.002635672768555586,526.0513168423303,179724.34038706627,notebook_baseline,10.0,True,resolved
2024-12-20,969046.3589100321,0.012891125704104445,1160448.520284411,0.013578394568888763,658.5714938070981,180382.91188087326,notebook_baseline,10.0,True,resolved
2024-12-23,968358.2478517424,-0.0007100909589750071,1160626.6325228324,0.0001534856870493151,833.1666609357505,181216.0785418089,notebook_baseline,10.0,True,resolved
2024-12-24,972843.9557175885,0.004632281364667978,1166923.0668425707,0.005425030016803722,765.3862538565721,181981.46479566573,notebook_baseline,10.0,True,resolved
2024-12-26,973355.4959087669,0.0005258193651427323,1168357.5527096004,0.0012292891517786675,683.0853836909806,182664.5501793569,notebook_baseline,10.0,True,resolved
2024-12-27,966455.6280889949,-0.007088743885223514,1161002.1460644933,-0.0062955099901128575,773.7434746794534,183438.29365403653,notebook_baseline,10.0,True,resolved
2024-12-30,962056.6597442243,-0.004551650605490121,1156566.9879711815,-0.0038201118820889723,704.13104627744,184142.4247003139,notebook_baseline,10.0,True,resolved
2024-12-31,958382.3876193614,-0.003819184751384319,1152775.3959823782,-0.003278315936938947,521.6472777232167,184664.07197803722,notebook_baseline,10.0,True,resolved
2025-01-02,960833.9104845263,0.0025579798803008202,1156360.9842953496,0.0031103962883556324,527.1606627906684,185191.2326408277,notebook_baseline,10.0,True,resolved
2025-01-03,972968.0521256952,0.012628760817829487,1171782.6772099698,0.013336400245307356,678.4602277153804,185869.6928685432,notebook_baseline,10.0,True,resolved
2025-01-06,971441.7806463502,-0.0015686758429636072,1170848.5375719746,-0.0007971952958201189,750.1335496281957,186619.8264181712,notebook_baseline,10.0,True,resolved
2025-01-07,968385.1211928865,-0.003146518416605404,1168101.4517043233,-0.0023462350419363176,779.5752495682425,187399.40166773947,notebook_baseline,10.0,True,resolved
2025-01-08,968162.0586166498,-0.00023034490241025107,1168737.1513294089,0.0005442161073920815,750.1054349451175,188149.50710268482,notebook_baseline,10.0,True,resolved
2025-01-10,957472.0941587961,-0.01104150318917474,1156676.3158822877,-0.010319544846676854,701.1795740267104,188850.68667671137,notebook_baseline,10.0,True,resolved
2025-01-13,958539.8204765418,0.0011151513702170046,1158787.2106642157,0.001824965855134586,677.6682510978906,189528.35492780915,notebook_baseline,10.0,True,resolved
2025-01-14,962847.9422959976,0.004494463064991905,1164732.615665264,0.005130713340925075,610.7000015785659,190139.05492938767,notebook_baseline,10.0,True,resolved
2025-01-15,967903.5092439028,0.005250638990669243,1171729.1233174242,0.006006964652710556,731.4065398470332,190870.4614692348,notebook_baseline,10.0,True,resolved
2025-01-16,975501.4556389023,0.007849900658935205,1181692.5267646331,0.008503162760860938,633.8791306410649,191504.34059987566,notebook_baseline,10.0,True,resolved
2025-01-17,980031.3635060212,0.004643671048293996,1188188.041998747,0.005496789636046939,835.9353103923651,192340.275910268,notebook_baseline,10.0,True,resolved
2025-01-21,985618.24615372,0.00570071821753948,1195991.1562277419,0.006567238478405013,848.6595314987381,193188.93544176675,notebook_baseline,10.0,True,resolved
2025-01-22,983431.1525558899,-0.002219006807518964,1194231.5185924685,-0.001471279805131176,739.7357583226179,193928.67120008924,notebook_baseline,10.0,True,resolved
2025-01-23,983909.5289448644,0.00048643607407727885,1195905.4778290614,0.001401704117276914,899.0474012290231,194827.71860131837,notebook_baseline,10.0,True,resolved
2025-01-24,982451.5221357077,-0.001481850481436342,1195003.4379264177,-0.0007542735771067788,716.2530169843238,195543.97161830266,notebook_baseline,10.0,True,resolved
2025-01-27,963528.392596575,-0.019261133107103867,1172718.5315600191,-0.01864840356030073,605.2559472784404,196149.227565581,notebook_baseline,10.0,True,resolved
2025-01-28,969888.9113293956,0.00660127795059573,1181206.5694759209,0.007237915738067535,606.6450220052529,196755.87258758635,notebook_baseline,10.0,True,resolved
2025-01-29,972110.7641595968,0.0022908322842414286,1184946.439865807,0.0031661442515897864,846.3418444435198,197602.21443202996,notebook_baseline,10.0,True,resolved
2025-01-30,979439.4309291707,0.007538921530109377,1194935.7637914903,0.008430190251311753,864.2479469546149,198466.46237898464,notebook_baseline,10.0,True,resolved
2025-01-31,975838.0860241093,-0.0036769449864244574,1191506.1063748312,-0.002870160489444995,791.591764573925,199258.05414355866,notebook_baseline,10.0,True,resolved
2025-02-03,975919.0135394643,8.293129415015699e-05,1192535.9525903706,0.000864323069793338,757.2893744284115,200015.34351798703,notebook_baseline,10.0,True,resolved
2025-02-04,972368.1689960526,-0.0036384623049134923,1188880.3113729549,-0.003065434806787226,560.9329712137426,200576.27648920094,notebook_baseline,10.0,True,resolved
2025-02-05,976010.9496962655,0.0037462977670010833,1194210.6061858805,0.004483457890533948,717.352347384908,201293.62883658594,notebook_baseline,10.0,True,resolved
2025-02-06,979403.2289133841,0.0034756569259537518,1199386.4564595723,0.004334118493740879,836.2205902498031,202129.849426836,notebook_baseline,10.0,True,resolved
2025-02-07,975197.197148189,-0.004294484274736998,1195213.1131999192,-0.0034795651036215736,799.3594620773238,202929.20888891342,notebook_baseline,10.0,True,resolved
2025-02-10,976749.596725285,0.0015918827306271588,1197984.9391110388,0.0023191060075458125,707.897586507274,203637.10647542065,notebook_baseline,10.0,True,resolved
2025-02-11,971510.0272002219,-0.0053642914649053575,1192465.7762894304,-0.004607038570705102,739.187167868117,204376.29364328884,notebook_baseline,10.0,True,resolved
2025-02-12,974046.394661755,0.002610747589340434,1196434.1794316939,0.0033278968848999835,694.950303104835,205071.2439463939,notebook_baseline,10.0,True,resolved
2025-02-13,978594.9063178245,0.0046697073989467874,1202924.2418690957,0.005424504372220973,732.2345679895708,205803.4785143835,notebook_baseline,10.0,True,resolved
2025-02-14,976383.3145887097,-0.002259966524285728,1201208.2534130244,-0.0014265141530485081,817.0935780842749,206620.5720924675,notebook_baseline,10.0,True,resolved
2025-02-18,979101.3811973941,0.0027838109972508907,1205405.2445987435,0.003493974649103615,693.0874717216811,207313.65956418947,notebook_baseline,10.0,True,resolved
2025-02-19,981957.838907458,0.002917427924134408,1209695.7163503084,0.0035593604481065633,630.4181254385326,207944.07768962817,notebook_baseline,10.0,True,resolved
2025-02-20,974494.6756169571,-0.007600288927684051,1201406.8451057686,-0.006852029921662894,739.3217124136119,208683.39940204207,notebook_baseline,10.0,True,resolved
2025-02-21,951936.0117144902,-0.023149088924662276,1174455.5678838992,-0.022433097773383093,712.6522162779221,209396.0516183198,notebook_baseline,10.0,True,resolved
2025-02-24,939264.952233948,-0.0133108311111384,1159270.2901125136,-0.012929631555790633,365.8704896356427,209761.9221079555,notebook_baseline,10.0,True,resolved
2025-02-25,922946.8818596716,-0.017373234608047072,1139505.3956115474,-0.017049427272951112,300.79834169834857,210062.7204496539,notebook_baseline,10.0,True,resolved
2025-02-26,935399.8259688051,0.013492590260494541,1155354.3332350734,0.01390861130150256,382.84748609171646,210445.5679357459,notebook_baseline,10.0,True,resolved
2025-02-27,917866.1087224775,-0.018744623164931418,1134675.5768891452,-0.017898194303756276,789.4563683264819,211235.02430407229,notebook_baseline,10.0,True,resolved
2025-02-28,922524.1083641762,0.005074813850771687,1141475.0621984887,0.005992448809011286,835.416316652604,212070.440620725,notebook_baseline,10.0,True,resolved
2025-03-03,915729.7107196953,-0.007365008223501945,1133954.1488336527,-0.006588767125889405,717.862396537954,212788.30301726292,notebook_baseline,10.0,True,resolved
2025-03-04,913085.149382219,-0.002887927853075678,1131569.7816895172,-0.0021027015480193922,720.4317847840296,213508.7348020473,notebook_baseline,10.0,True,resolved
2025-03-05,921440.4649199096,0.00915064224113582,1142541.3763105164,0.009695906340497773,497.83877506793357,214006.57357711493,notebook_baseline,10.0,True,resolved
2025-03-06,910057.8354735551,-0.012353081810167588,1129296.5565084477,-0.011592420263009329,697.0242251530268,214703.59780226805,notebook_baseline,10.0,True,resolved
2025-03-07,913625.1387322219,0.003919864342259549,1134619.9523800313,0.004713904280415404,720.438698372276,215424.03650064018,notebook_baseline,10.0,True,resolved
2025-03-10,896722.5101334178,-0.01850061680905457,1114529.5719850427,-0.01770670465722568,726.8244526545666,216150.8609532945,notebook_baseline,10.0,True,resolved
2025-03-11,899085.7467046432,0.0026354156882644197,1118150.6794415605,0.0032490007870034088,550.9224636986955,216701.78341699313,notebook_baseline,10.0,True,resolved
2025-03-12,902307.8918213887,0.0035838017992781968,1122943.3437418484,0.004286241906753974,633.6731806239458,217335.45659761687,notebook_baseline,10.0,True,resolved
2025-03-13,891506.6123344594,-0.011970724832214397,1110364.477725989,-0.011201692486055737,697.973438210806,218033.43003582768,notebook_baseline,10.0,True,resolved
2025-03-14,907685.8897082094,0.01814824158329431,1130924.928264056,0.018516848251643125,327.25354709935584,218360.68358292722,notebook_baseline,10.0,True,resolved
2025-03-17,914358.781034026,0.007351542423956303,1139911.7848890047,0.007946466118439188,537.9995070074264,218898.6830899348,notebook_baseline,10.0,True,resolved
2025-03-18,907399.4723444572,-0.007611135621947707,1132122.8228189112,-0.00683295161375308,711.1062502139322,219609.78934014883,notebook_baseline,10.0,True,resolved
2025-03-19,911515.12903194,0.004535661318877837,1138105.7648203461,0.005284711058591629,679.549122765343,220289.3384629142,notebook_baseline,10.0,True,resolved
2025-03-20,909208.690936165,-0.0025303344095061187,1136100.448462284,-0.0017619771554173713,699.8986265828598,220989.23708949733,notebook_baseline,10.0,True,resolved
2025-03-21,906814.8974019458,-0.0026328317778776533,1133855.1891061394,-0.001976285951813095,595.7084984579835,221584.94558795518,notebook_baseline,10.0,True,resolved
2025-03-24,912569.9364573763,0.0063464319696544536,1141727.6994531564,0.006943135616130469,538.9824347626717,222123.92802271788,notebook_baseline,10.0,True,resolved
2025-03-25,905867.7965558334,-0.007344247968063544,1134215.6887412923,-0.006579511660671833,693.08728356737,222817.01530628538,notebook_baseline,10.0,True,resolved
2025-03-26,906671.3465166176,0.0008870499247675134,1135950.8256321487,0.0015298121054752034,583.195941665733,223400.21124795132,notebook_baseline,10.0,True,resolved
2025-03-27,907360.4922787682,0.0007600833144207897,1137549.992036495,0.0014077778441301536,589.8455029260463,223990.05675087738,notebook_baseline,10.0,True,resolved
2025-03-28,897322.9982223735,-0.011062300091098543,1125924.9663494034,-0.010219353671024,775.0485991615325,224765.1053500392,notebook_baseline,10.0,True,resolved
2025-03-31,900243.0307304171,0.0032541598887225742,1130331.5134562154,0.003913712936928215,590.3327031602886,225355.43805319935,notebook_baseline,10.0,True,resolved
2025-04-01,902914.1885554091,0.002967151906552168,1134458.4844508856,0.0036511155758642833,615.137299937975,225970.57535313722,notebook_baseline,10.0,True,resolved
2025-04-02,906369.4952023602,0.0038268383537967132,1139767.143600172,0.004679465332621646,766.770295536971,226737.3456486741,notebook_baseline,10.0,True,resolved
2025-04-03,895235.4857518242,-0.012284183778769164,1126452.2919400893,-0.011682080620454727,549.1601385683826,227286.50578724276,notebook_baseline,10.0,True,resolved
2025-04-04,864164.134083868,-0.034707462072800066,1088358.202634796,-0.03381775648898877,796.5962571205492,228083.10204436342,notebook_baseline,10.0,True,resolved
2025-04-07,864299.6833540371,0.00015685593144043608,1089432.1308412252,0.000986741500940802,717.1718748840364,228800.2739192475,notebook_baseline,10.0,True,resolved
2025-04-08,864536.0149125323,0.0002734370531967123,1090122.2592901809,0.0006334753945826943,320.5588104935102,229120.83272974106,notebook_baseline,10.0,True,resolved
2025-04-09,877904.7328858717,0.015463459870658891,1107938.7745214067,0.016343593646851007,750.137143997686,229870.969873739,notebook_baseline,10.0,True,resolved
2025-04-10,867914.1507405329,-0.011380029940717407,1096257.8954068422,-0.010542892245657076,740.205637663812,230611.17551140266,notebook_baseline,10.0,True,resolved
2025-04-11,872408.773778206,0.005178649332814977,1102800.3914672895,0.005968026399499005,682.2659297648208,231293.4414411676,notebook_baseline,10.0,True,resolved
2025-04-14,883294.7802171927,0.012478102887298892,1117445.2912044546,0.013279737521384005,697.8763565951912,231991.3177977629,notebook_baseline,10.0,True,resolved
2025-04-15,879234.5312019354,-0.004596708942691818,1113163.1355643421,-0.003832094218677029,676.101237802266,232667.4190355651,notebook_baseline,10.0,True,resolved
2025-04-16,871975.4785317695,-0.008256105069306852,1104794.4203704451,-0.007517959341740488,651.364246533143,233318.78328209842,notebook_baseline,10.0,True,resolved
2025-04-17,867097.6504894283,-0.005593996806601109,1099268.1700050458,-0.005002062160620158,516.5187790894684,233835.30206118783,notebook_baseline,10.0,True,resolved
2025-04-21,855182.2303423123,-0.013741728097625971,1085004.4648913075,-0.012975637340316037,663.7978203495833,234499.0998815372,notebook_baseline,10.0,True,resolved
2025-04-22,867541.7753950024,0.014452527910622015,1101425.685084188,0.015134702873803807,580.2309797957051,235079.33086133265,notebook_baseline,10.0,True,resolved
2025-04-23,867559.3503663135,2.0258357360303236e-05,1102178.8009603224,0.0006837645846955454,580.4394408892261,235659.77030222164,notebook_baseline,10.0,True,resolved
2025-04-24,873692.4571693989,0.007069380095431788,1110913.9929302395,0.007925385574741872,738.7238044873841,236398.4941067088,notebook_baseline,10.0,True,resolved
2025-04-25,871301.8736006971,-0.002736184282106313,1108682.8502107682,-0.0020083847477574412,635.3067523182403,237033.8008590272,notebook_baseline,10.0,True,resolved
2025-04-28,871698.13222083,0.00045478912893326395,1109853.2198683931,0.0010556397236616277,523.1505460536671,237556.95140508094,notebook_baseline,10.0,True,resolved
2025-04-29,875685.3968149766,0.004574134607800762,1115742.2946550183,0.00530617443928616,638.9461846621928,238195.89758974285,notebook_baseline,10.0,True,resolved
2025-04-30,879583.595296636,0.0044515969957221735,1121651.9737105675,0.005296634432395031,736.9615514413408,238932.85914118402,notebook_baseline,10.0,True,resolved
2025-05-01,879228.7660441387,-0.00040340594617116476,1122168.2103413804,0.00046024671013156215,760.0676325829301,239692.92677376658,notebook_baseline,10.0,True,resolved
2025-05-02,886755.2027013241,0.008560271169298472,1132589.4999098359,0.009286744600691454,637.5404788815692,240330.4672526483,notebook_baseline,10.0,True,resolved
2025-05-05,884014.2999385025,-0.003090935079345436,1129938.3759978088,-0.0023407632794036903,665.1288265586054,240995.59607920703,notebook_baseline,10.0,True,resolved
2025-05-06,881832.7832857064,-0.0024677390998627535,1128055.3706191992,-0.0016664673212348768,709.8588457990314,241705.4549250061,notebook_baseline,10.0,True,resolved
2025-05-07,882656.0612170257,0.0009335986900507187,1129904.091770866,0.0016388567439309387,621.5561295664925,242327.01105457282,notebook_baseline,10.0,True,resolved
2025-05-08,891670.7509047881,0.010213139731157339,1142307.9323152942,0.010977781773484852,675.5795394777463,243002.59059405056,notebook_baseline,10.0,True,resolved
2025-05-09,893242.6637258221,0.0017628848085897708,1145174.8302813056,0.0025097417998320992,666.4973788281798,243669.08797287892,notebook_baseline,10.0,True,resolved
2025-05-12,892418.8839494332,-0.0009222351437545573,1144993.868256493,-0.00015802130821207516,678.889622952804,244347.9775958317,notebook_baseline,10.0,True,resolved
2025-05-13,890202.4935066111,-0.002483576359358697,1142890.4537095772,-0.0018370531102657184,576.6428713343863,244924.62046716595,notebook_baseline,10.0,True,resolved
2025-05-14,887224.22547086,-0.0033456073842472733,1139740.7872034404,-0.002755877867308798,524.710827088196,245449.3312942543,notebook_baseline,10.0,True,resolved
2025-05-15,898625.0479652531,0.012849990078148021,1155223.8174942683,0.01358469440127541,653.4319875761979,246102.7632818306,notebook_baseline,10.0,True,resolved
2025-05-16,903792.427514578,0.005750317733770327,1162857.1579858726,0.006607672362712647,768.1935272219897,246870.95680905232,notebook_baseline,10.0,True,resolved
2025-05-19,903191.6369556884,-0.000664743961776515,1162958.2038636454,8.689448835474956e-05,676.9604187603089,247547.9172278129,notebook_baseline,10.0,True,resolved
2025-05-20,898917.8372981113,-0.004731885773413991,1158312.4078328826,-0.003994809112940034,665.6600079522226,248213.57723576523,notebook_baseline,10.0,True,resolved
2025-05-21,881912.7345413569,-0.01891730484275056,1137236.2597141375,-0.01819556449211923,649.4891349517081,248863.06637071667,notebook_baseline,10.0,True,resolved
2025-05-22,882408.3495290105,0.000561977356990262,1138621.5818135794,0.0012181480212301032,580.051168449159,249443.11753916566,notebook_baseline,10.0,True,resolved
2025-05-23,877396.477420317,-0.005679765055904729,1133130.201899742,-0.004822831396793736,755.1955297732601,250198.31306893917,notebook_baseline,10.0,True,resolved
2025-05-27,885980.404902226,0.00978340773278119,1145189.5863456842,0.010642540835752223,749.8794621315925,250948.19253107085,notebook_baseline,10.0,True,resolved
2025-05-28,881983.2100927038,-0.0045116063373470405,1140817.0233801347,-0.0038182000759389156,615.9723677804864,251564.16489885157,notebook_baseline,10.0,True,resolved
2025-05-29,881293.2975721871,-0.0007822286327243688,1140964.676395451,0.00012942742989463518,804.2340777993377,252368.39897665117,notebook_baseline,10.0,True,resolved
2025-05-30,883255.803513043,0.002226847686533251,1144398.0950137726,0.0030092242900705557,686.7397149143857,253055.13869156555,notebook_baseline,10.0,True,resolved
2025-06-02,883961.8422130961,0.0007993592538479977,1146234.1313303579,0.0016043685537270314,710.3582381120643,253765.49692967784,notebook_baseline,10.0,True,resolved
2025-06-03,894866.7821077685,0.012336437359525165,1161306.2387326467,0.013149239749819408,713.5028029308046,254478.99973260894,notebook_baseline,10.0,True,resolved
2025-06-04,897438.4144651769,0.002873759992913394,1165706.6995401948,0.0037892337617599914,818.0439968147493,255297.0437294237,notebook_baseline,10.0,True,resolved
2025-06-05,890575.4889201953,-0.007647238444848048,1157818.3575181002,-0.006767004105926566,795.707869738107,256092.75159916168,notebook_baseline,10.0,True,resolved
2025-06-06,898976.82856371,0.009433607535843214,1169341.8741544806,0.009952784529243752,461.902514808236,256554.65411396977,notebook_baseline,10.0,True,resolved
2025-06-09,895440.580955777,-0.003933635991022033,1165638.7967147771,-0.0031668047827169143,691.4494828701353,257246.10359684017,notebook_baseline,10.0,True,resolved
2025-06-10,887880.0542003375,-0.008443359521822735,1156533.7949806491,-0.007811169085817471,565.8674997187305,257811.97109655885,notebook_baseline,10.0,True,resolved
2025-06-11,896650.9967622849,0.009878521902203286,1168327.3918462712,0.010197364674345177,284.7653588834525,258096.73645544244,notebook_baseline,10.0,True,resolved
2025-06-12,894229.0801208181,-0.002701069479889129,1166053.8955173946,-0.0019459411332330978,678.020466752948,258774.7569221954,notebook_baseline,10.0,True,resolved
2025-06-13,886076.2774729573,-0.00911712985978863,1156390.2881862163,-0.008287444832805524,742.3036056702301,259517.06052786557,notebook_baseline,10.0,True,resolved
2025-06-16,893280.9844933993,0.008131023483654687,1166553.664418133,0.008788880653657127,580.9271841816358,260097.98771204712,notebook_baseline,10.0,True,resolved
2025-06-17,888844.2401165413,-0.004966795950967384,1161742.0688828162,-0.004124624251827025,753.6916695812193,260851.67938162855,notebook_baseline,10.0,True,resolved
2025-06-18,892388.7032917852,0.003987721374871356,1167383.1503552306,0.004855709045501921,771.647659328318,261623.327040957,notebook_baseline,10.0,True,resolved
2025-06-20,891508.4009765869,-0.000986456139517644,1167055.3113489333,-0.0002808323952573355,631.2805735970035,262254.60761455423,notebook_baseline,10.0,True,resolved
2025-06-23,893686.2593690056,0.0024428916093588438,1170817.4417931465,0.0032236093762041396,693.2292657774102,262947.83688033186,notebook_baseline,10.0,True,resolved
2025-06-24,901180.0193546164,0.008385224576354045,1181666.2388367697,0.009266002244558091,784.3176185501732,263732.1544988822,notebook_baseline,10.0,True,resolved
2025-06-25,897324.6758831725,-0.004278105804215282,1177586.1249710266,-0.0034528479630251407,743.0409999516909,264475.19549883396,notebook_baseline,10.0,True,resolved
2025-06-26,902290.2819547631,0.005533789725222116,1184924.699155198,0.006231878950129444,625.9480247703538,265101.14352360385,notebook_baseline,10.0,True,resolved
2025-06-27,906226.9477919613,0.004362970449675707,1190989.153756285,0.005118008431599819,682.7496709302858,265783.89319453377,notebook_baseline,10.0,True,resolved
2025-06-30,911275.7292595381,0.00557121092004409,1198692.7220498254,0.006468210284908071,811.3232759557828,266595.2164704899,notebook_baseline,10.0,True,resolved
2025-07-01,909720.3056862266,-0.001706863821091087,1197545.4232818983,-0.000957124996942671,683.0696465673483,267278.28611705743,notebook_baseline,10.0,True,resolved
2025-07-02,918992.0597869975,0.010191873307452415,1210679.9649928687,0.010967886023876217,702.432630557563,267980.7187476156,notebook_baseline,10.0,True,resolved
2025-07-03,924412.3039278807,0.005898031526126113,1218797.7544726904,0.006705148936589023,739.1905145325885,268719.909262148,notebook_baseline,10.0,True,resolved
2025-07-07,921091.5381339573,-0.003592299431555923,1215533.1188373466,-0.002678570438256367,845.9622691008473,269565.8715312485,notebook_baseline,10.0,True,resolved
2025-07-08,917357.7365296761,-0.004053670509063134,1211471.1053738552,-0.003341754659368479,655.6432290950819,270221.51476034406,notebook_baseline,10.0,True,resolved
2025-07-09,922040.9353492999,0.005105095464000842,1218414.9669842164,0.005731759989618723,578.5338366875795,270800.0485970319,notebook_baseline,10.0,True,resolved
2025-07-10,924981.8832295751,0.0031896066297327774,1223274.1098720182,0.003988085356361859,741.5583019469756,271541.6068989795,notebook_baseline,10.0,True,resolved
2025-07-11,920975.737690445,-0.004331052977105454,1219013.5566188768,-0.0034829096919145597,785.3187650270564,272326.92566400615,notebook_baseline,10.0,True,resolved
2025-07-14,924438.9487652455,0.0037603716722063307,1224422.3166905583,0.004436997474157378,621.4678622389652,272948.3935262456,notebook_baseline,10.0,True,resolved
2025-07-15,918157.3423704854,-0.0067950473129136935,1217059.5996251965,-0.006013216979956826,724.6376145134882,273673.031140759,notebook_baseline,10.0,True,resolved
2025-07-16,917910.3601477465,-0.00026899771024135877,1217667.6980655221,0.0004996455724213256,706.3861715555822,274379.4173123147,notebook_baseline,10.0,True,resolved
2025-07-17,920196.1853083475,0.002490248786638727,1221570.0368750577,0.0032047649910851295,654.8640778976018,275034.2813902123,notebook_baseline,10.0,True,resolved
2025-07-18,928347.6802369214,0.008858431559181534,1233322.2138614645,0.009620551119991827,702.4169843497428,275736.6983745617,notebook_baseline,10.0,True,resolved
2025-07-21,922537.7168775076,-0.006258391638282568,1226612.2587064058,-0.005440553230651957,760.0088854228238,276496.70725998486,notebook_baseline,10.0,True,resolved
2025-07-22,923693.0146932959,0.0012523041547813918,1229056.4616185706,0.0019926451042830973,683.0875130999581,277179.794773085,notebook_baseline,10.0,True,resolved
2025-07-23,933226.7734467905,0.010321349844417904,1242214.4314181784,0.010705748849226815,351.7397040256543,277531.534477111,notebook_baseline,10.0,True,resolved
2025-07-24,936020.9961243961,0.002994151857951266,1247020.868479739,0.0038692490925849032,818.19059940531,278349.7250765163,notebook_baseline,10.0,True,resolved
2025-07-25,938600.2305402218,0.0027555305132096475,1251441.3015542617,0.0035447947875257846,738.0369089065127,279087.7619854222,notebook_baseline,10.0,True,resolved
2025-07-28,938040.5670293227,-0.0005962746360896887,1251531.881030317,7.23801235764654e-05,626.1456375885232,279713.9076230111,notebook_baseline,10.0,True,resolved
2025-07-29,932719.8222477591,-0.005672190487895357,1245495.5056688683,-0.004823189447223042,798.4496144184649,280512.3572374297,notebook_baseline,10.0,True,resolved
2025-07-30,938135.3242328645,0.005806140124753334,1253611.7956509693,0.0065165148691099795,663.5232033202608,281175.88044074987,notebook_baseline,10.0,True,resolved
2025-07-31,937625.4226407985,-0.0005435266948112805,1253834.5448436488,0.0001776859418938237,682.4496332427499,281858.330073993,notebook_baseline,10.0,True,resolved
2025-08-01,909812.3526173986,-0.02966330621141333,1217468.6118855826,-0.029003773350814055,573.0653143788095,282431.3953883715,notebook_baseline,10.0,True,resolved
2025-08-04,915057.4368925958,0.005765017654583371,1225049.219058083,0.006226531919175882,420.2825793906202,282851.6779677619,notebook_baseline,10.0,True,resolved
2025-08-05,903594.0661118221,-0.012527487694872663,1210600.3786729006,-0.011794497853965247,659.6373572926553,283511.31532505463,notebook_baseline,10.0,True,resolved
2025-08-06,902200.4141071313,-0.0015423430243269864,1209706.6775394669,-0.0007382296827078694,728.4344336344882,284239.7497586896,notebook_baseline,10.0,True,resolved
2025-08-07,906761.4467312417,0.005055453924418973,1216621.8864072836,0.0057164344020008695,595.0758994254021,284834.82565811556,notebook_baseline,10.0,True,resolved
2025-08-08,905723.493546865,-0.0011446816449005581,1216274.9885727384,-0.00028513200232627156,779.6684285275438,285614.49408664287,notebook_baseline,10.0,True,resolved
2025-08-11,903550.7291004558,-0.002398926893129927,1214233.6454354837,-0.0016783565858327076,654.5226601526759,286269.0167467954,notebook_baseline,10.0,True,resolved
2025-08-12,911320.1811163279,0.008598800007175056,1225555.5763230594,0.00932434291385098,655.6587253893167,286924.6754721843,notebook_baseline,10.0,True,resolved
2025-08-13,916358.153704314,0.005528213565746842,1233277.1338280444,0.0063004547930427535,702.1507571718353,287626.8262293559,notebook_baseline,10.0,True,resolved
2025-08-14,913069.7943145479,-0.0035885088995750714,1229839.5438709352,-0.0027873621125521497,732.940487990101,288359.7667173461,notebook_baseline,10.0,True,resolved
2025-08-15,913338.60239016,0.0002944003594094191,1231174.3796161115,0.0010853739024969666,724.8131051262313,289084.57982247206,notebook_baseline,10.0,True,resolved
2025-08-18,914570.1057878952,0.001348353605675312,1233734.2130552784,0.002079180237624101,667.911523735711,289752.4913462076,notebook_baseline,10.0,True,resolved
2025-08-19,903161.208810176,-0.012474600804812552,1219303.5840923702,-0.011696708099852016,709.0534862850906,290461.5448324927,notebook_baseline,10.0,True,resolved
2025-08-20,900701.206997038,-0.002723768236657098,1216791.1356319732,-0.002060560219108387,596.5823377029144,291058.12717019534,notebook_baseline,10.0,True,resolved
2025-08-21,896899.2657845685,-0.0042210903937225375,1212332.936972489,-0.0036638980420978795,500.514279261617,291558.6414494565,notebook_baseline,10.0,True,resolved
2025-08-22,916314.086459106,0.02164660114595396,1239292.3105950349,0.02223759893043109,524.4360814301152,292083.07753088715,notebook_baseline,10.0,True,resolved
2025-08-25,911659.6398102345,-0.005079531917770108,1234085.6820987945,-0.0042012916982760995,804.0370262421766,292887.1145571293,notebook_baseline,10.0,True,resolved
2025-08-26,911481.4708034047,-0.00019543368933927496,1234813.7229427658,0.0005899435140785947,715.5897075861072,293602.70426471555,notebook_baseline,10.0,True,resolved
2025-08-27,907733.4441083786,-0.004112016332841639,1230469.503399661,-0.003518117317931835,538.1475888662583,294140.8518535817,notebook_baseline,10.0,True,resolved
2025-08-28,912188.9171613279,0.00490834956216224,1237353.7795891115,0.005594836906099632,629.3002055915257,294770.152059173,notebook_baseline,10.0,True,resolved
2025-08-29,910590.8840649306,-0.0017518663802343903,1236011.5863797935,-0.0010847287424650132,609.8643681299518,295380.0164273027,notebook_baseline,10.0,True,resolved
2025-09-02,905465.1265759519,-0.0056290454678142865,1229891.2059662696,-0.004951717670746203,608.7779695097233,295988.7943968118,notebook_baseline,10.0,True,resolved
2025-09-03,904613.5855239392,-0.0009404459951238842,1229495.6008435828,-0.0003216586318918191,561.5950426629184,296550.38943947485,notebook_baseline,10.0,True,resolved
2025-09-04,913540.5146827687,0.009868223627947259,1242446.509893248,0.010533513939195327,610.6410099368256,297161.03044941154,notebook_baseline,10.0,True,resolved
2025-09-05,915499.3118211941,0.002144182011572404,1246154.2150308895,0.002984196992078081,774.9906921827642,297936.0211415942,notebook_baseline,10.0,True,resolved
2025-09-08,911737.832863959,-0.0041086638828296,1242086.8420892449,-0.0032639402833010145,773.8834295107604,298709.9045711047,notebook_baseline,10.0,True,resolved
2025-09-09,910875.8244776694,-0.0009454564187403314,1241778.4217749333,-0.00024830817287524454,637.1212133501823,299347.0257844551,notebook_baseline,10.0,True,resolved
2025-09-10,913193.9998238196,0.002544996017958434,1245866.870875261,0.003292414353990747,679.6580420041984,300026.6838264599,notebook_baseline,10.0,True,resolved
2025-09-11,919813.5163217202,0.0072487516334729385,1255929.6377401378,0.008076919854050901,755.4292349547992,300782.1130614142,notebook_baseline,10.0,True,resolved
2025-09-12,912568.8112839982,-0.007876275907200414,1247117.7740599583,-0.007016208086334408,791.6581621157613,301573.7712235301,notebook_baseline,10.0,True,resolved
2025-09-15,912028.329412717,-0.0005922642376092746,1247274.691981155,0.000125824460576629,654.9103055094046,302228.6815290389,notebook_baseline,10.0,True,resolved
2025-09-16,909361.2482255643,-0.0029243402876204527,1244507.7419967407,-0.002218396638850484,644.5014043272321,302873.18293336564,notebook_baseline,10.0,True,resolved
2025-09-17,912938.8913422661,0.003934237492176917,1250156.9920236785,0.004539345024783703,553.7204274798263,303426.9033608456,notebook_baseline,10.0,True,resolved
2025-09-18,916027.3734355737,0.0033830107607384363,1255166.5940078208,0.004007178311288051,567.2011821578694,303994.10454300337,notebook_baseline,10.0,True,resolved
2025-09-19,914171.5207683553,-0.002025979486025564,1253545.4137730289,-0.0012916056263220232,673.9397477670984,304668.04429077037,notebook_baseline,10.0,True,resolved
2025-09-22,913931.9950440181,-0.00026201398632053063,1254138.058627549,0.0004727749373965029,671.3042403878,305339.3485311582,notebook_baseline,10.0,True,resolved
2025-09-23,911978.0256940201,-0.002137981119595178,1252438.179182828,-0.001355416521352848,716.7427082471191,306056.09123940486,notebook_baseline,10.0,True,resolved
2025-09-24,905362.089278157,-0.007254491039768607,1244194.6735666066,-0.006581966082828905,615.359619766729,306671.4508591715,notebook_baseline,10.0,True,resolved
2025-09-25,905422.8161120103,6.707463739918929e-05,1245079.913345195,0.000711496197014494,581.9995238975083,307253.450383069,notebook_baseline,10.0,True,resolved
2025-09-26,913477.7395156563,0.008896311491502606,1256995.1579395942,0.009569863320970429,608.3544961779123,307861.804879247,notebook_baseline,10.0,True,resolved
2025-09-29,925736.7078526063,0.013420106267121534,1274788.1088233215,0.014155146717424572,674.740601292538,308536.545480539,notebook_baseline,10.0,True,resolved
2025-09-30,932932.6128247716,0.0077731658592834485,1285657.7445492249,0.008526621522957578,699.3022233996139,309235.8477039381,notebook_baseline,10.0,True,resolved
2025-10-01,934748.7046609409,0.001946648462283429,1289261.28957146,0.0028028805002833224,800.4045068958874,310036.2522108334,notebook_baseline,10.0,True,resolved
2025-10-02,934802.605714019,5.7663683094011375e-05,1290280.1383243308,0.0007902577709513192,685.4462115125283,310721.69842234644,notebook_baseline,10.0,True,resolved
2025-10-03,935659.829718167,0.0009170107131795113,1292584.7740323562,0.0017861514252388577,814.1372570116625,311535.8356793585,notebook_baseline,10.0,True,resolved
2025-10-06,927143.6474779202,-0.009101793162170857,1281843.2044418226,-0.008310147083834263,743.3905232403081,312279.2262025991,notebook_baseline,10.0,True,resolved
2025-10-07,922967.416685512,-0.004504405335428396,1276889.3911672123,-0.00386460158110169,597.5222644219035,312876.7484670215,notebook_baseline,10.0,True,resolved
2025-10-08,928288.5147612682,0.005765206852983873,1285237.7511669174,0.006538044765235229,710.2500483267124,313586.9985153482,notebook_baseline,10.0,True,resolved
2025-10-09,922758.0917735207,-0.005957655297684883,1278564.3835538942,-0.00519232150391169,713.5577962305288,314300.5563115786,notebook_baseline,10.0,True,resolved
2025-10-10,902389.5004056309,-0.02207359821547794,1251262.6085681757,-0.02135346122330628,671.540173479918,314972.0964850588,notebook_baseline,10.0,True,resolved
2025-10-13,923359.6719616173,0.023238492409940692,1280876.269463824,0.02366702296773293,382.50585060184966,315354.6023356611,notebook_baseline,10.0,True,resolved
2025-10-14,921031.4547330246,-0.002521462978393396,1278762.5267620268,-0.001650231761013199,801.7711541321135,316156.37348979356,notebook_baseline,10.0,True,resolved
2025-10-15,924419.5475495536,0.003678585350280983,1284696.7050377335,0.004640563162835898,886.1379454894745,317042.5114352831,notebook_baseline,10.0,True,resolved
2025-10-16,925981.0208020622,0.0016891391540214684,1287859.2772914034,0.002461726757193583,715.6504750353823,317758.16191031795,notebook_baseline,10.0,True,resolved
2025-10-17,924295.3488746468,-0.0018204173622859976,1286559.351118442,-0.0010093697315248784,749.1061504572183,318507.2680607752,notebook_baseline,10.0,True,resolved
2025-10-20,926838.44658658,0.0027513907919469727,1290793.655422612,0.003291184585063389,498.23278484828114,319005.5008456234,notebook_baseline,10.0,True,resolved
2025-10-21,928272.6397546697,0.0015474036207405728,1293717.9345612456,0.002265489240939944,663.0772217405029,319668.57806736446,notebook_baseline,10.0,True,resolved
2025-10-22,917527.4612431383,-0.011575455368771026,1279613.0661396992,-0.010902583975022306,624.4363096799767,320293.01437704504,notebook_baseline,10.0,True,resolved
2025-10-23,939472.4791583518,0.023917559792140386,1310925.2579892883,0.024470046983851912,509.5186814293802,320802.5330584744,notebook_baseline,10.0,True,resolved
2025-10-24,956477.8055457884,0.018100930857145814,1335820.6979337828,0.018990739397819922,852.7993284035682,321655.3323868781,notebook_baseline,10.0,True,resolved
2025-10-27,956485.7843942917,8.341906583719805e-06,1336944.055842849,0.0008409496205619149,792.5565522246802,322447.8889391023,notebook_baseline,10.0,True,resolved
2025-10-28,957169.8717098518,0.0007152090775643938,1338874.4389680563,0.0014438772638025732,705.2845929873887,323153.17353208957,notebook_baseline,10.0,True,resolved
2025-10-29,980781.8148702277,0.024668498098667113,1372986.781016199,0.025478372769917712,813.3927925563839,323966.5663246461,notebook_baseline,10.0,True,resolved
2025-10-30,975961.6927137143,-0.0049145712975430245,1367350.1997973952,-0.004105342670984724,793.7512631487468,324760.3175877951,notebook_baseline,10.0,True,resolved
2025-10-31,975926.5544043891,-3.6003779233850786e-05,1368483.1296261703,0.0008285586449929827,844.2493740997172,325604.56696189474,notebook_baseline,10.0,True,resolved
2025-11-03,975298.0275451728,-0.0006440309020998569,1368591.060595334,7.886905349963058e-05,704.2554097212202,326308.82237161545,notebook_baseline,10.0,True,resolved
2025-11-04,965567.0865430853,-0.009977402524416368,1355840.5852549702,-0.009316497606536633,643.1985451493713,326952.0209167646,notebook_baseline,10.0,True,resolved
2025-11-05,979119.096090885,0.01403528531230136,1375723.0004258237,0.014664272029528025,601.0615471035296,327553.08246386854,notebook_baseline,10.0,True,resolved
2025-11-06,977431.2701847939,-0.0017238208434803282,1374347.002493854,-0.0010001998451315552,709.1983314296216,328262.2807952976,notebook_baseline,10.0,True,resolved
2025-11-07,985171.8782880532,0.007919337491418599,1386186.8120860904,0.008614861873131208,671.5615931557944,328933.84238845395,notebook_baseline,10.0,True,resolved
2025-11-10,990982.0799465992,0.00589765277165899,1395417.0739201969,0.006658743073897577,742.6459223540849,329676.4883108076,notebook_baseline,10.0,True,resolved
2025-11-11,986661.5945092603,-0.004359801781250949,1390613.8253017329,-0.003442159844705084,908.4341300951831,330584.92244090274,notebook_baseline,10.0,True,resolved
2025-11-12,986850.4952454567,0.00019145443305745857,1391928.8201934565,0.0009456219029306823,746.1550346581632,331331.0774755605,notebook_baseline,10.0,True,resolved
2025-11-13,968330.3710809458,-0.01876689960002953,1366919.905039831,-0.01796709342518643,793.1842439471453,332124.2617195073,notebook_baseline,10.0,True,resolved
2025-11-14,970209.6169664188,0.0019407073676467324,1370467.4314930511,0.0025952701691887015,629.5712793822107,332753.83299888903,notebook_baseline,10.0,True,resolved
2025-11-17,967934.1084817452,-0.002345378199598236,1368184.9426290009,-0.0016654820184698327,660.5192224640357,333414.3522213525,notebook_baseline,10.0,True,resolved
2025-11-18,963960.1505526458,-0.0041056079068572116,1363724.4134239117,-0.0032601800137620485,814.6923134204271,334229.0445347731,notebook_baseline,10.0,True,resolved
2025-11-19,966686.4670674936,0.002828246077687835,1368465.605512402,0.0034766497114959716,627.4439134326432,334856.48844820564,notebook_baseline,10.0,True,resolved
2025-11-20,953795.2582919667,-0.013335460063523152,1351302.4739173087,-0.01254188013637858,773.6285008276103,335630.11694903363,notebook_baseline,10.0,True,resolved
2025-11-21,967230.1775112802,0.01408574754646219,1371413.69433266,0.01488284140933338,757.1577587149014,336387.2747077484,notebook_baseline,10.0,True,resolved
2025-11-24,980058.870032751,0.013263329473941265,1390718.4481497654,0.014076535692243652,784.9530261577967,337172.2277339061,notebook_baseline,10.0,True,resolved
2025-11-25,980571.9303487553,0.0005234994873186682,1392635.5083682465,0.0013784675259262968,834.9356280222722,338007.1633619282,notebook_baseline,10.0,True,resolved
2025-11-26,985804.6864679172,0.005336432705452587,1401086.7958899136,0.006068556683269888,720.356250429118,338727.5196123569,notebook_baseline,10.0,True,resolved
2025-11-28,987973.965755758,0.0022005163067475575,1405348.5250544725,0.0030417310169938983,829.3683049998974,339556.8879173566,notebook_baseline,10.0,True,resolved
2025-12-01,980645.1204798156,-0.007418055060121054,1395822.55155103,-0.006778370869299666,634.7297206364431,340191.61763799266,notebook_baseline,10.0,True,resolved
2025-12-02,975926.8555815051,-0.004811388747849921,1389817.6002348154,-0.004302087904756946,499.5117865670093,340691.1294245591,notebook_baseline,10.0,True,resolved
2025-12-03,970442.1689148346,-0.0056199771891741745,1382875.1323405555,-0.004995236708102424,610.6103538486601,341301.7397784074,notebook_baseline,10.0,True,resolved
2025-12-04,969556.9294247905,-0.0009122022088486892,1382398.098845463,-0.00034495775065757073,546.3191760815212,341848.0589544891,notebook_baseline,10.0,True,resolved
2025-12-05,970404.4976495417,0.0008741809779586607,1384466.687159033,0.0014963767060280908,599.0288968349469,342447.0878513237,notebook_baseline,10.0,True,resolved
2025-12-08,967287.0186778351,-0.0032125561858560303,1380782.8807770535,-0.002660812583030636,540.8969631340321,342987.9848144581,notebook_baseline,10.0,True,resolved
2025-12-09,964914.6970842294,-0.0024525518773614863,1378379.8542335955,-0.0017403362808972034,685.7589730597199,343673.7437875185,notebook_baseline,10.0,True,resolved
2025-12-10,975217.4383014743,0.010677359613629589,1394101.7377659392,0.011406060153922759,698.595504493054,344372.3392920121,notebook_baseline,10.0,True,resolved
2025-12-11,977297.334132593,0.002132750860917021,1397992.4930077684,0.002790868941935365,645.1637075806834,345017.50299959286,notebook_baseline,10.0,True,resolved
2025-12-12,971530.6211027274,-0.0059006740614757636,1390830.7807540558,-0.005122854585795533,760.6582151679942,345778.1612147611,notebook_baseline,10.0,True,resolved
2025-12-15,973521.771637036,0.0020494984831755936,1394592.6102415835,0.002704735572136352,639.5718484205116,346417.7330631816,notebook_baseline,10.0,True,resolved
2025-12-16,966547.1575114105,-0.0071643124261076,1385525.45658128,-0.006501650441653184,645.2707308906303,347063.0037940725,notebook_baseline,10.0,True,resolved
2025-12-17,961209.688168646,-0.005522202720565694,1378811.386969361,-0.0048458652131053714,652.6985678167263,347715.7023618897,notebook_baseline,10.0,True,resolved
2025-12-18,965224.444287661,0.004176774504493608,1385330.2617372214,0.004727894496279861,538.5364430173282,348254.2388049076,notebook_baseline,10.0,True,resolved
2025-12-19,974861.8684371756,0.009984645754208099,1400267.5129099109,0.01078244775650683,775.3870654789116,349029.6258703863,notebook_baseline,10.0,True,resolved
2025-12-22,978831.181841756,0.004071667518336319,1407203.5047960156,0.004953333432474505,860.3563936272968,349889.9822640131,notebook_baseline,10.0,True,resolved
2025-12-23,975648.3695013281,-0.003251645839928319,1403680.331556248,-0.0025036700290753666,732.3014405670197,350622.2837045806,notebook_baseline,10.0,True,resolved
2025-12-24,978492.4284309489,0.002915045029055374,1408812.6340654027,0.0036563186031570716,721.5635480287099,351343.84725260927,notebook_baseline,10.0,True,resolved
2025-12-26,978096.4347971478,-0.00040469769851581017,1409328.3315712297,0.00036605116490107115,754.3019483487599,352098.14920095826,notebook_baseline,10.0,True,resolved
2025-12-29,977216.2458769688,-0.0008998999371278016,1409149.7194560906,-0.000126735630823549,755.9894547835816,352854.13865574216,notebook_baseline,10.0,True,resolved
2025-12-30,976699.2265051825,-0.0005290736558748454,1409355.053142618,0.00014571459916035145,659.9175797836574,353514.05623552634,notebook_baseline,10.0,True,resolved
2025-12-31,969176.2939065379,-0.0077024045832031485,1399355.1168548227,-0.007095398895755278,594.5571255060892,354108.61336103285,notebook_baseline,10.0,True,resolved
2024-01-02,1000000.0,,1000000.0,,0.0,0.0,tabpfn_3_5,10.0,True,resolved
2024-01-03,996833.0858541159,-0.0031669141458841032,997829.9189399699,-0.002170081060030138,999.0009990009996,999.0009990009996,tabpfn_3_5,10.0,True,resolved
2024-01-04,1001289.2112664515,0.004470282412945226,1002640.2751027502,0.0048208177280257836,349.42519983239663,1348.426198833396,tabpfn_3_5,10.0,True,resolved
2024-01-05,1001209.1304602986,-7.997769800360821e-05,1003107.8665159189,0.00046636009422296176,547.3822690739315,1895.8084679073283,tabpfn_3_5,10.0,True,resolved
2024-01-08,1025975.2226082794,0.024736182875794155,1028359.9640592409,0.025173860545057547,446.24744725111435,2342.055915158443,tabpfn_3_5,10.0,True,resolved
2024-01-09,1015630.0470124057,-0.010083260655723958,1018644.6118062304,-0.00944742365762774,650.7502529042798,2992.806168062726,tabpfn_3_5,10.0,True,resolved
2024-01-10,1014280.9604388373,-0.001328324794581337,1017964.0286801493,-0.0006681261729488686,669.2659322480911,3662.0721003108147,tabpfn_3_5,10.0,True,resolved
2024-01-11,1001099.1342557099,-0.012996227571327124,1005270.8754758808,-0.012469156911886103,524.517936310459,4186.590036621274,tabpfn_3_5,10.0,True,resolved
2024-01-12,982730.4269829444,-0.018348539764168503,987358.602298198,-0.017818354848093465,506.63411025834733,4693.224146879622,tabpfn_3_5,10.0,True,resolved
2024-01-16,985973.5988801674,0.003300164326019539,991049.0782654814,0.003737726048766099,429.33970162653264,5122.563848506145,tabpfn_3_5,10.0,True,resolved
2024-01-17,984046.5003844759,-0.001954513282992676,989596.2905424439,-0.0014659089594031283,479.91947133010063,5602.483319836249,tabpfn_3_5,10.0,True,resolved
2024-01-18,974969.0238844376,-0.009224641819763235,980920.9742180621,-0.008766520658263999,435.28639753634883,6037.769717372604,tabpfn_3_5,10.0,True,resolved
2024-01-19,992039.0822166242,0.017508308381097626,998409.3959547437,0.017828573551118554,307.1343055403419,6344.904022912944,tabpfn_3_5,10.0,True,resolved
2024-01-22,1010385.6306578914,0.01849377587047618,1017091.3772414408,0.0187117442628153,251.8587358836027,6596.7627587965535,tabpfn_3_5,10.0,True,resolved
2024-01-23,998436.0061134412,-0.011826795811287871,1005328.5633421915,-0.01156514956517718,221.75620648047604,6818.518965277037,tabpfn_3_5,10.0,True,resolved
2024-01-24,980713.638552701,-0.017750128653439834,987764.7344335138,-0.01747073499064533,232.64177569644707,7051.160740973492,tabpfn_3_5,10.0,True,resolved
2024-01-25,976980.1154560369,-0.003806945218151392,984223.35234861,-0.0035852485530726286,198.76394671100422,7249.924687684501,tabpfn_3_5,10.0,True,resolved
2024-01-26,985273.5542346535,0.00848885115204756,992758.8096330673,0.008672276738902474,203.81901325653146,7453.74370094104,tabpfn_3_5,10.0,True,resolved
2024-01-29,1017190.0391555703,0.03239352643105198,1025076.5749141714,0.03255349130877927,212.41150862452685,7666.15520956557,tabpfn_3_5,10.0,True,resolved
2024-01-30,1011031.6329753099,-0.006054331976523164,1019160.7485209737,-0.005771106801160664,271.93777364628045,7938.092983211849,tabpfn_3_5,10.0,True,resolved
2024-01-31,998561.8079538622,-0.012333763469646208,1006906.0393106745,-0.012024314346959941,299.63664077991547,8237.729623991769,tabpfn_3_5,10.0,True,resolved
2024-02-01,1012938.277480091,0.014397175429418096,1021651.7341631415,0.014644558952652487,220.81390472245494,8458.543528714219,tabpfn_3_5,10.0,True,resolved
2024-02-02,1022424.1413872605,0.009364700809577187,1031451.7720622661,0.009592346952899788,231.9942378087656,8690.53776652298,tabpfn_3_5,10.0,True,resolved
2024-02-05,1021761.9293701011,-0.0006476881661469092,1031173.2553258443,-0.000270024003027336,323.3956957726318,9013.933462295621,tabpfn_3_5,10.0,True,resolved
2024-02-06,1052875.8059933097,0.03045119976469457,1062811.5235799048,0.03068181616489185,325.8664730626682,9339.799935358296,tabpfn_3_5,10.0,True,resolved
2024-02-07,1061218.8168786403,0.007924021843639606,1071467.016968791,0.008143958921080774,225.9908417365601,9565.790777094868,tabpfn_3_5,10.0,True,resolved
2024-02-08,1108978.7550491823,0.04500479770139987,1119815.229071415,0.045123378822618854,260.085104750572,9825.875881845453,tabpfn_3_5,10.0,True,resolved
2024-02-09,1140883.4846150873,0.02876946868516872,1152234.6969339256,0.02895072956758571,265.6477193701744,10091.523601215627,tabpfn_3_5,10.0,True,resolved
2024-02-12,1173114.1504494508,0.028250620040518593,1184900.1066575686,0.028349614718741867,176.61275298460018,10268.13635420023,tabpfn_3_5,10.0,True,resolved
2024-02-13,1141671.1411535982,-0.026803026187865897,1153503.4105134113,-0.026497335908528874,267.08703837977873,10535.223392580023,tabpfn_3_5,10.0,True,resolved
2024-02-14,1217947.4235094076,0.06681108035956496,1230626.5607547467,0.06685992389654816,215.37637959544082,10750.599772175456,tabpfn_3_5,10.0,True,resolved
2024-02-15,1290255.7419615728,0.05936899824773656,1304068.438152791,0.05967844327445859,458.8885978863961,11209.488370061843,tabpfn_3_5,10.0,True,resolved
2024-02-16,1193721.0622361612,-0.07481825237115403,1207130.5224141516,-0.0743349910959824,528.0693176596579,11737.557687721506,tabpfn_3_5,10.0,True,resolved
2024-02-20,1180637.5007970703,-0.010960317156992971,1194148.504191956,-0.010754444512125039,229.12233424130537,11966.680021962806,tabpfn_3_5,10.0,True,resolved
2024-02-21,1143433.1485725148,-0.03151208749462742,1156828.2473246304,-0.03125260948392605,244.00806467965668,12210.688086642467,tabpfn_3_5,10.0,True,resolved
2024-02-22,1257360.947494462,0.09963660670864494,1272293.9095622217,0.0998122776692445,289.8873222079636,12500.575408850429,tabpfn_3_5,10.0,True,resolved
2024-02-23,1331590.272961838,0.05903581275948855,1347339.1981137982,0.05898423940219799,381.2975541086325,12881.872962959062,tabpfn_3_5,10.0,True,resolved
2024-02-26,1350589.8534500701,0.014268338297464211,1366876.7302588928,0.014500826645915232,305.0445384310017,13186.917501390062,tabpfn_3_5,10.0,True,resolved
2024-02-27,1420807.276121587,0.0519901896879702,1437867.553906451,0.051936522201319724,200.1624167974671,13387.079918187543,tabpfn_3_5,10.0,True,resolved
2024-02-28,1374681.3782318505,-0.032464570434666995,1391542.0895318266,-0.032218172145804136,203.88093101072926,13590.960849198274,tabpfn_3_5,10.0,True,resolved
2024-02-29,1398728.2269117231,0.017492670709486458,1416021.9434618182,0.01759188896559194,148.98731531158222,13739.948164509871,tabpfn_3_5,10.0,True,resolved
2024-03-01,1469244.4112096438,0.050414500073123314,1487396.697692442,0.05040511876258824,176.03750387498997,13915.985668384847,tabpfn_3_5,10.0,True,resolved
2024-03-04,1533625.3550748548,0.043819083723589225,1552855.3034732284,0.04400884167777108,231.55984313489324,14147.545511519746,tabpfn_3_5,10.0,True,resolved
2024-03-05,1501414.7615784889,-0.02100290881979694,1520533.7774920517,-0.020814254817486222,196.56951918893833,14344.115030708672,tabpfn_3_5,10.0,True,resolved
2024-03-06,1531517.4524757783,0.020049550375834446,1551246.3510938194,0.020198547415648083,196.2970728224301,14540.412103531085,tabpfn_3_5,10.0,True,resolved
2024-03-07,1561751.4633904228,0.019741212132953212,1582002.4080365403,0.019826674803156807,169.92786251248566,14710.33996604358,tabpfn_3_5,10.0,True,resolved
2024-03-08,1602930.9010801644,0.026367471812925203,1623684.3688730884,0.026347596327796152,136.39385195508413,14846.733817998676,tabpfn_3_5,10.0,True,resolved
2024-03-11,1521278.385534619,-0.05093951054940815,1541384.2392875832,-0.05068727097657855,185.08955010481765,15031.823368103502,tabpfn_3_5,10.0,True,resolved
2024-03-12,1543883.229788728,0.014859110908990614,1564512.6092507173,0.015004934768130251,167.65666487262712,15199.480032976133,tabpfn_3_5,10.0,True,resolved
2024-03-13,1577447.0505318735,0.021739870020959007,1598545.3937509567,0.021752962743162962,150.34476588214216,15349.82479885829,tabpfn_3_5,10.0,True,resolved
2024-03-14,1515930.3223682016,-0.038997650122664984,1536373.8708295492,-0.03889256017655107,114.16155863427569,15463.986357492562,tabpfn_3_5,10.0,True,resolved
2024-03-15,1515836.6335973023,-6.180282135459514e-05,1536335.868002462,-2.473540315206524e-05,133.55689264818227,15597.54325014073,tabpfn_3_5,10.0,True,resolved
2024-03-18,1496660.075956524,-0.012650807623819982,1517014.6403651065,-0.0125761742856898,125.37307094526876,15722.916321085986,tabpfn_3_5,10.0,True,resolved
2024-03-19,1438699.2345030808,-0.038726790661800736,1458446.580796227,-0.03860744518245629,102.81765018665112,15825.73397127263,tabpfn_3_5,10.0,True,resolved
2024-03-20,1513843.1749010521,0.05223047221813926,1534574.3593989746,0.05219785188236803,100.69625841388012,15926.430229686523,tabpfn_3_5,10.0,True,resolved
2024-03-21,1563222.2059646284,0.03261832657587127,1584714.8164707613,0.03267385302294801,101.50764150730176,16027.937871193839,tabpfn_3_5,10.0,True,resolved
2024-03-22,1543542.7111522232,-0.012589057868622966,1564922.246484029,-0.012489673082511588,126.86230215439164,16154.80017334823,tabpfn_3_5,10.0,True,resolved
2024-03-25,1609553.0370625602,0.0427654676695417,1631899.6129122516,0.04279916563184094,93.55414042412428,16248.354313772372,tabpfn_3_5,10.0,True,resolved
2024-03-26,1614214.5706467163,0.002896166498908004,1636645.9601649437,0.002908479918211304,115.39610869403322,16363.7504224664,tabpfn_3_5,10.0,True,resolved
2024-03-27,1600927.5494057857,-0.008231260876060187,1623239.7299991758,-0.008191282960437474,84.88393979363133,16448.634362260065,tabpfn_3_5,10.0,True,resolved
2024-03-28,1582617.7236475649,-0.011437010853499796,1604847.6103304718,-0.011330501175395247,53.835582657716785,16502.46994491781,tabpfn_3_5,10.0,True,resolved
2024-04-01,1579470.5838592802,-0.0019885659949714363,1601742.067835905,-0.0019351011738287793,64.91602103683401,16567.385965954647,tabpfn_3_5,10.0,True,resolved
2024-04-02,1529982.053041411,-0.031332353589611506,1551727.8185486982,-0.031224908361669246,57.84731613294761,16625.23328208762,tabpfn_3_5,10.0,True,resolved
2024-04-03,1536557.571646105,0.004297774991296466,1558614.9414901512,0.004438357590246911,146.83800280080135,16772.07128488846,tabpfn_3_5,10.0,True,resolved
2024-04-04,1505301.1252591868,-0.020341864804605647,1527010.170904423,-0.020277471840165706,134.40044198766475,16906.47172687615,tabpfn_3_5,10.0,True,resolved
2024-04-05,1509550.0165369238,0.002822618814561473,1531359.6281723308,0.002848348590456018,70.86862438770011,16977.340351263883,tabpfn_3_5,10.0,True,resolved
2024-04-08,1502039.8367444535,-0.004975111596301707,1523984.9886632382,-0.004815746329876913,152.02548621940255,17129.36583748325,tabpfn_3_5,10.0,True,resolved
2024-04-09,1486476.4218780338,-0.010361519372317107,1508237.2882003172,-0.010333238568664749,141.22167641474073,17270.587513898026,tabpfn_3_5,10.0,True,resolved
2024-04-10,1467289.6140167771,-0.012907576318644698,1488978.4849696984,-0.012769080423412071,79.21264698892774,17349.800160886964,tabpfn_3_5,10.0,True,resolved
2024-04-11,1489282.1952615846,0.014988575557760342,1511408.0799016242,0.015063746829345526,73.62078528420145,17423.420946171194,tabpfn_3_5,10.0,True,resolved
2024-04-12,1410320.2932065793,-0.05302010747609598,1431508.1952103844,-0.05286453457125917,100.50903404458352,17523.929980215766,tabpfn_3_5,10.0,True,resolved
2024-04-15,1341117.6828141331,-0.049068719159605534,1361499.3775534148,-0.04890563525323066,116.94908015917,17640.87906037492,tabpfn_3_5,10.0,True,resolved
2024-04-16,1388253.9442042212,0.03514699865203452,1409355.5034014047,0.035149576002000416,83.30195172327112,17724.18101209817,tabpfn_3_5,10.0,True,resolved
2024-04-17,1364512.279700553,-0.017101816712127182,1385354.8408684644,-0.017029530501719403,49.95383303882356,17774.134845137,tabpfn_3_5,10.0,True,resolved
2024-04-18,1367370.8426997915,0.0020949338762021874,1388202.629655391,0.0020556385287839873,30.888940216071507,17805.02378535308,tabpfn_3_5,10.0,True,resolved
2024-04-19,1260996.6484959396,-0.07779469247261595,1280262.8890610037,-0.077755032506445,28.645208829366197,17833.668994182444,tabpfn_3_5,10.0,True,resolved
2024-04-22,1276184.371017772,0.012044221164225766,1295781.864835864,0.012121710242060102,34.43850913647595,17868.107503318897,tabpfn_3_5,10.0,True,resolved
2024-04-23,1346041.4764225748,0.054739038489470815,1366685.4365170063,0.05471875599225462,45.70871399850462,17913.8162173174,tabpfn_3_5,10.0,True,resolved
2024-04-24,1333222.8515419015,-0.009523202000239928,1353759.9560546954,-0.009457538740773708,79.68430673901746,17993.50052405639,tabpfn_3_5,10.0,True,resolved
2024-04-25,1367535.3730000632,0.025736523656550325,1388587.6223360845,0.025726618759568387,67.33094162501924,18060.83146568141,tabpfn_3_5,10.0,True,resolved
2024-04-26,1470956.7767909993,0.07562612699666627,1493433.871042169,0.07550567714963274,49.33510401540552,18110.16656969684,tabpfn_3_5,10.0,True,resolved
2024-04-29,1468676.234050694,-0.0015503805253072045,1491161.3100920243,-0.001521701760091143,73.47970379970495,18183.646273496583,tabpfn_3_5,10.0,True,resolved
2024-04-30,1432732.917653436,-0.024473274343198237,1454688.8664307022,-0.024459086628978666,69.31699176082776,18252.96326525739,tabpfn_3_5,10.0,True,resolved
2024-05-01,1414861.6500691,-0.01247355132567618,1436478.582664603,-0.012518335835470351,50.649464884188745,18303.6127301416,tabpfn_3_5,10.0,True,resolved
2024-05-02,1697288.5720127963,0.19961451491027615,1722276.3233890047,0.19895718890166814,28.56956778069262,18332.182297922263,tabpfn_3_5,10.0,True,resolved
2024-05-03,1747893.658620887,0.029815252068820852,1773484.5309590953,0.029732863928202846,26.576638156794424,18358.75893607908,tabpfn_3_5,10.0,True,resolved
2024-05-06,1788923.4665028933,0.023473858194771102,1815198.4042451368,0.023520855444666644,27.89689455146409,18386.655830630516,tabpfn_3_5,10.0,True,resolved
2024-05-07,1718756.0222317292,-0.039223279019494295,1744162.3777537707,-0.03913402872393279,24.40938548035038,18411.06521611087,tabpfn_3_5,10.0,True,resolved
2024-05-08,1701703.5771076481,-0.009921387854652686,1726997.9080604734,-0.00984109616869655,20.196802255238502,18431.26201836612,tabpfn_3_5,10.0,True,resolved
2024-05-09,1741142.7852370315,0.023176309117488803,1766833.5302618563,0.0230663986420927,19.18154406657957,18450.44356243273,tabpfn_3_5,10.0,True,resolved
2024-05-10,1702610.8128705793,-0.02213027713359339,1727808.8149602755,-0.022087375314751356,21.609811657571054,18472.053374090276,tabpfn_3_5,10.0,True,resolved
2024-05-13,1691884.9970042438,-0.006299628655741962,1716946.3946477324,-0.006286818436444297,46.257050896337645,18518.31042498658,tabpfn_3_5,10.0,True,resolved
2024-05-14,1751610.9294652352,0.035301413847126595,1777560.4553518659,0.03530340894339323,60.37915227214842,18578.689577258723,tabpfn_3_5,10.0,True,resolved
2024-05-15,1835250.341006667,0.047749994096558224,1862684.5394037522,0.04788815131186985,46.638423837071116,18625.32800109579,tabpfn_3_5,10.0,True,resolved
2024-05-16,1770741.1041512904,-0.0351501020945143,1797435.2096656102,-0.03502972637493862,242.53206269523915,18867.86006379102,tabpfn_3_5,10.0,True,resolved
2024-05-17,1758623.2853793767,-0.006843359960134743,1785393.6244279603,-0.006699315320461641,244.0234857783088,19111.883549569317,tabpfn_3_5,10.0,True,resolved
2024-05-20,1768101.0479142368,0.005389307996576109,1795185.1265493974,0.00548422599222298,150.94412274364092,19262.827672312927,tabpfn_3_5,10.0,True,resolved
2024-05-21,1744764.0983144715,-0.013198877760575378,1771800.9931996514,-0.013026028905828602,206.13897113891045,19468.966643451837,tabpfn_3_5,10.0,True,resolved
2024-05-22,1736421.6891841232,-0.00478139660164234,1763421.3217756487,-0.0047294653610449044,136.01578185599,19604.982425307826,tabpfn_3_5,10.0,True,resolved
2024-05-23,1669375.1103572354,-0.03861192200288077,1695631.2515220214,-0.038442356013574375,127.5188851020997,19732.501310409916,tabpfn_3_5,10.0,True,resolved
2024-05-24,1686171.8362234759,0.010061684616015532,1712922.0903724711,0.01019728719609847,118.62886940426652,19851.130179814212,tabpfn_3_5,10.0,True,resolved
2024-05-28,1641171.893642379,-0.026687637412971754,1667469.1373270936,-0.02653533006600073,81.8193904242485,19932.94957023845,tabpfn_3_5,10.0,True,resolved
2024-05-29,1624898.3477546272,-0.0099158083018559,1650927.9314595158,-0.009919947240578542,45.63598799428468,19978.585558232724,tabpfn_3_5,10.0,True,resolved
2024-05-30,1596915.2209315475,-0.017221463029824857,1622683.5628657728,-0.01710817780445051,53.161969508326365,20031.747527741016,tabpfn_3_5,10.0,True,resolved
2024-05-31,1547418.1686060869,-0.03099541646086068,1572466.2738814282,-0.03094706209734288,66.86044800945051,20098.60797575044,tabpfn_3_5,10.0,True,resolved
2024-06-03,1528002.156668707,-0.012547359421836046,1552835.3873706702,-0.012484138348036966,104.39912319765325,20203.007098948092,tabpfn_3_5,10.0,True,resolved
2024-06-04,1545673.3623558057,0.011564908864804657,1570781.1460613445,0.011556768242550808,103.1248607427543,20306.131959690883,tabpfn_3_5,10.0,True,resolved
2024-06-05,1584647.2934750232,0.02521485591225825,1610451.9923307789,0.02525548919969345,48.43462752039001,20354.566587211295,tabpfn_3_5,10.0,True,resolved
2024-06-06,1583304.8873581118,-0.0008471324328378493,1609033.5295548653,-0.0008807855078378779,58.60358986983851,20413.170177081105,tabpfn_3_5,10.0,True,resolved
2024-06-07,1591741.296248343,0.005328353975025069,1617520.9500631273,0.005274856211734846,54.08767766118832,20467.25785474229,tabpfn_3_5,10.0,True,resolved
2024-06-10,1619965.118918182,0.01773141322422256,1646278.6855311983,0.01777889520809528,37.01015947742574,20504.26801421973,tabpfn_3_5,10.0,True,resolved
2024-06-11,1573861.3715809162,-0.02845971607589559,1599624.2461062893,-0.028339332723520738,56.341571470282396,20560.60958568999,tabpfn_3_5,10.0,True,resolved
2024-06-12,1643315.2777636198,0.044129621221301374,1670051.2267479196,0.04402720252150427,57.4378295532397,20618.047415243207,tabpfn_3_5,10.0,True,resolved
2024-06-13,1655315.4513978225,0.0073024171299214125,1682471.2692626324,0.007436923081035163,41.420466892336194,20659.46788213557,tabpfn_3_5,10.0,True,resolved
2024-06-14,1603464.4782801885,-0.031323922623841094,1629886.6009084815,-0.0312544227737076,51.40055302183729,20710.86843515742,tabpfn_3_5,10.0,True,resolved
2024-06-17,1678059.654434064,0.046521252677753866,1705491.4578262581,0.04638657491609255,36.985779841287346,20747.854214998722,tabpfn_3_5,10.0,True,resolved
2024-06-18,1715011.1165346648,0.022020350708606307,1743061.1008222012,0.022028631585072622,28.84217335207462,20776.696388350767,tabpfn_3_5,10.0,True,resolved
2024-06-20,1704467.298594188,-0.006147958948383714,1732469.2597051065,-0.006076574775318311,103.21804782325091,20879.914436174022,tabpfn_3_5,10.0,True,resolved
2024-06-21,1725937.1786767996,0.012596240538213621,1754269.1665465934,0.012583142078490761,103.54161173874155,20983.456047912743,tabpfn_3_5,10.0,True,resolved
2024-06-24,1738837.4070494885,0.007474332514569859,1767086.8849745793,0.007306585940411114,50.43868061512701,21033.894728527877,tabpfn_3_5,10.0,True,resolved
2024-06-25,1834795.4754281412,0.055185187522206025,1864426.0982377904,0.05508456550205865,62.13058196198708,21096.025310489895,tabpfn_3_5,10.0,True,resolved
2024-06-26,1806497.2710164548,-0.015423083820872763,1835736.2960656318,-0.01538800717243527,72.76870062526793,21168.79401111518,tabpfn_3_5,10.0,True,resolved
2024-06-27,1899495.7101637672,0.051479977655867426,1930163.6470198354,0.0514384071157612,55.77249593266039,21224.566507047824,tabpfn_3_5,10.0,True,resolved
2024-06-28,1820136.1445377201,-0.04177928131209363,1849618.0385898477,-0.0417299375388972,32.56152526919315,21257.12803231703,tabpfn_3_5,10.0,True,resolved
2024-07-01,1777609.3927347162,-0.02336459936287072,1806627.571021455,-0.023242889435252656,45.720659438404,21302.84869175543,tabpfn_3_5,10.0,True,resolved
2024-07-02,1821095.93446832,0.024463496824070674,1850820.4300742652,0.02446152143456093,83.0923828671784,21385.941074622606,tabpfn_3_5,10.0,True,resolved
2024-07-03,1832162.5242942078,0.006076884592638887,1862229.4875416623,0.006164324362325724,103.42285899342899,21489.363933616067,tabpfn_3_5,10.0,True,resolved
2024-07-05,1833616.7460264238,0.0007937187410687052,1863809.3333762034,0.0008483625917805604,110.09617205027426,21599.460105666363,tabpfn_3_5,10.0,True,resolved
2024-07-08,1837635.5036582127,0.002191710803524094,1869341.5285975633,0.0029682195073776896,1282.7460099522784,22882.20611561865,tabpfn_3_5,10.0,True,resolved
2024-07-09,1834355.6442279401,-0.0017848258937875894,1867288.5895328345,-0.0010982150844682792,1266.788503998667,24148.994619617337,tabpfn_3_5,10.0,True,resolved
2024-07-10,1845616.8429734902,0.006139048761337529,1879384.1991556757,0.006477632697293734,621.2514633562437,24770.24608297359,tabpfn_3_5,10.0,True,resolved
2024-07-11,1847345.9990983747,0.0009368987563522779,1882016.2387555416,0.00140047979601432,845.9655705338544,25616.21165350744,tabpfn_3_5,10.0,True,resolved
2024-07-12,1863775.139181934,0.008893374652922503,1899472.4859232751,0.00927529040837416,709.2300689530122,26325.44172246049,tabpfn_3_5,10.0,True,resolved
2024-07-15,1861517.3538617871,-0.0012114043548933084,1898211.1810007757,-0.0006640290564073892,1024.1811199620238,27349.62284242248,tabpfn_3_5,10.0,True,resolved
2024-07-16,1853676.185577217,-0.004212245600774711,1891070.1657331947,-0.003761970922442903,812.9492455459492,28162.57208796846,tabpfn_3_5,10.0,True,resolved
2024-07-17,1773374.739155245,-0.04332010469075909,1809844.1619461118,-0.042952400846316796,631.0953876278618,28793.667475596318,tabpfn_3_5,10.0,True,resolved
2024-07-18,1755938.9823446516,-0.009831964122201886,1792726.2048853047,-0.00945824918008431,652.5863144310023,29446.25379002732,tabpfn_3_5,10.0,True,resolved
2024-07-19,1751392.9335831772,-0.0025889559985758925,1788530.543050101,-0.0023403807138927535,433.1481691618752,29879.401959189167,tabpfn_3_5,10.0,True,resolved
2024-07-22,1762791.7257806275,0.006508415089998998,1800594.5021554935,0.00674517924911644,378.4213719895128,30257.823331178715,tabpfn_3_5,10.0,True,resolved
2024-07-23,1765340.369988236,0.0014457999605597127,1803760.5077804846,0.0017583112806360823,539.2255703372083,30797.0489015159,tabpfn_3_5,10.0,True,resolved
2024-07-24,1671775.6540239237,-0.05300094959304413,1708741.3043037737,-0.05267839220719572,463.2169406443501,31260.265842160246,tabpfn_3_5,10.0,True,resolved
2024-07-25,1647027.8989905599,-0.014803275172596608,1683754.3084871052,-0.014623041974659468,280.4072130490567,31540.67305520929,tabpfn_3_5,10.0,True,resolved
2024-07-26,1682739.4007482338,0.021682390310183042,1720600.923047228,0.02188360521151722,348.3892708539389,31889.062326063224,tabpfn_3_5,10.0,True,resolved
2024-07-29,1664441.5655955258,-0.010873837710445144,1702414.1766730028,-0.010569996871799936,480.8862906326675,32369.948616695867,tabpfn_3_5,10.0,True,resolved
2024-07-30,1617406.1380724395,-0.028258983971153895,1654821.9575109067,-0.027955723004553845,453.00820923576975,32822.95682593162,tabpfn_3_5,10.0,True,resolved
2024-07-31,1689303.130672146,0.04445203397421915,1728615.3663632283,0.04459295969417609,259.7351748326922,33082.692000764335,tabpfn_3_5,10.0,True,resolved
2024-08-01,1634024.609006056,-0.03272267757184322,1672509.4307160145,-0.03245715428600704,406.9599159319675,33489.65191669631,tabpfn_3_5,10.0,True,resolved
2024-08-02,1552637.201033444,-0.04980794507257669,1589660.6061242917,-0.049535639722075975,370.20583317547283,33859.85774987182,tabpfn_3_5,10.0,True,resolved
2024-08-05,1514939.0863686781,-0.02428005373030717,1551192.453388534,-0.02419897215012823,107.38431365946506,33967.24206353134,tabpfn_3_5,10.0,True,resolved
2024-08-06,1541103.7485225536,0.01727109848132069,1578180.276410587,0.01739811392396784,163.22533290315482,34130.46739643448,tabpfn_3_5,10.0,True,resolved
2024-08-07,1404811.7743113006,-0.08843789676192482,1439109.3347899998,-0.08812107444207207,149.08208871702095,34279.54948515152,tabpfn_3_5,10.0,True,resolved
2024-08-08,1475921.752258203,0.05061886527948811,1512077.1829228525,0.05070347774757544,95.69408953042822,34375.24357468194,tabpfn_3_5,10.0,True,resolved
2024-08-09,1482340.884811706,0.004349236362755304,1518841.5726204389,0.004473574347911846,170.66567988223747,34545.909254564234,tabpfn_3_5,10.0,True,resolved
2024-08-12,1509593.3339019713,0.018384738199896056,1546759.6969313466,0.01838119578379782,115.7646601960511,34661.673914760235,tabpfn_3_5,10.0,True,resolved
2024-08-13,1576111.0990744682,0.04406336705300817,1614942.2082010133,0.04408086880265616,52.07813605496669,34713.75205081523,tabpfn_3_5,10.0,True,resolved
2024-08-14,1601988.106384721,0.01641826348754738,1641669.0453519104,0.016549717392469354,238.75430120014204,34952.50635201537,tabpfn_3_5,10.0,True,resolved
2024-08-15,1670658.8698082892,0.042865963330115386,1712160.629427453,0.04293897376887679,235.8717840478612,35188.378136063286,tabpfn_3_5,10.0,True,resolved
2024-08-16,1666851.0361268227,-0.002279240693765061,1708434.9582549033,-0.0021760056320156984,175.4574952300961,35363.83563129344,tabpfn_3_5,10.0,True,resolved
2024-08-19,1665140.2236566246,-0.0010263739429130503,1706888.0933146947,-0.0009054280543338011,168.20211269851933,35532.037743991896,tabpfn_3_5,10.0,True,resolved
2024-08-20,1640096.9751151544,-0.01503972349336169,1681425.2152258263,-0.014917719672776442,178.4044742174825,35710.44221820944,tabpfn_3_5,10.0,True,resolved
2024-08-21,1680481.6451431736,0.02462334279055889,1723004.5466773899,0.02472862371460227,174.54735718415097,35884.98957539359,tabpfn_3_5,10.0,True,resolved
2024-08-22,1649752.6456346752,-0.018285828707090945,1691675.8874234485,-0.018182574917956495,124.05791844865699,36009.04749384232,tabpfn_3_5,10.0,True,resolved
2024-08-23,1680932.741756709,0.018899861263770523,1724104.6959407772,0.019169634537216318,426.0273743365582,36435.07486817893,tabpfn_3_5,10.0,True,resolved
2024-08-26,1625744.3682884546,-0.03283199386703495,1668134.4461686383,-0.032463370643276424,430.98226299139276,36866.05713117029,tabpfn_3_5,10.0,True,resolved
2024-08-27,1615464.1120087707,-0.006323414972371544,1657916.1387021975,-0.006125589870714654,260.46569456560786,37126.522825735854,tabpfn_3_5,10.0,True,resolved
2024-08-28,1504627.5363181005,-0.06860974184864366,1545039.622818277,-0.06808336878382715,415.69718432510797,37542.22001006098,tabpfn_3_5,10.0,True,resolved
2024-08-29,1512382.621534638,0.005154156114618669,1553579.5365081136,0.005527310473927516,588.7649901569132,38130.985000217945,tabpfn_3_5,10.0,True,resolved
2024-08-30,1501041.545316858,-0.007498814160051714,1542657.174655692,-0.007030449098841207,642.8535152480869,38773.838515466,tabpfn_3_5,10.0,True,resolved
2024-09-03,1479267.2315333697,-0.014506136656525337,1520867.4651265282,-0.014124790580270719,642.4013157775347,39416.23983124351,tabpfn_3_5,10.0,True,resolved
2024-09-04,1454761.3526249675,-0.016566228458261834,1496492.8535074634,-0.016026782200273426,691.6719015270589,40107.911732770655,tabpfn_3_5,10.0,True,resolved
2024-09-05,1440022.300671804,-0.010131594385957787,1481892.1580814177,-0.009756608855047144,494.17987252530963,40602.091605295966,tabpfn_3_5,10.0,True,resolved
2024-09-06,1378277.4527908326,-0.04287770255513823,1418889.8416296176,-0.04251477822338179,400.9957767337748,41003.087382029706,tabpfn_3_5,10.0,True,resolved
2024-09-09,1424470.943795006,0.03351537885977729,1466706.3074536277,0.03369991413081941,377.71791243186817,41380.80529446163,tabpfn_3_5,10.0,True,resolved
2024-09-10,1432027.3923170725,0.005304740370438932,1474757.9570632004,0.005489612725230186,280.71781824614493,41661.52311270773,tabpfn_3_5,10.0,True,resolved
2024-09-11,1485905.5145283765,0.03762366732673117,1530500.3645916064,0.037797665211049436,418.33924958816374,42079.86236229592,tabpfn_3_5,10.0,True,resolved
2024-09-12,1493209.7953716568,0.004915710165863896,1539163.7911165035,0.005660519085997517,1051.095890429443,43130.95825272536,tabpfn_3_5,10.0,True,resolved
2024-09-13,1497810.7190099538,0.003081230549490055,1545014.0504023763,0.0038009335456292703,1066.3717095958764,44197.32996232118,tabpfn_3_5,10.0,True,resolved
2024-09-16,1504504.0363451948,0.004468733766083144,1552463.2929531385,0.004821472367077861,533.304667556572,44730.63462987782,tabpfn_3_5,10.0,True,resolved
2024-09-17,1506309.0537196351,0.0011997424605287854,1555030.938542218,0.00165391710112206,692.5303962919966,45423.16502616978,tabpfn_3_5,10.0,True,resolved
2024-09-18,1505299.1472370783,-0.0006704510472554936,1554882.5368243838,-9.543328956096442e-05,869.5737127111257,46292.73873888096,tabpfn_3_5,10.0,True,resolved
2024-09-19,1518449.429769911,0.008735992813767135,1569306.4518210539,0.009276530319858534,825.6140930272661,47118.352831908276,tabpfn_3_5,10.0,True,resolved
2024-09-20,1521891.4959030366,0.0022668296129209065,1573563.3980349614,0.002712629014535617,678.637885546045,47796.99071745435,tabpfn_3_5,10.0,True,resolved
2024-09-23,1530014.1824971042,0.0053372310811474755,1582545.0624245978,0.005707850348357413,560.2090129401536,48357.19973039452,tabpfn_3_5,10.0,True,resolved
2024-09-24,1530656.1676865802,0.00041959427358273516,1583951.190867433,0.0008885234779230089,723.1185008593528,49080.318231253856,tabpfn_3_5,10.0,True,resolved
2024-09-25,1519497.5233013867,-0.007290105133185176,1573231.9748058184,-0.006767390386407279,780.6391060882113,49860.957337342115,tabpfn_3_5,10.0,True,resolved
2024-09-26,1539243.0972252737,0.012994804941166338,1594183.3664285548,0.013317420417495951,567.0084929914839,50427.96583033355,tabpfn_3_5,10.0,True,resolved
2024-09-27,1571586.347666013,0.02101243819059051,1628534.8151547175,0.021547990933515004,868.4424638297203,51296.40829416323,tabpfn_3_5,10.0,True,resolved
2024-09-30,1555597.7283276394,-0.010173554486597958,1612969.6927993624,-0.009557746147340729,951.5974408083941,52248.005734971586,tabpfn_3_5,10.0,True,resolved
2024-10-01,1541027.7047324206,-0.009366189812376802,1598550.142545394,-0.008939752754401065,655.1003836835691,52903.10611865516,tabpfn_3_5,10.0,True,resolved
2024-10-02,1547973.6156425527,0.004507323839020971,1606405.5503141712,0.004914082805228093,629.8046100286643,53532.910728683855,tabpfn_3_5,10.0,True,resolved
2024-10-03,1538711.9920687624,-0.00598306294125428,1597352.298256045,-0.005635720105894637,528.1287915079773,54061.03952019189,tabpfn_3_5,10.0,True,resolved
2024-10-04,1545970.1657807531,0.004717045002185394,1605399.7626896435,0.005038002225548288,487.75794212453474,54548.79746231645,tabpfn_3_5,10.0,True,resolved
2024-10-07,1568749.8118131259,0.014734854874038472,1629483.578014763,0.01500175587715935,473.1458979201985,55021.94336023664,tabpfn_3_5,10.0,True,resolved
2024-10-08,1571815.143911142,0.0019539967909052436,1633381.894302968,0.002392363041150869,685.0972224192444,55707.04058265595,tabpfn_3_5,10.0,True,resolved
2024-10-09,1584213.1798553923,0.007887718853121894,1646943.6864259639,0.008302891179520211,673.7301983477906,56380.7707810038,tabpfn_3_5,10.0,True,resolved
2024-10-10,1573461.3117721772,-0.006786882106483039,1636433.4105769135,-0.0063816850179369,633.6174405301565,57014.38822153392,tabpfn_3_5,10.0,True,resolved
2024-10-11,1594874.0251380284,0.013608668484981212,1659393.611818679,0.014030635828726323,676.2572018092158,57690.64542334316,tabpfn_3_5,10.0,True,resolved
2024-10-14,1607090.9521212445,0.007660120354746391,1672911.3782596337,0.008146208557558321,762.2786109335988,58452.92403427679,tabpfn_3_5,10.0,True,resolved
2024-10-15,1604365.3793667958,-0.0016959667098188635,1670974.2057282112,-0.0011579648250331642,874.402119766045,59327.326154042865,tabpfn_3_5,10.0,True,resolved
2024-10-16,1621419.0631190115,0.010629551080780786,1689664.9397638189,0.01118553115394283,905.5816479116314,60232.907801954454,tabpfn_3_5,10.0,True,resolved
2024-10-17,1608861.7467771056,-0.00774464580288714,1677683.900567057,-0.007090778126956021,1042.7333220310816,61275.64112398555,tabpfn_3_5,10.0,True,resolved
2024-10-18,1605923.325012643,-0.001826397930306367,1675462.4538592158,-0.0013241151727630962,801.1069738011108,62076.74809778661,tabpfn_3_5,10.0,True,resolved
2024-10-21,1604986.6133903638,-0.0005832853958154249,1675299.617078545,-9.718915532586081e-05,796.4531715187157,62873.201269305304,tabpfn_3_5,10.0,True,resolved
2024-10-22,1584038.05212428,-0.013052171956644654,1654487.2413884143,-0.012423076730850191,971.324764893292,63844.526034198636,tabpfn_3_5,10.0,True,resolved
2024-10-23,1578059.238626094,-0.00377441279909152,1649186.0323025545,-0.003204140203227679,888.6302449926219,64733.156279191215,tabpfn_3_5,10.0,True,resolved
2024-10-24,1580876.0409232415,0.0017849788070058992,1652909.2811830356,0.0022576281920621,776.5889658182276,65509.745245009435,tabpfn_3_5,10.0,True,resolved
2024-10-25,1581668.9289479288,0.0005015497763025678,1654417.3428362517,0.0009123680714870908,693.59485094736,66203.34009595685,tabpfn_3_5,10.0,True,resolved
2024-10-28,1594025.1954108167,0.0078121699407136536,1668156.291388012,0.008304403124913318,782.6350612675064,66985.97515722435,tabpfn_3_5,10.0,True,resolved
2024-10-29,1608279.8456685967,0.008942550154676931,1683845.5323363796,0.00940513849293656,786.1447249271473,67772.1198821515,tabpfn_3_5,10.0,True,resolved
2024-10-30,1488669.3178600222,-0.07437171343700433,1560106.440377696,-0.07348601138430577,718.5281727751483,68490.64805492676,tabpfn_3_5,10.0,True,resolved
2024-10-31,1434623.8258621967,-0.03630456498929957,1504219.4572094604,-0.03582254500193305,529.8331433286186,69020.48119825532,tabpfn_3_5,10.0,True,resolved
2024-11-01,1407337.7893752784,-0.019019645425531473,1476245.0902187768,-0.018597264419501713,448.55666125014625,69469.03785950555,tabpfn_3_5,10.0,True,resolved
2024-11-04,1405878.8405647308,-0.0010366728027642047,1475413.1262665952,-0.0005635676336497308,665.1507019925043,70134.18856149813,tabpfn_3_5,10.0,True,resolved
2024-11-05,1446846.8785078237,0.029140518201864696,1518877.1731723282,0.029458899430910623,508.61563562887875,70642.8041971269,tabpfn_3_5,10.0,True,resolved
2024-11-06,1472620.993616297,0.017813989504580352,1546743.6376965656,0.018346753125557447,431.3032767935008,71074.10747392049,tabpfn_3_5,10.0,True,resolved
2024-11-07,1574797.1342086731,0.06938386797098661,1654605.896343072,0.06973505887965792,703.0080262002742,71777.11550012085,tabpfn_3_5,10.0,True,resolved
2024-11-08,1624247.3310988948,0.03140099497010462,1707330.5664763262,0.03186539480475914,671.5892002132814,72448.70470033401,tabpfn_3_5,10.0,True,resolved
2024-11-11,1654444.2169048095,0.01859131009652626,1739516.8938699919,0.018851842768851323,352.7713446754035,72801.4760450093,tabpfn_3_5,10.0,True,resolved
2024-11-12,1626100.9112961583,-0.017131617566216173,1710032.2509730863,-0.01694990316035938,216.775614105866,73018.25165911505,tabpfn_3_5,10.0,True,resolved
2024-11-13,1568707.7482984585,-0.03529495777230207,1650028.4648248192,-0.03508927162872055,224.23815643513657,73242.48981555009,tabpfn_3_5,10.0,True,resolved
2024-11-14,1530722.3895456793,-0.024214426679527223,1610478.6341835223,-0.02396918082591737,229.1159052652926,73471.60572081545,tabpfn_3_5,10.0,True,resolved
2024-11-15,1576411.2662021932,0.029847918191145295,1658718.185990216,0.029953549698068516,218.63318702107404,73690.23890783655,tabpfn_3_5,10.0,True,resolved
2024-11-18,1643210.8650980839,0.04237447443319842,1729019.0217346747,0.04238262794622383,244.5417686861498,73934.78067652282,tabpfn_3_5,10.0,True,resolved
2024-11-19,1768467.7348366256,0.07622689966273155,1860534.4118477842,0.07606358776849298,209.15123324370447,74143.93190976647,tabpfn_3_5,10.0,True,resolved
2024-11-20,1732910.1581679499,-0.020106432234094807,1823543.7221110717,-0.019881755210308216,232.58221878627162,74376.51412855278,tabpfn_3_5,10.0,True,resolved
2024-11-21,1755607.029380207,0.013097546404974958,1847386.3438933224,0.013074883532075976,205.59647890131598,74582.11060745413,tabpfn_3_5,10.0,True,resolved
2024-11-22,1843067.3652507595,0.04981771797839585,1939306.7938710875,0.04975702580113528,111.09655150607136,74693.20715896029,tabpfn_3_5,10.0,True,resolved
2024-11-25,1909685.919250117,0.03614547967989967,2009172.1193079534,0.03602592723217679,125.1475553657792,74818.35471432608,tabpfn_3_5,10.0,True,resolved
2024-11-26,1850109.8082477003,-0.031196811162439997,1946955.466846806,-0.030966312872476864,164.87780228979983,74983.23251661599,tabpfn_3_5,10.0,True,resolved
2024-11-27,1875205.5102187935,0.013564439180430155,1973454.2023381214,0.013610344942420083,133.6822320883562,75116.9147487044,tabpfn_3_5,10.0,True,resolved
2024-11-29,1845056.2748886338,-0.016077829958297207,1941997.0776943015,-0.01594013410929418,61.54924339033258,75178.46399209462,tabpfn_3_5,10.0,True,resolved
2024-12-02,1978457.4571712203,0.07230195853545918,2081763.4060954887,0.07197041128770865,87.10541865823052,75265.56941075278,tabpfn_3_5,10.0,True,resolved
2024-12-03,2002671.0934531658,0.012238643896121948,2107482.5624603974,0.012354504978616676,90.46858179050109,75356.03799254326,tabpfn_3_5,10.0,True,resolved
2024-12-04,2062387.4289787388,0.029818343971103722,2170317.3330129646,0.029815084438568284,92.11410360894364,75448.15209615228,tabpfn_3_5,10.0,True,resolved
2024-12-05,2050999.0956841456,-0.005521917528479414,2158690.005996408,-0.005357431763407083,289.21665538111796,75737.36875153349,tabpfn_3_5,10.0,True,resolved
2024-12-06,2160020.434489653,0.05315523494618679,2273582.8274500626,0.0532233999020264,281.85664561311927,76019.22539714661,tabpfn_3_5,10.0,True,resolved
2024-12-09,2028800.8548288052,-0.060749230685797184,2135546.6045454848,-0.06071308299746103,152.05071860930246,76171.27611575596,tabpfn_3_5,10.0,True,resolved
2024-12-10,1917405.5404775813,-0.05490697329217342,2018594.5312690597,-0.054764467807676964,141.78364355399756,76313.05975930982,tabpfn_3_5,10.0,True,resolved
2024-12-11,1925991.8366776274,0.004478080415845298,2027884.406119725,0.004602150014161088,72.205948501358,76385.26570781128,tabpfn_3_5,10.0,True,resolved
2024-12-12,1911200.3730416133,-0.007679920212709579,2012449.251105381,-0.007611457027710267,65.10425286086445,76450.36996067216,tabpfn_3_5,10.0,True,resolved
2024-12-13,1895966.7808559816,-0.007970693392753914,1996630.5113250033,-0.007860441584645605,54.11052008452317,76504.4804807567,tabpfn_3_5,10.0,True,resolved
2024-12-16,1894466.106696701,-0.0007915086774902269,1995340.1364232528,-0.0006462762611467721,27.030310228151972,76531.51079098476,tabpfn_3_5,10.0,True,resolved
2024-12-17,1870424.9783466058,-0.012690186572941409,1969958.4312620668,-0.012720490455669364,45.305679809570385,76576.81647079438,tabpfn_3_5,10.0,True,resolved
2024-12-18,1744971.520115442,-0.06707216792092907,1837865.9453728783,-0.06705343818070442,44.738826740318345,76621.55529753478,tabpfn_3_5,10.0,True,resolved
2024-12-19,1737845.069369861,-0.004083992582933238,1830475.9190383751,-0.0040209822447109245,15.85318943659968,76637.40848697143,tabpfn_3_5,10.0,True,resolved
2024-12-20,1804729.8012962153,0.03848716614917036,1901039.9595247516,0.03854955957216122,43.27698900164498,76680.6854759732,tabpfn_3_5,10.0,True,resolved
2024-12-23,1808967.8141174,0.002348281065753355,1905488.653307884,0.0023401369133999594,48.727660977492995,76729.41313695062,tabpfn_3_5,10.0,True,resolved
2024-12-24,1859561.011133729,0.02796799181361531,1958711.749122548,0.02793146824688253,18.398355084315554,76747.81149203483,tabpfn_3_5,10.0,True,resolved
2024-12-26,1854504.442303038,-0.0027192271726584893,1953451.378916429,-0.002685627534768975,8.579192760210146,76756.39068479513,tabpfn_3_5,10.0,True,resolved
2024-12-27,1782743.8368490704,-0.03869529984239395,1877929.4638209133,-0.038660760083727874,17.706694440637584,76774.0973792357,tabpfn_3_5,10.0,True,resolved
2024-12-30,1742951.7273010311,-0.02232071076367892,1836086.7366263694,-0.022281309282729422,14.347527683386513,76788.44490691906,tabpfn_3_5,10.0,True,resolved
2024-12-31,1706495.1933087148,-0.02091654830209755,1797672.2432452969,-0.02092193828035349,3.7916545689188266,76792.23656148795,tabpfn_3_5,10.0,True,resolved
2025-01-02,1755680.1944445178,0.028822232449678742,1849622.4446270403,0.028898594600291982,4.8452733407716675,76797.08183482886,tabpfn_3_5,10.0,True,resolved
2025-01-03,1860361.8443237233,0.05962455475117201,1959811.946275201,0.0595740508925211,44.78165099911607,76841.86348582804,tabpfn_3_5,10.0,True,resolved
2025-01-06,1932626.0078935851,0.038844144105810274,2035752.392126618,0.03874884322230443,48.78628400318688,76890.64976983119,tabpfn_3_5,10.0,True,resolved
2025-01-07,1820353.2556676925,-0.0580933671425965,1917711.2897637382,-0.0579840175157893,105.93434071432036,76996.58411054545,tabpfn_3_5,10.0,True,resolved
2025-01-08,1783559.5039550392,-0.020212423933703816,1879242.3745784583,-0.020059805347456328,157.56903037780225,77154.15314092312,tabpfn_3_5,10.0,True,resolved
2025-01-10,1757408.7414820113,-0.01466211943870599,1851727.8194216841,-0.014641302010309332,75.80754995284109,77229.96069087584,tabpfn_3_5,10.0,True,resolved
2025-01-13,1713188.3743763706,-0.025162255121338406,1805251.1524321905,-0.025099081248349364,23.531621211360495,77253.49231208723,tabpfn_3_5,10.0,True,resolved
2025-01-14,1725485.2849529472,0.007177792448570086,1818311.240051439,0.007234498979077131,29.71037268269709,77283.2026847698,tabpfn_3_5,10.0,True,resolved
2025-01-15,1797249.9205891292,0.041590986757177095,1894031.3351406828,0.0416430880596117,43.72426058975057,77326.92694535943,tabpfn_3_5,10.0,True,resolved
2025-01-16,1812447.9284835742,0.008456257374301668,1910131.9704131542,0.008500722756667356,32.60685785207011,77359.53380321138,tabpfn_3_5,10.0,True,resolved
2025-01-17,1855367.53461002,0.023680463009138952,1955473.8104279777,0.023737543121178373,21.23482980229138,77380.76863301363,tabpfn_3_5,10.0,True,resolved
2025-01-21,1890544.971205895,0.01895982113499084,1992742.3108612648,0.019058552579198418,207.93188849836693,77588.70052151191,tabpfn_3_5,10.0,True,resolved
2025-01-22,1947659.5138289363,0.030210623652401347,2053048.439736167,0.03026288373875996,239.86990650001377,77828.57042801206,tabpfn_3_5,10.0,True,resolved
2025-01-23,1953001.433674364,0.0027427380440463445,2059054.1002769142,0.002925240546939545,247.2732044190339,78075.8436324311,tabpfn_3_5,10.0,True,resolved
2025-01-24,1962812.0169419444,0.005023336439196946,2069715.3084164045,0.0051777212352295265,239.3794102146179,78315.22304264568,tabpfn_3_5,10.0,True,resolved
2025-01-27,1793147.1409741868,-0.0864396969772454,1891054.5276984018,-0.08632142787536368,142.2099947257101,78457.43303737126,tabpfn_3_5,10.0,True,resolved
2025-01-28,1805073.5692437533,0.0066511152359125525,1903878.0470772057,0.006781147339210536,213.6661990595201,78671.09923643089,tabpfn_3_5,10.0,True,resolved
2025-01-29,1829991.3728022797,0.013804314673426799,1930473.5015540954,0.013969095613933113,211.9869545020128,78883.08619093284,tabpfn_3_5,10.0,True,resolved
2025-01-30,1869390.5560663561,0.021529709838874478,1972251.2265658164,0.02164118024831141,183.30951672215488,79066.39570765512,tabpfn_3_5,10.0,True,resolved
2025-01-31,1873673.103343496,0.002290878844574573,1977723.7924618588,0.0027747813373508734,961.4980752561038,80027.89378291127,tabpfn_3_5,10.0,True,resolved
2025-02-03,1878804.8726974193,0.0027388819024865008,1984076.4826871646,0.0032121220614926838,900.241975948893,80928.13575886027,tabpfn_3_5,10.0,True,resolved
2025-02-04,1898719.2617694302,0.010599498309486366,2005248.501253421,0.01067096896263875,188.9548395549516,81117.09059841525,tabpfn_3_5,10.0,True,resolved
2025-02-05,1914742.1401790564,0.008438782252987886,2022503.8127685331,0.008605073887015147,224.7939797728894,81341.88457818814,tabpfn_3_5,10.0,True,resolved
2025-02-06,1960054.1487945612,0.023664809827221633,2070815.4905187748,0.02388706386867545,462.2458721885092,81804.13045037673,tabpfn_3_5,10.0,True,resolved
2025-02-07,1938311.6595392674,-0.011092800302820893,2048349.5027100474,-0.010848860225156631,472.6785347522626,82276.8089851291,tabpfn_3_5,10.0,True,resolved
2025-02-10,1967703.9368402893,0.015163855181064223,2079637.325338974,0.015274650438087622,219.55703107435014,82496.36601620336,tabpfn_3_5,10.0,True,resolved
2025-02-11,1926959.4576341342,-0.02070661060503942,2037002.5231126333,-0.02050107569568227,405.0717232211902,82901.43773942463,tabpfn_3_5,10.0,True,resolved
2025-02-12,1926009.2772026188,-0.000493098299370609,2036385.3243092715,-0.0003029936371500286,396.6660261001666,83298.10376552482,tabpfn_3_5,10.0,True,resolved
2025-02-13,2090863.1158584352,0.08559348109436637,2210463.986899782,0.08548414708771124,226.2763802830759,83524.38014580778,tabpfn_3_5,10.0,True,resolved
2025-02-14,2160593.967728934,0.03335027115912825,2284253.8718904266,0.03338207970270357,234.94301821984135,83759.32316402759,tabpfn_3_5,10.0,True,resolved
2025-02-18,2158720.5798952873,-0.0008670707507415498,2282586.198762181,-0.0007300734602083692,184.41654070541927,83943.73970473307,tabpfn_3_5,10.0,True,resolved
2025-02-19,2139624.83857542,-0.008845860598037047,2262680.7582195,-0.008720564661906627,278.1276466194681,84221.86735135262,tabpfn_3_5,10.0,True,resolved
2025-02-20,2049019.999266232,-0.04234613361915984,2167644.293487785,-0.04200171163628896,536.5039183629541,84758.37126971551,tabpfn_3_5,10.0,True,resolved
2025-02-21,1941427.4790744628,-0.05250925819674712,2054356.2601037712,-0.05226320283469155,391.5748922410903,85149.94616195654,tabpfn_3_5,10.0,True,resolved
2025-02-24,1889757.1460272763,-0.026614608891710634,1999796.7981334564,-0.02655793594805167,161.61993943383806,85311.56610139033,tabpfn_3_5,10.0,True,resolved
2025-02-25,1798129.8183520115,-0.04848629775941715,1903118.7299421495,-0.04834394588567348,121.59946850105062,85433.1655698914,tabpfn_3_5,10.0,True,resolved
2025-02-26,1771588.8101015654,-0.014760340426794638,1875626.6866446177,-0.014445784629720682,160.74102319810373,85593.90659308949,tabpfn_3_5,10.0,True,resolved
2025-02-27,1707874.421370639,-0.035964546833683,1808960.7046939626,-0.035543310630707925,755.1251224859193,86349.03171557536,tabpfn_3_5,10.0,True,resolved
2025-02-28,1734291.1633775174,0.015467613822377935,1837674.614564295,0.015873152908089327,684.7998872892803,87033.83160286464,tabpfn_3_5,10.0,True,resolved
2025-03-03,1702465.3146581582,-0.018350925952582586,1803960.418499102,-0.01834611840311373,210.57988656826384,87244.41148943298,tabpfn_3_5,10.0,True,resolved
2025-03-04,1689530.9768528095,-0.007597416343219754,1790602.14124391,-0.007404972480663408,239.21578606948054,87483.62727550235,tabpfn_3_5,10.0,True,resolved
2025-03-05,1695068.2565472482,0.003277406434271768,1796741.0084090363,0.00342838144986346,120.96959845007167,87604.5968739523,tabpfn_3_5,10.0,True,resolved
2025-03-06,1504795.2972909193,-0.11225091291834077,1595475.652829176,-0.11201689872825638,76.7846426058108,87681.38151655805,tabpfn_3_5,10.0,True,resolved
2025-03-07,1539790.578670293,0.023255841802785948,1632544.2879303903,0.023233594969300997,30.33657097272878,87711.7180875308,tabpfn_3_5,10.0,True,resolved
2025-03-10,1390785.4031775193,-0.09676976697795436,1474701.6684795094,-0.09668504592361238,38.85732173209952,87750.57540926283,tabpfn_3_5,10.0,True,resolved
2025-03-11,1469056.8200265646,0.05627857228744215,1557675.276707489,0.056264673731283965,69.64487850288504,87820.22028776581,tabpfn_3_5,10.0,True,resolved
2025-03-12,1539469.4459936996,0.04793049867592036,1632385.5585950036,0.04796268067207965,105.5667895738966,87925.78707733961,tabpfn_3_5,10.0,True,resolved
2025-03-13,1489282.4901896738,-0.032600163604826204,1579175.1223655858,-0.03259673301399213,113.17501270988946,88038.96209004946,tabpfn_3_5,10.0,True,resolved
2025-03-14,1585647.5296853413,0.06470568218618777,1681359.332475243,0.06470733274760976,65.59031929011523,88104.55240933957,tabpfn_3_5,10.0,True,resolved
2025-03-17,1627328.7516978367,0.026286561945306097,1725534.815620296,0.026273671720142833,71.71960362822486,88176.27201296773,tabpfn_3_5,10.0,True,resolved
2025-03-18,1528487.8577113103,-0.06073812306419524,1620940.0712616588,-0.06061584119416186,68.45979935142597,88244.73181231928,tabpfn_3_5,10.0,True,resolved
2025-03-19,1608130.6533506592,0.05210561224778232,1705355.9655787193,0.052078356142652105,12.004997466846488,88256.73680978599,tabpfn_3_5,10.0,True,resolved
2025-03-20,1637891.9744918372,0.018506780577292048,1736857.5860495595,0.018472167164319986,10.500439394138604,88267.23724918005,tabpfn_3_5,10.0,True,resolved
2025-03-21,1668199.5603963735,0.018504020030954305,1768977.7417568115,0.018493258149223646,11.22861171586117,88278.4658608958,tabpfn_3_5,10.0,True,resolved
2025-03-24,1769934.9323611038,0.06098513294210273,1876772.702292483,0.06093630122706806,8.215246867827378,88286.6811077637,tabpfn_3_5,10.0,True,resolved
2025-03-25,1779149.8973910003,0.005206386326080059,1886843.1573253127,0.005365836268040658,335.73034770289576,88622.41145546653,tabpfn_3_5,10.0,True,resolved
2025-03-26,1691509.6286241147,-0.04925963174626491,1794285.6129704956,-0.04905418025630792,338.2360995612508,88960.64755502783,tabpfn_3_5,10.0,True,resolved
2025-03-27,1536398.3238311824,-0.09169992423814977,1630369.3953816427,-0.09135458502478011,37.76572308647699,88998.4132781144,tabpfn_3_5,10.0,True,resolved
2025-03-28,1526117.8590387197,-0.006691275714768574,1619416.518759065,-0.006718033749654517,138.7149958453569,89137.1282739597,tabpfn_3_5,10.0,True,resolved
2025-03-31,1501181.5354955376,-0.0163397101970153,1593310.1792208808,-0.016120830704005162,278.13232592390574,89415.26059988352,tabpfn_3_5,10.0,True,resolved
2025-04-01,1555424.0131867367,0.03613319002974125,1650972.3336498896,0.03619016258165453,211.72507171053476,89626.98567159411,tabpfn_3_5,10.0,True,resolved
2025-04-02,1593435.930553804,0.024438299167819144,1691551.595008635,0.024579007492532945,235.4521828764093,89862.4378544706,tabpfn_3_5,10.0,True,resolved
2025-04-03,1462971.2742289435,-0.08187631132399342,1553490.7469002753,-0.08161787586955327,316.47836799896544,90178.91622246968,tabpfn_3_5,10.0,True,resolved
2025-04-04,1303141.3353628898,-0.10925022362472003,1384367.3681034232,-0.10886667920894211,269.80424030595606,90448.72046277569,tabpfn_3_5,10.0,True,resolved
2025-04-07,1351204.091767626,0.03688222842793354,1435600.7460975512,0.037008513184125125,258.9526553876483,90707.67311816322,tabpfn_3_5,10.0,True,resolved
2025-04-08,1347071.2034000896,-0.003058670701721944,1431364.462179876,-0.0029508788771466232,217.22002992649024,90924.89314808972,tabpfn_3_5,10.0,True,resolved
2025-04-09,1587484.5924405255,0.17847118135523776,1686932.1562906154,0.1785483018919769,148.83643008355085,91073.72957817331,tabpfn_3_5,10.0,True,resolved
2025-04-10,1509939.527337873,-0.048847759198367036,1605063.2257085638,-0.04853125259172997,547.4936561277808,91621.22323430101,tabpfn_3_5,10.0,True,resolved
2025-04-11,1485496.7302314257,-0.016187931148170853,1579860.9229139145,-0.015701750803943315,528.17738018129,92149.4006144824,tabpfn_3_5,10.0,True,resolved
2025-04-14,1471301.3471072803,-0.009555984092899261,1565203.9132601374,-0.009277405017869222,188.49310287419368,92337.89371735671,tabpfn_3_5,10.0,True,resolved
2025-04-15,1517927.878620365,0.031690674112925254,1614955.8786119693,0.03178625157421466,237.06750997692978,92574.96122733374,tabpfn_3_5,10.0,True,resolved
2025-04-16,1453973.8941255596,-0.0421324263132532,1547196.3328905709,-0.041957521328469194,108.28513554718904,92683.24636288093,tabpfn_3_5,10.0,True,resolved
2025-04-17,1481646.1967300656,0.019032186696273934,1576690.4326490206,0.01906293282336513,139.665634911477,92822.91199779243,tabpfn_3_5,10.0,True,resolved
2025-04-21,1425563.0691419502,-0.03785190264172966,1517234.5809070512,-0.03770927412940328,164.20275197149513,92987.11474976376,tabpfn_3_5,10.0,True,resolved
2025-04-22,1483770.557138696,0.04083122610056189,1579294.212735592,0.040903122437032424,129.43931890526997,93116.55406866889,tabpfn_3_5,10.0,True,resolved
2025-04-23,1558119.2639848643,0.05010795401516943,1658498.4166011044,0.05015164573313924,179.49747883039802,93296.05154749932,tabpfn_3_5,10.0,True,resolved
2025-04-24,1643100.2759962643,0.05454076204286351,1749007.058268031,0.054572642796013815,140.11402570573546,93436.16557320506,tabpfn_3_5,10.0,True,resolved
2025-04-25,1687934.8757391311,0.02728658767687331,1796851.270726554,0.027355071114407714,186.67643111752793,93622.84200432272,tabpfn_3_5,10.0,True,resolved
2025-04-28,1721011.1465954096,0.019595703206140902,1832171.449585809,0.019656706948802283,182.23480904494585,93805.07681336776,tabpfn_3_5,10.0,True,resolved
2025-04-29,1738679.3419502825,0.010266171366655641,1851094.6079763933,0.010328268347846059,140.31684246020268,93945.39365582801,tabpfn_3_5,10.0,True,resolved
2025-04-30,1695764.8750893662,-0.024682220479354755,1805848.8430752964,-0.024442707955677823,145.36214540134557,94090.75580122946,tabpfn_3_5,10.0,True,resolved
2025-05-01,1720758.0160785548,0.014738565090205435,1832410.7885472192,0.014708842090398244,90.44216214478337,94181.19796337423,tabpfn_3_5,10.0,True,resolved
2025-05-02,1823531.23589419,0.05972555051630413,1941627.0178653467,0.05960248105978283,146.37490481710816,94327.57286819145,tabpfn_3_5,10.0,True,resolved
2025-05-05,1810358.4630994904,-0.00722377140320285,1927808.1520432841,-0.007117157772791649,106.1388055390533,94433.71167373053,tabpfn_3_5,10.0,True,resolved
2025-05-06,1763598.1808230036,-0.02582929471129658,1877997.484452194,-0.025837979540804246,86.53412907951149,94520.24580281017,tabpfn_3_5,10.0,True,resolved
2025-05-07,1764693.7592113845,0.0006212176902278266,1879279.1387923113,0.0006824579642561446,94.49049758251489,94614.73630039259,tabpfn_3_5,10.0,True,resolved
2025-05-08,1911544.9385017322,0.08321623994180904,2035721.7936321497,0.08324609772467007,443.1339489085531,95057.8702493011,tabpfn_3_5,10.0,True,resolved
2025-05-09,1875947.0446444505,-0.01862257754985519,1998515.4924139148,-0.018276712139457474,516.2615173235534,95574.13176662457,tabpfn_3_5,10.0,True,resolved
2025-05-12,1947408.0816626912,0.03809331250700887,2074705.6543550468,0.03812337819263312,225.6849159690277,95799.81668259371,tabpfn_3_5,10.0,True,resolved
2025-05-13,2047102.2381346188,0.05119325395158536,2181033.463540046,0.05124958760381504,342.2944830743144,96142.11116566813,tabpfn_3_5,10.0,True,resolved
2025-05-14,2086911.8003405079,0.01944678749516915,2223787.3051177496,0.019602561030086063,294.499648480631,96436.6108141489,tabpfn_3_5,10.0,True,resolved
2025-05-15,2040159.2325928106,-0.022402752114425217,2174296.12088984,-0.02225535873597806,253.7211932755826,96690.33200742444,tabpfn_3_5,10.0,True,resolved
2025-05-16,2036067.0764933794,-0.0020058023089847277,2170347.9077200033,-0.0018158580755877063,294.2904634755171,96984.6224709001,tabpfn_3_5,10.0,True,resolved
2025-05-19,2040047.329071841,0.001954873012001368,2174616.0475863866,0.001966569438568433,198.25019715812655,97182.87266805828,tabpfn_3_5,10.0,True,resolved
2025-05-20,2012142.9611248022,-0.013678294395127799,2145182.7864891444,-0.013534923155703815,214.37901684428257,97397.25168490248,tabpfn_3_5,10.0,True,resolved
2025-05-21,1959385.1255724886,-0.026219725224107093,2089037.9784044528,-0.02617250540993732,207.6888868903764,97604.9405717928,tabpfn_3_5,10.0,True,resolved
2025-05-22,1948980.0984400748,-0.005310353231028908,2078236.585891128,-0.005170510361699909,155.001524589776,97759.94209638244,tabpfn_3_5,10.0,True,resolved
2025-05-23,1965700.9399017023,0.00857927768221467,2096205.7314338412,0.008646342608297442,128.13547645528004,97888.07757283772,tabpfn_3_5,10.0,True,resolved
2025-05-27,2050933.6382785004,0.043359951987945955,2186864.4517397224,0.0432489611808613,89.1875521854385,97977.26512502313,tabpfn_3_5,10.0,True,resolved
2025-05-28,2078072.026502684,0.013232211768179347,2215783.3477699053,0.01322390878281321,129.68070095035952,98106.94582597344,tabpfn_3_5,10.0,True,resolved
2025-05-29,2056968.8526147294,-0.01015516960856766,2193522.322689519,-0.010046571160845397,147.59765940546225,98254.54348537896,tabpfn_3_5,10.0,True,resolved
2025-05-30,2126052.604211607,0.03358522007227349,2267288.7656106944,0.03362921915958861,123.14054634643858,98377.68403172541,tabpfn_3_5,10.0,True,resolved
2025-06-02,2154300.7041833303,0.013286642068858212,2297428.582656099,0.01329332968193242,117.94165750429164,98495.6256892297,tabpfn_3_5,10.0,True,resolved
2025-06-03,2152135.87273742,-0.0010048882413242755,2295334.5599759845,-0.000911463666780743,100.40245790828982,98596.02814713796,tabpfn_3_5,10.0,True,resolved
2025-06-04,2200745.984078244,0.022586915610952607,2347026.7378767007,0.022520541799038174,68.97629891716596,98665.00444605498,tabpfn_3_5,10.0,True,resolved
2025-06-05,2143097.997175196,-0.026194748199071638,2285505.8203250268,-0.02621227809587312,54.03878396898079,98719.043230024,tabpfn_3_5,10.0,True,resolved
2025-06-06,2204147.3890327336,0.028486514353522896,2350831.047717761,0.028582393801755535,54.16132810112539,98773.2045581252,tabpfn_3_5,10.0,True,resolved
2025-06-09,2117448.645962002,-0.03933436733955353,2258950.1779231187,-0.03908442075573315,74.27768709657404,98847.48224522166,tabpfn_3_5,10.0,True,resolved
2025-06-10,2117582.3396956013,6.313906778987466e-05,2259134.916786909,8.178084917309647e-05,64.03083737101444,98911.51308259276,tabpfn_3_5,10.0,True,resolved
2025-06-11,2132213.1347129997,0.0069091976935837796,2274837.6008925173,0.006950750921924431,44.857675503714546,98956.37075809663,tabpfn_3_5,10.0,True,resolved
2025-06-12,2119397.5209086975,-0.00601047502975216,2261345.937180636,-0.005930824998930828,137.7343245791882,99094.10508267587,tabpfn_3_5,10.0,True,resolved
2025-06-13,2083555.4494019912,-0.016911443536717363,2223503.8595052045,-0.01673431607841991,120.19939053797822,99214.30447321376,tabpfn_3_5,10.0,True,resolved
2025-06-16,2138198.175413023,0.026225712412268676,2281994.9566936432,0.026305822199676587,63.57090466036591,99277.87537787418,tabpfn_3_5,10.0,True,resolved
2025-06-17,2111076.610433367,-0.012684308354354079,2253678.2645819257,-0.012408744387737536,328.8070103541581,99606.68238822845,tabpfn_3_5,10.0,True,resolved
2025-06-18,2079195.4925047169,-0.015101828977256093,2220359.428426723,-0.014784202642777688,302.55512376938265,99909.23751199771,tabpfn_3_5,10.0,True,resolved
2025-06-20,2013299.965693775,-0.03169279995483265,2150457.0245585106,-0.031482472149900076,64.54898624522927,99973.7864982428,tabpfn_3_5,10.0,True,resolved
2025-06-23,2057989.226851816,0.0221970207716371,2198125.8604025226,0.022166839559976115,93.60062129557936,100067.38711953834,tabpfn_3_5,10.0,True,resolved
2025-06-24,2123831.5154372244,0.03199350498356579,2268508.516655309,0.03201939321158709,179.0602419618404,100246.44736150003,tabpfn_3_5,10.0,True,resolved
2025-06-25,2088240.7246531222,-0.01675782213674104,2230831.3186722663,-0.01660879723678277,163.831973770738,100410.27933527062,tabpfn_3_5,10.0,True,resolved
2025-06-26,2124811.6553183035,0.01751279449415777,2269875.6013166127,0.01750212233329429,68.30229735130382,100478.58163262179,tabpfn_3_5,10.0,True,resolved
2025-06-27,2028536.3272125332,-0.04531005271210631,2167377.4036434595,-0.0451558656402582,73.25930221986458,100551.84093484178,tabpfn_3_5,10.0,True,resolved
2025-06-30,2119583.583553763,0.04488322694538116,2264669.327311179,0.044889239642420975,87.96971539491314,100639.81065023661,tabpfn_3_5,10.0,True,resolved
2025-07-01,2048921.4644067222,-0.033337736570202336,2189459.410025111,-0.0332101099171791,114.45595883154675,100754.26660906804,tabpfn_3_5,10.0,True,resolved
2025-07-02,2069926.0910405633,0.010251552828513644,2212261.704482453,0.010414577385145618,116.41761056711846,100870.68421963512,tabpfn_3_5,10.0,True,resolved
2025-07-03,2095313.4538031907,0.012264864370043815,2239407.6632701126,0.012270681507823733,120.47021059962336,100991.1544302348,tabpfn_3_5,10.0,True,resolved
2025-07-07,2126711.6407112544,0.01498495933917332,2273037.366523976,0.015017231478414939,115.42390300127289,101106.578333236,tabpfn_3_5,10.0,True,resolved
2025-07-08,2122056.8782899654,-0.0021887134730368407,2268066.751745075,-0.0021867721367476722,79.21458483714936,101185.7929180732,tabpfn_3_5,10.0,True,resolved
2025-07-09,2168979.3298681984,0.022111778462811538,2318237.1123720948,0.02212031924916591,65.35149784749805,101251.14441592061,tabpfn_3_5,10.0,True,resolved
2025-07-10,2153026.5184042593,-0.007354985473701281,2301453.1692440007,-0.0072399596393831755,59.395084368847876,101310.53950028933,tabpfn_3_5,10.0,True,resolved
2025-07-11,2114162.528028777,-0.01805086469826067,2260133.296332308,-0.01795381868459467,42.20172812178271,101352.74122841103,tabpfn_3_5,10.0,True,resolved
2025-07-14,2212177.7314352444,0.046361243332534,2364586.0570331435,0.046215309898021806,33.260580199642625,101386.00180861063,tabpfn_3_5,10.0,True,resolved
2025-07-15,2197699.492341521,-0.006544790180276316,2349156.3171379324,-0.006525345038433827,33.278926254561746,101419.28073486505,tabpfn_3_5,10.0,True,resolved
2025-07-16,2222818.3475801456,0.011429613250655057,2376074.0776222977,0.01145847991808413,23.87209647744375,101443.15283134252,tabpfn_3_5,10.0,True,resolved
2025-07-17,2265330.8172149337,0.01912548080281451,2421429.0839878754,0.019088212271127336,20.147046022245718,101463.29987736484,tabpfn_3_5,10.0,True,resolved
2025-07-18,2275490.6916901846,0.0044849407415654685,2432429.458833958,0.004542926703418493,16.209972616165626,101479.50984998085,tabpfn_3_5,10.0,True,resolved
2025-07-21,2260377.376145074,-0.006641783066967721,2416163.9115792806,-0.0066869553793657,81.80083349543614,101561.31068347623,tabpfn_3_5,10.0,True,resolved
2025-07-22,2193293.800355811,-0.02967804247964545,2344778.13488471,-0.02954508853992055,78.66443808217639,101639.97512155845,tabpfn_3_5,10.0,True,resolved
2025-07-23,2259691.984122546,0.030273273811270984,2415630.0350299226,0.030216888792634622,32.05098575022734,101672.02610730872,tabpfn_3_5,10.0,True,resolved
2025-07-24,2251879.126016899,-0.003457488082686977,2408534.577139799,-0.0029373115035125075,1205.2305462974762,102877.2566536063,tabpfn_3_5,10.0,True,resolved
2025-07-25,2281381.714396353,0.013101319710546733,2441445.267113277,0.013664196597318767,1210.6205079041843,104087.8771615104,tabpfn_3_5,10.0,True,resolved
2025-07-28,2279283.1896759304,-0.000919848137284518,2439717.838313957,-0.0007075435286585385,451.56896650300035,104539.44612801347,tabpfn_3_5,10.0,True,resolved
2025-07-29,2260872.99934726,-0.00807718427094084,2420715.985548929,-0.00778854524347794,727.6137679799715,105267.05989599349,tabpfn_3_5,10.0,True,resolved
2025-07-30,2286665.489281716,0.011408199373384553,2449656.7052817624,0.01195543793885867,1238.182485701108,106505.24238169471,tabpfn_3_5,10.0,True,resolved
2025-07-31,2306445.0153531404,0.00864994296898125,2472328.0923739215,0.00925492418724505,1329.1298410223287,107834.37222271704,tabpfn_3_5,10.0,True,resolved
2025-08-01,2270034.112796567,-0.015786590321555383,2434374.983774578,-0.015351161812387493,1032.0797339784697,108866.45195669543,tabpfn_3_5,10.0,True,resolved
2025-08-04,2309458.4368331693,0.017367282638776516,2477585.626073706,0.01775019977905301,802.6281566449062,109669.08011334047,tabpfn_3_5,10.0,True,resolved
2025-08-05,2307810.782898044,-0.0007134373621308088,2476780.419125261,-0.0003249966176632757,921.4068923573495,110590.48700569787,tabpfn_3_5,10.0,True,resolved
2025-08-06,2301319.3739461773,-0.002812799472110661,2471050.4326246064,-0.0023134818316586925,1137.0864129151162,111727.57341861307,tabpfn_3_5,10.0,True,resolved
2025-08-07,2309963.568876951,0.003756190917539204,2481029.345208931,0.004038328175166139,565.6632834823313,112293.23670209548,tabpfn_3_5,10.0,True,resolved
2025-08-08,2326246.704771824,0.00704908774937496,2499136.416456653,0.007298209222187602,556.727665619598,112849.96436771505,tabpfn_3_5,10.0,True,resolved
2025-08-11,2328690.5550316544,0.0010505550657275986,2502607.286534085,0.0013888277784985803,809.7623243267132,113659.72669204175,tabpfn_3_5,10.0,True,resolved
2025-08-12,2377500.294159432,0.02096016536946621,2555658.929377056,0.021198548860793753,626.2410971618614,114285.96778920354,tabpfn_3_5,10.0,True,resolved
2025-08-13,2383802.9596226746,0.0026509630634854453,2563190.344037604,0.0029469560957351426,800.2530372551104,115086.22082645865,tabpfn_3_5,10.0,True,resolved
2025-08-14,2398250.1137193386,0.006060548770755236,2579643.980231509,0.006419201848266498,871.9778691016452,115958.19869556029,tabpfn_3_5,10.0,True,resolved
2025-08-15,2412367.648127343,0.0058865980354776415,2595389.577851113,0.006103787088554302,510.9635338819315,116469.16222944215,tabpfn_3_5,10.0,True,resolved
2025-08-18,2439926.830939879,0.011424122203731901,2625422.2021892746,0.011571528449701107,381.6814117141212,116850.84364115621,tabpfn_3_5,10.0,True,resolved
2025-08-19,2335219.2212366564,-0.04291424167948865,2513256.551315542,-0.04272290025589054,396.0423138012681,117246.88595495737,tabpfn_3_5,10.0,True,resolved
2025-08-20,2334879.40910785,-0.00014551615784774707,2513178.1632567127,-3.118983566885447e-05,308.18012473428394,117555.06607969177,tabpfn_3_5,10.0,True,resolved
2025-08-21,2342522.001994342,0.0032732280976397465,2521578.0320457094,0.003342329211595496,165.2271074172764,117720.29318710891,tabpfn_3_5,10.0,True,resolved
2025-08-22,2422373.1165502747,0.03408766896872262,2607907.599625972,0.03423632601614357,457.30636846359204,118177.59955557247,tabpfn_3_5,10.0,True,resolved
2025-08-25,2424026.0792263,0.0006823732746752409,2610385.2277731886,0.0009500444523309337,672.3746347548972,118849.97419032744,tabpfn_3_5,10.0,True,resolved
2025-08-26,2447355.1995100076,0.009624120995906704,2636020.9842977803,0.009820679435295743,486.47964670300763,119336.45383703038,tabpfn_3_5,10.0,True,resolved
2025-08-27,2421168.741566615,-0.010699900835250742,2608302.8507369515,-0.010515141467363098,484.9504633390366,119821.40430036941,tabpfn_3_5,10.0,True,resolved
2025-08-28,2494039.4454109417,0.03009732555739819,2687282.7765609715,0.030280197639513062,580.9743736648404,120402.37867403413,tabpfn_3_5,10.0,True,resolved
2025-08-29,2458851.633889248,-0.014108763029566207,2650956.1046325723,-0.01351799380595442,1405.4254875204947,121807.80416155473,tabpfn_3_5,10.0,True,resolved
2025-09-02,2446074.416152931,-0.005196416717550001,2638588.9019211708,-0.00466518577572439,1221.1917295405965,123028.99589109533,tabpfn_3_5,10.0,True,resolved
2025-09-03,2453350.5459258542,0.002974615050496787,2646792.691693124,0.0031091579919781953,391.90668722914853,123420.90257832449,tabpfn_3_5,10.0,True,resolved
2025-09-04,2506230.1188732227,0.021554022532647377,2704253.5935690217,0.021709634478074946,476.4372932577418,123897.33987158212,tabpfn_3_5,10.0,True,resolved
2025-09-05,2528521.332336838,0.00889432031629922,2729138.1981494185,0.009202023301207785,895.7171237266879,124793.05699530873,tabpfn_3_5,10.0,True,resolved
2025-09-08,2506221.54021193,-0.00881930155768107,2706428.5608740966,-0.00832117526724041,1016.7376408566466,125809.79463616533,tabpfn_3_5,10.0,True,resolved
2025-09-09,2538272.885534033,0.01278871193461728,2741710.0763761797,0.01303618946834062,689.896836076707,126499.69147224208,tabpfn_3_5,10.0,True,resolved
2025-09-10,2650510.84491277,0.044218239897844125,2863173.182133848,0.04430195110863444,733.6991082190705,127233.39058046105,tabpfn_3_5,10.0,True,resolved
2025-09-11,2725172.8661623234,0.02816891747221284,2944410.355759359,0.028373126059027642,772.4900702196865,128005.88065068085,tabpfn_3_5,10.0,True,resolved
2025-09-12,2708973.0418385947,-0.005944512557304993,2927887.77874454,-0.00561150621634654,936.9179628622609,128942.79861354314,tabpfn_3_5,10.0,True,resolved
2025-09-15,2703498.790712016,-0.002020784644967577,2922875.336733368,-0.001711965208352817,805.3583324798228,129748.15694602305,tabpfn_3_5,10.0,True,resolved
2025-09-16,2792960.4705805723,0.03309107449054749,3019623.784048742,0.03310043575909094,505.2230348294383,130253.3799808525,tabpfn_3_5,10.0,True,resolved
2025-09-17,2893685.3526029843,0.03606384088976178,3128326.735390779,0.03599883929788339,299.4202733194235,130552.8002541719,tabpfn_3_5,10.0,True,resolved
2025-09-18,2930151.64364834,0.012602023579568744,3167985.592028463,0.012677338395961968,254.56007447356066,130807.36032864534,tabpfn_3_5,10.0,True,resolved
2025-09-19,3005751.156031124,0.02580054603885773,3250187.3645636924,0.025947647218494962,670.2372917525967,131477.59762039775,tabpfn_3_5,10.0,True,resolved
2025-09-22,3035454.936419165,0.00988231521709304,3282932.460049002,0.01007483317495006,641.1058957630999,132118.70351616063,tabpfn_3_5,10.0,True,resolved
2025-09-23,2879779.5698966756,-0.05128567868187006,3115597.4810303613,-0.05097119147438778,340.9632196175563,132459.6667357784,tabpfn_3_5,10.0,True,resolved
2025-09-24,2724612.0602382277,-0.053881731532672505,2948793.3745797426,-0.0535384007293056,395.97217412150064,132855.63890989972,tabpfn_3_5,10.0,True,resolved
2025-09-25,2708649.362739138,-0.005858704705907436,2931760.571174989,-0.005776194273761526,225.8118488839142,133081.4507587836,tabpfn_3_5,10.0,True,resolved
2025-09-26,2740368.509865907,0.011710318641868334,2966365.5148257,0.011803468533872152,371.6090468194882,133453.059805603,tabpfn_3_5,10.0,True,resolved
2025-09-29,2797497.4778747116,0.02084718453125123,3028302.6803464866,0.020879815791826406,363.407540260723,133816.4673458635,tabpfn_3_5,10.0,True,resolved
2025-09-30,3005284.5748714786,0.07427606231646178,3252540.477712106,0.07404735293499876,250.91269747151173,134067.38004333523,tabpfn_3_5,10.0,True,resolved
2025-10-01,3121335.793325517,0.038615716935558764,3377984.467004446,0.03856800250510006,295.47041521405805,134362.85045854904,tabpfn_3_5,10.0,True,resolved
2025-10-02,3079266.0771055687,-0.013478112899582118,3332841.18101935,-0.013363970860744812,188.04280475322685,134550.89326330237,tabpfn_3_5,10.0,True,resolved
2025-10-03,3102095.97546652,0.007414071336898198,3357480.5375336674,0.007392898483923993,159.14821474403865,134710.0414780465,tabpfn_3_5,10.0,True,resolved
2025-10-06,3034561.2839091425,-0.021770664767140624,3284785.135679887,-0.021651771630873173,146.7009058774515,134856.74238392388,tabpfn_3_5,10.0,True,resolved
2025-10-07,2998157.4917404023,-0.011996393798923255,3245546.757645089,-0.01194549305785153,154.8308495106486,135011.5732334343,tabpfn_3_5,10.0,True,resolved
2025-10-08,3036094.84517751,0.012653555906126046,3286667.446543619,0.012669880291099611,147.68399527851918,135159.2572287127,tabpfn_3_5,10.0,True,resolved
2025-10-09,3022965.4971674564,-0.004324419584884831,3272854.847157888,-0.004202615448744784,283.27837128052244,135442.53559999316,tabpfn_3_5,10.0,True,resolved
2025-10-10,2980799.17006254,-0.013948663041118525,3227415.353272586,-0.013883748594827328,442.09210788436224,135884.62770787743,tabpfn_3_5,10.0,True,resolved
2025-10-13,3428568.832935759,0.15021799099059208,3710663.3510524756,0.1497321989529108,293.8876135076346,136178.5153213852,tabpfn_3_5,10.0,True,resolved
2025-10-14,3494846.673701325,0.01933105152473047,3782502.9569101627,0.019360313523809847,470.9957931487777,136649.51111453382,tabpfn_3_5,10.0,True,resolved
2025-10-15,3549483.27816897,0.015633476821396597,3842028.515928166,0.015737081952376997,480.001506121429,137129.51262065527,tabpfn_3_5,10.0,True,resolved
2025-10-16,3506977.082575879,-0.011975319296339326,3796372.644593033,-0.01188327237704101,247.95577484749202,137377.4683955025,tabpfn_3_5,10.0,True,resolved
2025-10-17,3437668.9070157013,-0.019762939400011947,3721926.315583532,-0.01960985814064664,284.24655679825094,137661.71495230083,tabpfn_3_5,10.0,True,resolved
2025-10-20,3407540.286405479,-0.008764258986295848,3689738.7272871737,-0.008648099281705401,149.3162699603034,137811.0312222611,tabpfn_3_5,10.0,True,resolved
2025-10-21,3340521.241470127,-0.019667865763092318,3617775.2044188213,-0.019503690691200393,83.31575389402511,137894.3469761551,tabpfn_3_5,10.0,True,resolved
2025-10-22,3137036.9984932058,-0.06091391979515448,3398577.310407347,-0.060589141565164595,370.1055180147441,138264.45249416993,tabpfn_3_5,10.0,True,resolved
2025-10-23,3295909.9376077093,0.050644266927936776,3570632.4011316765,0.050625622138255055,359.05885957376023,138623.51135374358,tabpfn_3_5,10.0,True,resolved
2025-10-24,3506418.200929735,0.06386954355761909,3798887.92127629,0.06392579647019114,654.8330541428165,139278.3444078866,tabpfn_3_5,10.0,True,resolved
2025-10-27,3492151.089635257,-0.004068856159454848,3784700.4430163824,-0.003734639861431077,836.1106921271438,140114.45510001382,tabpfn_3_5,10.0,True,resolved
2025-10-28,3566081.508768876,0.021170452605285384,3864661.137122899,0.02112735084597306,392.3901471752328,140506.84524718917,tabpfn_3_5,10.0,True,resolved
2025-10-29,3997001.4856387298,0.12083851022760861,4330212.185453556,0.1204636142244655,213.83244112256062,140720.67768831167,tabpfn_3_5,10.0,True,resolved
2025-10-30,3842212.110557641,-0.03872637416754754,4162769.906344725,-0.03866837742300899,78.62659297208319,140799.30428128364,tabpfn_3_5,10.0,True,resolved
2025-10-31,3958652.0537542775,0.030305443803241072,4288930.68366712,0.030306930279789368,115.01624308202682,140914.3205243656,tabpfn_3_5,10.0,True,resolved
2025-11-03,4161316.848871523,0.05119540499272812,4507745.020192009,0.05101838958558291,99.0091436731667,141013.32966803893,tabpfn_3_5,10.0,True,resolved
2025-11-04,3840350.7800336075,-0.0771308892099759,4160821.0123465853,-0.0769617638733805,147.37570618853843,141160.7053742274,tabpfn_3_5,10.0,True,resolved
2025-11-05,4140775.860253162,0.07822855187643185,4485872.9632055275,0.07812207011414363,120.60901553828856,141281.31438976555,tabpfn_3_5,10.0,True,resolved
2025-11-06,4028795.858078161,-0.027043241642196736,4364803.281918189,-0.026989101626459067,47.45513274507017,141328.7695225107,tabpfn_3_5,10.0,True,resolved
2025-11-07,4012209.6947026453,-0.004116903402354932,4347158.183433491,-0.00404258733899765,43.15921928612474,141371.92874179705,tabpfn_3_5,10.0,True,resolved
2025-11-10,4157597.863022184,0.03623643313346658,4505059.013559864,0.03632277075357293,133.6645884511796,141505.593330248,tabpfn_3_5,10.0,True,resolved
2025-11-11,3888688.7998710517,-0.06467894972306454,4214781.7064915495,-0.06443363032417626,252.67847246060586,141758.2718027088,tabpfn_3_5,10.0,True,resolved
2025-11-12,3867283.3167231027,-0.0055045503123466455,4191646.7012118404,-0.005489016250610823,132.93574506211291,141891.20754777108,tabpfn_3_5,10.0,True,resolved
2025-11-13,3337622.4096632153,-0.13695942698832042,3619168.17557608,-0.13657604431934878,46.4847472065962,141937.6922949775,tabpfn_3_5,10.0,True,resolved
2025-11-14,3513772.373021155,0.052777079530609505,3809532.962768281,0.052599044298873965,116.81289121388403,142054.50518619144,tabpfn_3_5,10.0,True,resolved
2025-11-17,3414672.381506898,-0.028203304310532418,3702653.4067516266,-0.02805581604391416,112.89262895259343,142167.3978151439,tabpfn_3_5,10.0,True,resolved
2025-11-18,3352459.9853105866,-0.018219140592590888,3635285.3680561734,-0.018194530055827163,37.31143158603495,142204.70924672973,tabpfn_3_5,10.0,True,resolved
2025-11-19,3454162.4724375624,0.03033667443387955,3745392.709009824,0.03028850002290917,30.872864052809113,142235.58211078256,tabpfn_3_5,10.0,True,resolved
2025-11-20,3067876.3539319085,-0.11183206394835743,3327547.559062725,-0.11156244015265504,97.53035323590515,142333.11246401852,tabpfn_3_5,10.0,True,resolved
2025-11-21,3025268.384374521,-0.013888424643574426,3282086.493320984,-0.01366203335484295,163.83271079391636,142496.94517481263,tabpfn_3_5,10.0,True,resolved
2025-11-24,3232798.572418618,0.06859893459898903,3507515.2245675237,0.06868457967371833,119.52646145686981,142616.47163626927,tabpfn_3_5,10.0,True,resolved
2025-11-25,3236860.844015664,0.0012565804846933482,3512566.413107417,0.0014401045231431375,267.0012306885379,142883.4728669576,tabpfn_3_5,10.0,True,resolved
2025-11-26,3392662.313799674,0.048133508758047894,3681290.8892597654,0.04803452983059331,246.7416179945182,143130.21448495207,tabpfn_3_5,10.0,True,resolved
2025-11-28,3594311.9234709637,0.059436982234005065,3899589.793949245,0.0592995531340299,95.76764888382334,143225.98213383608,tabpfn_3_5,10.0,True,resolved
2025-12-01,3380187.3819692084,-0.05957316617500996,3668911.1945611495,-0.059154580757705744,508.85256902397253,143734.83470286024,tabpfn_3_5,10.0,True,resolved
2025-12-02,3480448.4097487703,0.029661381589192404,3777327.4898242624,0.029549991677048748,452.745946052485,144187.5806489125,tabpfn_3_5,10.0,True,resolved
2025-12-03,3422980.93762724,-0.016511513849928994,3715392.778791484,-0.01639643668694979,177.3219258367921,144364.9025747493,tabpfn_3_5,10.0,True,resolved
2025-12-04,3762875.639364093,0.0992978657872583,4083050.9181231153,0.0989553894356281,361.93511639915664,144726.83769114822,tabpfn_3_5,10.0,True,resolved
2025-12-05,3810926.2421973525,0.012769649448574283,4136162.2261013216,0.013007750587303635,790.4446837397146,145517.28237488805,tabpfn_3_5,10.0,True,resolved
2025-12-08,3679730.550846246,-0.03442619536909741,3995474.221056867,-0.03401414097267286,625.6454627915192,146142.9278376797,tabpfn_3_5,10.0,True,resolved
2025-12-09,3660519.2130123917,-0.005220854507794415,3975496.4570212374,-0.005000098343856951,314.160906082338,146457.0887437623,tabpfn_3_5,10.0,True,resolved
2025-12-10,3522623.036594367,-0.03767120684077607,3827598.015444962,-0.0372025087118536,492.2624256325029,146949.35116939465,tabpfn_3_5,10.0,True,resolved
2025-12-11,3683448.031333995,0.04565489780453813,4001883.2845552973,0.045533848749807815,526.8091927584453,147476.16036215337,tabpfn_3_5,10.0,True,resolved
2025-12-12,3314495.513302027,-0.10016498533260121,3602782.28677095,-0.09972829525654114,498.11218009141874,147974.2725422446,tabpfn_3_5,10.0,True,resolved
2025-12-15,3209537.6263210843,-0.03166632344491527,3489900.6479736655,-0.03133179576567102,367.05860990135585,148341.331152146,tabpfn_3_5,10.0,True,resolved
2025-12-16,3136551.3432711805,-0.022740435398342362,3410843.8048147447,-0.022653035468165328,240.30288859519055,148581.63404074096,tabpfn_3_5,10.0,True,resolved
2025-12-17,2901858.5455018277,-0.07482510951808186,3157229.651141362,-0.07435525288944089,144.86626921189733,148726.50030995288,tabpfn_3_5,10.0,True,resolved
2025-12-18,3020264.5844942806,0.04080351855054887,3286148.1987309423,0.04083280655335786,186.2345249875584,148912.73483494064,tabpfn_3_5,10.0,True,resolved
2025-12-19,3273627.072809914,0.0838875142318225,3561354.746739029,0.08374745488178736,317.92963925671313,149230.6644741971,tabpfn_3_5,10.0,True,resolved
2025-12-22,3384702.1805037325,0.03393028748338067,3682387.706739148,0.033985089553615344,391.91790981409997,149622.58238401136,tabpfn_3_5,10.0,True,resolved
2025-12-23,3361477.460644835,-0.006861673086830056,3657547.009087291,-0.006745812671054674,312.3768947987456,149934.95927881,tabpfn_3_5,10.0,True,resolved
2025-12-24,3393997.5277968394,0.009674337410480849,3693264.5768277165,0.009765443246986028,194.41594938530676,150129.37522819548,tabpfn_3_5,10.0,True,resolved
2025-12-26,3348341.0799492477,-0.013452115823204158,3644168.352351103,-0.013293449049021078,352.09170093616166,150481.46692913157,tabpfn_3_5,10.0,True,resolved
2025-12-29,3292864.45532785,-0.016568391121683068,3584392.970128367,-0.016403024350993722,389.9234879990129,150871.3904171304,tabpfn_3_5,10.0,True,resolved
2025-12-30,3262252.590821588,-0.009296424107810397,3551538.7821398014,-0.009165900129356919,307.0002953733541,151178.39071250366,tabpfn_3_5,10.0,True,resolved
2025-12-31,3237761.286256601,-0.007507482600793591,3525086.8402554537,-0.007448022816862077,289.765721752126,151468.15643425588,tabpfn_3_5,10.0,True,resolved
