Date,eligible_count,effective_entry_k,gross_nav,gross_free_cash,gross_margin_debt,gross_long_value,gross_short_liability,gross_short_collateral,gross_short_proceeds,gross_long_count,gross_short_count,gross_gross_exposure,gross_net_exposure,gross_borrow_cost,gross_status,gross_performance_valid,gross_return,gross_turnover,gross_transaction_cost,gross_cumulative_transaction_cost,gross_planned_entry_budget,gross_planned_exit_count,net_nav,net_free_cash,net_margin_debt,net_long_value,net_short_liability,net_short_collateral,net_short_proceeds,net_long_count,net_short_count,net_gross_exposure,net_net_exposure,net_borrow_cost,net_status,net_performance_valid,net_return,net_turnover,net_transaction_cost,net_cumulative_transaction_cost,net_planned_entry_budget,net_planned_exit_count
2024-01-02,492,20,1000000.0,1000000.0,0.0,0.0,0.0,0.0,0.0,0,0,0.0,0.0,0.0,resolved,True,,0.0,0.0,0.0,1000000.0,0,1000000.0,1000000.0,0.0,0.0,0.0,0.0,0.0,0,0,0.0,0.0,0.0,resolved,True,,0.0,0.0,0.0,1000000.0,0
2024-01-03,492,20,998620.2145163562,0.0,0.0,998620.2145163562,0.0,0.0,0.0,20,0,1.0,1.0,0.0,resolved,True,-0.001379785483643814,1.0,0.0,0.0,0.0,1,997622.5919244319,0.0,0.0,997622.5919244319,0.0,0.0,0.0,20,0,1.0,1.0,0.0,resolved,True,-0.002377408075568188,0.9990009990009991,999.0009990009996,999.0009990009996,0.0,1
2024-01-04,492,20,996799.1948061632,50093.79896204315,0.0,946705.3958441201,0.0,0.0,0.0,19,0,0.949745345679393,0.949745345679393,0.0,resolved,True,-0.0018235357984166534,0.05016301315941634,0.0,0.0,50093.79896204315,6,995753.347659542,49993.71145162948,0.0,945759.6362079125,0.0,0.0,0.0,19,0,0.9497930772021639,0.9497930772021639,0.0,resolved,True,-0.0018736988115757303,0.05016301315941635,50.04375520683632,1049.044754207836,49993.71145162948,6
2024-01-05,492,20,998783.3520861752,304370.4679591513,0.0,694412.8841270239,0.0,0.0,0.0,27,0,0.6952587692582103,0.6952587692582103,0.0,resolved,True,0.0019905285742107814,0.3556024811899289,0.0,0.0,304370.4679591513,11,997381.5020320178,303762.33515603625,0.0,693619.1668759815,0.0,0.0,0.0,27,0,0.6954401755625452,0.6954401755625452,0.0,resolved,True,0.0016350980655026603,0.35551993882181726,354.0101692415395,1403.0549234493744,303762.33515603625,11
2024-01-08,492,20,1017624.1900478634,176129.67164093303,0.0,841494.5184069304,0.0,0.0,0.0,31,0,0.8269207106479566,0.8269207106479566,0.0,resolved,True,0.018863788550675276,0.4810854512106709,0.0,0.0,176129.67164093303,23,1015717.7436808932,175732.180459361,0.0,839985.5632215323,0.0,0.0,0.0,31,0,0.8269871905333471,0.8269871905333471,0.0,resolved,True,0.018384381113463633,0.4806254816747912,479.36696482766536,1882.4218882770385,175732.180459361,23
2024-01-09,492,20,1011565.9789643523,693144.9081455147,0.0,318421.0708188376,0.0,0.0,0.0,27,0,0.3147803281648906,0.3147803281648906,0.0,resolved,True,-0.005953289183530663,0.8542196503264763,0.0,0.0,693144.9081455147,12,1008803.1700436964,691283.2951038918,0.0,317519.87493980466,0.0,0.0,0.0,27,0,0.3147490852215019,0.3147490852215019,0.0,resolved,True,-0.006807573934997757,0.8541072552950744,867.5318942097922,2749.953782486832,691283.2951038918,12
2024-01-10,492,20,1014445.1232228428,118381.11679458711,0.0,896064.0064282557,0.0,0.0,0.0,31,0,0.8833045631699662,0.8833045631699662,0.0,resolved,True,0.0028462248813845292,0.8022472501209932,0.0,0.0,118381.11679458711,16,1010866.087841718,117885.8305875611,0.0,892980.2572541569,0.0,0.0,0.0,31,0,0.8833813578223234,0.8833813578223234,0.0,resolved,True,0.002044916054270818,0.8015404400329633,808.5965368234731,3558.5503193103054,117885.8305875611,16
2024-01-11,492,20,1012659.7625755606,498486.231624015,0.0,514173.5309515456,0.0,0.0,0.0,29,0,0.5077455923041871,0.5077455923041871,0.0,resolved,True,-0.0017599381242133783,0.6080835072269316,0.0,0.0,498486.231624015,18,1008472.6262498327,496324.61180608394,0.0,512148.01444374875,0.0,0.0,0.0,29,0,0.5078452316036116,0.5078452316036116,0.0,resolved,True,-0.0023677335907029695,0.6079830980150472,614.5894957643586,4173.13981507466,496324.61180608394,18
2024-01-12,492,20,1011206.1123904381,287561.3484181081,0.0,723644.76397233,0.0,0.0,0.0,25,0,0.715625385473266,0.715625385473266,0.0,resolved,True,-0.0014354773822802258,0.7762208088953,0.0,0.0,287561.3484181081,12,1006243.873441208,286130.7973361842,0.0,720113.0761050239,0.0,0.0,0.0,25,0,0.7156446812861992,0.7156446812861992,0.0,resolved,True,-0.002210028066812919,0.7756740016659684,782.2459975737968,4955.385812648457,286130.7973361842,12
2024-01-16,492,20,1011134.9694858422,348947.76220088726,0.0,662187.207284955,0.0,0.0,0.0,28,0,0.6548949717579982,0.6548949717579982,0.0,resolved,True,-7.035450411563282e-05,0.6294553630756067,0.0,0.0,348947.7622008872,13,1005538.4137433136,346928.4806515524,0.0,658609.9330917612,0.0,0.0,0.0,28,0,0.6549823697336005,0.6549823697336005,0.0,resolved,True,-0.000701082229183525,0.6291921128688021,633.1207087917606,5588.506521440213,346928.4806515524,13
2024-01-17,492,20,1008399.9239099834,248745.02534961828,0.0,759654.8985603651,0.0,0.0,0.0,31,0,0.7533270090053845,0.7533270090053845,0.0,resolved,True,-0.0027049263040023197,0.5911107869747892,0.0,0.0,248745.02534961828,19,1002222.4438408364,247080.76918274385,0.0,755141.6746580926,0.0,0.0,0.0,31,0,0.7534671362618348,0.7534671362618348,0.0,resolved,True,-0.0032977058431142847,0.5906387940186966,593.9099960328234,6182.416517473029,247080.76918274385,19
2024-01-18,492,20,1011466.4431906717,419093.0425457114,0.0,592373.4006449603,0.0,0.0,0.0,28,0,0.5856579866123072,0.5856579866123072,0.0,resolved,True,0.003040975319393402,0.6622750082188074,0.0,0.0,419093.0425457114,22,1004603.2175805124,416165.1762974018,0.0,588438.0412831106,0.0,0.0,0.0,28,0,0.5857417445867887,0.5857417445867887,0.0,resolved,True,0.0023754943369178605,0.661944558695506,663.4156933029534,6845.8322107759905,416165.1762974018,22
2024-01-19,492,20,1026456.7960749441,428948.28409882734,0.0,597508.5119761168,0.0,0.0,0.0,23,0,0.5821078044988571,0.5821078044988571,0.0,resolved,True,0.014820415432651668,0.8384275448322264,0.0,0.0,428948.28409882734,17,1018638.9021205064,425600.11930824904,0.0,593038.7828122573,0.0,0.0,0.0,23,0,0.5821874479540543,0.5821874479540543,0.0,resolved,True,0.013971371278102662,0.8379184513778176,841.7755723242354,7687.607783100227,425600.11930824904,17
2024-01-22,492,20,1031914.7383895004,377860.6468438667,0.0,654054.0915456337,0.0,0.0,0.0,22,0,0.6338257098318121,0.6338257098318121,0.0,resolved,True,0.005317264531178312,0.7860135312346714,0.0,0.0,377860.6468438667,11,1023248.7018905646,374487.56050657574,0.0,648761.1413839889,0.0,0.0,0.0,22,0,0.6340209767042276,0.6340209767042276,0.0,resolved,True,0.0045254503440443905,0.7853984033281558,800.0373672933907,8487.645150393624,374487.56050657574,11
2024-01-23,492,20,1033543.813676931,272479.5292222572,0.0,761064.2844546738,0.0,0.0,0.0,29,0,0.7363638332342339,0.7363638332342339,0.0,resolved,True,0.0015786917531317446,0.6302266571762546,0.0,0.0,272479.5292222572,15,1024219.6942663881,269862.296401088,0.0,754357.3978653001,0.0,0.0,0.0,29,0,0.736519129722085,0.736519129722085,0.0,resolved,True,0.0009489309627555009,0.629608300210026,644.245875889434,9131.891026283041,269862.296401088,15
2024-01-24,492,20,1035051.452068847,343869.0778642087,0.0,691182.3742046383,0.0,0.0,0.0,28,0,0.66777586063293,0.66777586063293,0.0,resolved,True,0.0014587077702612472,0.5963449240663986,0.0,0.0,343869.0778642087,11,1025103.816203139,340306.9269359298,0.0,684796.8892672092,0.0,0.0,0.0,28,0,0.6680268656140744,0.6680268656140744,0.0,resolved,True,0.0008632151302110369,0.5958099435345495,610.2402782078303,9742.13130449086,340306.9269359298,11
2024-01-25,492,20,1021408.0479051496,237739.89518725377,0.0,783668.1527178959,0.0,0.0,0.0,29,0,0.7672429782839044,0.7672429782839044,0.0,resolved,True,-0.013181377733857746,0.5619131028597182,0.0,0.0,237739.89518725377,19,1010951.8526607393,235172.33354798076,0.0,775779.5191127586,0.0,0.0,0.0,29,0,0.7673753374811796,0.7673753374811796,0.0,resolved,True,-0.013805395432841983,0.5612843227882448,575.3747012652237,10317.506005756068,235172.33354798076,19
2024-01-26,492,20,1023705.9179752779,557970.9811182071,0.0,465734.93685707083,0.0,0.0,0.0,24,0,0.45494993110738097,0.45494993110738097,0.0,resolved,True,0.002249708209016932,0.7790332942230265,0.0,0.0,557970.9811182071,12,1012444.3564459014,551966.0030448104,0.0,460478.35340109107,0.0,0.0,0.0,24,0,0.4548184307309101,0.4548184307309101,0.0,resolved,True,0.001476335179795063,0.7789252432207211,787.4559177182057,11104.961923474282,551966.0030448104,12
2024-01-29,492,20,1030996.8677179553,284015.4831135034,0.0,746981.384604452,0.0,0.0,0.0,27,0,0.7245234277557475,0.7245234277557475,0.0,resolved,True,0.007122113504137717,0.8224886165521256,0.0,0.0,284015.4831135034,22,1018818.4813478086,280566.85439848836,0.0,738251.6269493202,0.0,0.0,0.0,27,0,0.7246154643491324,0.7246154643491324,0.0,resolved,True,0.0062957779964154525,0.8220326235789671,832.2622905569438,11937.224214031223,280566.85439848836,22
2024-01-30,492,20,1031304.9532161122,595740.5266884365,0.0,435564.4265276757,0.0,0.0,0.0,22,0,0.4223429987118487,0.4223429987118487,0.0,resolved,True,0.0002988229235254547,0.8533061906863247,0.0,0.0,595740.5266884365,14,1018251.9635295237,588199.4936380335,0.0,430052.4698914902,0.0,0.0,0.0,22,0,0.42234386506932675,0.42234386506932675,0.0,resolved,True,-0.000556053731510131,0.8530222661458791,869.0748497506113,12806.299063781842,588199.4936380335,14
2024-01-31,492,20,1021857.4548712056,253009.34949800198,0.0,768848.1053732036,0.0,0.0,0.0,26,0,0.7524025016484407,0.7524025016484407,0.0,resolved,True,-0.009160722360000983,0.8229863277002812,0.0,0.0,253009.34949800198,9,1008091.0878504654,249530.87066001596,0.0,758560.2171904495,0.0,0.0,0.0,26,0,0.7524719009349778,0.7524719009349778,0.0,resolved,True,-0.009978744007365314,0.8223824387875333,837.3925330676038,13643.691596849443,249530.87066001596,9
2024-02-01,492,20,1031581.4955531394,237080.35893429915,0.0,794501.1366188403,0.0,0.0,0.0,28,0,0.7701777707759527,0.7701777707759527,0.0,resolved,True,0.009516044175808647,0.4796067260614846,0.0,0.0,237080.35893429915,19,1017198.2667706175,233626.27809575736,0.0,783571.9886748601,0.0,0.0,0.0,28,0,0.7703237552326255,0.7703237552326255,0.0,resolved,True,0.009034083358053557,0.4792639604969933,483.1417273049363,14126.833324154393,233626.27809575736,19
2024-02-02,492,20,1052375.174343313,564201.7643275415,0.0,488173.4100157715,0.0,0.0,0.0,24,0,0.46387773288209116,0.46387773288209116,0.0,resolved,True,0.020157087811103036,0.7767511599577411,0.0,0.0,564201.7643275415,14,1036911.7218762559,555838.3074635492,0.0,481073.4144127068,0.0,0.0,0.0,24,0,0.4639482843748946,0.4639482843748946,0.0,resolved,True,0.019380150113924577,0.7764342637779605,789.7875873762616,14916.620911530666,555838.3074635492,14
2024-02-05,492,20,1048219.9161710419,269811.1879354031,0.0,778408.7282356388,0.0,0.0,0.0,26,0,0.742600590035558,0.742600590035558,0.0,resolved,True,-0.003948457046094922,0.792505346568416,0.0,0.0,269811.1879354031,15,1031993.1363085324,265591.9357942465,0.0,766401.2005142859,0.0,0.0,0.0,26,0,0.7426417614129914,0.7426417614129914,0.0,resolved,True,-0.004743494999577713,0.7919100543497752,821.1408180269452,15737.761729557624,265591.9357942465,15
2024-02-06,492,20,1052087.476843819,424332.74439965934,0.0,627754.7324441598,0.0,0.0,0.0,26,0,0.5966754155532537,0.5966754155532537,0.0,resolved,True,0.0036896462403659402,0.6622121194478405,0.0,0.0,424332.74439965934,14,1035117.2338708957,417272.410341742,0.0,617844.8235291537,0.0,0.0,0.0,26,0,0.5968839116113238,0.5968839116113238,0.0,resolved,True,0.0030272464539233823,0.6618422987486277,683.0167096272451,16420.778439184876,417272.410341742,14
2024-02-07,492,20,1053438.2424423043,265788.7637462125,0.0,787649.4786960917,0.0,0.0,0.0,25,0,0.7476940241603488,0.7476940241603488,0.0,resolved,True,0.0012838909579433455,0.6559544936474128,0.0,0.0,265788.7637462125,14,1035764.4536900234,261257.70363490662,0.0,774506.7500551168,0.0,0.0,0.0,25,0,0.7477634005452228,0.7477634005452228,0.0,resolved,True,0.0006252623354625619,0.6553603354741647,678.3747776447193,17099.153216829603,261257.70363490662,14
2024-02-08,492,20,1053513.9731122938,363008.56402143853,0.0,690505.4090908553,0.0,0.0,0.0,26,0,0.6554307078158275,0.6554307078158275,0.0,resolved,True,7.188904573451893e-05,0.5969000387814283,0.0,0.0,363008.5640214385,18,1035222.3970011438,356422.3470014056,0.0,678800.0499997382,0.0,0.0,0.0,26,0,0.6557045635470232,0.6557045635470232,0.0,resolved,True,-0.0005233397293645803,0.5964443275250638,617.7758330555116,17716.92904988512,356422.34700140555,18
2024-02-09,492,20,1051783.6987560987,408375.1994121722,0.0,643408.4993439264,0.0,0.0,0.0,24,0,0.6117308150952132,0.6117308150952132,0.0,resolved,True,-0.0016423838699389792,0.7322007900424771,0.0,0.0,408375.1994121722,12,1032761.7824725857,400919.2484907848,0.0,631842.5339818009,0.0,0.0,0.0,24,0,0.6117989111381288,0.6117989111381288,0.0,resolved,True,-0.002376894603213775,0.7316175267986333,757.38684978053,18474.315899665657,400919.2484907848,12
2024-02-12,492,20,1052446.8181298974,246104.30272070857,0.0,806342.5154091888,0.0,0.0,0.0,26,0,0.7661598681461039,0.7661598681461039,0.0,resolved,True,0.0006304712409812563,0.6222567462368047,0.0,0.0,246104.3027207086,13,1032768.761092056,241185.68304657767,0.0,791583.0780454783,0.0,0.0,0.0,26,0,0.7664669070823303,0.7664669070823303,0.0,resolved,True,6.757240235577555e-06,0.6215817149825633,641.9458399177587,19116.261739583417,241185.68304657767,13
2024-02-13,492,20,1047131.8042521593,368925.3928558769,0.0,678206.4113962824,0.0,0.0,0.0,32,0,0.6476800806185463,0.6476800806185463,0.0,resolved,True,-0.005050149600131171,0.584380782935367,0.0,0.0,368925.3928558768,11,1026938.070006334,361657.39603695145,0.0,665280.6739693825,0.0,0.0,0.0,32,0,0.647829400233725,0.647829400233725,0.0,resolved,True,-0.005645688856387054,0.5838326801471955,602.9641537606733,19719.225893344064,361657.39603695145,11
2024-02-14,492,20,1054124.621764054,203921.2375537419,0.0,850203.384210312,0.0,0.0,0.0,34,0,0.806549213116297,0.806549213116297,0.0,resolved,True,0.00667806811281868,0.5470625837964446,0.0,0.0,203921.2375537419,24,1033236.7858411194,199727.4941370329,0.0,833509.2917040865,0.0,0.0,0.0,34,0,0.8066972673892536,0.8066972673892536,0.0,resolved,True,0.006133491413699899,0.5465018172830464,561.2235214956061,20280.449414839684,199727.4941370329,24
2024-02-15,492,20,1055431.1951333047,554924.2696038975,0.0,500506.9255294071,0.0,0.0,0.0,26,0,0.4742203260973268,0.4742203260973268,0.0,resolved,True,0.0012394866245171166,0.7198821576596219,0.0,0.0,554924.2696038975,10,1033775.9469558136,543546.1933280674,0.0,490229.7536277462,0.0,0.0,0.0,26,0,0.4742127683192265,0.4742127683192265,0.0,resolved,True,0.0005218175756831478,0.7196978078719783,743.6182497825424,21024.06766462222,543546.1933280674,10
2024-02-16,492,20,1047779.915866263,122833.28443371192,0.0,924946.6314325511,0.0,0.0,0.0,28,0,0.8827680483528278,0.8827680483528278,0.0,resolved,True,-0.007249434451362169,0.6421617602007741,0.0,0.0,122833.28443371193,9,1025621.9659821528,120113.50565525517,0.0,905508.4603268977,0.0,0.0,0.0,28,0,0.882887155658535,0.882887155658535,0.0,resolved,True,-0.007887570800686472,0.6415673836150184,663.2369295325794,21687.30459415477,120113.50565525517,9
2024-02-20,492,20,1041685.1251463892,225790.69415133155,0.0,815894.4309950577,0.0,0.0,0.0,32,0,0.7832447745477781,0.7832447745477781,0.0,resolved,True,-0.0058168615637519405,0.332726341959719,0.0,0.0,225790.69415133155,11,1019315.0793817826,220761.43462275443,0.0,798553.6447590281,0.0,0.0,0.0,32,0,0.7834217906825759,0.7834217906825759,0.0,resolved,True,-0.006149328709365798,0.3324577090705948,340.97592918290616,22028.280523337686,220761.43462275443,11
2024-02-21,492,20,1024768.2585749901,154703.16539407178,0.0,870065.0931809183,0.0,0.0,0.0,31,0,0.8490359512020824,0.8490359512020824,0.0,resolved,True,-0.016239904135159633,0.36526763256980616,0.0,0.0,154703.16539407178,5,1002386.8767999576,151171.29658700412,0.0,851215.5802129535,0.0,0.0,0.0,31,0,0.8491886714742248,0.8491886714742248,0.0,resolved,True,-0.016607428776676203,0.36481704279384514,371.86351293523563,22400.144036272945,151171.29658700412,5
2024-02-22,492,20,1046816.6050272346,89932.91505685123,0.0,956883.6899703834,0.0,0.0,0.0,37,0,0.9140891397547983,0.9140891397547983,0.0,resolved,True,0.02151544631456903,0.23872331954456338,0.0,0.0,89932.91505685123,27,1023706.7604648366,87824.81760398776,0.0,935881.9428608489,0.0,0.0,0.0,37,0,0.9142090088727078,0.9142090088727078,0.0,resolved,True,0.021269116903187113,0.23836406099787627,238.93300664501567,22639.077042917932,87824.81760398776,27
2024-02-23,492,20,1052413.3421267,572228.7677967688,0.0,480184.57432993123,0.0,0.0,0.0,25,0,0.4562699417698201,0.4562699417698201,0.0,resolved,True,0.005346435156442508,0.632547935974317,0.0,0.0,572228.7677967688,17,1028530.264537009,558853.9214552705,0.0,469676.3430817385,0.0,0.0,0.0,25,0,0.456648053320203,0.456648053320203,0.0,resolved,True,0.004711802498971629,0.6321638581537471,647.1504153135236,23286.227458231428,558853.9214552705,17
2024-02-26,492,20,1056958.308776354,285656.5909870246,0.0,771301.7177893292,0.0,0.0,0.0,25,0,0.729737125281951,0.729737125281951,0.0,resolved,True,0.004318613673663041,0.8151600938944696,0.0,0.0,285656.5909870246,16,1032146.5873535441,278919.83451329067,0.0,753226.7528402534,0.0,0.0,0.0,25,0,0.7297672269319324,0.7297672269319324,0.0,resolved,True,0.003516010117760704,0.8142635061431808,837.4946593762792,24123.72211760768,278919.83451329067,16
2024-02-27,492,20,1061553.961383884,578815.3672739409,0.0,482738.59410994314,0.0,0.0,0.0,25,0,0.4547471081739696,0.4547471081739696,0.0,resolved,True,0.004347997995162611,0.8178865250245959,0.0,0.0,578815.3672739409,12,1035793.9041075164,564866.6374776067,0.0,470927.2666299098,0.0,0.0,0.0,25,0,0.454653444823737,0.454653444823737,0.0,resolved,True,0.003533719724176043,0.8177842887911456,844.0732628671251,24967.795380474836,564866.6374776067,12
2024-02-28,492,20,1063383.262718396,209710.62277801923,0.0,853672.6399403767,0.0,0.0,0.0,29,0,0.8027892387153788,0.8027892387153788,0.0,resolved,True,0.0017232297189369028,0.7428034925553905,0.0,0.0,209710.62277801923,13,1036808.8777276729,204369.18910326122,0.0,832439.6886244117,0.0,0.0,0.0,29,0,0.8028863433816579,0.8028863433816579,0.0,resolved,True,0.0009798992020821906,0.7423060658684687,768.8760980085924,25736.67147848346,204369.18910326122,13
2024-02-29,492,20,1068580.2889468072,425882.7754035749,0.0,642697.5135432322,0.0,0.0,0.0,30,0,0.6014499052538906,0.6014499052538906,0.0,resolved,True,0.00488725599754658,0.5977086723716023,0.0,0.0,425882.7754035749,20,1041256.679711469,414870.90667689795,0.0,626385.7730345711,0.0,0.0,0.0,30,0,0.6015671113948021,0.6015671113948021,0.0,resolved,True,0.004289895736178551,0.5974594067004647,619.45121694895,26356.12269543242,414870.90667689795,20
2024-03-01,492,20,1074816.2505913563,410127.78805146203,0.0,664688.4625398944,0.0,0.0,0.0,28,0,0.6184205553034646,0.6184205553034646,0.0,resolved,True,0.005835744594068215,0.7823563396242412,0.0,0.0,410127.78805146203,16,1046518.0384353756,399317.0841706524,0.0,647200.9542647231,0.0,0.0,0.0,28,0,0.6184326791273832,0.6184326791273832,0.0,resolved,True,0.00505289313040902,0.7819140727374737,814.1732511982946,27170.295946630686,399317.0841706524,16
2024-03-04,492,20,1073418.2372921268,350151.3986365729,0.0,723266.8386555538,0.0,0.0,0.0,27,0,0.6737977924430582,0.6737977924430582,0.0,resolved,True,-0.0013006998158618943,0.7073573611021746,0.0,0.0,350151.3986365729,12,1044415.50538357,340617.8076253219,0.0,703797.6977582481,0.0,0.0,0.0,27,0,0.6738675308154992,0.6738675308154992,0.0,resolved,True,-0.0020090748315709783,0.7069891824344791,739.8769323963617,27910.17287902705,340617.8076253219,12
2024-03-05,492,20,1066116.8297282518,353944.79711739835,0.0,712172.0326108534,0.0,0.0,0.0,27,0,0.6680056188517188,0.6680056188517188,0.0,resolved,True,-0.006802015570644637,0.6559383577552859,0.0,0.0,353944.79711739835,6,1036627.506652913,344075.8862062232,0.0,692551.6204466898,0.0,0.0,0.0,27,0,0.6680814622436718,0.6680814622436718,0.0,resolved,True,-0.007456801139501201,0.65557992300823,684.6978366079632,28594.870715634974,344075.8862062232,6
2024-03-06,492,20,1069887.4898359613,112118.46166414148,0.0,957769.0281718199,0.0,0.0,0.0,34,0,0.8952053718458455,0.8952053718458455,0.0,resolved,True,0.0035368169815597206,0.4371596487228673,0.0,0.0,112118.46166414148,12,1039842.9645084062,108895.0150066429,0.0,930947.9495017633,0.0,0.0,0.0,34,0,0.8952774421490424,0.8952774421490424,0.0,resolved,True,0.0031018450068678316,0.4367394943431946,452.73617307783985,29047.60688871284,108895.0150066429,12
2024-03-07,492,20,1078947.763378203,302002.8883430405,0.0,776944.8750351623,0.0,0.0,0.0,34,0,0.7200949864361694,0.7200949864361694,0.0,resolved,True,0.008468435819948494,0.3870699993610312,0.0,0.0,302002.8883430405,19,1048243.1529281073,293143.0445402203,0.0,755100.108387887,0.0,0.0,0.0,34,0,0.7203482381722505,0.7203482381722505,0.0,resolved,True,0.008078324041623342,0.38681101236210264,402.22270979910627,29449.82959851197,293143.0445402203,19
2024-03-08,492,20,1077800.416026323,457271.36733515305,0.0,620529.04869117,0.0,0.0,0.0,31,0,0.575736508786071,0.575736508786071,0.0,resolved,True,-0.0010633947173562808,0.7037173452224361,0.0,0.0,457271.36733515305,17,1046392.8887297848,443839.1634670169,0.0,602553.7252627679,0.0,0.0,0.0,31,0,0.5758388954594361,0.5758388954594361,0.0,resolved,True,-0.0017651097392376025,0.7032086393321384,737.1336412598055,30186.963239771794,443839.1634670169,17
2024-03-11,492,20,1078001.213078439,298768.2701350191,0.0,779232.9429434199,0.0,0.0,0.0,31,0,0.7228497829962277,0.7228497829962277,0.0,resolved,True,0.00018630262999552727,0.7014653420320319,0.0,0.0,298768.2701350191,9,1045857.2781692881,289733.0799143172,0.0,756124.198254971,0.0,0.0,0.0,31,0,0.7229707284520906,0.7229707284520906,0.0,resolved,True,-0.0005118637237174761,0.700902002121735,733.4188707166523,30920.38211048846,289733.0799143172,9
2024-03-12,492,20,1094519.156719829,288990.17824068223,0.0,805528.9784791468,0.0,0.0,0.0,32,0,0.7359660847720944,0.7359660847720944,0.0,resolved,True,0.015322750513628636,0.5452298580418515,0.0,0.0,288990.17824068223,27,1061309.744511445,280287.15047156886,0.0,781022.5940398762,0.0,0.0,0.0,32,0,0.7359044784794716,0.7359044784794716,0.0,resolved,True,0.01477492834319194,0.5450182987353386,570.0113544677977,31490.393464956232,280287.15047156886,27
2024-03-13,492,20,1085189.6965274909,673119.4740785185,0.0,412070.22244897246,0.0,0.0,0.0,22,0,0.3797218345949653,0.3797218345949653,0.0,resolved,True,-0.008523797993904125,0.8790249548509982,0.0,0.0,673119.4740785183,13,1051334.3662802503,652018.1599794836,0.0,399316.2063007668,0.0,0.0,0.0,22,0,0.3798184660448192,0.3798184660448192,0.0,resolved,True,-0.009399120551547124,0.878799030124685,932.6779741385353,32423.071439094787,652018.1599794836,13
2024-03-14,492,20,1074833.510854605,186063.40494112152,0.0,888770.1059134833,0.0,0.0,0.0,23,0,0.8268909528200495,0.8268909528200495,0.0,resolved,True,-0.009543203097140407,0.7917351977897947,0.0,0.0,186063.40494112152,9,1040472.7987806835,180099.48895095938,0.0,860373.3098297241,0.0,0.0,0.0,23,0,0.8269061054147541,0.8269061054147541,0.0,resolved,True,-0.01033122082558402,0.7910390724203605,831.6465619059771,33254.71800100077,180099.48895095938,9
2024-03-15,492,20,1070155.0218820008,337184.74432903505,0.0,732970.2775529658,0.0,0.0,0.0,26,0,0.6849197196345874,0.6849197196345874,0.0,resolved,True,-0.004352756892445742,0.4868178596833279,0.0,0.0,337184.74432903505,19,1035438.1817745968,326023.2293801134,0.0,709414.9523944834,0.0,0.0,0.0,26,0,0.6851350132546252,0.6851350132546252,0.0,resolved,True,-0.0048387781131681296,0.48657605363056183,506.26914834065,33760.987149341454,326023.2293801134,19
2024-03-18,492,20,1070574.6219209856,584086.705733518,0.0,486487.91618746775,0.0,0.0,0.0,22,0,0.4544175681229377,0.4544175681229377,0.0,resolved,True,0.00039209276264196014,0.8608766311654399,0.0,0.0,584086.705733518,10,1034956.5129206371,564727.2253284475,0.0,470229.2875921896,0.0,0.0,0.0,22,0,0.45434690416625056,0.45434690416625056,0.0,resolved,True,-0.0004651835932244497,0.860495648487219,890.9900496945588,34651.97719903602,564727.2253284475,10
2024-03-19,492,20,1069621.0532640463,263259.6073126065,0.0,806361.4459514398,0.0,0.0,0.0,28,0,0.7538758175063535,0.7538758175063535,0.0,resolved,True,-0.0008907073242856445,0.791487389758679,0.0,0.0,263259.6073126065,17,1033213.572840185,254255.9130315769,0.0,778957.6598086081,0.0,0.0,0.0,28,0,0.7539173703141968,0.7539173703141968,0.0,resolved,True,-0.0016840708364969093,0.7910221110749138,818.6734857212144,35470.65068475721,254255.9130315769,17
2024-03-20,492,20,1083009.4330069292,530927.1786807154,0.0,552082.254326214,0.0,0.0,0.0,27,0,0.5097668011933942,0.5097668011933942,0.0,resolved,True,0.012516937378922233,0.7424935995507844,0.0,0.0,530927.1786807154,19,1045375.8225898971,512351.1800748021,0.0,533024.642515095,0.0,0.0,0.0,27,0,0.5098880526952856,0.5098880526952856,0.0,resolved,True,0.011771283372013164,0.7422143643848491,766.8659552393764,36237.51663999657,512351.18007480213,19
2024-03-21,492,20,1094591.1525347023,394949.34993606084,0.0,699641.8025986415,0.0,0.0,0.0,25,0,0.63918094073619,0.63918094073619,0.0,resolved,True,0.010694015374932642,0.8549108626377513,0.0,0.0,394949.34993606084,16,1055663.1951144235,380939.83217246505,0.0,674723.3629419584,0.0,0.0,0.0,25,0,0.6391464304757021,0.6391464304757021,0.0,resolved,True,0.009840836474522385,0.8543917649129011,893.1604940598586,37130.677134056365,380939.83217246505,16
2024-03-22,492,20,1087641.3568885112,442070.5531037662,0.0,645570.8037847449,0.0,0.0,0.0,26,0,0.5935511735518891,0.5935511735518891,0.0,resolved,True,-0.0063492159881776145,0.76468725432466,0.0,0.0,442070.5531037662,18,1048155.1523517312,425901.73725614534,0.0,622253.4150955859,0.0,0.0,0.0,26,0,0.5936653688143826,0.5936653688143826,0.0,resolved,True,-0.007112157359884574,0.7643416403596166,806.8873382210331,37937.56447227737,425901.73725614534,18
2024-03-25,492,20,1083435.9837735493,405453.8075129824,0.0,677982.1762605669,0.0,0.0,0.0,26,0,0.625770406756467,0.625770406756467,0.0,resolved,True,-0.0038665071793448913,0.779231458282645,0.0,0.0,405453.8075129824,13,1043285.7370642419,390374.08561206097,0.0,652911.6514521809,0.0,0.0,0.0,26,0,0.6258224647922862,0.6258224647922862,0.0,resolved,True,-0.0046457008550345735,0.7787407328259419,816.2411114576747,38753.805583735084,390374.08561206097,13
2024-03-26,492,20,1085022.1685118745,353632.6834781349,0.0,731389.4850337397,0.0,0.0,0.0,27,0,0.6740779186446045,0.6740779186446045,0.0,resolved,True,0.0014640318044454315,0.7006288348918046,0.0,0.0,353632.6834781349,17,1044082.8571811812,340207.63364078966,0.0,703875.2235403915,0.0,0.0,0.0,27,0,0.674156479726826,0.674156479726826,0.0,resolved,True,0.0007640477470556295,0.7002226306561495,730.5322833331625,39484.33786706819,340207.63364078966,17
2024-03-27,492,20,1092796.6166191208,480755.9504095246,0.0,612040.6662095961,0.0,0.0,0.0,27,0,0.560068229441558,0.560068229441558,0.0,resolved,True,0.007165243561713774,0.7690060702004251,0.0,0.0,480755.9504095246,16,1050760.625597091,462199.327626394,0.0,588561.297970697,0.0,0.0,0.0,27,0,0.5601288092007152,0.5601288092007152,0.0,resolved,True,0.0063958222951179255,0.768645658695706,802.5297554909246,40286.867622559155,462199.327626394,16
2024-03-28,492,20,1093149.4561306199,365006.9666949539,0.0,728142.4894356659,0.0,0.0,0.0,30,0,0.6660960085119967,0.6660960085119967,0.0,resolved,True,0.0003228775658097316,0.7739435721544319,0.0,0.0,365006.96669495385,12,1050288.5086101973,350670.55119879823,0.0,699617.9574113992,0.0,0.0,0.0,30,0,0.6661197867785627,0.6661197867785627,0.0,resolved,True,-0.0004493097432398674,0.7734960208906565,812.7591628079267,41099.62678536708,350670.55119879823,12
2024-04-01,492,20,1091815.3985019033,306506.1236800115,0.0,785309.2748218919,0.0,0.0,0.0,37,0,0.7192692793117105,0.7192692793117105,0.0,resolved,True,-0.0012203799043533081,0.6142921140462311,0.0,0.0,306506.1236800115,22,1048362.6073352452,294203.92949421355,0.0,754158.6778410317,0.0,0.0,0.0,37,0,0.7193681580822225,0.7193681580822225,0.0,resolved,True,-0.0018336878478282248,0.6139443149227896,644.8186588899654,41744.445444256984,294203.92949421355,22
2024-04-02,492,20,1082031.2468667352,437302.00279448077,0.0,644729.2440722545,0.0,0.0,0.0,31,0,0.5958508554528467,0.5958508554528467,0.0,resolved,True,-0.008961360728739542,0.6812581389629443,0.0,0.0,437302.00279448077,11,1038251.9267011171,419508.5972803694,0.0,618743.3294207477,0.0,0.0,0.0,31,0,0.5959472007788204,0.5959472007788204,0.0,resolved,True,-0.009644259117394305,0.6809080563216269,713.8385452809139,42458.28398953787,419508.5972803694,11
2024-04-03,492,20,1086059.485794721,191941.9093527987,0.0,894117.5764419222,0.0,0.0,0.0,34,0,0.823267590897799,0.823267590897799,0.0,resolved,True,0.0037228489839369328,0.5815395017190096,0.0,0.0,191941.9093527987,21,1041511.5295528175,183973.89941380196,0.0,857537.6301390155,0.0,0.0,0.0,34,0,0.8233587490934519,0.8233587490934519,0.0,resolved,True,0.003139510525212552,0.5810223412352282,603.2475652438694,43061.53155478172,183973.89941380196,21
2024-04-04,492,20,1080471.32238985,519774.47790725325,0.0,560696.8444825967,0.0,0.0,0.0,27,0,0.5189372756718934,0.5189372756718934,0.0,resolved,True,-0.0051453566567598585,0.6553198941393683,0.0,0.0,519774.47790725325,15,1035473.4149318719,497991.65610773076,0.0,537481.7588241412,0.0,0.0,0.0,27,0,0.5190686222103581,0.5190686222103581,0.0,resolved,True,-0.005797453460297364,0.6550866084520683,682.2802555584822,43743.81181034024,497991.65610773076,15
2024-04-05,492,20,1087750.324024487,364981.3879352109,0.0,722768.9360892761,0.0,0.0,0.0,29,0,0.66446216574329,0.66446216574329,0.0,resolved,True,0.006736876290744043,0.8188610354650687,0.0,0.0,364981.3879352109,20,1041598.0538218345,349596.2792768866,0.0,692001.7745449479,0.0,0.0,0.0,29,0,0.6643654642074772,0.6643654642074772,0.0,resolved,True,0.005914820024969458,0.8184086382400553,847.4403874481739,44591.252197788424,349596.2792768866,20
2024-04-08,492,20,1091006.834823316,486691.4315916812,0.0,604315.4032316348,0.0,0.0,0.0,25,0,0.5539061570860838,0.5539061570860838,0.0,resolved,True,0.00299380356585921,0.7829671945082497,0.0,0.0,486691.4315916812,17,1043899.6391013567,465430.480454965,0.0,578469.1586463917,0.0,0.0,0.0,25,0,0.5541425027643156,0.5541425027643156,0.0,resolved,True,0.002209667415446148,0.7825892205592291,815.1434090764379,45406.395606864826,465430.480454965,17
2024-04-09,492,20,1087723.110024061,383675.53712949366,0.0,704047.5728945673,0.0,0.0,0.0,25,0,0.6472672745539012,0.6472672745539012,0.0,resolved,True,-0.003009811391132766,0.7977649093849409,0.0,0.0,383675.53712949366,9,1039927.7045688601,366837.8260351198,0.0,673089.8785337403,0.0,0.0,0.0,25,0,0.647246799538622,0.647246799538622,0.0,resolved,True,-0.0038049007622187325,0.7971748574629136,832.1705460062101,46238.566152871004,366837.8260351198,9
2024-04-10,492,20,1082911.4765560604,240308.03223241214,0.0,842603.4443236481,0.0,0.0,0.0,31,0,0.7780907881809008,0.7780907881809008,0.0,resolved,True,-0.004423583009001475,0.5736603034462542,0.0,0.0,240308.03223241214,17,1034725.7543942289,229522.63215798512,0.0,805203.1222362438,0.0,0.0,0.0,31,0,0.7781802268057423,0.7781802268057423,0.0,resolved,True,-0.0050022228966271065,0.5733319120199352,596.223739222967,46834.789892093926,229522.63215798512,17
2024-04-11,492,20,1085240.94431886,465978.35636537516,0.0,619262.5879534849,0.0,0.0,0.0,32,0,0.5706222117726663,0.5706222117726663,0.0,resolved,True,0.0021511155927611547,0.6522106413018727,0.0,0.0,465978.35636537516,18,1036275.6799538056,444788.55372289225,0.0,591487.1262309134,0.0,0.0,0.0,32,0,0.5707816343400824,0.5707816343400824,0.0,resolved,True,0.0014979095214306959,0.6518897625433755,674.5271263295681,47509.31701842344,444788.55372289225,18
2024-04-12,492,20,1077461.7130771587,303114.3521962818,0.0,774347.3608808768,0.0,0.0,0.0,30,0,0.7186773798851678,0.7186773798851678,0.0,resolved,True,-0.007168206546596889,0.708683829694953,0.0,0.0,303114.3521962818,20,1028108.5572353213,289152.1075211435,0.0,738956.4497141778,0.0,0.0,0.0,30,0,0.7187533305833965,0.7187533305833965,0.0,resolved,True,-0.007881225890439159,0.7080989863781249,733.7857585835922,48243.102777007014,289152.1075211435,20
2024-04-15,492,20,1071600.4436866385,441896.31820186635,0.0,629704.125484772,0.0,0.0,0.0,29,0,0.5876295863767975,0.5876295863767975,0.0,resolved,True,-0.005439886465924415,0.6914497855060191,0.0,0.0,441896.31820186635,11,1021810.6198933859,421074.7890208742,0.0,600735.8308725117,0.0,0.0,0.0,29,0,0.5879130821082986,0.5879130821082986,0.0,resolved,True,-0.00612575131061166,0.6909382521756936,710.3595295830479,48953.46230659007,421074.7890208742,11
2024-04-16,492,20,1071067.8290973913,290536.4247315616,0.0,780531.4043658298,0.0,0.0,0.0,31,0,0.7287413394010704,0.7287413394010704,0.0,resolved,True,-0.0004970272197861725,0.6834942512842125,0.0,0.0,290536.4247315616,22,1020601.8372774806,277086.0608815211,0.0,743515.7763959595,0.0,0.0,0.0,31,0,0.7285071898158977,0.7285071898158977,0.0,resolved,True,-0.001182981065543598,0.6831183250616873,698.0175591918144,49651.479865781876,277086.0608815211,22
2024-04-17,492,20,1065668.5914747547,507495.40857194783,0.0,558173.1829028068,0.0,0.0,0.0,24,0,0.5237774551752187,0.5237774551752187,0.0,resolved,True,-0.005040985711602053,0.7450805743797053,0.0,0.0,507495.40857194783,14,1014697.7297940264,482902.8439615499,0.0,531794.8858324764,0.0,0.0,0.0,24,0,0.524091924341277,0.524091924341277,0.0,resolved,True,-0.005784927351496716,0.7448501992211802,760.195481821633,50411.67534760351,482902.8439615499,14
2024-04-18,492,20,1060749.2044935946,310085.5612890401,0.0,750663.6432045546,0.0,0.0,0.0,27,0,0.7076730673231323,0.7076730673231323,0.0,resolved,True,-0.004616244694189864,0.7672000248497098,0.0,0.0,310085.5612890401,11,1009239.5260879791,295157.52279550314,0.0,714082.003292476,0.0,0.0,0.0,27,0,0.7075446262597397,0.7075446262597397,0.0,resolved,True,-0.005379142522724645,0.7666060310070739,777.8733993092874,51189.54874691278,295157.52279550314,11
2024-04-19,492,20,1051554.5592247942,268159.8650054247,0.0,783394.6942193696,0.0,0.0,0.0,28,0,0.7449872071277861,0.7449872071277861,0.0,resolved,True,-0.008668067088666853,0.5451292575519967,0.0,0.0,268159.8650054247,5,999946.1906011887,254837.14736239053,0.0,745109.0432387982,0.0,0.0,0.0,28,0,0.7451491392660068,0.7451491392660068,0.0,resolved,True,-0.009208255569233659,0.5449200962918085,549.9548997373605,51739.50364665018,254837.14736239053,5
2024-04-22,492,20,1056948.8495359542,104528.14628954753,0.0,952420.7032464066,0.0,0.0,0.0,35,0,0.9011038742930276,0.9011038742930276,0.0,resolved,True,0.005129824471624911,0.3544162383449872,0.0,0.0,104528.14628954753,20,1004721.7851041392,99289.07567415904,0.0,905432.7094299803,0.0,0.0,0.0,35,0,0.901177542732521,0.901177542732521,0.0,resolved,True,0.004775851488648009,0.3539900769291152,353.9710289358902,52093.47467558607,99289.07567415904,20
2024-04-23,492,20,1077567.3236478171,451974.977328063,0.0,625592.3463197543,0.0,0.0,0.0,27,0,0.5805598709155155,0.5805598709155155,0.0,resolved,True,0.019507542035657854,0.5265185007410143,0.0,0.0,451974.977328063,20,1023796.3655053293,429045.5605193679,0.0,594750.8049859614,0.0,0.0,0.0,27,0,0.5809268571610938,0.5809268571610938,0.0,resolved,True,0.01898493760560105,0.526180410518815,528.6649213432935,52622.139596929344,429045.5605193679,20
2024-04-24,492,20,1081357.035722257,556070.6609600213,0.0,525286.3747622357,0.0,0.0,0.0,26,0,0.48576590100177947,0.48576590100177947,0.0,resolved,True,0.0035169144342748204,0.9354827454080673,0.0,0.0,556070.6609600213,19,1026438.4080812563,528179.2316891578,0.0,498259.1763920986,0.0,0.0,0.0,26,0,0.4854253041090944,0.4854253041090944,0.0,resolved,True,0.002580632892384749,0.9350735316705844,957.3248832045772,53579.464480133895,528179.2316891578,19
2024-04-25,492,20,1082609.409359069,364838.5609609989,0.0,717770.8483980701,0.0,0.0,0.0,22,0,0.6630007481858187,0.6630007481858187,0.0,resolved,True,0.0011581499869517398,0.8516236464914942,0.0,0.0,364838.5609609989,13,1026753.5855415624,345756.0880611199,0.0,680997.4974804425,0.0,0.0,0.0,22,0,0.6632530989616653,0.6632530989616653,0.0,resolved,True,0.000307059301196011,0.8512481250518942,873.7537703604195,54453.218250494356,345756.0880611199,13
2024-04-26,492,20,1084137.210434955,454579.6083186788,0.0,629557.6021162763,0.0,0.0,0.0,26,0,0.5806991919995977,0.5806991919995977,0.0,resolved,True,0.0014112209469807624,0.7568917858979185,0.0,0.0,454579.6083186788,17,1027426.8088051906,430864.50371829607,0.0,596562.3050868945,0.0,0.0,0.0,26,0,0.5806372774919563,0.5806372774919563,0.0,resolved,True,0.000655681434287958,0.7564682391558197,776.7064769015506,55229.92472739594,430864.50371829607,17
2024-04-29,492,20,1085185.1909410267,396968.3178265173,0.0,688216.8731145094,0.0,0.0,0.0,24,0,0.6341930196427734,0.6341930196427734,0.0,resolved,True,0.0009666493281335065,0.7854613954294191,0.0,0.0,396968.3178265173,14,1027609.8750455313,375768.18780522305,0.0,651841.6872403083,0.0,0.0,0.0,24,0,0.6343279712171183,0.6343279712171183,0.0,resolved,True,0.0001781793493917938,0.7850470660036497,806.5784017860072,56036.503129181925,375768.18780522305,14
2024-04-30,492,20,1072139.0431618,393582.22534390277,0.0,678556.8178178972,0.0,0.0,0.0,27,0,0.6329000162299789,0.6329000162299789,0.0,resolved,True,-0.012022047377843181,0.7284936707299603,0.0,0.0,393582.22534390277,10,1014509.7533976856,372348.9459989364,0.0,642160.8073987492,0.0,0.0,0.0,27,0,0.6329764748422517,0.6329764748422517,0.0,resolved,True,-0.012748146904743685,0.728014084765066,748.1144626768166,56784.617591858805,372348.9459989364,10
2024-05-01,492,20,1069345.1643191054,221313.46363111213,0.0,848031.7006879933,0.0,0.0,0.0,31,0,0.7930383275525156,0.7930383275525156,0.0,resolved,True,-0.0026058922679050855,0.5735223363955217,0.0,0.0,221313.46363111213,15,1011288.2622352742,209183.06447577992,0.0,802105.1977594943,0.0,0.0,0.0,31,0,0.7931518912190104,0.7931518912190104,0.0,resolved,True,-0.003175416649886631,0.5730545458193573,581.3694259626186,57365.98701782145,209183.0644757799,15
2024-05-02,492,20,1079262.7332924292,489222.60458158376,0.0,590040.1287108456,0.0,0.0,0.0,33,0,0.5467066641973753,0.5467066641973753,0.0,resolved,True,0.009274431964761076,0.6644590464530894,0.0,0.0,489222.60458158376,21,1019997.1738423504,462255.08679383236,0.0,557742.087048518,0.0,0.0,0.0,33,0,0.5468074827575179,0.5468074827575179,0.0,resolved,True,0.00861170047383597,0.6641942955999202,671.6918949838253,58037.67891280532,462255.08679383236,21
2024-05-03,492,20,1084522.4881992259,427478.26117999875,0.0,657044.2270192271,0.0,0.0,0.0,31,0,0.6058373470062417,0.6058373470062417,0.0,resolved,True,0.004873470327981355,0.8493769287901456,0.0,0.0,427478.26117999875,14,1024104.5455911405,403698.6564242095,0.0,620405.889166931,0.0,0.0,0.0,31,0,0.6058032764699977,0.6058032764699977,0.0,resolved,True,0.004026846205188672,0.848920050848648,865.8960526837244,58903.57496548907,403698.6564242095,14
2024-05-06,493,20,1096795.4085551468,327128.87784900935,0.0,769666.5307061374,0.0,0.0,0.0,29,0,0.7017412041504172,0.7017412041504172,0.0,resolved,True,0.011316427726915324,0.6957966729504893,0.0,0.0,327128.87784900935,21,1034978.5507894997,308524.1228466558,0.0,726454.4279428439,0.0,0.0,0.0,29,0,0.7019028823241716,0.7019028823241716,0.0,resolved,True,0.010618061647292398,0.6953668157527274,712.1283168656049,59615.70328235473,308524.1228466558,21
2024-05-07,493,20,1094814.3092887432,583814.8400404772,0.0,510999.4692482659,0.0,0.0,0.0,27,0,0.4667453328959883,0.4667453328959883,0.0,resolved,True,-0.0018062614512704966,0.8305502656046928,0.0,0.0,583814.8400404772,20,1032246.885817216,550482.7392061988,0.0,481764.1466110172,0.0,0.0,0.0,27,0,0.4667140712462513,0.4667140712462513,0.0,resolved,True,-0.002639344525739107,0.8302101326287803,859.2496799188925,60474.95296227363,550482.7392061988,20
2024-05-08,493,20,1097556.2519833497,394377.2547189614,0.0,703178.9972643881,0.0,0.0,0.0,26,0,0.6406769548200393,0.6406769548200393,0.0,resolved,True,0.002504481966798311,0.8934776303708803,0.0,0.0,394377.2547189614,13,1033908.019663486,371382.0404183854,0.0,662525.9792451006,0.0,0.0,0.0,26,0,0.6407977950115311,0.6407977950115311,0.0,resolved,True,0.0016092408406298553,0.8928935638131864,921.6866006123973,61396.63956288596,371382.0404183854,13
2024-05-09,493,20,1106931.398784095,381864.4090220253,0.0,725066.9897620697,0.0,0.0,0.0,27,0,0.6550243226983326,0.6550243226983326,0.0,resolved,True,0.008541837180375822,0.7072454485483284,0.0,0.0,381864.4090220253,19,1042006.8923990233,359382.05715595785,0.0,682624.8352430655,0.0,0.0,0.0,27,0,0.6551058733128446,0.6551058733128446,0.0,resolved,True,0.007833262322670898,0.706787078198458,730.7528283439099,62127.392391229914,359382.0571559579,19
2024-05-10,493,20,1102615.7096637576,531056.6443309777,0.0,571559.0653327798,0.0,0.0,0.0,24,0,0.518366517294658,0.518366517294658,0.0,resolved,True,-0.00389878643344832,0.824731373918745,0.0,0.0,531056.6443309777,11,1037088.599670218,499431.0100945422,0.0,537657.5895756758,0.0,0.0,0.0,24,0,0.5184297559019013,0.5184297559019013,0.0,resolved,True,-0.004720019382484009,0.8243265773221856,858.9539751574126,62986.346366387275,499431.0100945422,11
2024-05-13,493,20,1101529.3709687984,222264.7667797134,0.0,879264.604189085,0.0,0.0,0.0,27,0,0.7982216610491004,0.7982216610491004,0.0,resolved,True,-0.0009852378171634202,0.6832130220060225,0.0,0.0,222264.7667797134,13,1035360.806621305,208835.94971534965,0.0,826524.8569059552,0.0,0.0,0.0,27,0,0.7982964504935777,0.7982964504935777,0.0,resolved,True,-0.0016660033187737566,0.682658234746495,707.9770727265852,63694.323439113854,208835.94971534965,13
2024-05-14,493,20,1110072.131928383,462085.8334591895,0.0,647986.2984691933,0.0,0.0,0.0,29,0,0.5837335068879997,0.5837335068879997,0.0,resolved,True,0.007755363755821643,0.6212731301363446,0.0,0.0,462085.8334591895,16,1042749.9965448177,433898.37132139463,0.0,608851.625223423,0.0,0.0,0.0,29,0,0.5838903162223644,0.5838903162223644,0.0,resolved,True,0.007136825999455976,0.6210009325314817,642.9600264183766,64337.28346553227,433898.3713213947,16
2024-05-15,493,20,1118517.2296239212,270719.5352180654,0.0,847797.6944058557,0.0,0.0,0.0,27,0,0.7579656995457374,0.7579656995457374,0.0,resolved,True,0.007607701745352191,0.6601421183362629,0.0,0.0,270719.5352180654,10,1049996.820356146,254035.6359324577,0.0,795961.1844236883,0.0,0.0,0.0,27,0,0.7580605664631519,0.7580605664631519,0.0,resolved,True,0.006949723169830557,0.6595587001219768,687.7548322732953,65025.03829780562,254035.6359324577,10
2024-05-16,493,20,1115322.7531818487,304632.70508360234,0.0,810690.0480982462,0.0,0.0,0.0,30,0,0.7268658742821027,0.7268658742821027,0.0,resolved,True,-0.0028559921630769702,0.5143883572496402,0.0,0.0,304632.70508360234,16,1046456.2552492475,285810.7801802275,0.0,760645.4750690201,0.0,0.0,0.0,30,0,0.7268774697971944,0.7268774697971944,0.0,resolved,True,-0.003371976979604119,0.514171777160758,539.8787311356643,65564.9170289413,285810.7801802275,16
2024-05-17,493,20,1117368.343907625,361433.1889020915,0.0,755935.1550055335,0.0,0.0,0.0,30,0,0.6765317445471035,0.6765317445471035,0.0,resolved,True,0.001834079615017803,0.5971956477042244,0.0,0.0,361433.18890209147,16,1047751.9282114061,338665.2739528839,0.0,709086.6542585222,0.0,0.0,0.0,30,0,0.6767696008624753,0.6767696008624753,0.0,resolved,True,0.0012381530098932725,0.5968042429137804,624.5295331564171,66189.44656209773,338665.2739528839,16
2024-05-20,493,20,1122897.6327453512,424736.81189019466,0.0,698160.8208551565,0.0,0.0,0.0,27,0,0.6217493033164887,0.6217493033164887,0.0,resolved,True,0.004948492471506194,0.7035907228612873,0.0,0.0,424736.81189019466,16,1052202.9432498808,398027.7040131778,0.0,654175.2392367031,0.0,0.0,0.0,27,0,0.6217196439464315,0.6217196439464315,0.0,resolved,True,0.0042481573344110846,0.7031751097866208,736.7530771491994,66926.199639247,398027.7040131778,16
2024-05-21,493,20,1120826.3729366802,473671.66130974377,0.0,647154.7116269364,0.0,0.0,0.0,25,0,0.5773906889176105,0.5773906889176105,0.0,resolved,True,-0.00184456690286805,0.8000804766178344,0.0,0.0,473671.66130974377,16,1049416.8354784756,443452.11713911575,0.0,605964.7183393599,0.0,0.0,0.0,25,0,0.5774299571466983,0.5774299571466983,0.0,resolved,True,-0.0026478806101796204,0.7997754544311878,841.5260870915065,67767.72572633848,443452.1171391157,16
2024-05-22,493,20,1112635.0208943526,395930.94232910324,0.0,716704.0785652493,0.0,0.0,0.0,24,0,0.6441502065871987,0.6441502065871987,0.0,resolved,True,-0.007308314864920118,0.7758584421603141,0.0,0.0,395930.94232910324,11,1040938.773470226,370357.7577459125,0.0,670581.0157243136,0.0,0.0,0.0,24,0,0.6442079330840627,0.6442079330840627,0.0,resolved,True,-0.00807883171074153,0.7754188485952868,813.7375942632292,68581.46332060173,370357.7577459125,11
2024-05-23,493,20,1107085.9805492512,347620.2816786384,0.0,759465.6988706127,0.0,0.0,0.0,27,0,0.6860042600248845,0.6860042600248845,0.0,resolved,True,-0.0049872961401493665,0.6682795436459154,0.0,0.0,347620.2816786384,17,1035054.2385333767,324948.97727997374,0.0,710105.261253403,0.0,0.0,0.0,27,0,0.6860560875143982,0.6860560875143982,0.0,resolved,True,-0.0056531038009389745,0.6679182668828969,695.2620215074415,69276.72534210909,324948.97727997374,17
2024-05-24,493,20,1121073.0987545722,465594.32151078177,0.0,655478.7772437906,0.0,0.0,0.0,27,0,0.5846887040389945,0.5846887040389945,0.0,resolved,True,0.012634175168925621,0.7345541515989259,0.0,0.0,465594.32151078177,17,1047370.8872823666,434879.4980314936,0.0,612491.389250873,0.0,0.0,0.0,27,0,0.5847893966578699,0.5847893966578699,0.0,resolved,True,0.011899520131855246,0.7342022644612158,759.9391657713837,70036.66450788036,434879.4980314936,17
2024-05-28,493,20,1114811.8506639493,453343.6883497484,0.0,661468.1623142008,0.0,0.0,0.0,25,0,0.5933451119309952,0.5933451119309952,0.0,resolved,True,-0.00558504891213496,0.8196949965897871,0.0,0.0,453343.6883497484,11,1040664.7037001331,423244.8816857466,0.0,617419.8220143865,0.0,0.0,0.0,25,0,0.5932937091256394,0.5932937091256394,0.0,resolved,True,-0.00640287377056481,0.8193025160753333,858.1136032144972,70894.77811109475,423244.8816857466,11
2024-05-29,493,20,1108741.980984272,270142.043025865,0.0,838599.937958407,0.0,0.0,0.0,28,0,0.756352652231992,0.756352652231992,0.0,resolved,True,-0.005444748076603445,0.648975637408884,0.0,0.0,270142.043025865,11,1034324.2505579911,251878.87397272512,0.0,782445.376585266,0.0,0.0,0.0,28,0,0.756479775237946,0.756479775237946,0.0,resolved,True,-0.006092695485489519,0.6485787998804949,674.9530646038232,71569.73117569853,251878.87397272512,11
2024-05-30,493,20,1096397.6787398118,287154.7617853858,0.0,809242.916954426,0.0,0.0,0.0,29,0,0.738092512093387,0.738092512093387,0.0,resolved,True,-0.011133611296563095,0.5026388595086095,0.0,0.0,287154.7617853858,17,1022285.8055846248,267628.0070104678,0.0,754657.798574157,0.0,0.0,0.0,29,0,0.7382062770035072,0.7382062770035072,0.0,resolved,True,-0.011638946845606624,0.5022826733097587,519.5231496393801,72089.25432533807,267628.0070104678,17
2024-05-31,493,20,1096195.4219330344,486401.21329648583,0.0,609794.2086365485,0.0,0.0,0.0,26,0,0.5562823894677789,0.5562823894677789,0.0,resolved,True,-0.00018447394654264038,0.7055432441000675,0.0,0.0,486401.21329648583,12,1021376.0282454946,453185.6677867727,0.0,568190.3604587219,0.0,0.0,0.0,26,0,0.5562988994706987,0.5562988994706987,0.0,resolved,True,-0.000889944215365368,0.705282172088505,720.9999534579713,72810.25427879604,453185.6677867727,12
2024-06-03,493,20,1090662.3651634383,207706.6866438459,0.0,882955.6785195924,0.0,0.0,0.0,26,0,0.8095591328002589,0.8095591328002589,0.0,resolved,True,-0.005047509466732825,0.6331972256519186,0.0,0.0,207706.6866438459,13,1015573.8748382704,193257.71560559142,0.0,822316.1592326789,0.0,0.0,0.0,26,0,0.8097059008766175,0.8097059008766175,0.0,resolved,True,-0.005680722130507632,0.6326603364035192,646.1841016242844,73456.43838042037,193257.71560559142,13
2024-06-04,493,20,1085909.4888251557,310937.5794252183,0.0,774971.9093999374,0.0,0.0,0.0,26,0,0.7136616056632663,0.7136616056632663,0.0,resolved,True,-0.004357788890579695,0.47553145926268847,0.0,0.0,310937.5794252183,6,1010668.4635816163,289181.3718267483,0.0,721487.0917548679,0.0,0.0,0.0,26,0,0.7138711830366758,0.7138711830366758,0.0,resolved,True,-0.00483018653609546,0.4751357883254906,482.53549362405437,73938.9738740444,289181.3718267483,6
2024-06-05,493,20,1112382.0529920394,209994.60160686402,0.0,902387.4513851755,0.0,0.0,0.0,26,0,0.81122079321396,0.81122079321396,0.0,resolved,True,0.024378241869425388,0.4797197062857221,0.0,0.0,209994.60160686402,21,1034820.3039495574,195384.1862253627,0.0,839436.1177241947,0.0,0.0,0.0,26,0,0.8111902274436946,0.8111902274436946,0.0,resolved,True,0.023896897190549993,0.47935822952452417,484.4722453387548,74423.44611938318,195384.1862253627,21
2024-06-06,493,20,1100408.6305632005,711649.9502744317,0.0,388758.6802887686,0.0,0.0,0.0,24,0,0.3532857426697916,0.3532857426697916,0.0,resolved,True,-0.010763768074676605,0.8285323818397593,0.0,0.0,711649.9502744317,15,1022827.2091245612,661295.3424984143,0.0,361531.8666261468,0.0,0.0,0.0,24,0,0.3534632862725487,0.3534632862725487,0.0,resolved,True,-0.011589543401132163,0.8283044831599371,857.1462970263489,75280.59241640949,661295.3424984145,15
2024-06-07,493,20,1100380.426682014,199466.886950881,0.0,900913.539731133,0.0,0.0,0.0,28,0,0.8187291575584136,0.8187291575584136,0.0,resolved,True,-2.563037075786756e-05,0.8279804537328951,0.0,0.0,199466.886950881,11,1021955.9300292011,185206.18417127407,0.0,836749.745857927,0.0,0.0,0.0,28,0,0.8187728269593954,0.8187728269593954,0.0,resolved,True,-0.0008518341002150542,0.827144874510877,846.026283537645,76126.61869994723,185206.18417127407,11
2024-06-10,493,20,1119504.880352707,308441.22541210696,0.0,811063.6549406,0.0,0.0,0.0,30,0,0.7244842511852823,0.7244842511852823,0.0,resolved,True,0.01737985628148553,0.46157501537399054,0.0,0.0,308441.22541210696,21,1039237.2708152942,286105.79461767303,0.0,753131.4761976212,0.0,0.0,0.0,30,0,0.724696368526872,0.724696368526872,0.0,resolved,True,0.01691006459114086,0.4612853998501412,471.41334981274383,76598.03204976003,286105.79461767303,21
2024-06-11,493,20,1112984.9877067888,564042.4747588187,0.0,548942.51294797,0.0,0.0,0.0,26,0,0.49321645755440013,0.49321645755440013,0.0,resolved,True,-0.005823907300756215,0.7793478308875639,0.0,0.0,564042.4747588187,6,1032374.0029946112,522986.4320320294,0.0,509387.5709625818,0.0,0.0,0.0,26,0,0.49341379140214625,0.49341379140214625,0.0,resolved,True,-0.006604139413994181,0.7787729899083622,809.3299166170332,77407.36196637696,522986.4320320294,6
2024-06-12,493,20,1117112.2933650536,88576.01728965671,0.0,1028536.2760753969,0.0,0.0,0.0,29,0,0.9207098356935621,0.9207098356935621,0.0,resolved,True,0.0037083210500159502,0.586367740137394,0.0,0.0,88576.01728965671,19,1035598.050778556,82026.8272166471,0.0,953571.2235619089,0.0,0.0,0.0,29,0,0.920792794892787,0.920792794892787,0.0,resolved,True,0.0031229455358163793,0.5856142274631854,604.5729042167657,78011.93487059358,82026.8272166471,19
2024-06-13,493,20,1116866.5693836026,608005.2957562928,0.0,508861.27362730977,0.0,0.0,0.0,24,0,0.45561509993816873,0.45561509993816873,0.0,resolved,True,-0.00021996354610942515,0.6235553195352047,0.0,0.0,608005.2957562928,14,1034726.6350669439,562805.2472048213,0.0,471921.3878621227,0.0,0.0,0.0,24,0,0.45608315459241144,0.45608315459241144,0.0,resolved,True,-0.0008414613285115946,0.6231312406100141,645.3134981549538,78657.24836874843,562805.2472048213,14
2024-06-14,493,20,1115649.9866315187,182561.4820773448,0.0,933088.5045541739,0.0,0.0,0.0,27,0,0.8363631208130495,0.8363631208130495,0.0,resolved,True,-0.0010892820910158862,0.7078435325268531,0.0,0.0,182561.4820773448,12,1032859.8462865634,168968.56359066087,0.0,863891.2826959026,0.0,0.0,0.0,27,0,0.8364070747854583,0.8364070747854583,0.0,resolved,True,-0.0018041371673589435,0.7068347143158786,731.3807054925733,79388.62907424095,168968.56359066087,12
2024-06-17,493,20,1123858.7600255532,390828.64428642247,0.0,733030.1157391306,0.0,0.0,0.0,30,0,0.652243984575485,0.652243984575485,0.0,resolved,True,0.007357839369334096,0.5139516275126789,0.0,0.0,390828.6442864225,19,1039925.4518319818,361253.5971999788,0.0,678671.854632003,0.0,0.0,0.0,30,0,0.6526158711053976,0.6526158711053976,0.0,resolved,True,0.006840817339178518,0.5135401266166204,530.414976239225,79919.04405048017,361253.5971999788,19
2024-06-18,493,20,1126378.9154054224,421605.5476942416,0.0,704773.3677111809,0.0,0.0,0.0,27,0,0.6256982957262732,0.6256982957262732,0.0,resolved,True,0.0022424128987632574,0.7228970586679335,0.0,0.0,421605.5476942416,13,1041511.4570045228,389594.18624025607,0.0,651917.2707642667,0.0,0.0,0.0,27,0,0.62593384487506,0.62593384487506,0.0,resolved,True,0.0015251142952092955,0.7220487522287007,750.876874906151,80669.9209253862,389594.18624025607,13
2024-06-20,493,20,1126599.378317476,412444.3323304651,0.0,714155.0459870109,0.0,0.0,0.0,26,0,0.6339032842833345,0.6339032842833345,0.0,resolved,True,0.0001957271296881835,0.7404700750497488,0.0,0.0,412444.3323304651,15,1040949.6005630995,381474.3608011189,0.0,659475.2397619806,0.0,0.0,0.0,26,0,0.6335323433576793,0.6335323433576793,0.0,resolved,True,-0.0005394625643766471,0.7403290603204435,771.0611982771339,81440.98212366331,381474.3608011189,15
2024-06-21,493,20,1129270.7629739773,361224.5706612391,0.0,768046.1923127382,0.0,0.0,0.0,29,0,0.6801258099430995,0.6801258099430995,0.0,resolved,True,0.0023711930859493524,0.6867293892414021,0.0,0.0,361224.5706612391,16,1042702.1514015328,333174.2797165101,0.0,709527.8716850227,0.0,0.0,0.0,29,0,0.6804703248490677,0.6804703248490677,0.0,resolved,True,0.0016836077726387622,0.6864895809086609,714.6010550376,82155.5831787009,333174.2797165101,16
2024-06-24,493,20,1120033.936472361,436751.524926971,0.0,683282.41154539,0.0,0.0,0.0,26,0,0.6100550968102307,0.6100550968102307,0.0,resolved,True,-0.008179461298803758,0.7066295540023626,0.0,0.0,436751.52492697106,7,1033433.1478767301,403060.65819787,0.0,630372.4896788601,0.0,0.0,0.0,26,0,0.6099789724899091,0.6099789724899091,0.0,resolved,True,-0.00888940673263594,0.706151377561395,736.305560598423,82891.88873929935,403060.65819787,7
2024-06-25,493,20,1132887.62511002,129893.46620034566,0.0,1002994.1589096743,0.0,0.0,0.0,32,0,0.8853430266856952,0.8853430266856952,0.0,resolved,True,0.011476159979707967,0.5059176982726183,0.0,0.0,129893.46620034566,26,1044771.787338891,119620.51467055698,0.0,925151.272668334,0.0,0.0,0.0,32,0,0.8855056040752793,0.8855056040752793,0.0,resolved,True,0.010971817079273194,0.5054978700813527,522.3982551231544,83414.28699442238,119620.514670557,26
2024-06-26,493,20,1129623.6934599965,876424.6811369697,0.0,253199.0123230269,0.0,0.0,0.0,22,0,0.22414456583102244,0.22414456583102244,0.0,resolved,True,-0.0028810727363240973,0.8882771115445709,0.0,0.0,876424.6811369697,12,1040831.7843141824,807669.516772617,0.0,233162.26754156532,0.0,0.0,0.0,22,0,0.22401532222154322,0.22401532222154322,0.0,resolved,True,-0.003771161388980482,0.8882121623784608,927.9790084242842,84342.2660028466,807669.5167726171,12
2024-06-27,493,20,1133053.7742068432,177018.42414015374,0.0,956035.3500666894,0.0,0.0,0.0,28,0,0.8437687352799564,0.8437687352799564,0.0,resolved,True,0.0030364808800535936,0.9325610921372097,0.0,0.0,177018.42414015374,18,1043019.5071295528,162888.15446297656,0.0,880131.3526665763,0.0,0.0,0.0,28,0,0.8438301936353485,0.8438301936353485,0.0,resolved,True,0.0021018985472391893,0.9318641824780861,969.9138597871438,85312.17986263373,162888.15446297656,18
2024-06-28,493,20,1129478.9461115329,582389.2110167099,0.0,547089.7350948231,0.0,0.0,0.0,24,0,0.48437355736314847,0.48437355736314847,0.0,resolved,True,-0.0031550383368280643,0.6702308861628946,0.0,0.0,582389.2110167099,9,1039030.3214947102,535595.195385783,0.0,503435.1261089272,0.0,0.0,0.0,24,0,0.4845239986689746,0.4845239986689746,0.0,resolved,True,-0.00382465103248264,0.6700322965864077,698.8567557464373,86011.03661838025,535595.195385783,9
2024-07-01,493,20,1124461.049728057,168667.64051581325,0.0,955793.4092122439,0.0,0.0,0.0,31,0,0.8500013490404098,0.8500013490404098,0.0,resolved,True,-0.0044426648241217,0.6649586998661573,0.0,0.0,168667.64051581325,9,1033728.4011086855,155054.37288431718,0.0,878674.0282243683,0.0,0.0,0.0,31,0,0.8500047278201706,0.8500047278201706,0.0,resolved,True,-0.005102758096989457,0.6643403021427906,690.269717717317,86701.30633609745,155054.37288431718,9
2024-07-02,493,20,1129400.095561564,300397.2463884223,0.0,829002.8491731415,0.0,0.0,0.0,33,0,0.7340205233123714,0.7340205233123714,0.0,resolved,True,0.004392367200892755,0.41714640717673096,0.0,0.0,300397.2463884223,14,1037837.3706475554,275984.6214252585,0.0,761852.749222297,0.0,0.0,0.0,33,0,0.734077198190446,0.734077198190446,0.0,resolved,True,0.003974902435168737,0.417092492821178,431.16035571847243,87132.46669181592,275984.6214252585,14
2024-07-03,493,20,1140821.779215457,408856.7548320282,0.0,731965.0243834289,0.0,0.0,0.0,27,0,0.6416120709816753,0.6416120709816753,0.0,resolved,True,0.010113053557175178,0.6279918020263615,0.0,0.0,408856.7548320282,17,1047679.4686101053,375403.80242900416,0.0,672275.6661811011,0.0,0.0,0.0,27,0,0.641680672689873,0.641680672689873,0.0,resolved,True,0.009483275743297659,0.6277365924077944,651.4884945237613,87783.95518633956,375403.8024290041,17
2024-07-05,493,20,1140297.6096107438,426503.6646175862,0.0,713793.9449931576,0.0,0.0,0.0,23,0,0.625971622651056,0.625971622651056,0.0,resolved,True,-0.0004594666881917453,0.7322444527874382,0.0,0.0,426503.6646175862,9,1046430.1576108304,391355.4599381611,0.0,655074.6976726693,0.0,0.0,0.0,23,0,0.626009001086428,0.626009001086428,0.0,resolved,True,-0.0011924553613066324,0.7318803162363124,766.7759808006559,88550.73116714024,391355.4599381611,9
2024-07-08,493,20,1145591.666705176,309229.9184484445,0.0,836361.7482567314,0.0,0.0,0.0,31,0,0.7300696858787238,0.7300696858787238,0.0,resolved,True,0.00464269770436454,0.6452118963199286,0.0,0.0,309229.9184484445,18,1050612.7585178516,283527.5276702964,0.0,767085.2308475551,0.0,0.0,0.0,31,0,0.7301312730389055,0.7301312730389055,0.0,resolved,True,0.0039970186988596,0.6448359974569604,674.7758344520238,89225.5070015923,283527.5276702964,18
2024-07-09,493,20,1145889.570887429,506655.5283893269,0.0,639234.0424981021,0.0,0.0,0.0,31,0,0.5578496032589337,0.5578496032589337,0.0,resolved,True,0.000260043950136124,0.7121956893980665,0.0,0.0,506655.5283893269,17,1050139.35079979,464255.8289693142,0.0,585883.5218304757,0.0,0.0,0.0,31,0,0.5579102634181499,0.5579102634181499,0.0,resolved,True,-0.0004506015315571821,0.7119319909658544,747.9648329057429,89973.47183449815,464255.8289693142,17
2024-07-10,493,20,1151280.099402343,320193.3396347158,0.0,831086.7597676271,0.0,0.0,0.0,28,0,0.7218805920462484,0.7218805920462484,0.0,resolved,True,0.004704230365531137,0.7215781424589578,0.0,0.0,320193.3396347158,13,1054321.274915562,293122.8574406201,0.0,761198.417474942,0.0,0.0,0.0,28,0,0.7219795669359935,0.7219795669359935,0.0,resolved,True,0.003982256366821479,0.7210550771857305,757.2083106467159,90730.68014514493,293122.8574406201,13
2024-07-11,493,20,1154931.57831457,365794.5632727501,0.0,789137.0150418199,0.0,0.0,0.0,30,0,0.6832759878238274,0.6832759878238274,0.0,resolved,True,0.0031716685749390017,0.5958479637262708,0.0,0.0,365794.5632727501,15,1057036.5920590176,334576.05132692907,0.0,722460.5407320885,0.0,0.0,0.0,30,0,0.6834773234527262,0.6834773234527262,0.0,resolved,True,0.0025754171978300544,0.5953982003755917,627.7409897024252,91358.42113484729,334576.05132692907,15
2024-07-12,493,20,1161085.5864649476,386786.9844591487,0.0,774298.6020057988,0.0,0.0,0.0,31,0,0.6668746998774103,0.6668746998774103,0.0,resolved,True,0.00532846124041253,0.6516243575486652,0.0,0.0,386786.9844591487,14,1061982.9847753407,353780.3584817897,0.0,708202.6262935508,0.0,0.0,0.0,31,0,0.66686814802722,0.66686814802722,0.0,resolved,True,0.004679490524247543,0.6512322351596906,688.3763024921766,92046.7974373396,353780.3584817897,14
2024-07-15,493,20,1171369.4152464038,340086.5332902536,0.0,831282.8819561503,0.0,0.0,0.0,29,0,0.7096675661292433,0.7096675661292433,0.0,resolved,True,0.008857080736629053,0.6260292318006012,0.0,0.0,340086.5332902536,15,1070729.5671160729,310817.17946163047,0.0,759912.3876544425,0.0,0.0,0.0,29,0,0.7097145824610107,0.7097145824610107,0.0,resolved,True,0.008236085197337317,0.6257682550914169,664.5552393196394,92711.35267665923,310817.17946163047,15
2024-07-16,493,20,1176099.7289049656,481673.22341393057,0.0,694426.5054910351,0.0,0.0,0.0,31,0,0.5904486570518953,0.5904486570518953,0.0,resolved,True,0.004038276565012433,0.7015376584092566,0.0,0.0,481673.2234139305,15,1074300.766531212,439957.69647732296,0.0,634343.0700538891,0.0,0.0,0.0,31,0,0.5904706482730219,0.5904706482730219,0.0,resolved,True,0.0033352954142826796,0.701301981772336,750.9047673607375,93462.25744401988,439957.69647732296,15
2024-07-17,493,20,1149664.3726738961,351316.5146495169,0.0,798347.8580243791,0.0,0.0,0.0,32,0,0.6944181945619285,0.6944181945619285,0.0,resolved,True,-0.022477138274389907,0.7082645438912063,0.0,0.0,351316.5146495169,8,1049396.8112271572,320630.5100504381,0.0,728766.301176719,0.0,0.0,0.0,32,0,0.6944620884872947,0.6944620884872947,0.0,resolved,True,-0.023181548482429815,0.7078740549226626,760.4696398109747,94222.72708383073,320630.5100504381,8
2024-07-18,493,20,1145356.4668383286,166442.1871503502,0.0,978914.2796879784,0.0,0.0,0.0,33,0,0.854680885847005,0.854680885847005,0.0,resolved,True,-0.0037470986645852244,0.45035639453248505,0.0,0.0,166442.1871503502,11,1044995.2323925502,151775.24905254075,0.0,893219.9833400095,0.0,0.0,0.0,33,0,0.8547598645928303,0.8547598645928303,0.0,resolved,True,-0.004194389374463481,0.4500083962777876,472.2373760793567,94694.96445991016,151775.24905254075,11
2024-07-19,493,20,1144852.1675010682,361446.1738880832,0.0,783405.993612985,0.0,0.0,0.0,32,0,0.6842857233899189,0.6842857233899189,0.0,resolved,True,-0.000440299026426727,0.4608943820744556,0.0,0.0,361446.1738880832,16,1044056.3805911704,329460.08651099796,0.0,714596.2940801724,0.0,0.0,0.0,32,0,0.6844422459978171,0.6844422459978171,0.0,resolved,True,-0.0008984268753363667,0.46068487864034297,481.41350181449906,95176.37796172456,329460.08651099796,16
2024-07-22,493,20,1161340.591890413,330963.92306566396,0.0,830376.6688247491,0.0,0.0,0.0,29,0,0.7150156247213181,0.7150156247213181,0.0,resolved,True,0.014402230137132044,0.6048030624470138,0.0,0.0,330963.923065664,21,1058459.8020071615,301605.47557787516,0.0,756854.3264292864,0.0,0.0,0.0,29,0,0.7150524989178243,0.7150524989178243,0.0,resolved,True,0.01379563564166486,0.6044102121754856,631.0383385162786,95807.41630024069,301605.47557787516,21
2024-07-23,493,20,1154782.0196141705,638556.5951518309,0.0,516225.42446233955,0.0,0.0,0.0,22,0,0.4470327868759318,0.4470327868759318,0.0,resolved,True,-0.005647414997840161,0.8348287530700405,0.0,0.0,638556.5951518309,10,1051603.8425408392,581438.264634185,0.0,470165.5779066543,0.0,0.0,0.0,22,0,0.44709381887637534,0.44709381887637534,0.0,resolved,True,-0.0064772979127987185,0.834537556032379,883.3244563255726,96690.74075656619,581438.264634185,10
2024-07-24,493,20,1138288.4337227012,189979.2964614217,0.0,948309.1372612794,0.0,0.0,0.0,26,0,0.8331009163994522,0.8331009163994522,0.0,resolved,True,-0.014282856514323039,0.717482501061178,0.0,0.0,189979.2964614217,11,1035828.7773598309,172843.33976612112,0.0,862985.4375937098,0.0,0.0,0.0,26,0,0.8331352212412245,0.8331352212412245,0.0,resolved,True,-0.015000958101192619,0.7168800006737567,753.873763349202,97444.6145199153,172843.33976612112,11
2024-07-25,493,20,1125992.416627557,371864.41606149887,0.0,754128.0005660582,0.0,0.0,0.0,29,0,0.6697451860508401,0.6697451860508401,0.0,resolved,True,-0.01080219804652749,0.49358641964360955,0.0,0.0,371864.41606149887,6,1024130.3197054836,337996.7543357605,0.0,686133.5653697231,0.0,0.0,0.0,29,0,0.6699670463491789,0.6699670463491789,0.0,resolved,True,-0.011293814103296995,0.4933303357575029,511.0057585222094,97955.62027843746,337996.7543357605,6
2024-07-26,493,20,1136061.324429779,141131.66295502766,0.0,994929.6614747514,0.0,0.0,0.0,30,0,0.8757710874227097,0.8757710874227097,0.0,resolved,True,0.008942251878018226,0.45559461275324875,0.0,0.0,141131.66295502766,19,1032828.1424734269,128284.38757408952,0.0,904543.7548993373,0.0,0.0,0.0,30,0,0.8757930944185226,0.8757930944185226,0.0,resolved,True,0.008492886696728652,0.45509041832587893,466.0718956149841,98421.69217405247,128284.38757408952,19
2024-07-29,493,20,1140570.046609496,708858.8249451098,0.0,431711.2216643862,0.0,0.0,0.0,25,0,0.37850478622308925,0.37850478622308925,0.0,resolved,True,0.003968731337615106,0.7481906738852958,0.0,0.0,708858.8249451098,14,1036151.210205388,643862.9904336534,0.0,392288.2197717347,0.0,0.0,0.0,25,0,0.37860132373341,0.37860132373341,0.0,resolved,True,0.0032174449894470936,0.7481048370970498,772.66372927433,99194.35590332693,643862.9904336534,14
2024-07-30,493,20,1134055.8313290912,246249.216788981,0.0,887806.6145401102,0.0,0.0,0.0,29,0,0.7828597058573548,0.7828597058573548,0.0,resolved,True,-0.005711368012661033,0.8373953397893309,0.0,0.0,246249.216788981,10,1029372.5388533955,223501.6754996393,0.0,805870.8633537561,0.0,0.0,0.0,29,0,0.7828758131156336,0.7828758131156336,0.0,resolved,True,-0.006542164198842015,0.8366975428148964,866.9451715635299,100061.30107489061,223501.6754996393,10
2024-07-31,493,20,1155403.969988498,297755.4780650567,0.0,857648.4919234411,0.0,0.0,0.0,30,0,0.7422931842029061,0.7422931842029061,0.0,resolved,True,0.018824592290475728,0.47969833567759707,0.0,0.0,297755.4780650567,24,1048251.3732268203,270029.1923127381,0.0,778222.1809140821,0.0,0.0,0.0,30,0,0.7424003447937203,0.7424003447937203,0.0,resolved,True,0.01834013795865741,0.4794939346807025,493.5778889070793,100554.87896379769,270029.1923127381,24
2024-08-01,493,20,1137028.8428888714,703885.1748203912,0.0,433143.6680684802,0.0,0.0,0.0,23,0,0.38094343057119257,0.38094343057119257,0.0,resolved,True,-0.01590363853415644,0.866918133313509,0.0,0.0,703885.1748203912,14,1030672.7410360007,638074.64622282,0.0,392598.0948131806,0.0,0.0,0.0,23,0,0.38091440588460024,0.38091440588460024,0.0,resolved,True,-0.016769481671850772,0.8666554756477146,908.4727924622587,101463.35175625993,638074.64622282,14
2024-08-02,493,20,1127262.29704116,268430.5768232518,0.0,858831.7202179083,0.0,0.0,0.0,27,0,0.7618738979137075,0.7618738979137075,0.0,resolved,True,-0.008589532190667493,0.855137279695791,0.0,0.0,268430.5768232518,4,1020942.0462977197,243071.31912295936,0.0,777870.7271747603,0.0,0.0,0.0,27,0,0.761914674780593,0.761914674780593,0.0,resolved,True,-0.009441110015677712,0.8545407360683827,880.7518427705216,102344.1035990304,243071.31912295936,4
2024-08-05,493,20,1118981.1397792795,111214.50571749051,0.0,1007766.634061789,0.0,0.0,0.0,32,0,0.9006109202703563,0.9006109202703563,0.0,resolved,True,-0.007346255865752771,0.3367850442059803,0.0,0.0,111214.50571749051,12,1013086.196938488,100639.47615666885,0.0,912446.7207818192,0.0,0.0,0.0,32,0,0.9006605001027573,0.9006605001027573,0.0,resolved,True,-0.0076947064602927995,0.3365212631326773,343.56870700536905,102687.67230603567,100639.47615666885,12
2024-08-06,493,20,1140853.4397400708,423143.03716897144,0.0,717710.4025710993,0.0,0.0,0.0,29,0,0.6290995649139829,0.6290995649139829,0.0,resolved,True,0.01954662074564162,0.4775393649546801,0.0,0.0,423143.03716897144,19,1032404.7947894565,382687.713158298,0.0,649717.0816311586,0.0,0.0,0.0,29,0,0.6293239676048372,0.6293239676048372,0.0,resolved,True,0.01906905642318346,0.47736285680640145,483.6097211616901,103171.28202719748,382687.713158298,19
2024-08-07,493,20,1127670.8430931831,468566.57421641477,0.0,659104.2688767684,0.0,0.0,0.0,24,0,0.5844828505708776,0.5844828505708776,0.0,resolved,True,-0.011555030810873612,0.7816162710510379,0.0,0.0,468566.5742164147,11,1019675.9100152745,423762.7920698307,0.0,595913.1179454438,0.0,0.0,0.0,24,0,0.5844142360257557,0.5844142360257557,0.0,resolved,True,-0.012329354569471818,0.7811784591371451,806.4923867994281,103977.77441399689,423762.7920698307,11
2024-08-08,493,20,1153357.333804736,251989.63073784942,0.0,901367.7030668865,0.0,0.0,0.0,27,0,0.781516427431404,0.781516427431404,0.0,resolved,True,0.022778358480117333,0.6389774191357034,0.0,0.0,251989.63073784945,20,1042246.4064115519,227557.1031812277,0.0,814689.3032303242,0.0,0.0,0.0,27,0,0.7816666943811249,0.7816666943811249,0.0,resolved,True,0.022134970704504653,0.638560089819869,651.1243406865103,104628.8987546834,227557.1031812277,20
2024-08-09,493,20,1161494.22028332,676659.9647691939,0.0,484834.255514126,0.0,0.0,0.0,26,0,0.4174228739561543,0.4174228739561543,0.0,resolved,True,0.007054957071926493,0.8051707552277675,0.0,0.0,676659.9647691939,12,1048760.5948105073,610974.27290026,0.0,437786.3219102471,0.0,0.0,0.0,26,0,0.4174320851455593,0.4174320851455593,0.0,resolved,True,0.0062501423453056315,0.804911033519627,838.9156321668399,105467.81438685025,610974.27290026,12
2024-08-12,493,20,1163320.908867143,194187.707296059,0.0,969133.2015710842,0.0,0.0,0.0,30,0,0.8330746866011707,0.8330746866011707,0.0,resolved,True,0.0015727057026402314,0.7497649638349725,0.0,0.0,194187.707296059,16,1049626.5707031349,175132.88788635074,0.0,874493.682816784,0.0,0.0,0.0,30,0,0.8331474328350597,0.8331474328350597,0.0,resolved,True,0.0008257136060532133,0.7491434260224656,785.6721050737024,106253.48649192395,175132.88788635074,16
2024-08-13,493,20,1179413.2984480737,543779.6091766478,0.0,635633.6892714257,0.0,0.0,0.0,27,0,0.5389405818196401,0.5389405818196401,0.0,resolved,True,0.013833147378569555,0.634362634461154,0.0,0.0,543779.6091766478,17,1063483.357641099,490225.16949284635,0.0,573258.1881482527,0.0,0.0,0.0,27,0,0.5390382313267135,0.5390382313267135,0.0,resolved,True,0.013201635062155104,0.6342006137370261,665.6738153346191,106919.1603072586,490225.16949284635,17
2024-08-14,493,20,1184106.36935741,400177.8709442692,0.0,783928.4984131408,0.0,0.0,0.0,27,0,0.6620422951010412,0.6620422951010412,0.0,resolved,True,0.003979157192403715,0.8003619099114946,0.0,0.0,400177.8709442692,21,1066861.670472846,360479.40683749784,0.0,706382.2636353482,0.0,0.0,0.0,27,0,0.6621123273856779,0.6621123273856779,0.0,resolved,True,0.003176648517791758,0.7998015907179051,850.5756811433689,107769.735988402,360479.40683749784,21
2024-08-15,493,20,1191429.0488862302,612920.9883726668,0.0,578508.0605135636,0.0,0.0,0.0,24,0,0.4855581295876272,0.4855581295876272,0.0,resolved,True,0.0061841399711364264,0.8555809558449733,0.0,0.0,612920.9883726668,14,1072548.602797855,551700.631253555,0.0,520847.97154430003,0.0,0.0,0.0,24,0,0.4856171274528854,0.4856171274528854,0.0,resolved,True,0.005330524549155946,0.8551925680142456,912.3721716876408,108682.10816008973,551700.631253555,14
2024-08-16,493,20,1193717.19630969,335690.3598970964,0.0,858026.8364125934,0.0,0.0,0.0,28,0,0.7187856881555661,0.7187856881555661,0.0,resolved,True,0.001920506660131105,0.7961962562156282,0.0,0.0,335690.3598970964,22,1073752.1543692916,301975.71809694375,0.0,771776.4362723479,0.0,0.0,0.0,28,0,0.718765902477448,0.718765902477448,0.0,resolved,True,0.0011221417549722723,0.7957005171034348,853.4274778648197,109535.5356379546,301975.71809694375,22
2024-08-19,493,20,1201090.5520624642,674106.2575783272,0.0,526984.294484137,0.0,0.0,0.0,23,0,0.4387548412392561,0.4387548412392561,0.0,resolved,True,0.006176802826974859,0.8459261712884375,0.0,0.0,674106.2575783272,17,1079476.1721364262,605682.8360450333,0.0,473793.3360913929,0.0,0.0,0.0,23,0,0.4389104162935743,0.4389104162935743,0.0,resolved,True,0.005330855676370483,0.8455984609934691,907.9631692230945,110443.49880717757,605682.8360450333,17
2024-08-20,493,20,1197925.826755164,395805.13003383717,0.0,802120.6967213268,0.0,0.0,0.0,25,0,0.6695912875457747,0.6695912875457747,0.0,resolved,True,-0.002634876531054098,0.8907832850528689,0.0,0.0,395805.13003383717,11,1075673.9708260302,355534.4108149096,0.0,720139.5600111207,0.0,0.0,0.0,25,0,0.6694775364491827,0.6694775364491827,0.0,resolved,True,-0.0035222651583599607,0.8902170184089286,960.9680594027735,111404.46686658038,355534.4108149096,11
2024-08-21,493,20,1205374.7138272803,338349.33625053626,0.0,867025.3775767442,0.0,0.0,0.0,31,0,0.7192994573644104,0.7192994573644104,0.0,resolved,True,0.006218153833692064,0.6128546942451248,0.0,0.0,338349.33625053626,18,1081701.9246934585,303434.7276766217,0.0,778267.1970168367,0.0,0.0,0.0,31,0,0.7194839717396162,0.7194839717396162,0.0,resolved,True,0.005603885592582625,0.6125626496475468,658.9176977260915,112063.38456430644,303434.7276766217,18
2024-08-22,493,20,1199408.3896250757,517101.5882191758,0.0,682306.8014058999,0.0,0.0,0.0,26,0,0.5688694587330533,0.5688694587330533,0.0,resolved,True,-0.0049497671834017876,0.709697088097611,0.0,0.0,517101.5882191758,13,1075579.9919476553,463754.7815114686,0.0,611825.2104361868,0.0,0.0,0.0,26,0,0.568832829744533,0.568832829744533,0.0,resolved,True,-0.005659537628666111,0.7093919120186284,767.3505965925222,112830.7351608989,463754.7815114686,13
2024-08-23,493,20,1212490.5259479494,371501.7510031024,0.0,840988.7749448469,0.0,0.0,0.0,30,0,0.6936044092281423,0.6936044092281423,0.0,resolved,True,0.010907157592054961,0.7408680370328642,0.0,0.0,371501.7510031024,22,1086513.495242787,332789.2376689314,0.0,753724.2575738556,0.0,0.0,0.0,30,0,0.6937090619435261,0.6937090619435261,0.0,resolved,True,0.010165216326991633,0.7404505996883276,796.4138500504075,113627.14901094938,332789.2376689315,22
2024-08-26,493,20,1208689.9105712099,631674.8021267804,0.0,577015.1084444295,0.0,0.0,0.0,26,0,0.4773888682265415,0.4773888682265415,0.0,resolved,True,-0.003134552638065502,0.8273685704435334,0.0,0.0,631674.8021267804,17,1082208.3115769422,565543.0952542813,0.0,516665.21632266085,0.0,0.0,0.0,26,0,0.47741752747195315,0.47741752747195315,0.0,resolved,True,-0.003962383978381112,0.8270177860478326,898.5659853467838,114525.71499629614,565543.0952542813,17
2024-08-27,493,20,1214030.3093623442,329971.86098339205,0.0,884058.4483789522,0.0,0.0,0.0,24,0,0.7282012990625366,0.7282012990625366,0.0,resolved,True,0.0044183365348111625,0.7956107308413877,0.0,0.0,329971.86098339205,13,1086125.2345532216,295067.1924031755,0.0,791058.042150046,0.0,0.0,0.0,24,0,0.7283304143793771,0.7283304143793771,0.0,resolved,True,0.003619379868347039,0.7949861989524272,860.3406720952771,115386.05566839149,295067.1924031755,13
2024-08-28,493,20,1203953.1772402474,408733.8475686223,0.0,795219.3296716252,0.0,0.0,0.0,28,0,0.6605068574962862,0.6605068574962862,0.0,resolved,True,-0.00830056057446349,0.6084738600472106,0.0,0.0,408733.8475686223,12,1076451.337653125,365272.2513595468,0.0,711179.0862935781,0.0,0.0,0.0,28,0,0.6606699823924118,0.6606699823924118,0.0,resolved,True,-0.008906796925748695,0.6080425058015055,660.410309231988,116046.46597762335,365272.2513595468,12
2024-08-29,493,20,1199914.6105453833,309655.03379539424,0.0,890259.5767499891,0.0,0.0,0.0,31,0,0.7419357752009951,0.7419357752009951,0.0,resolved,True,-0.003354421726035395,0.5966917110603397,0.0,0.0,309655.03379539424,21,1072196.8162974576,276626.0642057626,0.0,795570.7520916949,0.0,0.0,0.0,31,0,0.7420006662946304,0.7420006662946304,0.0,resolved,True,-0.003952358278399348,0.5962278913487528,641.8103111884662,116688.27628881193,276626.0642057626,21
2024-08-30,493,20,1209032.6867237855,537424.434323188,0.0,671608.2524005973,0.0,0.0,0.0,28,0,0.5554922209923944,0.5554922209923944,0.0,resolved,True,0.0075989375396119385,0.7059497906551597,0.0,0.0,537424.434323188,21,1079586.5157572313,479728.2646664849,0.0,599858.2510907464,0.0,0.0,0.0,28,0,0.5556370354162868,0.5556370354162868,0.0,resolved,True,0.006892110988812705,0.7056150290050912,756.5581876308961,117444.83447644279,479728.2646664849,21
2024-09-03,493,20,1188709.3522691387,427685.8706160035,0.0,761023.481653135,0.0,0.0,0.0,23,0,0.640209888313245,0.640209888313245,0.0,resolved,True,-0.016809582303120796,0.7982499692001119,0.0,0.0,427685.8706160035,7,1060574.1731356042,381512.37868819456,0.0,679061.7944474097,0.0,0.0,0.0,23,0,0.6402775134904075,0.6402775134904075,0.0,resolved,True,-0.017610763328487544,0.7976602857140881,861.143288611991,118305.97776505469,381512.37868819456,7
2024-09-04,493,20,1186870.0023173853,198310.80220422408,0.0,988559.2001131612,0.0,0.0,0.0,30,0,0.8329127858847063,0.8329127858847063,0.0,resolved,True,-0.0015473504505052471,0.5266187833260129,0.0,0.0,198310.8022042241,16,1058374.6029609619,176698.8427271994,0.0,881675.7602337626,0.0,0.0,0.0,30,0,0.8330469738853731,0.8330469738853731,0.0,resolved,True,-0.002073942804150408,0.5261366720223278,558.0069658863994,118863.98473094101,176698.8427271994,16
2024-09-05,493,20,1180756.2195380996,579172.5265816512,0.0,601583.6929564484,0.0,0.0,0.0,26,0,0.5094901750267995,0.5094901750267995,0.0,resolved,True,-0.00515118148352256,0.6550703339606075,0.0,0.0,579172.5265816512,13,1052227.3696051287,516106.3097044296,0.0,536121.0599006992,0.0,0.0,0.0,26,0,0.5095106584253651,0.5095106584253651,0.0,resolved,True,-0.00580818298042618,0.6549148582219207,693.1452530438601,119557.1299839849,516106.3097044296,13
2024-09-06,493,20,1157944.839548293,219869.57219955017,0.0,938075.2673487429,0.0,0.0,0.0,25,0,0.8101208583602999,0.8101208583602999,0.0,resolved,True,-0.01931929691526857,0.676720635097546,0.0,0.0,219869.57219955017,12,1031185.659945179,195645.48586323558,0.0,835540.1740819435,0.0,0.0,0.0,25,0,0.8102713279841026,0.8102713279841026,0.0,resolved,True,-0.019997303118855392,0.6761200732146426,711.4320461758706,120268.56203016083,195645.4858632356,12
2024-09-09,493,20,1179202.7694397133,374505.0949752601,0.0,804697.6744644532,0.0,0.0,0.0,24,0,0.682408229796473,0.682408229796473,0.0,resolved,True,0.01835832689553052,0.5133013653799543,0.0,0.0,374505.0949752601,22,1049595.5706685144,333156.66597238823,0.0,716438.904696126,0.0,0.0,0.0,24,0,0.6825856784435624,0.6825856784435624,0.0,resolved,True,0.017853148505104333,0.5129437040309931,528.9401919559244,120797.50222211689,333156.66597238823,22
2024-09-10,493,20,1173129.3565998261,738965.901446607,0.0,434163.45515321917,0.0,0.0,0.0,20,0,0.3700900098618191,0.3700900098618191,0.0,resolved,True,-0.005150439769381565,0.9442574468773708,0.0,0.0,738965.901446607,9,1043197.774708453,657293.2255838867,0.0,385904.54912456626,0.0,0.0,0.0,20,0,0.3699246283691668,0.3699246283691668,0.0,resolved,True,-0.006095486813065043,0.943958841461053,990.7750188909047,121788.27724100785,657293.2255838867,9
2024-09-11,493,20,1182133.0603770115,169025.35441630066,0.0,1013107.7059607108,0.0,0.0,0.0,27,0,0.8570166421346896,0.8570166421346896,0.0,resolved,True,0.007674945415466761,0.7739907374704282,0.0,0.0,169025.35441630066,15,1050393.297163132,150063.14456175896,0.0,900330.1526013731,0.0,0.0,0.0,27,0,0.8571362317647642,0.8571362317647642,0.0,resolved,True,0.006897563078765323,0.7734390989666977,806.8499469145706,122595.12718792241,150063.14456175896,15
2024-09-12,493,20,1185703.4947964228,534589.8356826542,0.0,651113.6591137686,0.0,0.0,0.0,25,0,0.5491369992339952,0.5491369992339952,0.0,resolved,True,0.003020332092118716,0.5952081146216774,0.0,0.0,534589.8356826542,15,1052940.6166030127,474641.8085644355,0.0,578298.8080385771,0.0,0.0,0.0,25,0,0.5492226236881994,0.5492226236881994,0.0,resolved,True,0.0024251101437531286,0.5950439311717006,625.0301568203553,123220.15734474263,474641.80856443546,15
2024-09-13,493,20,1192695.7811775191,325615.04530479433,0.0,867080.7358727248,0.0,0.0,0.0,29,0,0.72699237270436,0.72699237270436,0.0,resolved,True,0.005897162664850519,0.7254805984485515,0.0,0.0,325615.04530479433,18,1058385.7216390884,288855.9517489257,0.0,769529.7698901625,0.0,0.0,0.0,29,0,0.7270787522515102,0.7270787522515102,0.0,resolved,True,0.005171331554900682,0.724934270492743,763.3127377692838,123983.47008251182,288855.9517489257,18
2024-09-16,493,20,1196103.6555988179,551037.4990605358,0.0,645066.1565382819,0.0,0.0,0.0,24,0,0.5393062327991429,0.5393062327991429,0.0,resolved,True,0.002857287227036487,0.7350177289130952,0.0,0.0,551037.4990605358,12,1060634.9586259266,488481.5655033211,0.0,572153.3931226054,0.0,0.0,0.0,24,0,0.5394442154384967,0.5394442154384967,0.0,resolved,True,0.0021251580977066364,0.7346451341008011,777.5379204039227,124761.00800291564,488481.5655033211,12
2024-09-17,493,20,1197392.948592212,322710.333602231,0.0,874682.6149899812,0.0,0.0,0.0,29,0,0.7304891982355125,0.7304891982355125,0.0,resolved,True,0.001077910754105016,0.7304950775569132,0.0,0.0,322710.333602231,13,1061006.01706731,286009.0390246735,0.0,774996.9780426365,0.0,0.0,0.0,29,0,0.7304359877098331,0.7304359877098331,0.0,resolved,True,0.00034984556973682857,0.7300239351845695,774.2889062904231,125535.29690920611,286009.0390246735,13
2024-09-18,493,20,1198470.376104778,409585.831022372,0.0,788884.5450824059,0.0,0.0,0.0,32,0,0.6582428408839006,0.6582428408839006,0.0,resolved,True,0.0008998111387181762,0.6115754777790956,0.0,0.0,409585.831022372,18,1061311.928644448,362470.1529762463,0.0,698841.7756682019,0.0,0.0,0.0,32,0,0.6584697267661843,0.6584697267661843,0.0,resolved,True,0.0002883221887692855,0.6112654322770246,648.5563016711734,126183.85321087734,362470.1529762463,18
2024-09-19,493,20,1202930.3926472757,370692.2249583432,0.0,832238.1676889325,0.0,0.0,0.0,30,0,0.6918423316726042,0.6918423316726042,0.0,resolved,True,0.0037214241014396077,0.6510616128174522,0.0,0.0,370692.2249583432,16,1064574.5992041528,328063.2217059964,0.0,736511.3774981564,0.0,0.0,0.0,30,0,0.6918363241512172,0.6918363241512172,0.0,resolved,True,0.0030741862704510847,0.6506095329886347,690.4996582506312,126874.35286912801,328063.22170599643,16
2024-09-20,493,20,1203462.841450166,450224.1188166216,0.0,753238.7226335444,0.0,0.0,0.0,28,0,0.6258927959303637,0.6258927959303637,0.0,resolved,True,0.00044262644467596424,0.6824304621386975,0.0,0.0,450224.1188166216,17,1064318.7615484318,397956.9810532653,0.0,666361.7804951665,0.0,0.0,0.0,28,0,0.6260922991958775,0.6260922991958775,0.0,resolved,True,-0.00024031914335764792,0.6820478556901858,726.0908226094308,127600.44369173743,397956.9810532653,17
2024-09-23,493,20,1213021.905620754,436217.7639177274,0.0,776804.1417030266,0.0,0.0,0.0,27,0,0.6403875627501578,0.6403875627501578,0.0,resolved,True,0.007942965782864908,0.7365760306036474,0.0,0.0,436217.7639177274,19,1071991.0880986422,385450.52488005644,0.0,686540.5632185857,0.0,0.0,0.0,27,0,0.6404349540221288,0.6404349540221288,0.0,resolved,True,0.007208673592344006,0.7360537192196094,783.395782872932,128383.83947461048,385450.5248800565,19
2024-09-24,493,20,1213951.3101234054,601616.7305762989,0.0,612334.5795471065,0.0,0.0,0.0,23,0,0.5044144476312308,0.5044144476312308,0.0,resolved,True,0.0007661893807069386,0.8555777020060689,0.0,0.0,601616.7305762989,14,1071893.519133206,531292.0489954164,0.0,540601.4701377895,0.0,0.0,0.0,23,0,0.504342512094812,0.504342512094812,0.0,resolved,True,-9.10165826184528e-05,0.8553143234755625,916.8893322889222,129300.72880689948,531292.0489954164,14
2024-09-25,493,20,1209917.0255270794,392833.7457081534,0.0,817083.279818926,0.0,0.0,0.0,26,0,0.6753217473429451,0.6753217473429451,0.0,resolved,True,-0.003323267220590509,0.8191848124315309,0.0,0.0,392833.74570815347,12,1067455.23329939,346480.0244014457,0.0,720975.2088979443,0.0,0.0,0.0,26,0,0.6754149367645957,0.6754149367645957,0.0,resolved,True,-0.004140603291831746,0.8187269754836051,877.5881389604076,130178.3169458599,346480.0244014457,12
2024-09-26,493,20,1213485.1040012548,351391.0579558724,0.0,862094.0460453823,0.0,0.0,0.0,27,0,0.7104282064961309,0.7104282064961309,0.0,resolved,True,0.0029490274117112136,0.6151040013176254,0.0,0.0,351391.0579558724,17,1069947.968436734,309758.9668989517,0.0,760189.0015377824,0.0,0.0,0.0,27,0,0.7104915603031329,0.7104915603031329,0.0,resolved,True,0.002335212812287546,0.6147357809259768,656.2029264458209,130834.51987230562,309758.9668989517,17
2024-09-27,493,20,1219249.4377025631,536144.763892719,0.0,683104.6738098441,0.0,0.0,0.0,28,0,0.560266548161811,0.560266548161811,0.0,resolved,True,0.00475023029314614,0.7313940805058885,0.0,0.0,536144.763892719,12,1074248.2650393518,472308.06005784124,0.0,601940.2049815104,0.0,0.0,0.0,28,0,0.5603362133049014,0.5603362133049014,0.0,resolved,True,0.004019164229921213,0.7310919608765659,782.2303582803092,131616.75023058604,472308.06005784124,12
2024-09-30,493,20,1225055.658544768,388915.8521473813,0.0,836139.8063973867,0.0,0.0,0.0,33,0,0.6825320960442149,0.6825320960442149,0.0,resolved,True,0.0047621271436841806,0.7587131783166503,0.0,0.0,388915.8521473813,22,1078546.081938433,342466.18899289914,0.0,736079.8929455339,0.0,0.0,0.0,33,0,0.6824742171633532,0.6824742171633532,0.0,resolved,True,0.004000766898072383,0.7583398068555921,814.6452218248965,132431.39545241088,342466.18899289914,22
2024-10-01,493,20,1218691.6071423327,529635.7943139353,0.0,689055.8128283974,0.0,0.0,0.0,28,0,0.5654062182672615,0.5654062182672615,0.0,resolved,True,-0.005194907968504192,0.7498040109887362,0.0,0.0,529635.7943139353,10,1072136.6168029485,465811.30946108117,0.0,606325.3073418672,0.0,0.0,0.0,28,0,0.5655298940818713,0.5655298940818713,0.0,resolved,True,-0.005942690111084503,0.7495290794837338,808.4016519761005,133239.79710438696,465811.30946108117,10
2024-10-02,493,20,1223598.5174602913,245877.50659859687,0.0,977721.0108616943,0.0,0.0,0.0,30,0,0.7990537720583858,0.7990537720583858,0.0,resolved,True,0.004026375737061549,0.6363490946909918,0.0,0.0,245877.50659859687,21,1075768.2762615166,216142.66453272197,0.0,859625.6117287946,0.0,0.0,0.0,30,0,0.7990806484051978,0.7990806484051978,0.0,resolved,True,0.0033873103498671675,0.6358377993717518,681.7049870538622,133921.50209144078,216142.66453272197,21
2024-10-03,493,20,1218496.5479067438,654072.996261653,0.0,564423.5516450907,0.0,0.0,0.0,24,0,0.46321309043896297,0.46321309043896297,0.0,resolved,True,-0.004169643458000527,0.7354949274768605,0.0,0.0,654072.996261653,12,1070490.0153963713,574382.8424036517,0.0,496107.1729927196,0.0,0.0,0.0,24,0,0.46343932765129586,0.46343932765129586,0.0,resolved,True,-0.004906503548783081,0.7351811309655324,790.8845379987833,134712.38662943934,574382.8424036517,12
2024-10-04,494,20,1220291.0288844674,217792.23276374233,0.0,1002498.7961207251,0.0,0.0,0.0,28,0,0.8215243514796321,0.8215243514796321,0.0,resolved,True,0.0014727009122892376,0.7155253993318023,0.0,0.0,217792.23276374233,9,1071302.3978235929,191136.9808337876,0.0,880165.4169898053,0.0,0.0,0.0,28,0,0.8215844739803697,0.8215844739803697,0.0,resolved,True,0.0007588883740505814,0.7147543008422212,765.1373425132127,135477.52397195267,191136.9808337876,9
2024-10-07,494,20,1209598.3349619708,330657.51327567524,0.0,878940.8216862954,0.0,0.0,0.0,32,0,0.7266385842982571,0.7266385842982571,0.0,resolved,True,-0.008762412956744736,0.44944175861129226,0.0,0.0,330657.51327567524,13,1061437.0041169757,289992.26536810334,0.0,771444.7387488723,0.0,0.0,0.0,32,0,0.726792768441918,0.726792768441918,0.0,resolved,True,-0.009208785238098316,0.44919957585519177,481.22858271500763,135958.75255466762,289992.26536810334,13
2024-10-08,494,20,1215272.9647390218,250492.72205238522,0.0,964780.2426866367,0.0,0.0,0.0,35,0,0.7938794580967429,0.7938794580967429,0.0,resolved,True,0.004691333985036739,0.4804489379082447,0.0,0.0,250492.72205238522,23,1065907.050457326,219598.49769639483,0.0,846308.5527609312,0.0,0.0,0.0,35,0,0.7939796930678182,0.7939796930678182,0.0,resolved,True,0.004211315719173436,0.48002931576856245,509.5208788177051,136468.27343348507,219598.49769639486,23
2024-10-09,494,20,1218313.7835365785,584057.4124376068,0.0,634256.3710989718,0.0,0.0,0.0,27,0,0.5206018184066035,0.5206018184066035,0.0,resolved,True,0.0025021693774038845,0.686718258946219,0.0,0.0,584057.4124376068,13,1067842.3662877828,511752.4556855111,0.0,556089.9106022718,0.0,0.0,0.0,27,0,0.5207602996081221,0.5207602996081221,0.0,resolved,True,0.001815651589532452,0.686404915578543,731.6438389837349,137199.91727246894,511752.4556855111,13
2024-10-10,494,20,1215404.3421586808,245379.4799727184,0.0,970024.8621859624,0.0,0.0,0.0,30,0,0.7981087680360762,0.7981087680360762,0.0,resolved,True,-0.002388088698670132,0.680807279387906,0.0,0.0,245379.4799727184,15,1064569.6151589616,214780.4760046067,0.0,849789.1391543548,0.0,0.0,0.0,30,0,0.7982466595455706,0.7982466595455706,0.0,resolved,True,-0.0030648260755924417,0.6800972773460863,726.2366859471231,137926.153958416,214780.4760046067,15
2024-10-11,494,20,1226158.8100565588,528380.4333307537,0.0,697778.3767258052,0.0,0.0,0.0,30,0,0.5690766734315752,0.5690766734315752,0.0,resolved,True,0.008848469208837084,0.6366275703188581,0.0,0.0,528380.4333307537,20,1073309.703210197,462622.2573932477,0.0,610687.4458169492,0.0,0.0,0.0,30,0,0.5689759852076473,0.5689759852076473,0.0,resolved,True,0.008209973238744173,0.6365494967929456,677.6512528304955,138603.80521124654,462622.2573932477,20
2024-10-14,494,20,1235778.5765808814,374959.6326860847,0.0,860818.9438947967,0.0,0.0,0.0,26,0,0.6965802452058095,0.6965802452058095,0.0,resolved,True,0.00784544909307372,0.7367235456026872,0.0,0.0,374959.6326860847,17,1080937.6494507797,327735.57993483107,0.0,753202.0695159486,0.0,0.0,0.0,26,0,0.6968043623040124,0.6968043623040124,0.0,resolved,True,0.007106938675545349,0.7362495079573537,790.2237408743615,139394.02895212095,327735.579934831,17
2024-10-15,494,20,1236968.1072870058,578973.8222898974,0.0,657994.2849971084,0.0,0.0,0.0,24,0,0.531941188395117,0.531941188395117,0.0,resolved,True,0.0009625759247384735,0.7719291085424873,0.0,0.0,578973.8222898974,9,1081148.6987276804,506034.78502530174,0.0,575113.9137023786,0.0,0.0,0.0,24,0,0.5319470988395818,0.5319470988395818,0.0,resolved,True,0.0001952464853156588,0.7715056446950922,833.9494981147209,140227.9784502355,506034.78502530174,9
2024-10-16,494,20,1239729.352921259,226898.2414356608,0.0,1012831.1114855981,0.0,0.0,0.0,30,0,0.8169776000697209,0.8169776000697209,0.0,resolved,True,0.0022322690601208617,0.6514897667758348,0.0,0.0,226898.2414356608,12,1082857.2358949077,198083.1804412811,0.0,884774.0554536267,0.0,0.0,0.0,30,0,0.8170735957842321,0.8170735957842321,0.0,resolved,True,0.0015802980378536446,0.65098419717933,703.8107176727162,140931.78916790852,198083.18044128106,12
2024-10-17,494,20,1240191.3512521435,388698.4123415919,0.0,851492.9389105516,0.0,0.0,0.0,33,0,0.6865819037125622,0.6865819037125622,0.0,resolved,True,0.00037266063741725475,0.4965572948052581,0.0,0.0,388698.4123415919,14,1082722.7847119947,339054.8273727243,0.0,743667.9573392704,0.0,0.0,0.0,33,0,0.6868498269731035,0.6868498269731035,0.0,resolved,True,-0.0001241633508611839,0.49616837652327134,537.2795167404538,141469.06868464907,339054.8273727243,14
2024-10-18,494,20,1258545.6436838056,357332.32826682134,0.0,901213.3154169844,0.0,0.0,0.0,32,0,0.7160751935695415,0.7160751935695415,0.0,resolved,True,0.014799564932565401,0.60154486632663,0.0,0.0,357332.32826682134,21,1098103.2544762464,311670.30750927556,0.0,786432.9469669708,0.0,0.0,0.0,32,0,0.7161739515489092,0.7161739515489092,0.0,resolved,True,0.01420536261120886,0.6009833821254846,650.6984010605374,142119.7670857099,311670.30750927556,21
2024-10-21,494,20,1252986.7562068203,629145.0931802795,0.0,623841.6630265407,0.0,0.0,0.0,27,0,0.4978836846728556,0.4978836846728556,0.0,resolved,True,-0.00441691368515984,0.7838233173328909,0.0,0.0,629145.0931802795,12,1092396.7423890873,548328.8803479446,0.0,544067.8620411428,0.0,0.0,0.0,27,0,0.49804969287189427,0.49804969287189427,0.0,resolved,True,-0.005196699002482097,0.7833841700770353,860.2367066667647,142980.00379237664,548328.8803479446,12
2024-10-22,494,20,1248237.0870079189,277257.7785231498,0.0,970979.3084847691,0.0,0.0,0.0,28,0,0.7778805153212125,0.7778805153212125,0.0,resolved,True,-0.003790677894537464,0.7233938165854136,0.0,0.0,277257.7785231498,14,1087460.9424691568,241410.53445078072,0.0,846050.408018376,0.0,0.0,0.0,28,0,0.7780053287222977,0.7780053287222977,0.0,resolved,True,-0.004518321712618678,0.722661699044994,789.433285886114,143769.43707826277,241410.53445078072,14
2024-10-23,494,20,1242761.427436151,454190.9867781383,0.0,788570.4406580128,0.0,0.0,0.0,29,0,0.6345308304948392,0.6345308304948392,0.0,resolved,True,-0.00438671437402427,0.5859854453248176,0.0,0.0,454190.9867781383,12,1082043.8557991295,395161.0473692468,0.0,686882.8084298827,0.0,0.0,0.0,29,0,0.6348012649843978,0.6348012649843978,0.0,resolved,True,-0.00498140802898861,0.5855161727585204,636.7259690589151,144406.16304732166,395161.04736924684,12
2024-10-24,494,20,1244884.1052380512,258086.79418988313,0.0,986797.3110481681,0.0,0.0,0.0,31,0,0.792682071283631,0.792682071283631,0.0,resolved,True,0.0017080332194403525,0.5731412041307621,0.0,0.0,258086.79418988316,19,1083268.3036036089,224427.22530249035,0.0,858841.0783011185,0.0,0.0,0.0,31,0,0.7928239711658607,0.7928239711658607,0.0,resolved,True,0.0011316064482203014,0.5724519897674248,619.4181582678289,145025.58120558955,224427.22530249035,19
2024-10-25,494,20,1242172.9429449816,496486.31281848566,0.0,745686.630126496,0.0,0.0,0.0,24,0,0.6003082214611754,0.6003082214611754,0.0,resolved,True,-0.00217784312745406,0.6061392412622028,0.0,0.0,496486.31281848566,12,1080252.072629373,431383.16011879756,0.0,648868.9125105754,0.0,0.0,0.0,24,0,0.6006643532108249,0.6006643532108249,0.0,resolved,True,-0.002784380346218973,0.6055914266039046,656.0179973741016,145681.59920296358,431383.16011879756,12
2024-10-28,494,20,1251986.7941980553,298882.7647372942,0.0,953104.0294607611,0.0,0.0,0.0,27,0,0.7612732289810294,0.7612732289810294,0.0,resolved,True,0.00790055145606905,0.6403046226961713,0.0,0.0,298882.7647372942,15,1088118.7192288302,259553.22189394585,0.0,828565.4973348844,0.0,0.0,0.0,27,0,0.7614660814971587,0.7614660814971587,0.0,resolved,True,0.007282232359258067,0.6394481994914514,690.7652428397613,146372.36444580363,259553.22189394585,15
2024-10-29,494,20,1250402.1578974426,636799.3927110372,0.0,613602.7651864055,0.0,0.0,0.0,28,0,0.4907243332162683,0.4907243332162683,0.0,resolved,True,-0.0012656972964540936,0.7473578489681042,0.0,0.0,636799.3927110372,13,1085924.4060009506,553326.8219812938,0.0,532597.5840196568,0.0,0.0,0.0,28,0,0.49045548757948304,0.49045548757948304,0.0,resolved,True,-0.0020166119643955094,0.7473216077251837,813.1746306499581,147185.53907645354,553326.8219812938,13
2024-10-30,494,20,1248588.7357500242,245162.0218850943,0.0,1003426.71386493,0.0,0.0,0.0,30,0,0.803648699635412,0.803648699635412,0.0,resolved,True,-0.001450271127544811,0.7053422045265462,0.0,0.0,245162.0218850943,17,1083585.4293542956,212535.88504916616,0.0,871049.5443051293,0.0,0.0,0.0,30,0,0.803858672060757,0.803858672060757,0.0,resolved,True,-0.0021539037466415945,0.7049502501148677,765.5226816162091,147951.06175807,212535.88504916616,17
2024-10-31,494,20,1254136.0107979309,532693.1305061746,0.0,721442.8802917564,0.0,0.0,0.0,28,0,0.5752509090563039,0.5752509090563039,0.0,resolved,True,0.004442836050875032,0.6229874818821067,0.0,0.0,532693.1305061746,17,1087726.7221932884,462013.4960527787,0.0,625713.2261405097,0.0,0.0,0.0,28,0,0.5752485558861915,0.5752485558861915,0.0,resolved,True,0.003821842493268557,0.6227469613674956,674.7995335124813,148625.8612915825,462013.4960527787,17
2024-11-01,494,20,1252854.5031189818,523219.38641741686,0.0,729635.116701565,0.0,0.0,0.0,28,0,0.5823781731119919,0.5823781731119919,0.0,resolved,True,-0.0010218251193773176,0.8419441813585898,0.0,0.0,523219.38641741686,15,1085701.133317204,453440.0617692184,0.0,632261.0715479855,0.0,0.0,0.0,28,0,0.5823527784448401,0.5823527784448401,0.0,resolved,True,-0.0018622222243469544,0.841613873370429,915.4458998336125,149541.30719141624,453440.0617692184,15
2024-11-04,494,20,1256919.5119537427,387620.5422447168,0.0,869298.9697090259,0.0,0.0,0.0,29,0,0.691610689023195,0.691610689023195,0.0,resolved,True,0.003244597696413276,0.7270117371128063,0.0,0.0,387620.5422447168,15,1088434.9398238347,335556.12886865466,0.0,752878.81095518,0.0,0.0,0.0,29,0,0.691707683581928,0.691707683581928,0.0,resolved,True,0.002518010180460939,0.7266079691505536,788.8790955840684,150330.18628700002,335556.1288686546,15
2024-11-05,494,20,1271059.7669995197,480713.9559482898,0.0,790345.81105123,0.0,0.0,0.0,28,0,0.6218006671054742,0.6218006671054742,0.0,resolved,True,0.011249928823045652,0.6908433594473161,0.0,0.0,480713.95594828983,17,1099923.803157973,415967.3393844723,0.0,683956.4637735009,0.0,0.0,0.0,28,0,0.6218216769287152,0.6218216769287152,0.0,resolved,True,0.010555397400232147,0.6905370303436992,751.6046310682725,151081.79091806847,415967.3393844723,17
2024-11-06,494,20,1277822.932793,425669.0881377179,0.0,852153.8446552821,0.0,0.0,0.0,29,0,0.6668794422030663,0.6668794422030663,0.0,resolved,True,0.00532088731708158,0.7130923876425006,0.0,0.0,425669.0881377179,19,1104986.4107525533,367967.0063588042,0.0,737019.4043937491,0.0,0.0,0.0,29,0,0.6669940889968055,0.6669940889968055,0.0,resolved,True,0.004602689368158996,0.7126740298253159,783.8871292973802,151865.67804736577,367967.0063588042,19
2024-11-07,494,20,1289283.2320607065,519562.8895581141,0.0,769720.3425025924,0.0,0.0,0.0,26,0,0.5970141574495788,0.5970141574495788,0.0,resolved,True,0.008968612922493957,0.7397206243824348,0.0,0.0,519562.8895581141,21,1114079.0370047474,448872.02949197846,0.0,665207.0075127688,0.0,0.0,0.0,26,0,0.597091396047814,0.597091396047814,0.0,resolved,True,0.008228722239218778,0.7393038953649288,816.9207577946734,152682.59880516052,448872.02949197846,21
2024-11-08,494,20,1296563.8998379735,568707.006840656,0.0,727856.8929973176,0.0,0.0,0.0,24,0,0.5613737148537569,0.5613737148537569,0.0,resolved,True,0.005647066211843965,0.8440890793711404,0.0,0.0,568707.006840656,17,1119429.1293077446,490894.4810799863,0.0,628534.6482277582,0.0,0.0,0.0,24,0,0.5614778388127566,0.5614778388127566,0.0,resolved,True,0.004802255607807782,0.8435752236751062,939.8094728330259,153622.40827799353,490894.4810799863,17
2024-11-11,494,20,1292594.1839671198,535307.6105403948,0.0,757286.573426725,0.0,0.0,0.0,24,0,0.5858656822224944,0.5858656822224944,0.0,resolved,True,-0.003061720190844275,0.8514926395212893,0.0,0.0,535307.6105403948,12,1115046.7745197373,461789.83057570434,0.0,653256.9439440331,0.0,0.0,0.0,24,0,0.5858560904096584,0.5858560904096584,0.0,resolved,True,-0.003914812178165583,0.8510196266292166,952.656159661346,154575.06443765477,461789.83057570434,12
2024-11-12,494,20,1283951.546252287,363960.57410565065,0.0,919990.9721466363,0.0,0.0,0.0,24,0,0.7165309118026989,0.7165309118026989,0.0,resolved,True,-0.006686273094860695,0.6957080542371683,0.0,0.0,363960.57410565065,12,1106811.4200786715,313575.1757960875,0.0,793236.2442825839,0.0,0.0,0.0,24,0,0.7166859953669444,0.7166859953669444,0.0,resolved,True,-0.0073856582784277425,0.6952332266675297,775.2175669345794,155350.2820045896,313575.1757960875,12
2024-11-13,494,20,1269222.7320350097,452498.4204602502,0.0,816724.3115747594,0.0,0.0,0.0,25,0,0.6434838353905493,0.6434838353905493,0.0,resolved,True,-0.011471472003962369,0.6358954876054732,0.0,0.0,452498.4204602502,12,1093403.6066812577,389692.00245673204,0.0,703711.6042245256,0.0,0.0,0.0,25,0,0.6435972955681564,0.6435972955681564,0.0,resolved,True,-0.012113909518986388,0.6354686856894607,703.3439984234782,156053.6260030133,389692.002456732,12
2024-11-14,494,20,1251977.015698226,309085.73355299456,0.0,942891.2821452314,0.0,0.0,0.0,27,0,0.7531218786946996,0.7531218786946996,0.0,resolved,True,-0.013587620124903332,0.6000397997853041,0.0,0.0,309085.73355299456,13,1077875.035838659,265896.62521321897,0.0,811978.4106254398,0.0,0.0,0.0,27,0,0.7533140518405886,0.7533140518405886,0.0,resolved,True,-0.014202048308338489,0.5994725861090677,655.4654877581949,156709.09149077133,265896.62521321897,13
2024-11-15,494,20,1246045.7265732924,333398.9460284776,0.0,912646.7805448148,0.0,0.0,0.0,27,0,0.7324344212107314,0.7324344212107314,0.0,resolved,True,-0.004737538349796067,0.5131760979039688,0.0,0.0,333398.9460284776,7,1072221.5136574127,286660.6272343218,0.0,785560.8864230909,0.0,0.0,0.0,27,0,0.7326479430015306,0.7326479430015306,0.0,resolved,True,-0.0052450627329423405,0.5126555033331743,552.5785690281309,157261.6700597995,286660.6272343218,7
2024-11-18,494,20,1269348.2599824355,238809.06180078443,0.0,1030539.1981816511,0.0,0.0,0.0,31,0,0.8118648212397684,0.8118648212397684,0.0,resolved,True,0.01870118641089258,0.4592191085979417,0.0,0.0,238809.06180078443,15,1091812.464151362,205306.90195681492,0.0,886505.5621945472,0.0,0.0,0.0,31,0,0.8119577228710293,0.8119577228710293,0.0,resolved,True,0.0182713648666899,0.45875470794712175,491.88666735252707,157753.55672715232,205306.90195681492,15
2024-11-19,494,20,1314646.68105568,570908.8552957377,0.0,743737.8257599423,0.0,0.0,0.0,28,0,0.565732098576258,0.565732098576258,0.0,resolved,True,0.035686361656076304,0.6379005215698059,0.0,0.0,570908.8552957377,18,1130141.054670934,490898.2025490224,0.0,639242.8521219116,0.0,0.0,0.0,28,0,0.5656310329404337,0.5656310329404337,0.0,resolved,True,0.035105470745256495,0.6379221845934762,696.491392297822,158450.04811944987,490898.2025490224,18
2024-11-20,494,20,1316178.3148730178,462084.439437249,0.0,854093.8754357689,0.0,0.0,0.0,26,0,0.6489195770697453,0.6489195770697453,0.0,resolved,True,0.0011650535763023662,0.7857573518563014,0.0,0.0,462084.439437249,15,1130568.446534248,396784.59479667747,0.0,733783.8517375705,0.0,0.0,0.0,26,0,0.6490397410143377,0.6490397410143377,0.0,resolved,True,0.0003781756812988313,0.7853794600763006,887.5895713275204,159337.63769077725,396784.59479667747,15
2024-11-21,494,20,1327511.7104927648,512717.8380687893,0.0,814793.8724239756,0.0,0.0,0.0,25,0,0.6137752804617661,0.6137752804617661,0.0,resolved,True,0.0086108360027497,0.7406308601886413,0.0,0.0,512717.8380687893,14,1139464.2982652546,440001.5184160939,0.0,699462.7798491607,0.0,0.0,0.0,25,0,0.6138522996411894,0.6138522996411894,0.0,resolved,True,0.007868476922628265,0.7401853196344339,836.8301669665583,160174.46785774393,440001.5184160939,14
2024-11-22,494,20,1341219.8801106843,415575.83661450114,0.0,925644.0434961832,0.0,0.0,0.0,25,0,0.690150852386556,0.690150852386556,0.0,resolved,True,0.010326213704609177,0.6992734356661244,0.0,0.0,415575.8366145012,16,1150431.8568298935,356286.6673202907,0.0,794145.1895096028,0.0,0.0,0.0,25,0,0.6903018069213879,0.6903018069213879,0.0,resolved,True,0.009625188416465758,0.6987540270482521,796.2052670905563,160970.6731248345,356286.6673202907,16
2024-11-25,494,20,1347336.3193278583,551494.1091944084,0.0,795842.2101334498,0.0,0.0,0.0,24,0,0.5906782135365202,0.5906782135365202,0.0,resolved,True,0.00456035532120902,0.7210375868639086,0.0,0.0,551494.1091944084,15,1154849.3711004257,472590.5623085161,0.0,682258.8087919097,0.0,0.0,0.0,24,0,0.590777313358021,0.590777313358021,0.0,resolved,True,0.00383987477772485,0.7205940600449964,828.9943625181578,161799.66748735248,472590.5623085161,15
2024-11-26,494,20,1352170.002834984,431090.62833736534,0.0,921079.3744976188,0.0,0.0,0.0,25,0,0.6811860731760556,0.6811860731760556,0.0,resolved,True,0.003587584953946177,0.729279485334407,0.0,0.0,431090.62833736534,18,1158148.8703401894,369032.4135513716,0.0,789116.4567888179,0.0,0.0,0.0,25,0,0.6813601230358464,0.6813601230358464,0.0,resolved,True,0.002857081903780756,0.7286840000869789,841.5202592313901,162641.18774658395,369032.41355137154,18
2024-11-27,494,20,1347229.3493558161,594720.5352068793,0.0,752508.8141489369,0.0,0.0,0.0,25,0,0.5585602885720626,0.5585602885720626,0.0,resolved,True,-0.0036538700524411105,0.7586406749103387,0.0,0.0,594720.5352068793,16,1153029.483367633,508788.98740501876,0.0,644240.4959626144,0.0,0.0,0.0,25,0,0.558737226806198,0.558737226806198,0.0,resolved,True,-0.004420318582232574,0.7580735585697124,877.9620354922791,163519.14978207598,508788.98740501876,16
2024-11-29,494,20,1353103.353313146,391657.12665340974,0.0,961446.2266597361,0.0,0.0,0.0,26,0,0.7105489941367624,0.7105489941367624,0.0,resolved,True,0.004360062345834859,0.7321527417228025,0.0,0.0,391657.12665340974,22,1157217.7266627282,334703.639383276,0.0,822514.0872794522,0.0,0.0,0.0,26,0,0.7107686551358666,0.7107686551358666,0.0,resolved,True,0.0036323817868582076,0.7313944672920146,843.3193847596569,164362.46916683577,334703.639383276,22
2024-12-02,494,20,1353468.1620793145,854941.0751518093,0.0,498527.0869275052,0.0,0.0,0.0,23,0,0.36833307269055,0.36833307269055,0.0,resolved,True,0.00026960894396954593,0.9212882362258985,0.0,0.0,854941.0751518093,4,1156476.1221946846,730756.4584055819,0.0,425719.66378910263,0.0,0.0,0.0,23,0,0.3681179884468343,0.3681179884468343,0.0,resolved,True,-0.0006408512857665194,0.9210515807936119,1065.8572164650975,165428.3263833006,730756.458405582,4
2024-12-03,494,20,1348535.891366642,87667.78862308853,0.0,1260868.1027435535,0.0,0.0,0.0,30,0,0.9349903927775748,0.9349903927775748,0.0,resolved,True,-0.003644171950890285,0.6964396283446972,0.0,0.0,87667.78862308853,15,1151459.270656325,74797.04854391678,0.0,1076662.2221124081,0.0,0.0,0.0,30,0,0.9350415160570266,0.9350415160570266,0.0,resolved,True,-0.004338050256358916,0.6959921929996331,804.89835243799,166233.22473573862,74797.04854391678,15
2024-12-04,494,20,1345655.1293571696,572950.9811395463,0.0,772704.1482176234,0.0,0.0,0.0,28,0,0.5742215307325811,0.5742215307325811,0.0,resolved,True,-0.002136214562708405,0.4898785223233088,0.0,0.0,572950.9811395463,14,1148435.4598297873,488751.6705859358,0.0,659683.7892438513,0.0,0.0,0.0,28,0,0.5744195580147141,0.5744195580147141,0.0,resolved,True,-0.002626068419088856,0.48978131670578023,563.9632377151328,166797.1879734535,488751.6705859358,14
2024-12-05,494,20,1340575.2407316803,229897.04828087095,0.0,1110678.1924508093,0.0,0.0,0.0,30,0,0.8285086571079784,0.8285086571079784,0.0,resolved,True,-0.003775030105905408,0.5966224271771204,0.0,0.0,229897.04828087095,18,1143413.6340024178,196020.14193833037,0.0,947393.4920640875,0.0,0.0,0.0,30,0,0.8285658521910578,0.8285658521910578,0.0,resolved,True,-0.004372754066748974,0.5960106505043241,684.4797654753838,167481.66773892916,196020.14193833037,18
2024-12-06,494,20,1344426.0514646196,560897.740590804,0.0,783528.3108738154,0.0,0.0,0.0,27,0,0.5827976258123224,0.5827976258123224,0.0,resolved,True,0.0028725062316066197,0.589892133499393,0.0,0.0,560897.740590804,17,1146026.586088013,477791.46069520205,0.0,668235.1253928109,0.0,0.0,0.0,27,0,0.5830886765671347,0.5830886765671347,0.0,resolved,True,0.002285220333125393,0.5895452249303086,674.0940480463371,168155.7617869755,477791.46069520205,17
2024-12-09,494,20,1332658.5612715553,578333.7729394264,0.0,754324.788332129,0.0,0.0,0.0,26,0,0.5660300471955776,0.5660300471955776,0.0,resolved,True,-0.008752798400659345,0.8473738754832609,0.0,0.0,578333.7729394264,11,1135027.673294677,492877.3366078497,0.0,642150.3366868271,0.0,0.0,0.0,26,0,0.5657574275901478,0.5657574275901478,0.0,resolved,True,-0.009597432491405766,0.8470002927046155,970.684853863818,169126.44664083936,492877.3366078497,11
2024-12-10,494,20,1321392.549593112,296012.5346055643,0.0,1025380.0149875476,0.0,0.0,0.0,33,0,0.7759844077396126,0.7759844077396126,0.0,resolved,True,-0.008453787043317229,0.6560917649534587,0.0,0.0,296012.5346055643,13,1124691.828710858,251754.6104817294,0.0,872937.2182291286,0.0,0.0,0.0,33,0,0.776156806642496,0.776156806642496,0.0,resolved,True,-0.009106248972605924,0.6558356120025297,744.391568755022,169870.83820959416,251754.61048172938,13
2024-12-11,494,20,1325980.426690025,402044.2124745292,0.0,923936.2142154959,0.0,0.0,0.0,31,0,0.6967947607807976,0.6967947607807976,0.0,resolved,True,0.003472001638215483,0.5282735605668748,0.0,0.0,402044.21247452917,24,1128000.9866986687,341937.27565990906,0.0,786063.7110387596,0.0,0.0,0.0,31,0,0.696864382485462,0.696864382485462,0.0,resolved,True,0.0029422797457359096,0.5279514329450435,593.7826625894791,170464.62087218356,341937.27565990906,24
2024-12-12,494,20,1326412.6863156524,720147.5603769734,0.0,606265.125938679,0.0,0.0,0.0,25,0,0.4570712661250914,0.4570712661250914,0.0,resolved,True,0.0003259924633325362,0.8463109637694816,0.0,0.0,720147.5603769734,13,1127412.445862673,612083.1116312104,0.0,515329.3342314626,0.0,0.0,0.0,25,0,0.45709033648031366,0.45709033648031366,0.0,resolved,True,-0.0005217556038831228,0.8460023516570795,954.29148741858,171418.91235960188,612083.1116312104,13
2024-12-13,494,20,1326383.5648569802,293021.8835832476,0.0,1033361.6812737327,0.0,0.0,0.0,26,0,0.7790820910730727,0.7790820910730727,0.0,resolved,True,-2.195505137481124e-05,0.7638417925377965,0.0,0.0,293021.8835832476,17,1126527.4555773118,248765.8238653359,0.0,877761.6317119759,0.0,0.0,0.0,26,0,0.7791746462691841,0.7791746462691841,0.0,resolved,True,-0.0007849747344983449,0.763240180515155,860.4864786952593,172279.39883829746,248765.8238653359,17
2024-12-16,494,20,1327353.473273673,615529.6888271635,0.0,711823.7844465096,0.0,0.0,0.0,26,0,0.5362729663040902,0.5362729663040902,0.0,resolved,True,0.0007312427885801664,0.6849840396720978,0.0,0.0,615529.6888271635,14,1126582.6695739368,522248.39144923346,0.0,604334.2781247033,0.0,0.0,0.0,26,0,0.5364313640234294,0.5364313640234294,0.0,resolved,True,4.9012561879058225e-05,0.6846601610569343,771.2884691706209,173050.6873074681,522248.39144923346,14
2024-12-17,494,20,1318121.5235523025,386936.8156210008,0.0,931184.7079313018,0.0,0.0,0.0,26,0,0.7064482988046381,0.7064482988046381,0.0,resolved,True,-0.006955155433165605,0.7552370371817868,0.0,0.0,386936.8156210008,11,1117893.1786202155,328268.57542937156,0.0,789624.603190844,0.0,0.0,0.0,26,0,0.7063506766947587,0.7063506766947587,0.0,resolved,True,-0.007713140977934296,0.754781571163354,850.3238373864216,173901.0111448544,328268.57542937156,11
2024-12-18,494,20,1294279.8745959322,330309.0736785063,0.0,963970.800917426,0.0,0.0,0.0,33,0,0.744793162466791,0.744793162466791,0.0,resolved,True,-0.018087595514044597,0.5441424606788519,0.0,0.0,330309.0736785063,10,1097072.563218985,279741.5817978922,0.0,817330.9814210928,0.0,0.0,0.0,33,0,0.7450108669411201,0.7450108669411201,0.0,resolved,True,-0.018624870246483516,0.5438464513633243,607.9622381958704,174508.9733830503,279741.5817978922,10
2024-12-19,494,20,1286140.850376934,399208.43049961375,0.0,886932.4198773203,0.0,0.0,0.0,32,0,0.6896075337451444,0.6896075337451444,0.0,resolved,True,-0.006288457681179027,0.5636474138994646,0.0,0.0,399208.43049961375,20,1089554.7312427852,338209.47758379125,0.0,751345.2536589941,0.0,0.0,0.0,32,0,0.6895892717587327,0.6895892717587327,0.0,resolved,True,-0.006852629651170283,0.563326589331771,618.0101452876153,175126.98352833817,338209.47758379125,20
2024-12-20,494,20,1300022.536411148,530614.48005966,0.0,769408.0563514879,0.0,0.0,0.0,28,0,0.5918420910421457,0.5918420910421457,0.0,resolved,True,0.010793285999854296,0.7229557402571943,0.0,0.0,530614.48005966,18,1100526.706982112,448903.49243847653,0.0,651623.2145436356,0.0,0.0,0.0,28,0,0.5921012279025293,0.5921012279025293,0.0,resolved,True,0.01007014647792115,0.7225194188855828,787.2244512615745,175914.20797959992,448903.49243847653,18
2024-12-23,494,20,1301622.4475274696,458874.03029487684,0.0,842748.4172325927,0.0,0.0,0.0,28,0,0.6474599595554434,0.6474599595554434,0.0,resolved,True,0.0012306795240168977,0.7611318132115809,0.0,0.0,458874.0302948769,13,1101042.9177972754,388298.7485848239,0.0,712744.1692124516,0.0,0.0,0.0,28,0,0.647335501361158,0.647335501361158,0.0,resolved,True,0.0004690579627812941,0.7606743826486052,837.1424734219195,176751.3504530221,388298.7485848239,13
2024-12-24,494,20,1312901.6968671014,435244.9974383139,0.0,877656.6994287875,0.0,0.0,0.0,30,0,0.668486225223935,0.668486225223935,0.0,resolved,True,0.00866553074669052,0.6869265580288954,0.0,0.0,435244.9974383139,17,1109828.3123425494,367824.70270559523,0.0,742003.6096369543,0.0,0.0,0.0,30,0,0.668575131292861,0.668575131292861,0.0,resolved,True,0.007979157218367172,0.686715950056625,756.1037333482736,177507.4541863703,367824.7027055953,17
2024-12-26,494,20,1314980.5712671492,445565.31950304913,0.0,869415.2517641,0.0,0.0,0.0,27,0,0.6611620511824818,0.6611620511824818,0.0,resolved,True,0.001583419691671084,0.6708882462740257,0.0,0.0,445565.31950304913,15,1110840.0073149852,376242.34911440214,0.0,734597.6582005831,0.0,0.0,0.0,27,0,0.6612992450426605,0.6612992450426605,0.0,resolved,True,0.0009115779091095622,0.6704426308715026,744.0762135426189,178251.53039991308,376242.3491144022,15
2024-12-27,494,20,1305798.3948875715,521727.06233532325,0.0,784071.3325522483,0.0,0.0,0.0,29,0,0.6004535888710113,0.6004535888710113,0.0,resolved,True,-0.0069827468026615325,0.7355944285216821,0.0,0.0,521727.0623353233,8,1102264.168876109,440345.25199955935,0.0,661918.9168765496,0.0,0.0,0.0,29,0,0.6005084221792818,0.6005084221792818,0.0,resolved,True,-0.007720138257898079,0.7351666444237105,816.6525206693669,179068.18292058224,440345.25199955935,8
2024-12-30,494,20,1301636.2245817254,175506.68016331014,0.0,1126129.5444184153,0.0,0.0,0.0,34,0,0.8651645699091477,0.8651645699091477,0.0,resolved,True,-0.003187452459844975,0.5339520596965238,0.0,0.0,175506.68016331014,11,1098158.5532487424,147948.2529087402,0.0,950210.3003400022,0.0,0.0,0.0,34,0,0.8652760546543513,0.8652760546543513,0.0,resolved,True,-0.0037247111384857146,0.5334489793952414,588.0016959109043,179656.1846164932,147948.2529087402,11
2024-12-31,494,20,1293999.315555476,288654.72717456723,0.0,1005344.5883809086,0.0,0.0,0.0,34,0,0.7769282226778796,0.7769282226778796,0.0,resolved,True,-0.005867160795024473,0.3565984094265922,0.0,0.0,288654.72717456723,7,1091323.7042792004,243224.1431682718,0.0,848099.5611109287,0.0,0.0,0.0,34,0,0.7771292401928382,0.7771292401928382,0.0,resolved,True,-0.006223918166754716,0.3562946917617901,391.26806323533407,180047.45267972827,243224.1431682718,7
2025-01-02,494,20,1293812.4375976985,113417.60019828574,0.0,1180394.8373994129,0.0,0.0,0.0,37,0,0.912338452698078,0.912338452698078,0.0,resolved,True,-0.0001444189000185947,0.3107206646398075,0.0,0.0,113417.60019828574,21,1090821.3620830195,95536.06592947051,0.0,995285.2961535489,0.0,0.0,0.0,37,0,0.9124182297392526,0.9124182297392526,0.0,resolved,True,-0.0004603054017897623,0.31027719667924836,338.6128596333632,180386.0655393614,95536.06592947051,21
2025-01-03,494,20,1295041.5707237413,491757.3886380701,0.0,803284.1820856712,0.0,0.0,0.0,29,0,0.6202767542332648,0.6202767542332648,0.0,resolved,True,0.0009500087418583547,0.46774553347162234,0.0,0.0,491757.3886380701,14,1091334.25488467,414068.9497952736,0.0,677265.3050893965,0.0,0.0,0.0,29,0,0.6205846669414482,0.6205846669414482,0.0,resolved,True,0.0004701895465919481,0.46746797987062105,509.9240585326688,180895.98959789387,414068.9497952736,14
2025-01-06,494,20,1305698.027562696,226266.1729256193,0.0,1079431.8546370766,0.0,0.0,0.0,27,0,0.8267086507375805,0.8267086507375805,0.0,resolved,True,0.008228660052201464,0.5544405506322224,0.0,0.0,226266.1729256193,13,1099721.9081255621,190477.4047510195,0.0,909244.5033745427,0.0,0.0,0.0,27,0,0.8267949348434082,0.8267949348434082,0.0,resolved,True,0.00768568676677206,0.5537472727716038,604.3233673246159,181500.31296521836,190477.4047510195,13
2025-01-07,494,20,1310920.7337203664,697797.8556843658,0.0,613122.8780360004,0.0,0.0,0.0,31,0,0.4677040054862586,0.4677040054862586,0.0,resolved,True,0.003999934171164732,0.7077164927137919,0.0,0.0,697797.8556843658,15,1103352.4885773198,587402.0889639424,0.0,515950.3996133775,0.0,0.0,0.0,31,0,0.46762064250079516,0.46762064250079516,0.0,resolved,True,0.003301362303444355,0.7077036393709002,778.2771966763704,182278.59016189462,587402.0889639424,15
2025-01-08,494,20,1317805.214729115,246301.11346225336,0.0,1071504.1012668614,0.0,0.0,0.0,33,0,0.8130974815478458,0.8130974815478458,0.0,resolved,True,0.00525163789973071,0.7201800573153542,0.0,0.0,246301.11346225336,22,1108348.9532157343,206957.82661023404,0.0,901391.1266055004,0.0,0.0,0.0,33,0,0.813273765442037,0.813273765442037,0.0,resolved,True,0.004528439179810162,0.7196070825161764,793.9802652920885,183072.57042718655,206957.82661023404,22
2025-01-10,494,20,1298414.3081413582,687733.7033474498,0.0,610680.6047939084,0.0,0.0,0.0,24,0,0.4703280000573004,0.4703280000573004,0.0,resolved,True,-0.014714546862483524,0.7087806349299502,0.0,0.0,687733.7033474498,12,1091249.2002521458,577882.9915491908,0.0,513366.20870295493,0.0,0.0,0.0,24,0,0.47043902399592663,0.47043902399592663,0.0,resolved,True,-0.01542813110796537,0.7084524474523088,785.2125285368907,183857.78295572358,577882.9915491908,12
2025-01-13,494,20,1302764.8466619733,232332.54568410615,0.0,1070432.300977867,0.0,0.0,0.0,28,0,0.8216619474501454,0.8216619474501454,0.0,resolved,True,0.003350655097788202,0.708607601797459,0.0,0.0,232332.54568410615,9,1094129.2391491444,194981.62284206005,0.0,899147.6163070843,0.0,0.0,0.0,28,0,0.8217928779659626,0.8217928779659626,0.0,resolved,True,0.0026392128363834644,0.707888248922921,772.4824855050297,184630.2654412285,194981.62284206005,9
2025-01-14,494,20,1311462.1378647464,376459.0309791638,0.0,935003.1068855826,0.0,0.0,0.0,31,0,0.7129470839378599,0.7129470839378599,0.0,resolved,True,0.006676025397106766,0.4673073411699383,0.0,0.0,376459.0309791638,18,1100916.9692267575,315892.7757269717,0.0,785024.1934997857,0.0,0.0,0.0,31,0,0.7130639416441705,0.7130639416441705,0.0,resolved,True,0.006203773589755768,0.46703424278754824,510.99582071773796,185141.2612619463,315892.7757269717,18
2025-01-15,494,20,1330782.3391027846,469814.0449894052,0.0,860968.2941133796,0.0,0.0,0.0,27,0,0.6469640217000818,0.6469640217000818,0.0,resolved,True,0.014731802528050508,0.6452897506796701,0.0,0.0,469814.0449894052,17,1116428.5691616202,393838.0492694963,0.0,722590.519892124,0.0,0.0,0.0,27,0,0.6472339922604738,0.6472339922604738,0.0,resolved,True,0.014089709186477117,0.6447438816190053,709.8094800794905,185851.07074202568,393838.04926949623,17
2025-01-16,494,20,1336869.9063717823,598968.570339306,0.0,737901.3360324763,0.0,0.0,0.0,27,0,0.5519619616804109,0.5519619616804109,0.0,resolved,True,0.0045744274552830255,0.8031235341230084,0.0,0.0,598968.570339306,16,1120639.9562549167,502260.086483742,0.0,618379.8697711747,0.0,0.0,0.0,27,0,0.5518095855137519,0.5518095855137519,0.0,resolved,True,0.003772195740618711,0.802745002012006,896.2074539979048,186747.2781960235,502260.086483742,16
2025-01-17,494,20,1340207.1075805007,413084.02589316736,0.0,927123.0816873334,0.0,0.0,0.0,27,0,0.6917759773421027,0.6917759773421027,0.0,resolved,True,0.0024962796999263848,0.7570314743482784,0.0,0.0,413084.02589316736,15,1122590.7631496852,345806.71115202794,0.0,776784.0519976574,0.0,0.0,0.0,27,0,0.6919565682316965,0.6919565682316965,0.0,resolved,True,0.0017407971970657687,0.7566312332868061,847.9111921716299,187595.18938819543,345806.71115202794,15
2025-01-21,494,20,1353007.075770474,510286.1577250657,0.0,842720.9180454083,0.0,0.0,0.0,28,0,0.6228503406499322,0.6228503406499322,0.0,resolved,True,0.009550738925031776,0.6889757399400821,0.0,0.0,510286.1577250657,16,1132539.3226422728,427160.6677926553,0.0,705378.6548496174,0.0,0.0,0.0,28,0,0.6228292834936031,0.6228292834936031,0.0,resolved,True,0.008862142660674088,0.6886298474270912,773.0495059508299,188368.2388941463,427160.6677926553,16
2025-01-22,494,20,1354754.743053277,462400.6764765833,0.0,892354.0665766937,0.0,0.0,0.0,27,0,0.6586831093615895,0.6586831093615895,0.0,resolved,True,0.0012916911626701388,0.7189074259997875,0.0,0.0,462400.67647658335,15,1133192.7421790946,386625.10363320465,0.0,746567.6385458899,0.0,0.0,0.0,27,0,0.6588178786869596,0.6588178786869596,0.0,resolved,True,0.0005769508605646401,0.7185146099026739,813.7460496077516,189181.98494375416,386625.10363320465,15
2025-01-23,494,20,1359130.4448384135,480033.52006630553,0.0,879096.9247721081,0.0,0.0,0.0,28,0,0.646808353172181,0.646808353172181,0.0,resolved,True,0.003229884824226481,0.6956493058063616,0.0,0.0,480033.52006630553,15,1136065.4539321037,401270.87719286286,0.0,734794.5767392409,0.0,0.0,0.0,28,0,0.646788945298882,0.646788945298882,0.0,resolved,True,0.0025350601412121865,0.6953022069272274,787.911414511041,189969.89635826528,401270.8771928628,15
2025-01-24,494,20,1357899.9329557768,501473.0735392013,0.0,856426.8594165756,0.0,0.0,0.0,26,0,0.6306995373012271,0.6306995373012271,0.0,resolved,True,-0.0009053670214730358,0.7221577570666492,0.0,0.0,501473.0735392013,14,1134213.986940001,418786.05905805307,0.0,715427.9278819478,0.0,0.0,0.0,26,0,0.6307697983976576,0.6307697983976576,0.0,resolved,True,-0.0016297185920887136,0.7218556542403803,820.0752715080528,190789.97162977338,418786.05905805307,14
2025-01-27,494,20,1340187.857084663,399140.24054960464,0.0,941047.6165350582,0.0,0.0,0.0,27,0,0.7021759013562007,0.7021759013562007,0.0,resolved,True,-0.013043726891244223,0.6632398251382308,0.0,0.0,399140.24054960464,8,1118672.826017931,333063.02036785753,0.0,785609.8056500736,0.0,0.0,0.0,27,0,0.7022694995162787,0.7022694995162787,0.0,resolved,True,-0.013702141836566817,0.6628062400989382,751.7641081513281,191541.73573792455,333063.02036785753,8
2025-01-28,494,20,1346472.9525274443,203339.1259525746,0.0,1143133.8265748697,0.0,0.0,0.0,30,0,0.8489838763037239,0.8489838763037239,0.0,resolved,True,0.004689712273959534,0.44954844450893944,0.0,0.0,203339.1259525746,21,1123413.2708859537,169510.65625168878,0.0,953902.614634265,0.0,0.0,0.0,30,0,0.8491110434203718,0.8491110434203718,0.0,resolved,True,0.0042375614726397615,0.4491131052628288,502.4106266660566,192044.1463645906,169510.65625168878,21
2025-01-29,494,20,1350342.1246405873,670282.7703120089,0.0,680059.3543285785,0.0,0.0,0.0,24,0,0.503620039632242,0.503620039632242,0.0,resolved,True,0.0028735609622756453,0.6488224621406019,0.0,0.0,670282.7703120089,13,1125912.6903336612,558623.6481919135,0.0,567289.0421417478,0.0,0.0,0.0,24,0,0.5038481642600842,0.5038481642600842,0.0,resolved,True,0.0022248441535110963,0.6484916680618836,728.524145959689,192772.67051055026,558623.6481919135,13
2025-01-30,494,20,1362976.510222807,426615.03387700627,0.0,936361.4763458008,0.0,0.0,0.0,25,0,0.6869975156011551,0.6869975156011551,0.0,resolved,True,0.009356432974778617,0.8123110315328205,0.0,0.0,426615.03387700627,15,1135533.2502282315,355591.3881141187,0.0,779941.8621141128,0.0,0.0,0.0,25,0,0.6868507478379448,0.6868507478379448,0.0,resolved,True,0.008544676667352702,0.8117973319831827,914.0129180588726,193686.6834286091,355591.3881141187,15
2025-01-31,494,20,1357549.9703201905,580684.200348091,0.0,776865.7699720996,0.0,0.0,0.0,24,0,0.5722557452444043,0.5722557452444043,0.0,resolved,True,-0.0039813891596190976,0.739043722815466,0.0,0.0,580684.200348091,9,1130174.431613648,483321.63573581347,0.0,646852.7958778345,0.0,0.0,0.0,24,0,0.5723477525095544,0.5723477525095544,0.0,resolved,True,-0.004719208894593208,0.7388965430739322,839.0415931391459,194525.72502174848,483321.63573581347,9
2025-02-03,494,20,1354127.2939034349,247734.7803536078,0.0,1106392.513549827,0.0,0.0,0.0,28,0,0.817052073709051,0.817052073709051,0.0,resolved,True,-0.0025212157869579643,0.610230929846588,0.0,0.0,247734.7803536078,11,1126629.639973246,206068.4530894627,0.0,920561.1868837833,0.0,0.0,0.0,28,0,0.8170929950907769,0.8170929950907769,0.0,resolved,True,-0.003136499589130537,0.6097408554644501,689.1135247561546,195214.83854650464,206068.4530894627,11
2025-02-04,494,20,1351217.3627878125,359258.8654248781,0.0,991958.4973629345,0.0,0.0,0.0,31,0,0.7341220773809033,0.7341220773809033,0.0,resolved,True,-0.00214893468931876,0.44825449461900596,0.0,0.0,359258.8654248781,18,1123704.8688610387,298536.65756015247,0.0,825168.2113008861,0.0,0.0,0.0,31,0,0.7343282334775835,0.7343282334775835,0.0,resolved,True,-0.0025960360072514455,0.44797160099937905,504.6980835521691,195719.5366300567,298536.65756015247,18
2025-02-05,494,20,1361682.8179692554,588942.7083234251,0.0,772740.1096458302,0.0,0.0,0.0,28,0,0.5674890653303943,0.5674890653303943,0.0,resolved,True,0.007745204783226489,0.7017387430487045,0.0,0.0,588942.7083234251,16,1131617.7495302474,489412.10468402616,0.0,642205.6448462212,0.0,0.0,0.0,28,0,0.5675111097478022,0.5675111097478022,0.0,resolved,True,0.007041778396162934,0.7013767116899379,788.1404258317295,196507.67705588875,489412.1046840261,16
2025-02-06,494,20,1369165.970155847,400322.0699696834,0.0,968843.9001861636,0.0,0.0,0.0,27,0,0.707616111782185,0.707616111782185,0.0,resolved,True,0.0054955178165143614,0.7265016237543841,0.0,0.0,400322.0699696834,19,1137019.8993019639,332298.35980917,0.0,804721.5394927937,0.0,0.0,0.0,27,0,0.7077462232515246,0.7077462232515246,0.0,resolved,True,0.0047738291255672305,0.7259997226479822,821.5541723024932,197329.23122819126,332298.35980917,19
2025-02-07,494,20,1364505.6965234666,727841.6208021146,0.0,636664.0757213521,0.0,0.0,0.0,24,0,0.4665895330033918,0.4665895330033918,0.0,resolved,True,-0.0034037317125621414,0.8239787690920936,0.0,0.0,727841.6208021146,15,1132216.0323865188,604035.678912324,0.0,528180.3534741948,0.0,0.0,0.0,24,0,0.4665013905172147,0.4665013905172147,0.0,resolved,True,-0.004224962921400288,0.8237381889466567,936.6067126473118,198265.8379408388,604035.678912324,15
2025-02-10,494,20,1363260.2743275864,388110.88095956924,0.0,975149.3933680172,0.0,0.0,0.0,26,0,0.7153068359224354,0.7153068359224354,0.0,resolved,True,-0.0009127277365373887,0.817843783726918,0.0,0.0,388110.88095956924,13,1130260.843893217,321615.8483046475,0.0,808644.9955885693,0.0,0.0,0.0,26,0,0.7154498892513764,0.7154498892513764,0.0,resolved,True,-0.0017268687577057795,0.8173087169644426,925.3700327563972,199191.20797359504,321615.8483046475,13
2025-02-11,494,20,1350934.5220589668,468636.3250521672,0.0,882298.1970067996,0.0,0.0,0.0,27,0,0.6531021175342266,0.6531021175342266,0.0,resolved,True,-0.009041378598594552,0.6284546114529145,0.0,0.0,468636.3250521672,13,1119330.3988126467,388254.2766925036,0.0,731076.1221201431,0.0,0.0,0.0,27,0,0.6531370209329145,0.6531370209329145,0.0,resolved,True,-0.009670727902879372,0.6281182588946573,709.9374733630133,199901.1454469579,388254.2766925036,13
2025-02-12,494,20,1354118.0511933935,286756.54688689153,0.0,1067361.504306502,0.0,0.0,0.0,26,0,0.7882337166732464,0.7882337166732464,0.0,resolved,True,0.002356538442421785,0.5591632011799949,0.0,0.0,286756.54688689153,11,1121339.3938285394,237241.24952223484,0.0,884098.1443063046,0.0,0.0,0.0,26,0,0.7884304691087036,0.7884304691087036,0.0,resolved,True,0.0017948185969252073,0.5586778838456057,625.3451385327071,200526.49058549092,237241.24952223484,11
2025-02-13,494,20,1362199.5043460536,505970.8841736794,0.0,856228.6201723743,0.0,0.0,0.0,26,0,0.6285633032757717,0.6285633032757717,0.0,resolved,True,0.005968056585271775,0.5854197352748787,0.0,0.0,505970.8841736794,9,1127373.1934627995,418743.5675457967,0.0,708629.6259170029,0.0,0.0,0.0,26,0,0.6285670353225282,0.6285670353225282,0.0,resolved,True,0.005380886168333987,0.5851635813067342,656.1669755530298,201182.65756104386,418743.5675457967,9
2025-02-14,494,20,1362104.0322226058,252833.6700158131,0.0,1109270.3622067927,0.0,0.0,0.0,27,0,0.8143800590596203,0.8143800590596203,0.0,resolved,True,-7.008674070374532e-05,0.5570436281679382,0.0,0.0,252833.6700158131,13,1126664.4194422527,209031.86012141663,0.0,917632.559320836,0.0,0.0,0.0,27,0,0.8144683931486036,0.8144683931486036,0.0,resolved,True,-0.0006286951159178988,0.5566624673756186,627.5663435261324,201810.22390457,209031.86012141663,13
2025-02-18,494,20,1376097.6128181405,508768.7979553873,0.0,867328.8148627533,0.0,0.0,0.0,25,0,0.6302814617100683,0.6302814617100683,0.0,resolved,True,0.010273503539007134,0.5591367839418685,0.0,0.0,508768.7979553873,18,1137613.8853107379,420479.1249458764,0.0,717134.7603648615,0.0,0.0,0.0,25,0,0.6303850274902164,0.6303850274902164,0.0,resolved,True,0.00971848021428201,0.558926909546783,629.7230620551798,202439.94696662496,420479.1249458764,18
2025-02-19,494,20,1372263.2632047385,632443.0096575993,0.0,739820.2535471393,0.0,0.0,0.0,24,0,0.5391241413979031,0.5391241413979031,0.0,resolved,True,-0.002786393623305239,0.8293102153384845,0.0,0.0,632443.0096575993,12,1133494.593380079,522481.77981187246,0.0,611012.8135682064,0.0,0.0,0.0,24,0,0.5390522523324679,0.5390522523324679,0.0,resolved,True,-0.0036209930134016854,0.8289841242741762,943.0638504764652,203383.01081710134,522481.77981187246,12
2025-02-20,494,20,1362453.279208681,353453.4898439207,0.0,1008999.7893647604,0.0,0.0,0.0,26,0,0.7405756988238099,0.7405756988238099,0.0,resolved,True,-0.007148762383354601,0.7184455970927104,0.0,0.0,353453.4898439207,9,1124580.1543449287,291597.3262497215,0.0,832982.8280952071,0.0,0.0,0.0,26,0,0.7407056090016297,0.7407056090016297,0.0,resolved,True,-0.007864562466563974,0.7179999271369888,813.8490354570674,204196.85985255815,291597.3262497215,9
2025-02-21,494,20,1330916.745842407,316432.2482010459,0.0,1014484.4976413611,0.0,0.0,0.0,33,0,0.7622448968430708,0.7622448968430708,0.0,resolved,True,-0.023146873252483657,0.49167611709521547,0.0,0.0,316432.2482010459,6,1098003.2444089616,260962.4834808604,0.0,837040.7609281011,0.0,0.0,0.0,33,0,0.7623299522932352,0.7623299522932352,0.0,resolved,True,-0.023632739590223495,0.49132089454254235,552.5297274175406,204749.38957997548,260962.4834808604,6
2025-02-24,494,20,1319683.2836092343,204548.16013110545,0.0,1115135.1234781288,0.0,0.0,0.0,34,0,0.8450020829454764,0.8450020829454764,0.0,resolved,True,-0.008440394388502859,0.3914447766621156,0.0,0.0,204548.16013110545,9,1088306.9976652889,168613.84756209725,0.0,919693.1501031915,0.0,0.0,0.0,34,0,0.8450677539298935,0.8450677539298935,0.0,resolved,True,-0.0088307997203525,0.39115040331473316,429.484411891451,205178.8739918671,168613.84756209725,9
2025-02-25,494,20,1315180.204379994,274012.65440556145,0.0,1041167.5499744326,0.0,0.0,0.0,31,0,0.791653909104618,0.791653909104618,0.0,resolved,True,-0.0034122423805541535,0.36263308058873006,0.0,0.0,274012.65440556145,10,1084207.9885941574,225655.72175700896,0.0,858552.2668371485,0.0,0.0,0.0,31,0,0.7918704490919622,0.7918704490919622,0.0,resolved,True,-0.0037664088165608733,0.36233067173715133,394.3270055203059,205573.2009973872,225655.72175700893,10
2025-02-26,494,20,1343047.630575738,493422.69649526494,0.0,849624.9340804729,0.0,0.0,0.0,29,0,0.6326096816955445,0.6326096816955445,0.0,resolved,True,0.021189055387950573,0.5835210630033884,0.0,0.0,493422.696495265,23,1106550.5425307925,406701.4323480793,0.0,699849.1101827133,0.0,0.0,0.0,29,0,0.6324601392197485,0.6324601392197485,0.0,resolved,True,0.020607258175256327,0.5834109681987272,632.5388323545118,206205.73982974174,406701.4323480793,23
2025-02-27,494,20,1328582.940613173,652565.3263343452,0.0,676017.6142788277,0.0,0.0,0.0,23,0,0.508826053394024,0.508826053394024,0.0,resolved,True,-0.010770049872590337,0.8532742970093691,0.0,0.0,652565.3263343452,10,1093696.400292416,536920.3016517356,0.0,556776.0986406807,0.0,0.0,0.0,23,0,0.5090773806074687,0.5090773806074687,0.0,resolved,True,-0.011616407696098285,0.8528782557582569,943.7528966220158,207149.49272636382,536920.3016517356,10
2025-02-28,494,20,1347937.2987766624,271956.9353385507,0.0,1075980.3634381117,0.0,0.0,0.0,29,0,0.798242147030601,0.798242147030601,0.0,resolved,True,0.014567670238605501,0.6958709414454822,0.0,0.0,271956.9353385507,16,1108862.1399933603,223838.9894168405,0.0,885023.1505765199,0.0,0.0,0.0,29,0,0.7981363225024702,0.7981363225024702,0.0,resolved,True,0.013866498689114604,0.69529987480986,760.4469702033116,207909.93969656702,223838.9894168405,16
2025-03-03,494,20,1331744.6943050055,638350.4891652334,0.0,693394.2051397719,0.0,0.0,0.0,27,0,0.5206660166208749,0.5206660166208749,0.0,resolved,True,-0.012012876627386704,0.6753336563428761,0.0,0.0,638350.4891652334,10,1094804.3795510526,524488.9291242517,0.0,570315.4504268009,0.0,0.0,0.0,27,0,0.5209290911502114,0.5209290911502114,0.0,resolved,True,-0.012677644889554807,0.6751329043614013,748.6293171101161,208658.5690136774,524488.9291242517,10
2025-03-04,494,20,1327369.746171615,234066.86832756654,0.0,1093302.8778440487,0.0,0.0,0.0,34,0,0.8236611396314708,0.8236611396314708,0.0,resolved,True,-0.0032851252586919566,0.6550935485033687,0.0,0.0,234066.86832756654,16,1090476.2694608103,192381.3445236171,0.0,898094.9249371932,0.0,0.0,0.0,34,0,0.8235804391976904,0.8235804391976904,0.0,resolved,True,-0.003953318210160095,0.6544903326893731,716.5388826021506,209375.10789627957,192381.34452361707,16
2025-03-05,494,20,1347502.3552608762,496441.21319125843,0.0,851061.1420696178,0.0,0.0,0.0,30,0,0.6315841592016012,0.6315841592016012,0.0,resolved,True,0.015167295433188288,0.5503425730665849,0.0,0.0,496441.21319125843,21,1106412.6577328767,407367.9951715151,0.0,699044.6625613617,0.0,0.0,0.0,30,0,0.6318118811056962,0.6318118811056962,0.0,resolved,True,0.014614154125468737,0.5501861371154464,599.9649263107059,209975.07282259033,407367.99517151504,21
2025-03-06,494,20,1307746.9681703043,513859.0866325584,0.0,793887.8815377459,0.0,0.0,0.0,25,0,0.6070653581009565,0.6070653581009565,0.0,resolved,True,-0.029503018629511213,0.7497577246373149,0.0,0.0,513859.0866325584,5,1072942.5048218425,421581.31670624355,0.0,651361.1881155991,0.0,0.0,0.0,25,0,0.6070793031204919,0.6070793031204919,0.0,resolved,True,-0.030251057484842137,0.7492361447330675,828.964354163647,210804.0371767542,421581.31670624355,5
2025-03-07,494,20,1315547.148724378,123200.75237052237,0.0,1192346.3963538557,0.0,0.0,0.0,32,0,0.9063501809950452,0.9063501809950452,0.0,resolved,True,0.005964594637896337,0.4871430441122755,0.0,0.0,123200.75237052237,11,1078814.954894119,100975.06688024767,0.0,977839.8880138714,0.0,0.0,0.0,32,0,0.906401865841619,0.906401865841619,0.0,resolved,True,0.005473219716700006,0.48673279064443437,522.2362995729649,211326.27347632736,100975.06688024767,11
2025-03-10,494,20,1255107.077222172,381749.0221139483,0.0,873358.0551082236,0.0,0.0,0.0,31,0,0.6958434630463219,0.6958434630463219,0.0,resolved,True,-0.045942915509194715,0.3838325178798014,0.0,0.0,381749.0221139483,2,1028837.5389996618,312850.3930656392,0.0,715987.1459340226,0.0,0.0,0.0,31,0,0.6959185671142759,0.6959185671142759,0.0,resolved,True,-0.04632621717721941,0.3837894046903139,414.03774930982104,211740.31122563698,312850.3930656392,2
2025-03-11,494,20,1269251.0790201703,48936.96888954223,0.0,1220314.110130628,0.0,0.0,0.0,32,0,0.961444217225074,0.961444217225074,0.0,resolved,True,0.011269159464308176,0.3431468109929663,0.0,0.0,48936.96888954223,18,1040076.1149054717,40076.29402779897,0.0,999999.8208776728,0.0,0.0,0.0,32,0,0.9614679219593065,0.9614679219593065,0.0,resolved,True,0.010923567113168442,0.34276963298943336,352.65426564866596,212092.96549128546,40076.29402779897,18
2025-03-12,494,20,1296784.8755470924,642159.1550619128,0.0,654625.7204851795,0.0,0.0,0.0,27,0,0.5048067207053163,0.5048067207053163,0.0,resolved,True,0.021692947110336647,0.5444912636867422,0.0,0.0,642159.1550619128,15,1062072.7970842987,525584.0658062057,0.0,536488.731278093,0.0,0.0,0.0,27,0,0.5051336713932527,0.5051336713932527,0.0,resolved,True,0.0211491080927535,0.5443317326863837,566.1464337522185,212659.11192503793,525584.0658062057,15
2025-03-13,494,20,1278787.570721425,369948.05982937734,0.0,908839.5108920478,0.0,0.0,0.0,25,0,0.7107040541372545,0.7107040541372545,0.0,resolved,True,-0.01387840432521592,0.7804742590511008,0.0,0.0,369948.05982937734,6,1046508.3119779923,302956.0424124634,0.0,743552.2695655288,0.0,0.0,0.0,25,0,0.7105077533117248,0.7105077533117248,0.0,resolved,True,-0.014654819470977354,0.7799072820503083,828.3183085135844,213487.43023355125,302956.0424124634,6
2025-03-14,494,20,1305241.4558281584,212775.00016298957,0.0,1092466.4556651688,0.0,0.0,0.0,30,0,0.8369841846403916,0.8369841846403916,0.0,resolved,True,0.020686692389267902,0.45568401924928364,0.0,0.0,212775.00016298957,18,1067678.9835137003,173878.69193195505,0.0,893800.2915817451,0.0,0.0,0.0,30,0,0.8371432849977758,0.8371432849977758,0.0,resolved,True,0.020229816900062314,0.45552063776641727,476.7061337000716,213964.13636725149,173878.69193195505,18
2025-03-17,494,20,1318596.444336113,772433.1769151706,0.0,546163.2674209423,0.0,0.0,0.0,26,0,0.4142004703311062,0.4142004703311062,0.0,resolved,True,0.010231814541533213,0.75480913717459,0.0,0.0,772433.1769151706,17,1077796.5183381152,631438.7406527778,0.0,446357.7776853373,0.0,0.0,0.0,26,0,0.41413919055295234,0.41413919055295234,0.0,resolved,True,0.009476195542519994,0.7546985665648952,805.7757984092534,214769.9121656605,631438.7406527778,17
2025-03-18,494,20,1312598.663368336,286745.147440257,0.0,1025853.5159280788,0.0,0.0,0.0,27,0,0.7815439285116871,0.7815439285116871,0.0,resolved,True,-0.004548609996288033,0.803261929686685,0.0,0.0,286745.147440257,7,1072030.243731074,234046.43887024172,0.0,837983.8048608323,0.0,0.0,0.0,27,0,0.7816792574287168,0.7816792574287168,0.0,resolved,True,-0.005350058669638669,0.8026456177867362,865.0886523098898,215635.00081797037,234046.43887024172,7
2025-03-19,494,20,1334341.600937332,278390.0492289576,0.0,1055951.5517083744,0.0,0.0,0.0,31,0,0.7913652328358813,0.7913652328358813,0.0,resolved,True,0.01656480246079206,0.4305468323569578,0.0,0.0,278390.0492289576,23,1089325.580320772,227149.283238988,0.0,862176.2970817841,0.0,0.0,0.0,31,0,0.7914771420569233,0.7914771420569233,0.0,resolved,True,0.016133254346914372,0.43020174928812593,461.18928614288484,216096.19010411328,227149.283238988,23
2025-03-20,494,20,1330072.1940645946,739619.4441062112,0.0,590452.7499583834,0.0,0.0,0.0,25,0,0.4439253392359154,0.4439253392359154,0.0,resolved,True,-0.003199635587872174,0.7629301916541076,0.0,0.0,739619.4441062112,11,1085007.212859419,603293.3669034586,0.0,481713.8459559603,0.0,0.0,0.0,25,0,0.44397294344841787,0.44397294344841787,0.0,resolved,True,-0.003964257830135098,0.7626917425376943,830.8196250457341,216927.00972915898,603293.3669034586,11
2025-03-21,494,20,1335668.4819291933,270381.2741844471,0.0,1065287.2077447462,0.0,0.0,0.0,30,0,0.7975685749551283,0.7975685749551283,0.0,resolved,True,0.004207506847802689,0.7593578174160436,0.0,0.0,270381.2741844471,18,1088747.1900670875,220359.56219042075,0.0,868387.6278766668,0.0,0.0,0.0,30,0,0.7976026352115385,0.7976026352115385,0.0,resolved,True,0.003446960686843914,0.7587699038334902,823.2708185599853,217750.28054771895,220359.56219042075,18
2025-03-24,494,20,1358802.7269604967,659184.5023169115,0.0,699618.2246435853,0.0,0.0,0.0,27,0,0.5148784372905697,0.5148784372905697,0.0,resolved,True,0.017320349580974836,0.6959554628096983,0.0,0.0,659184.5023169115,15,1106845.2807920142,536905.3780167508,0.0,569939.9027752634,0.0,0.0,0.0,27,0,0.5149228285704369,0.5149228285704369,0.0,resolved,True,0.016622858722428857,0.695829344513451,757.5822436052437,218507.8627913242,536905.3780167508,15
2025-03-25,495,20,1359509.8428584759,471638.21182066435,0.0,887871.6310378115,0.0,0.0,0.0,28,0,0.6530821646506008,0.6530821646506008,0.0,resolved,True,0.0005203962900197645,0.8322199328132872,0.0,0.0,471638.21182066435,13,1106501.0786192403,383868.6166891549,0.0,722632.4619300854,0.0,0.0,0.0,28,0,0.6530788590209332,0.6530788590209332,0.0,resolved,True,-0.0003109758687570574,0.8317529961438663,920.6218785664554,219428.48466989037,383868.6166891549,13
2025-03-26,495,20,1362483.4518892309,407067.9795159592,0.0,955415.4723732716,0.0,0.0,0.0,29,0,0.701230881775837,0.701230881775837,0.0,resolved,True,0.002187265540132266,0.6463404409703086,0.0,0.0,407067.9795159592,22,1108206.2577727875,330990.8504883528,0.0,777215.4072844345,0.0,0.0,0.0,29,0,0.701327394456732,0.701327394456732,0.0,resolved,True,0.001541055120953816,0.6460068752129838,714.8073042186113,220143.2919741091,330990.8504883528,22
2025-03-27,495,20,1357326.056060116,708660.5526311044,0.0,648665.5034290117,0.0,0.0,0.0,23,0,0.47789954413155555,0.47789954413155555,0.0,resolved,True,-0.0037852906190997127,0.8188932721347799,0.0,0.0,708660.5526311044,6,1103107.7190355454,575935.0862671243,0.0,527172.6327684211,0.0,0.0,0.0,23,0,0.4778976918313397,0.4778976918313397,0.0,resolved,True,-0.004600712819912145,0.8185947171839905,907.1717881630427,221050.46376227235,575935.0862671243,6
2025-03-28,496,20,1334938.687768389,161613.01642674254,0.0,1173325.6713416465,0.0,0.0,0.0,28,0,0.8789360006511533,0.8789360006511533,0.0,resolved,True,-0.016493729116724087,0.641167658406244,0.0,0.0,161613.01642674254,5,1084209.8867010772,131245.828290305,0.0,952964.0584107722,0.0,0.0,0.0,28,0,0.8789479510377401,0.8789479510377401,0.0,resolved,True,-0.017131447825413315,0.6406780768919736,706.7369320363852,221757.20069430876,131245.828290305,5
2025-03-31,497,20,1330281.2903974615,196709.4264883598,0.0,1133571.8639091018,0.0,0.0,0.0,32,0,0.8521294496823398,0.8521294496823398,0.0,resolved,True,-0.0034888474007096493,0.2684186518813897,0.0,0.0,196709.4264883598,8,1080131.6656405427,159556.11429646355,0.0,920575.5513440793,0.0,0.0,0.0,32,0,0.8522808659610558,0.8522808659610558,0.0,resolved,True,-0.0037614682457317583,0.2682419218553963,290.8305437033185,222048.0312380123,159556.11429646355,8
2025-04-01,497,20,1354937.776370078,232324.3020921196,0.0,1122613.4742779585,0.0,0.0,0.0,32,0,0.8285350765593651,0.8285350765593651,0.0,resolved,True,0.01853479121340551,0.3225135403146895,0.0,0.0,232324.3020921196,20,1099806.7269249994,188463.37435747636,0.0,911343.352567523,0.0,0.0,0.0,32,0,0.8286395511651308,0.8286395511651308,0.0,resolved,True,0.018215428646644494,0.3222280718493189,348.0487439627453,222396.0799819748,188463.37435747636,20
2025-04-02,497,20,1369159.9445832432,653659.8917977505,0.0,715500.0527854929,0.0,0.0,0.0,27,0,0.522583249397705,0.522583249397705,0.0,resolved,True,0.010496547119135391,0.6538929014610924,0.0,0.0,653659.8917977505,19,1110627.0894281336,530091.1510054016,0.0,580535.9384227319,0.0,0.0,0.0,27,0,0.5227100472775721,0.5227100472775721,0.0,resolved,True,0.009838421822884635,0.6536574603852404,718.8968720363998,223114.97685401113,530091.1510054016,19
2025-04-03,497,20,1309607.0184282414,514235.6619034331,0.0,795371.3565248082,0.0,0.0,0.0,23,0,0.6073358994970824,0.6073358994970824,0.0,resolved,True,-0.04349595997940847,0.8530015491043882,0.0,0.0,514235.66190343304,13,1061357.8277213024,416866.27842770796,0.0,644491.5492935943,0.0,0.0,0.0,23,0,0.6072330485160644,0.6072330485160644,0.0,resolved,True,-0.04436166034109623,0.8525320158481086,946.845151405683,224061.82200541694,416866.27842770796,13
2025-04-04,497,20,1256585.3120948467,391091.90710629174,0.0,865493.4049885551,0.0,0.0,0.0,26,0,0.6887661320389744,0.6887661320389744,0.0,resolved,True,-0.040486730436913865,0.6912971267489677,0.0,0.0,391091.90710629174,3,1017659.911111963,316537.0078022188,0.0,701122.9033097442,0.0,0.0,0.0,26,0,0.688956001562104,0.688956001562104,0.0,resolved,True,-0.04117170992478314,0.6909108983888774,733.3036902629921,224795.12569567983,316537.0078022188,3
2025-04-07,497,20,1280609.9940715898,81158.3274460053,0.0,1199451.6666255845,0.0,0.0,0.0,34,0,0.9366252584145706,0.9366252584145706,0.0,resolved,True,0.019119021800988234,0.37582027261245915,0.0,0.0,81158.3274460053,23,1036729.0449219564,65669.0588817917,0.0,971059.9860401647,0.0,0.0,0.0,34,0,0.9366574523946755,0.9366574523946755,0.0,resolved,True,0.018738218536246798,0.375327333345892,381.955580690671,225177.08127637033,65669.0588817917,23
2025-04-08,497,20,1284172.622179129,880943.2174417848,0.0,403229.40473734407,0.0,0.0,0.0,29,0,0.31399937810003997,0.31399937810003997,0.0,resolved,True,0.002781977435778238,0.7512838017364442,0.0,0.0,880943.2174417848,10,1038833.0034675519,712445.9512614614,0.0,326387.0522060906,0.0,0.0,0.0,29,0,0.31418625622851165,0.31418625622851165,0.0,resolved,True,0.0020294198912444994,0.7511727096030392,778.762565798197,225955.8438421683,712445.9512614612,10
2025-04-09,497,20,1379293.7818026184,118449.39304135612,0.0,1260844.3887612622,0.0,0.0,0.0,33,0,0.9141231588193248,0.9141231588193248,0.0,resolved,True,0.07407194171611997,0.7782385274553337,0.0,0.0,118449.39304135612,16,1114937.8872222384,95774.16287579018,0.0,1019163.7243464481,0.0,0.0,0.0,33,0,0.9140991045569341,0.9140991045569341,0.0,resolved,True,0.07325997874600998,0.7774148946533175,807.6042499531166,226763.44809212143,95774.16287579018,16
2025-04-10,497,20,1324421.8915737437,704774.2064888445,0.0,619647.6850848992,0.0,0.0,0.0,32,0,0.4678627626341959,0.4678627626341959,0.0,resolved,True,-0.039782598133054625,0.5968442766807199,0.0,0.0,704774.2064888445,12,1069918.9816236831,569134.466712132,0.0,500784.51491155114,0.0,0.0,0.0,32,0,0.46805835162544057,0.46805835162544057,0.0,resolved,True,-0.04037794940372463,0.5967889896827808,665.3826552744149,227428.830747396,569134.466712132,12
2025-04-11,497,20,1339646.6366294348,68567.07776659186,0.0,1271079.5588628429,0.0,0.0,0.0,29,0,0.9488170418289502,0.9488170418289502,0.0,resolved,True,0.011495389160020908,0.5839085635593916,0.0,0.0,68567.07776659186,15,1081588.6606257083,55335.156109068426,0.0,1026253.50451664,0.0,0.0,0.0,29,0,0.9488390012548241,0.9488390012548241,0.0,resolved,True,0.010907067920521873,0.5831810241558139,623.956447467045,228052.78719486293,55335.156109068426,15
2025-04-14,497,20,1360115.5122398816,624755.4024562293,0.0,735360.1097836522,0.0,0.0,0.0,25,0,0.5406600418611782,0.5406600418611782,0.0,resolved,True,0.015279309521462059,0.5175413137058498,0.0,0.0,624755.4024562293,11,1097556.1118840459,503877.7292308621,0.0,593678.3826531839,0.0,0.0,0.0,25,0,0.5409093678446069,0.5409093678446069,0.0,resolved,True,0.014762961040198253,0.5174443926319188,559.661987575039,228612.4491824381,503877.7292308621,11
2025-04-15,497,20,1362067.8765266207,338519.3858149862,0.0,1023548.4907116344,0.0,0.0,0.0,28,0,0.7514665813290912,0.7514665813290912,0.0,resolved,True,0.0014354400557670122,0.7082301316340869,0.0,0.0,338519.3858149862,12,1098355.8542529428,273029.4777072425,0.0,825326.3765457004,0.0,0.0,0.0,28,0,0.75141983661302,0.75141983661302,0.0,resolved,True,0.0007286573872966606,0.7076423036180687,776.6771353637173,229389.12631780183,273029.4777072425,12
2025-04-16,497,20,1349033.3439444797,502575.1838493021,0.0,846458.1600951776,0.0,0.0,0.0,29,0,0.6274553285837937,0.6274553285837937,0.0,resolved,True,-0.00956966448352048,0.6175129625765378,0.0,0.0,502575.1838493021,18,1087168.941193879,404833.1486532665,0.0,682335.7925406127,0.0,0.0,0.0,29,0,0.627626274708789,0.627626274708789,0.0,resolved,True,-0.010185144473666585,0.6172818266514445,677.9951080265633,230067.12142582837,404833.1486532665,18
2025-04-17,497,20,1353029.374505103,451022.12249867385,0.0,902007.2520064292,0.0,0.0,0.0,26,0,0.6666575530456285,0.6666575530456285,0.0,resolved,True,0.0029621436553519676,0.7068745265848831,0.0,0.0,451022.12249867385,7,1089621.3214473044,363042.9008332427,0.0,726578.4206140618,0.0,0.0,0.0,26,0,0.666817367017905,0.666817367017905,0.0,resolved,True,0.0022557490013761505,0.706270201419216,767.8350270737164,230834.95645290223,363042.9008332427,7
2025-04-21,497,20,1328663.5689527174,187023.26509402227,0.0,1141640.303858695,0.0,0.0,0.0,30,0,0.8592395626219824,0.8592395626219824,0.0,resolved,True,-0.01800833449111039,0.47156802329297076,0.0,0.0,187023.26509402227,7,1069489.607158925,150558.79223625673,0.0,918930.8149226682,0.0,0.0,0.0,30,0,0.8592236977073459,0.8592236977073459,0.0,resolved,True,-0.01847588138385481,0.47116343287841306,513.3897223506248,231348.34617525293,150558.79223625673,7
2025-04-22,497,20,1371232.4110864955,265651.6406340337,0.0,1105580.7704524617,0.0,0.0,0.0,34,0,0.8062679685177914,0.8062679685177914,0.0,resolved,True,0.032038841982648725,0.34069941880386245,0.0,0.0,265651.6406340337,19,1103391.8194813286,213770.45350805312,0.0,889621.3659732754,0.0,0.0,0.0,34,0,0.8062606141048424,0.8062606141048424,0.0,resolved,True,0.03169943129458175,0.3407165617685659,364.3928217984036,231712.73899705123,213770.4535080531,19
2025-04-23,497,20,1408252.7961428864,632913.1658587952,0.0,775339.6302840912,0.0,0.0,0.0,30,0,0.5505685004906055,0.5505685004906055,0.0,resolved,True,0.026997892375558497,0.6552972342455439,0.0,0.0,632913.1658587952,20,1132454.7379372953,508843.8253522181,0.0,623610.9125850773,0.0,0.0,0.0,30,0,0.5506718208631902,0.5506718208631902,0.0,resolved,True,0.026339617480242383,0.6551707764899061,722.9100751421914,232435.64907219363,508843.8253522181,20
2025-04-24,497,20,1423743.029317249,584661.3984740722,0.0,839081.6308431767,0.0,0.0,0.0,26,0,0.5893490704186664,0.5893490704186664,0.0,resolved,True,0.010999611161284006,0.8645994296391423,0.0,0.0,584661.3984740722,6,1143932.84206668,469787.3558046417,0.0,674145.4862620384,0.0,0.0,0.0,26,0,0.5893226083483162,0.5893226083483162,0.0,resolved,True,0.010135596368550326,0.8641344068751653,978.5931032804157,233414.24217547406,469787.35580464173,6
2025-04-25,497,20,1416358.256653505,155264.73216439044,0.0,1261093.5244891145,0.0,0.0,0.0,34,0,0.8903775005829093,0.8903775005829093,0.0,resolved,True,-0.0051868718663967694,0.5197048311402732,0.0,0.0,155264.73216439044,8,1137406.10174387,124599.22186076856,0.0,1012806.8798831014,0.0,0.0,0.0,34,0,0.8904531796780999,0.8904531796780999,0.0,resolved,True,-0.005705527529936694,0.5192979532786445,594.0419835734499,234008.2841590477,124599.22186076856,8
2025-04-28,497,20,1422617.9968668888,254034.41670138796,0.0,1168583.5801655008,0.0,0.0,0.0,35,0,0.8214317425613465,0.8214317425613465,0.0,resolved,True,0.004419602303285863,0.2889799575376133,0.0,0.0,254034.41670138796,14,1142104.2416304173,203758.89346629684,0.0,938345.3481641203,0.0,0.0,0.0,35,0,0.8215934360112175,0.8215934360112175,0.0,resolved,True,0.004130573837562546,0.28876019122168806,328.4376034362748,234336.72176248374,203758.89346629684,14
2025-04-29,497,20,1427480.566203982,367230.2077996662,0.0,1060250.358404316,0.0,0.0,0.0,33,0,0.742742411704966,0.742742411704966,0.0,resolved,True,0.0034180428954240227,0.43670516320565406,0.0,0.0,367230.2077996662,9,1145509.6831590899,294533.1038070454,0.0,850976.5793520445,0.0,0.0,0.0,33,0,0.7428803019850683,0.7428803019850683,0.0,resolved,True,0.0029817256643851486,0.4363728385733715,498.38326986695284,234835.10503235093,294533.1038070454,9
2025-04-30,497,20,1430584.2103795833,267052.9082576686,0.0,1163531.3021219147,0.0,0.0,0.0,33,0,0.8133259780724056,0.8133259780724056,0.0,resolved,True,0.0021742111585130175,0.4443374789641078,0.0,0.0,267052.9082576686,15,1147487.849927843,214078.88700880378,0.0,933408.9629190394,0.0,0.0,0.0,33,0,0.8134369030380012,0.8134369030380012,0.0,resolved,True,0.0017268878629623785,0.4439351780324242,508.53204513109665,235343.6370774818,214078.88700880378,15
2025-05-01,497,20,1423060.3494522749,314882.9454037559,0.0,1108177.404048519,0.0,0.0,0.0,33,0,0.7787283262266762,0.7787283262266762,0.0,resolved,True,-0.005259292583211228,0.4067819632281677,0.0,0.0,314882.9454037559,14,1140984.7160285914,252151.04183658308,0.0,888833.6741920082,0.0,0.0,0.0,33,0,0.7790057673040165,0.7790057673040165,0.0,resolved,True,-0.005667279091156052,0.4063384787019765,466.26846726868143,235809.90554475065,252151.0418365831,14
2025-05-02,497,20,1441195.756890905,304875.5357620033,0.0,1136320.2211289017,0.0,0.0,0.0,30,0,0.7884565408243277,0.7884565408243277,0.0,resolved,True,0.012743948241977554,0.43551103184365914,0.0,0.0,304875.5357620033,12,1155029.4043952941,244147.25132609246,0.0,910882.1530692017,0.0,0.0,0.0,30,0,0.7886224797420516,0.7886224797420516,0.0,resolved,True,0.012309269501512565,0.4349670759748492,496.2907856629508,236306.1963304134,244147.25132609246,12
2025-05-05,497,20,1436204.96659934,428269.23079387145,0.0,1007935.7358054686,0.0,0.0,0.0,31,0,0.7018049367926004,0.7018049367926004,0.0,resolved,True,-0.003462951002805914,0.5087058874899053,0.0,0.0,428269.23079387145,13,1150440.3103297881,342845.2728105525,0.0,807595.0375192356,0.0,0.0,0.0,31,0,0.7019877783035335,0.7019877783035335,0.0,resolved,True,-0.003973140465552527,0.5082916564858415,587.0918092499386,236893.2881396631,342845.2728105525,13
2025-05-06,497,20,1437184.1645138282,320665.14074192697,0.0,1116519.0237719014,0.0,0.0,0.0,33,0,0.776879575589812,0.776879575589812,0.0,resolved,True,0.0006817953824562739,0.5214676100926817,0.0,0.0,320665.14074192697,13,1150627.990232662,256575.20258008665,0.0,894052.7876525754,0.0,0.0,0.0,33,0,0.7770128966459385,0.7770128966459385,0.0,resolved,True,0.00016313745371121513,0.5209612348192204,599.3348046552132,237492.62294431814,256575.20258008665,13
2025-05-07,497,20,1452523.0715044322,312990.28157508676,0.0,1139532.7899293455,0.0,0.0,0.0,31,0,0.7845195799534453,0.7845195799534453,0.0,resolved,True,0.01067288895142604,0.4409006430511062,0.0,0.0,312990.28157508676,10,1162411.7827318204,250208.7303698101,0.0,912203.0523620103,0.0,0.0,0.0,31,0,0.7847503491561427,0.7847503491561427,0.0,resolved,True,0.010241183596425119,0.44043607278603286,506.778073255759,237999.40101757372,250208.7303698101,10
2025-05-08,497,20,1460726.3469044813,544046.3675061567,0.0,916679.9793983246,0.0,0.0,0.0,34,0,0.6275507943982251,0.6275507943982251,0.0,resolved,True,0.005647604200567091,0.5900330713463843,0.0,0.0,544046.3675061567,14,1168284.75034134,435507.8826506905,0.0,732776.8676906493,0.0,0.0,0.0,34,0,0.6272245421987683,0.6272245421987683,0.0,resolved,True,0.005052398553391679,0.5900685181144829,685.9025980753805,238685.30361564909,435507.8826506905,14
2025-05-09,497,20,1463267.5375635969,359617.6608235319,0.0,1103649.876740065,0.0,0.0,0.0,33,0,0.7542365619466207,0.7542365619466207,0.0,resolved,True,0.0017396760621870566,0.6186401924252964,0.0,0.0,359617.6608235319,18,1169592.944370921,287135.65475580294,0.0,882457.2896151181,0.0,0.0,0.0,33,0,0.754499498190593,0.754499498190593,0.0,resolved,True,0.0011197561460927208,0.618424478675591,722.4958876744859,239407.79950332353,287135.65475580294,18
2025-05-12,497,20,1472519.8070006631,445342.47513874376,0.0,1027177.3318619193,0.0,0.0,0.0,28,0,0.6975643566752081,0.6975643566752081,0.0,resolved,True,0.006323019679963515,0.5501113879028361,0.0,0.0,445342.47513874376,14,1176347.131537599,355663.47781507194,0.0,820683.6537225272,0.0,0.0,0.0,28,0,0.6976543162474622,0.6976543162474622,0.0,resolved,True,0.005774818665917003,0.5496513178847976,642.8683032622373,240050.66780658605,355663.47781507194,14
2025-05-13,497,20,1467325.7620795825,513579.9761851238,0.0,953745.7858944589,0.0,0.0,0.0,28,0,0.6499891234396055,0.6499891234396055,0.0,resolved,True,-0.003527317524957607,0.65121192038637,0.0,0.0,513579.9761851238,7,1171437.641404561,409856.8502923152,0.0,761580.7911122459,0.0,0.0,0.0,28,0,0.65012490993469,0.65012490993469,0.0,resolved,True,-0.004173504573110831,0.6508072885377565,765.5752870551526,240816.2430936409,409856.85029231524,7
2025-05-14,497,20,1471503.007360189,222708.19772106945,0.0,1248794.8096391195,0.0,0.0,0.0,30,0,0.8486525704622255,0.8486525704622255,0.0,resolved,True,0.0028468424589549457,0.5017891683866315,0.0,0.0,222708.19772106945,6,1174186.398360863,177625.58807274522,0.0,996560.8102881178,0.0,0.0,0.0,30,0,0.8487245395443973,0.8487245395443973,0.0,resolved,True,0.002346481672730105,0.5013077722596635,587.2507943536351,241403.49388799458,177625.58807274525,6
2025-05-15,497,20,1498893.4684317522,250021.26045707194,0.0,1248872.2079746802,0.0,0.0,0.0,36,0,0.8331961105156714,0.8331961105156714,0.0,resolved,True,0.018613934823483946,0.32125619574926795,0.0,0.0,250021.26045707194,29,1195664.5855039444,199322.12342182995,0.0,996342.4620821144,0.0,0.0,0.0,36,0,0.833295954535761,0.833295954535761,0.0,resolved,True,0.018291974062265126,0.32104765097428334,376.9697849997094,241780.46367299432,199322.12342182995,29
2025-05-16,497,20,1511275.5596194437,1010912.9353905171,0.0,500362.6242289266,0.0,0.0,0.0,23,0,0.3310862939879234,0.3310862939879234,0.0,resolved,True,0.008260821364874271,0.8412433721302863,0.0,0.0,1010912.9353905171,14,1204536.830760004,805593.0954677956,0.0,398943.7352922084,0.0,0.0,0.0,23,0,0.3312009438852063,0.3312009438852063,0.0,resolved,True,0.007420346277396961,0.8409737208703586,1005.5224953841689,242785.9861683788,805593.0954677956,14
2025-05-19,497,20,1514881.6646413442,365498.6822799749,0.0,1149382.9823613693,0.0,0.0,0.0,25,0,0.7587278988114834,0.7587278988114834,0.0,resolved,True,0.002386133355328335,0.9107615146089497,0.0,0.0,365498.6822799749,12,1206309.7396217368,291230.142546886,0.0,915079.5970748508,0.0,0.0,0.0,25,0,0.7585776413956442,0.7585776413956442,0.0,resolved,True,0.0014718594039289101,0.9101506432808821,1096.309971371733,243882.2961397504,291230.142546886,12
2025-05-20,497,20,1511792.3839028066,532306.3000682094,0.0,979486.0838345971,0.0,0.0,0.0,29,0,0.6478972207188791,0.6478972207188791,0.0,resolved,True,-0.002039288487440394,0.5926568413254546,0.0,0.0,532306.3000682094,10,1203135.607253284,423357.40180890175,0.0,779778.2054443822,0.0,0.0,0.0,29,0,0.6481216254787673,0.6481216254787673,0.0,resolved,True,-0.002631274758212676,0.5924849670529487,714.7203863354351,244597.01652608594,423357.4018089018,10
2025-05-21,497,20,1490753.9159539621,347467.5274938344,0.0,1143286.3884601279,0.0,0.0,0.0,29,0,0.7669182527208167,0.7669182527208167,0.0,resolved,True,-0.013916241524204565,0.5819409046702829,0.0,0.0,347467.5274938344,11,1185693.8632005502,276344.3094461097,0.0,909349.5537544405,0.0,0.0,0.0,29,0,0.7669345199272838,0.7669345199272838,0.0,resolved,True,-0.014496906207067228,0.581443516009892,699.5553977180466,245296.57192380383,276344.3094461097,11
2025-05-22,497,20,1487021.6412187347,401990.9426081956,0.0,1085030.698610539,0.0,0.0,0.0,28,0,0.7296670529430013,0.7296670529430013,0.0,resolved,True,-0.002503615583554608,0.502737884557182,0.0,0.0,401990.9426081956,12,1182129.6550599835,319413.2943470297,0.0,862716.3607129538,0.0,0.0,0.0,28,0,0.7297984252574884,0.7297984252574884,0.0,resolved,True,-0.0030060104477102056,0.5024916524161299,595.8012685793094,245892.3731923833,319413.2943470297,12
2025-05-23,497,20,1477605.4312343684,379824.2848415321,0.0,1097781.1463928362,0.0,0.0,0.0,25,0,0.7429460688133551,0.7429460688133551,0.0,resolved,True,-0.006332261564565345,0.5257591455151698,0.0,0.0,379824.2848415321,8,1174020.8508566348,301683.7494178582,0.0,872337.1014387767,0.0,0.0,0.0,25,0,0.7430337381165489,0.7430337381165489,0.0,resolved,True,-0.006859488016936033,0.5253907070526702,621.079935299894,246513.4531276834,301683.7494178582,8
2025-05-27,497,20,1493056.1191614796,267381.807367773,0.0,1225674.3117937066,0.0,0.0,0.0,31,0,0.8209164384805989,0.8209164384805989,0.0,resolved,True,0.010456572235393091,0.4380100929032454,0.0,0.0,267381.807367773,17,1185792.3833413585,212181.05375469557,0.0,973611.329586663,0.0,0.0,0.0,31,0,0.8210639090488963,0.8210639090488963,0.0,resolved,True,0.010026680936828791,0.4376206895114543,513.7758142527051,247027.22894193628,212181.05375469557,17
2025-05-28,497,20,1489313.9923485564,601061.8465725378,0.0,888252.1457760185,0.0,0.0,0.0,28,0,0.5964169747544636,0.5964169747544636,0.0,resolved,True,-0.002506353756498325,0.5816550649335551,0.0,0.0,601061.8465725378,11,1182129.4868498673,477012.6305287204,0.0,705116.8563211468,0.0,0.0,0.0,28,0,0.5964802199462418,0.5964802199462418,0.0,resolved,True,-0.0030889863545672247,0.5814333225658088,689.4592053193953,247716.6881472555,477012.6305287204,11
2025-05-29,497,20,1488213.157593585,315402.6151347121,0.0,1172810.542458873,0.0,0.0,0.0,28,0,0.7880662366641666,0.7880662366641666,0.0,resolved,True,-0.0007391555848040854,0.6153601365565915,0.0,0.0,315402.6151347121,7,1180527.0705975941,250073.87783258897,0.0,930453.192765005,0.0,0.0,0.0,28,0,0.7881676040634974,0.7881676040634974,0.0,resolved,True,-0.0013555336112486271,0.6148736704012383,726.8602964689105,248443.54844372472,250073.87783258897,7
2025-05-30,497,20,1488006.0036137511,219808.19189613799,0.0,1268197.8117176131,0.0,0.0,0.0,34,0,0.8522800369337793,0.8522800369337793,0.0,resolved,True,-0.0001391964442573057,0.3596331643084499,0.0,0.0,219808.19189613799,24,1179933.1614007035,174154.32711981033,0.0,1005778.8342808931,0.0,0.0,0.0,34,0,0.852403226880181,0.852403226880181,0.0,resolved,True,-0.0005030881643315332,0.35929096428062945,424.1527095543965,248867.7011532793,174154.32711981033,24
2025-06-02,497,20,1491311.115545945,770731.0008240279,0.0,720580.1147219171,0.0,0.0,0.0,27,0,0.4831856392742867,0.4831856392742867,0.0,resolved,True,0.0022211684120676534,0.6656822555248794,0.0,0.0,770731.0008240279,14,1181776.216399474,610397.2516181187,0.0,571378.9647813553,0.0,0.0,0.0,27,0,0.4834916770640212,0.4834916770640212,0.0,resolved,True,0.0015619994920581526,0.6652822654116861,784.9886066510335,249652.6897599305,610397.2516181187,14
2025-06-03,497,20,1499817.4364314547,370373.83777806605,0.0,1129443.5986533887,0.0,0.0,0.0,28,0,0.7530540525923582,0.7530540525923582,0.0,resolved,True,0.0057039210643821114,0.7651688683245372,0.0,0.0,370373.83777806605,14,1187612.9533431702,293511.78033320524,0.0,894101.1730099649,0.0,0.0,0.0,28,0,0.7528556930042234,0.7528556930042234,0.0,resolved,True,0.0049389527921614995,0.7646058852208687,903.5930500730889,250556.2828100038,293511.78033320524,14
2025-06-04,497,20,1494104.008963652,689615.1008329284,0.0,804488.9081307236,0.0,0.0,0.0,28,0,0.5384423730237745,0.5384423730237745,0.0,resolved,True,-0.003809415285500939,0.7067453097045235,0.0,0.0,689615.1008329284,10,1182248.4287460353,545360.2620832346,0.0,636888.1666628008,0.0,0.0,0.0,28,0,0.5387092519448922,0.5387092519448922,0.0,resolved,True,-0.004517064740691468,0.7065641442026664,839.1247300229201,251395.4075400265,545360.2620832346,10
2025-06-05,497,20,1489815.4680420565,252884.5650570353,0.0,1236930.9029850212,0.0,0.0,0.0,35,0,0.8302577933431038,0.8302577933431038,0.0,resolved,True,-0.002870309493761436,0.6308126209658624,0.0,0.0,252884.5650570353,13,1178111.8488150653,199969.78448324176,0.0,978142.0643318236,0.0,0.0,0.0,35,0,0.8302624791658197,0.8302624791658197,0.0,resolved,True,-0.00349890922279128,0.630142855731645,744.9854010742777,252140.39294110076,199969.78448324173,13
2025-06-06,497,20,1499619.4969375546,481854.8439094939,0.0,1017764.6530280607,0.0,0.0,0.0,34,0,0.6786819290536613,0.6786819290536613,0.0,resolved,True,0.006580700164418696,0.4931747754855419,0.0,0.0,481854.8439094939,14,1185278.5980758963,380544.0387175424,0.0,804734.5593583538,0.0,0.0,0.0,34,0,0.6789412722584439,0.6789412722584439,0.0,resolved,True,0.006083250302625576,0.4929030963690368,580.6949781499965,252721.0879192508,380544.0387175424,14
2025-06-09,497,20,1491747.8372848711,416557.17389380746,0.0,1075190.6633910637,0.0,0.0,0.0,32,0,0.7207589892324009,0.7207589892324009,0.0,resolved,True,-0.00524910463538153,0.5990933164299287,0.0,0.0,416557.17389380746,5,1178346.876107297,328846.5122810665,0.0,849500.3638262304,0.0,0.0,0.0,32,0,0.7209255449741416,0.7209255449741416,0.0,resolved,True,-0.005848179474304049,0.5984580873756007,709.3395628117346,253430.42748206254,328846.5122810665,5
2025-06-10,497,20,1493995.806900774,204018.24929111553,0.0,1289977.5576096585,0.0,0.0,0.0,36,0,0.8634412169373206,0.8634412169373206,0.0,resolved,True,0.0015069367353628405,0.4160055792770127,0.0,0.0,204018.24929111553,9,1179630.4737306524,161033.8942046774,0.0,1018596.5795259749,0.0,0.0,0.0,36,0,0.8634878482789631,0.8634878482789631,0.0,resolved,True,0.0010893206825446367,0.41559331425270374,489.7130835807513,253920.14056564347,161033.8942046774,9
2025-06-11,497,20,1497561.822841045,238306.36160460176,0.0,1259255.4612364431,0.0,0.0,0.0,36,0,0.8408704348829436,0.8408704348829436,0.0,resolved,True,0.0023868982254164894,0.2960681742563247,0.0,0.0,238306.36160460179,13,1182094.9208335504,187998.41090158775,0.0,994096.5099319626,0.0,0.0,0.0,36,0,0.8409616625634249,0.8409616625634249,0.0,resolved,True,0.002089168733581559,0.2959059014291643,349.0596186825808,254269.2001843262,187998.41090158775,13
2025-06-12,497,20,1507812.95792834,496860.74323093303,0.0,1010952.2146974069,0.0,0.0,0.0,36,0,0.6704758765877732,0.6704758765877732,0.0,resolved,True,0.006845216625412709,0.4909093525373379,0.0,0.0,496860.743230933,22,1189606.175040603,391823.76532403775,0.0,797782.4097165652,0.0,0.0,0.0,36,0,0.6706273273079939,0.6706273273079939,0.0,resolved,True,0.00635418871587401,0.490676824156918,580.0265816066297,254849.22676593254,391823.76532403775,22
2025-06-13,497,20,1502506.1406359384,687268.6667901067,0.0,815237.4738458317,0.0,0.0,0.0,29,0,0.5425851194862877,0.5425851194862877,0.0,resolved,True,-0.0035195461509316406,0.7853291111438487,0.0,0.0,687268.6667901067,8,1184488.940015534,541959.156719322,0.0,642529.783296212,0.0,0.0,0.0,29,0,0.5424531724946166,0.5424531724946166,0.0,resolved,True,-0.004301621101533315,0.7850782981492764,933.9339913687456,255783.16075730108,541959.156719322,8
2025-06-16,497,20,1512894.5422441717,285468.9370809997,0.0,1227425.6051631721,0.0,0.0,0.0,34,0,0.8113094276501616,0.8113094276501616,0.0,resolved,True,0.006914049352128693,0.6474100687930592,0.0,0.0,285468.9370809997,24,1191909.4211040013,224797.55031193403,0.0,967111.8707920673,0.0,0.0,0.0,34,0,0.8113971193350278,0.8113971193350278,0.0,resolved,True,0.006264711165956616,0.6470641354026564,766.4403118651611,256549.6010691663,224797.55031193403,24
2025-06-17,497,20,1503385.7940704087,874544.1753350236,0.0,628841.6187353852,0.0,0.0,0.0,29,0,0.41828359774027135,0.41828359774027135,0.0,resolved,True,-0.006285136146805148,0.7667508078225365,0.0,0.0,874544.1753350236,15,1183503.749225325,688312.6579425263,0.0,495191.0912827987,0.0,0.0,0.0,29,0,0.41841108793016607,0.41841108793016607,0.0,resolved,True,-0.007052274048552021,0.7664799193302222,913.5746369367271,257463.17570610315,688312.6579425263,15
2025-06-18,497,20,1502373.9320046604,253871.86509148678,0.0,1248502.0669131735,0.0,0.0,0.0,29,0,0.8310195220488561,0.8310195220488561,0.0,resolved,True,-0.0006730554923022325,0.7505831469720965,0.0,0.0,253871.86509148678,13,1181820.046685752,199621.29708382196,0.0,982198.7496019299,0.0,0.0,0.0,29,0,0.8310899382324476,0.8310899382324476,0.0,resolved,True,-0.001422642336938118,0.7498465059299796,887.4461511116401,258350.62185721475,199621.29708382196,13
2025-06-20,497,20,1505788.9709436041,525637.3762493574,0.0,980151.5946942469,0.0,0.0,0.0,31,0,0.650922283007581,0.650922283007581,0.0,resolved,True,0.0022730951770355556,0.518851681818469,0.0,0.0,525637.3762493574,14,1183894.682638355,413028.1760703173,0.0,770866.5065680377,0.0,0.0,0.0,31,0,0.6511276027105146,0.6511276027105146,0.0,resolved,True,0.0017554584206125323,0.5185759833870723,612.8634928966192,258963.48535011127,413028.1760703173,14
2025-06-23,497,20,1521521.84187043,426472.06649991043,0.0,1095049.7753705196,0.0,0.0,0.0,31,0,0.7197069047818323,0.7197069047818323,0.0,resolved,True,0.010448257511785908,0.6322993866482024,0.0,0.0,426472.06649991043,19,1195517.9569237146,335036.18430999166,0.0,860481.772613723,0.0,0.0,0.0,31,0,0.7197564600601226,0.7197564600601226,0.0,resolved,True,0.009817827933356948,0.6318020744115062,747.987116375665,259711.47246648683,335036.18430999166,19
2025-06-24,497,20,1529337.6206905409,766018.0953548937,0.0,763319.5253356472,0.0,0.0,0.0,27,0,0.49911773241476004,0.49911773241476004,0.0,resolved,True,0.005136816708791292,0.7837483032046771,0.0,0.0,766018.0953548937,11,1200722.1020658517,601425.4877780682,0.0,599296.6142877835,0.0,0.0,0.0,27,0,0.4991135028302461,0.4991135028302461,0.0,resolved,True,0.004353046403023697,0.7835340261478804,936.7289981205263,260648.2014646073,601425.4877780682,11
2025-06-25,497,20,1519815.9614853677,293973.6726426538,0.0,1225842.288842714,0.0,0.0,0.0,28,0,0.8065728482313455,0.8065728482313455,0.0,resolved,True,-0.006226002078516757,0.6931051415049417,0.0,0.0,293973.6726426538,10,1192416.1619701902,230545.63885751483,0.0,961870.5231126753,0.0,0.0,0.0,28,0,0.8066567309213656,0.8066567309213656,0.0,resolved,True,-0.006917454156437186,0.6925841349609242,831.6010783877412,261479.80254299525,230545.63885751483,10
2025-06-26,497,20,1530153.8927460557,404455.98852966586,0.0,1125697.9042163899,0.0,0.0,0.0,30,0,0.7356762673041872,0.7356762673041872,0.0,resolved,True,0.006802094149994664,0.4595488393803428,0.0,0.0,404455.98852966586,14,1199980.169059963,317061.265972625,0.0,882918.9030873379,0.0,0.0,0.0,30,0,0.7357779118791574,0.7357779118791574,0.0,resolved,True,0.0063434288556396545,0.4593144454250657,547.6939681512237,262027.4965111462,317061.265972625,14
2025-06-27,497,20,1535362.865896474,583553.2758797627,0.0,951809.5900167113,0.0,0.0,0.0,32,0,0.6199248471865084,0.6199248471865084,0.0,resolved,True,0.003404215206792127,0.6456927431242371,0.0,0.0,583553.2758797627,18,1203289.0696116886,457298.93847254093,0.0,745990.1311391476,0.0,0.0,0.0,32,0,0.6199592018066654,0.6199592018066654,0.0,resolved,True,0.0027574626956692327,0.6454283467247697,774.5012166188817,262801.9977277652,457298.93847254093,18
2025-06-30,497,20,1543543.56954529,463599.96035557,0.0,1079943.60918972,0.0,0.0,0.0,29,0,0.6996521708213644,0.6996521708213644,0.0,resolved,True,0.005328189075381351,0.6820232920143721,0.0,0.0,463599.96035557,20,1208877.3820816637,362907.44017994043,0.0,845969.9419017234,0.0,0.0,0.0,29,0,0.6997979732609269,0.6997979732609269,0.0,resolved,True,0.004644197816721096,0.6815592595149674,820.1128072669965,263622.11053503165,362907.44017994043,20
2025-07-01,497,20,1537788.3961431747,756393.3243551011,0.0,781395.0717880738,0.0,0.0,0.0,23,0,0.5081291247533399,0.5081291247533399,0.0,resolved,True,-0.0037285461296118205,0.7903847411771249,0.0,0.0,756393.3243551011,9,1203413.0611627595,591843.6902066751,0.0,611569.3709560843,0.0,0.0,0.0,23,0,0.5081957232250537,0.5081957232250537,0.0,resolved,True,-0.004520161432332137,0.7899734379786346,954.9810216176647,264577.0915566494,591843.6902066751,9
2025-07-02,497,20,1540481.0866373116,270319.8799117163,0.0,1270161.2067255953,0.0,0.0,0.0,29,0,0.8245224285734057,0.8245224285734057,0.0,resolved,True,0.001751014964666231,0.6676557105267857,0.0,0.0,270319.8799117163,9,1204720.6704855517,211234.44950288074,0.0,993486.220982671,0.0,0.0,0.0,29,0,0.8246610565603191,0.8246610565603191,0.0,resolved,True,0.0010865839544142997,0.6670181329024338,802.6983331671856,265379.7898898171,211234.44950288074,9
2025-07-03,497,20,1552153.7100722631,471740.9614359926,0.0,1080412.7486362704,0.0,0.0,0.0,33,0,0.6960732958502995,0.6960732958502995,0.0,resolved,True,0.007577258517617702,0.4817072067840448,0.0,0.0,471740.9614359926,25,1213263.0884138283,368790.7109267925,0.0,844472.3774870358,0.0,0.0,0.0,33,0,0.6960340140167499,0.6960340140167499,0.0,resolved,True,0.007090787215291661,0.48159155154244704,580.1832968743939,265959.9731866916,368790.7109267925,25
2025-07-07,497,20,1553407.1842367582,801083.3387835013,0.0,752323.8454532569,0.0,0.0,0.0,23,0,0.48430563028643336,0.48430563028643336,0.0,resolved,True,0.0008075708973673823,0.8200375336281839,0.0,0.0,801083.3387835012,11,1213247.2128912178,625436.3279414847,0.0,587810.8849497329,0.0,0.0,0.0,23,0,0.48449390915883955,0.48449390915883955,0.0,resolved,True,-1.3084979475719294e-05,0.8196776844749483,994.4846789699714,266954.45786566206,625436.3279414847,11
2025-07-08,497,20,1545421.4359964489,300048.8526641978,0.0,1245372.583332251,0.0,0.0,0.0,29,0,0.8058465828961834,0.8058465828961834,0.0,resolved,True,-0.0051407952282858105,0.708849683857181,0.0,0.0,300048.8526641978,12,1206146.5192552672,234115.69809756,0.0,972030.8211577073,0.0,0.0,0.0,29,0,0.8058977956988889,0.8058977956988889,0.0,resolved,True,-0.005852635440249054,0.7081504539568231,859.1615645707656,267813.6194302328,234115.69809756003,12
2025-07-09,497,20,1546800.9519347628,530382.508518064,0.0,1016418.4434166986,0.0,0.0,0.0,31,0,0.6571100451841244,0.6571100451841244,0.0,resolved,True,0.000892647083948539,0.5373494516379732,0.0,0.0,530382.508518064,10,1206573.7270025173,413311.2436199066,0.0,793262.4833826106,0.0,0.0,0.0,31,0,0.6574504861408735,0.6574504861408735,0.0,resolved,True,0.00035419224814736694,0.5369221521027457,647.6067848697733,268461.2262151021,413311.2436199066,10
2025-07-10,498,20,1547451.1450922063,293599.10244969145,0.0,1253852.042642515,0.0,0.0,0.0,35,0,0.8102692266693842,0.8102692266693842,0.0,resolved,True,0.0004203470114434449,0.5327004809100402,0.0,0.0,293599.10244969145,14,1206441.8029621027,228853.39482055948,0.0,977588.4081415432,0.0,0.0,0.0,35,0,0.8103071410003617,0.8103071410003617,0.0,resolved,True,-0.00010933773665233737,0.5320692869447425,641.9808225724898,269103.2070376742,228853.39482055948,14
2025-07-11,498,20,1538974.3624135277,414184.11819009087,0.0,1124790.2442234368,0.0,0.0,0.0,36,0,0.7308700337668145,0.7308700337668145,0.0,resolved,True,-0.005477900032943239,0.4573864725129072,0.0,0.0,414184.11819009087,12,1199285.1136614876,322468.3895269227,0.0,876816.724134565,0.0,0.0,0.0,36,0,0.7311161575728996,0.7311161575728996,0.0,resolved,True,-0.005932063430696521,0.457059718425109,551.4159507581398,269654.62298843166,322468.3895269227,12
2025-07-14,498,20,1551648.7347902893,400664.2289592819,0.0,1150984.5058310074,0.0,0.0,0.0,36,0,0.7417816159187388,0.7417816159187388,0.0,resolved,True,0.008235596827542269,0.5294749328191997,0.0,0.0,400664.2289592819,20,1208534.0285161352,312215.97613493435,0.0,896318.052381201,0.0,0.0,0.0,36,0,0.7416572733841181,0.7416572733841181,0.0,resolved,True,0.007712023395679557,0.5292108946349826,634.6747479232126,270289.29773635435,312215.97613493435,20
2025-07-15,498,20,1537523.3011910135,643577.3867633415,0.0,893945.914427672,0.0,0.0,0.0,32,0,0.5814194254715969,0.5814194254715969,0.0,resolved,True,-0.009103499576007423,0.6729884105269195,0.0,0.0,643577.3867633415,12,1196722.3104651428,500826.7643206322,0.0,695895.5461445106,0.0,0.0,0.0,32,0,0.5815012723160726,0.5815012723160726,0.0,resolved,True,-0.009773591617850408,0.672907957316205,813.2321644759161,271102.5299008304,500826.7643206322,12
2025-07-16,498,20,1543817.5431819393,262337.08488139283,0.0,1281480.4583005465,0.0,0.0,0.0,34,0,0.8300724810130776,0.8300724810130776,0.0,resolved,True,0.00409375388720945,0.589203734956723,0.0,0.0,262337.08488139283,14,1200915.093313333,204006.68501440686,0.0,996908.4082989262,0.0,0.0,0.0,34,0,0.8301239728351227,0.8301239728351227,0.0,resolved,True,0.0035035553457347657,0.5887224861039206,704.5373337930673,271807.0672346234,204006.68501440686,14
2025-07-17,498,20,1548079.0604484982,550688.4936178592,0.0,997390.566830639,0.0,0.0,0.0,34,0,0.6442762468098252,0.6442762468098252,0.0,resolved,True,0.002760376240948492,0.5266332035737448,0.0,0.0,550688.4936178592,11,1203596.528008496,427950.0674075298,0.0,775646.4606009661,0.0,0.0,0.0,34,0,0.644440593297799,0.644440593297799,0.0,resolved,True,0.002232826209024319,0.5264163399274667,632.1813279856575,272439.24856260937,427950.0674075298,11
2025-07-18,498,20,1555907.3611755813,239057.6671651377,0.0,1316849.6940104435,0.0,0.0,0.0,36,0,0.8463548196182352,0.8463548196182352,0.0,resolved,True,0.005056783550069666,0.5101458839926414,0.0,0.0,239057.6671651377,25,1209068.0545297293,185603.83510558447,0.0,1023464.2194241448,0.0,0.0,0.0,36,0,0.8464901670255645,0.8464901670255645,0.0,resolved,True,0.004545980645429992,0.5095662502514738,613.312169592982,273052.5607322029,185603.83510558447,25
2025-07-21,498,20,1554134.5831814946,856922.6226068782,0.0,697211.9605746164,0.0,0.0,0.0,25,0,0.4486174930534924,0.4486174930534924,0.0,resolved,True,-0.0011393853119553432,0.7043994501985885,0.0,0.0,856922.6226068782,13,1206843.0230142502,665273.6381785484,0.0,541569.3848357019,0.0,0.0,0.0,25,0,0.44874882193299725,0.44874882193299725,0.0,resolved,True,-0.0018402864149318354,0.7041439820162472,851.3579944451988,273903.9187266482,665273.6381785484,13
2025-07-22,498,20,1561145.3753523533,386997.8084023441,0.0,1174147.5669500092,0.0,0.0,0.0,28,0,0.7521064889200354,0.7521064889200354,0.0,resolved,True,0.004511058596036621,0.8003942801805312,0.0,0.0,386997.8084023441,10,1211321.6651229644,300405.03520697757,0.0,910916.6299159869,0.0,0.0,0.0,28,0,0.7520022601292427,0.7520022601292427,0.0,resolved,True,0.003711039483435208,0.7998677141011457,965.3147700973243,274869.233496746,300405.03520697757,10
2025-07-23,498,20,1564026.1595652895,431620.29879955645,0.0,1132405.860765733,0.0,0.0,0.0,33,0,0.7240325577933284,0.7240325577933284,0.0,resolved,True,0.0018453016986237358,0.5243701964765044,0.0,0.0,431620.29879955645,11,1212921.6914976612,334573.7593244168,0.0,878347.9321732444,0.0,0.0,0.0,33,0,0.7241588128320963,0.7241588128320963,0.0,resolved,True,0.0013208930548884723,0.5242320157830644,635.0135982691098,275504.24709501467,334573.7593244168,11
2025-07-24,498,20,1563269.8031174645,332132.2682772857,0.0,1231137.534840179,0.0,0.0,0.0,28,0,0.7875400218088079,0.7875400218088079,0.0,resolved,True,-0.0004835957782414191,0.4883246756493648,0.0,0.0,332132.2682772857,12,1211741.552132167,257344.7478485054,0.0,954396.8042836615,0.0,0.0,0.0,28,0,0.7876240627420225,0.7876240627420225,0.0,resolved,True,-0.0009729724299324394,0.48794730455561136,591.8418700033163,276096.0889650176,257344.7478485054,12
2025-07-25,498,20,1570980.6489629652,484521.08195524034,0.0,1086459.567007725,0.0,0.0,0.0,27,0,0.6915804900110755,0.6915804900110755,0.0,resolved,True,0.004932511221110936,0.5224007708739464,0.0,0.0,484521.08195524034,14,1217085.7376337051,375139.28750554065,0.0,841946.4501281645,0.0,0.0,0.0,27,0,0.6917725054975192,0.6917725054975192,0.0,resolved,True,0.00441033444147787,0.5220605510994034,632.6024624961659,276728.691427514,375139.28750554065,14
2025-07-28,498,20,1571565.9549681272,599630.521468056,0.0,971935.4335000712,0.0,0.0,0.0,27,0,0.6184502982057682,0.6184502982057682,0.0,resolved,True,0.00037257365681009347,0.6901113671508079,0.0,0.0,599630.521468056,13,1216701.3757489668,464200.0679859184,0.0,752501.3077630484,0.0,0.0,0.0,27,0,0.6184765816508015,0.6184765816508015,0.0,resolved,True,-0.0003158051013608665,0.6897042909509725,839.4292557011945,277568.120683215,464200.0679859184,13
2025-07-29,498,20,1577549.1727149712,402830.3158352032,0.0,1174718.856879768,0.0,0.0,0.0,29,0,0.7446480130049259,0.7446480130049259,0.0,resolved,True,0.003807169357372242,0.6378738570495384,0.0,0.0,402830.3158352032,16,1220556.2586731564,311439.03734878893,0.0,909117.2213243674,0.0,0.0,0.0,29,0,0.7448384413780743,0.7448384413780743,0.0,resolved,True,0.003168306538501753,0.6373684909444786,775.48711979119,278343.6078030056,311439.03734878893,16
2025-07-30,498,20,1581057.1246140036,608439.6055398348,0.0,972617.5190741686,0.0,0.0,0.0,30,0,0.6151691194027045,0.6151691194027045,0.0,resolved,True,0.0022236719841797203,0.6410386052402013,0.0,0.0,608439.6055398348,16,1222488.7845098116,470438.385496798,0.0,752050.3990130135,0.0,0.0,0.0,30,0,0.6151797943198043,0.6151797943198043,0.0,resolved,True,0.0015833156586784192,0.6407219648204314,782.0372042309383,279125.64500723657,470438.385496798,16
2025-07-31,498,20,1588105.647489768,484753.4187311459,0.0,1103352.228758622,0.0,0.0,0.0,28,0,0.6947599679546702,0.6947599679546702,0.0,resolved,True,0.004458107658497967,0.6914317055671665,0.0,0.0,484753.4187311459,15,1227094.6088387729,374400.127544997,0.0,852694.4812937757,0.0,0.0,0.0,28,0,0.6948889475610195,0.6948889475610195,0.0,resolved,True,0.0037675800279903804,0.6910029198066513,844.7433195271626,279970.3883267635,374400.127544997,15
2025-08-01,498,20,1574225.8528577778,609559.5353272028,0.0,964666.3175305752,0.0,0.0,0.0,28,0,0.6127877494702326,0.6127877494702326,0.0,resolved,True,-0.008739843381282086,0.6890681081501543,0.0,0.0,609559.5353272028,8,1215523.9807429716,470474.02081312146,0.0,745049.9599298502,0.0,0.0,0.0,28,0,0.6129455047644959,0.6129455047644959,0.0,resolved,True,-0.009429287695062682,0.6885948818747305,844.9710672224534,280815.3593939859,470474.02081312146,8
2025-08-04,498,20,1591222.364078844,253261.32777766415,0.0,1337961.0363011798,0.0,0.0,0.0,32,0,0.840838506612948,0.840838506612948,0.0,resolved,True,0.01079674253234475,0.5480921695819823,0.0,0.0,253261.32777766415,21,1227983.3476732569,195356.81574545195,0.0,1032626.5319278049,0.0,0.0,0.0,32,0,0.8409124878479763,0.8409124878479763,0.0,resolved,True,0.010250202486889348,0.5475468978432483,665.5563849098905,281480.915778896,195356.81574545195,21
2025-08-05,498,20,1581757.7345353048,883058.6981548376,0.0,698699.0363804672,0.0,0.0,0.0,26,0,0.4417231672875201,0.4417231672875201,0.0,resolved,True,-0.005948024460439405,0.7141176818428604,0.0,0.0,883058.6981548376,11,1219804.9235534784,681008.7917390104,0.0,538796.1318144681,0.0,0.0,0.0,26,0,0.4417068019736078,0.4417068019736078,0.0,resolved,True,-0.006660044808648791,0.714058653950009,876.8521363125903,282357.7679152084,681008.7917390104,11
2025-08-06,498,20,1588297.7164372928,155759.08904852162,0.0,1432538.6273887712,0.0,0.0,0.0,31,0,0.9019333167600943,0.9019333167600943,0.0,resolved,True,0.004134629317244398,0.6567489853359539,0.0,0.0,155759.08904852162,17,1224046.7760138859,119921.02107318817,0.0,1104125.7549406977,0.0,0.0,0.0,31,0,0.9020290536087914,0.9020290536087914,0.0,resolved,True,0.003477484291545707,0.6561455114310076,800.3695254110578,283158.1374406189,119921.02107318817,17
2025-08-07,498,20,1567486.146323705,788191.7766966494,0.0,779294.3696270557,0.0,0.0,0.0,27,0,0.497161886537096,0.497161886537096,0.0,resolved,True,-0.013103066193578594,0.5943160756174505,0.0,0.0,788191.7766966494,15,1207259.3268945895,606889.4090428544,0.0,600369.917851735,0.0,0.0,0.0,27,0,0.4972998795511941,0.4972998795511941,0.0,resolved,True,-0.013714712091285275,0.5941751083815509,727.2981258021375,283885.43556642084,606889.4090428544,15
2025-08-08,498,20,1569694.060042214,315824.7239308931,0.0,1253869.3361113209,0.0,0.0,0.0,27,0,0.7987985480926139,0.7987985480926139,0.0,resolved,True,0.0014085698452181994,0.7043229716682602,0.0,0.0,315824.7239308931,10,1208113.9465102896,243049.3040323298,0.0,965064.6424779597,0.0,0.0,0.0,27,0,0.7988192217014028,0.7988192217014028,0.0,resolved,True,0.0007079006114605324,0.7037226415398624,849.575722545896,284735.01128896663,243049.3040323298,10
2025-08-11,498,20,1570444.436349514,433112.0192843614,0.0,1137332.4170651527,0.0,0.0,0.0,31,0,0.7242105424047177,0.7242105424047177,0.0,resolved,True,0.00047803984636329844,0.4771227478526049,0.0,0.0,433112.0192843614,15,1208115.0434072558,332930.0063298461,0.0,875185.0370774096,0.0,0.0,0.0,31,0,0.724421934693503,0.724421934693503,0.0,resolved,True,9.079416469770507e-07,0.476833968185082,576.0697671342409,285311.0810561013,332930.0063298461,15
2025-08-12,498,20,1584461.051210627,583181.7287573434,0.0,1001279.3224532837,0.0,0.0,0.0,27,0,0.6319368479826273,0.6319368479826273,0.0,resolved,True,0.008925253601263616,0.6471376665856897,0.0,0.0,583181.7287573434,15,1218120.6295426479,448265.11442418187,0.0,769855.5151184661,0.0,0.0,0.0,27,0,0.632002690412947,0.632002690412947,0.0,resolved,True,0.008281981248386083,0.6467192354213391,781.3112371733598,286092.3922932747,448265.11442418187,15
2025-08-13,498,20,1595061.118763283,509233.5490687707,0.0,1085827.569694512,0.0,0.0,0.0,25,0,0.6807435507777904,0.6807435507777904,0.0,resolved,True,0.006690014591748339,0.6894554315433883,0.0,0.0,509233.5490687707,17,1225422.4488030626,391262.2869407539,0.0,834160.1618623086,0.0,0.0,0.0,25,0,0.6807123230662852,0.6807123230662852,0.0,resolved,True,0.005994331828331534,0.6891527962414338,839.4712380086911,286931.86353128357,391262.2869407539,17
2025-08-14,498,20,1588708.3696627812,818106.0994162727,0.0,770602.2702465085,0.0,0.0,0.0,24,0,0.48504954399533773,0.48504954399533773,0.0,resolved,True,-0.003982762181192867,0.8321559800255078,0.0,0.0,818106.0994162727,14,1219523.3205415225,627934.656698125,0.0,591588.6638433976,0.0,0.0,0.0,24,0,0.4850982788756397,0.4850982788756397,0.0,resolved,True,-0.004813954785390151,0.8319046516889008,1019.4346354432716,287951.2981667265,627934.656698125,14
2025-08-15,498,20,1583437.8163025435,421237.8559017658,0.0,1162199.9604007776,0.0,0.0,0.0,25,0,0.7339725933252051,0.7339725933252051,0.0,resolved,True,-0.0033175083992013077,0.7800953145233966,0.0,0.0,421237.8559017658,9,1214527.7391579314,323042.5611382414,0.0,891485.17801969,0.0,0.0,0.0,25,0,0.7340179637541943,0.7340179637541943,0.0,resolved,True,-0.004096339364279444,0.7795449749923118,950.673276414082,288901.9714431409,323042.5611382414,9
2025-08-18,498,20,1592900.4068402385,368312.9719294545,0.0,1224587.434910784,0.0,0.0,0.0,29,0,0.7687784055124579,0.7687784055124579,0.0,resolved,True,0.005975978620866185,0.4986307764676763,0.0,0.0,368312.9719294545,15,1221180.2627135646,282205.1459863765,0.0,938975.1167271881,0.0,0.0,0.0,29,0,0.768907871668927,0.768907871668927,0.0,resolved,True,0.005477457073352232,0.4983068359859357,605.2074749169409,289507.1789180577,282205.1459863765,15
2025-08-19,498,20,1581012.1250581555,741662.867813272,0.0,839349.2572448836,0.0,0.0,0.0,29,0,0.5308936243699012,0.5308936243699012,0.0,resolved,True,-0.007463292576881941,0.6968268919866324,0.0,0.0,741662.867813272,13,1211212.0117295613,568158.7667468016,0.0,643053.2449827597,0.0,0.0,0.0,29,0,0.5309171629370699,0.5309171629370699,0.0,resolved,True,-0.008162800602306675,0.6965807939889543,850.6507170046539,290357.82963506295,568158.7667468016,13
2025-08-20,498,20,1588137.7839955264,311030.81659163476,0.0,1277106.9674038915,0.0,0.0,0.0,30,0,0.8041537581146605,0.8041537581146605,0.0,resolved,True,0.004507023585988534,0.6658353011468419,0.0,0.0,311030.81659163476,11,1215861.643025647,237937.89425770094,0.0,977923.748767946,0.0,0.0,0.0,30,0,0.8043051233480832,0.8043051233480832,0.0,resolved,True,0.0038388252849690385,0.6652569806904882,805.7672458992604,291163.59688096185,237937.89425770094,11
2025-08-21,498,20,1587864.98443919,465379.7515845187,0.0,1122485.2328546713,0.0,0.0,0.0,30,0,0.7069147842258869,0.7069147842258869,0.0,resolved,True,-0.00017177322968164876,0.48888111346536806,0.0,0.0,465379.7515845187,18,1215059.3016047084,356155.90275072027,0.0,858903.3988539882,0.0,0.0,0.0,30,0,0.7068818762340643,0.7068818762340643,0.0,resolved,True,-0.000659895330641258,0.4887172916737773,594.212609229523,291757.8094901911,356155.90275072027,18
2025-08-22,498,20,1598729.6587913996,762707.7058567674,0.0,836021.9529346322,0.0,0.0,0.0,29,0,0.5229289069214142,0.5229289069214142,0.0,resolved,True,0.00684231622882403,0.7734205801351737,0.0,0.0,762707.7058567675,18,1222430.166112083,583098.3460378987,0.0,639331.8200741843,0.0,0.0,0.0,29,0,0.5230006897715619,0.5230006897715619,0.0,resolved,True,0.006066259068705504,0.7731985833722501,939.482130714037,292697.29162090464,583098.3460378987,18
2025-08-25,498,20,1594253.4842431047,489262.86985244247,0.0,1104990.6143906622,0.0,0.0,0.0,28,0,0.6931084832568346,0.6931084832568346,0.0,resolved,True,-0.0027998320564582846,0.7831033651153175,0.0,0.0,489262.86985244247,15,1218052.5519830799,373741.5146998636,0.0,844311.0372832164,0.0,0.0,0.0,28,0,0.693164704518385,0.693164704518385,0.0,resolved,True,-0.0035810750179096074,0.7825653252491586,956.6314605378863,293653.9230814427,373741.5146998636,15
2025-08-26,498,20,1601810.2745894424,587577.6169373787,0.0,1014232.6576520638,0.0,0.0,0.0,31,0,0.6331790186025746,0.6331790186025746,0.0,resolved,True,0.00474001808434199,0.6754512362261292,0.0,0.0,587577.6169373787,19,1223002.434663391,448499.29795591335,0.0,774503.1367074776,0.0,0.0,0.0,31,0,0.6332801266423034,0.6332801266423034,0.0,resolved,True,0.004063767751442571,0.6751074831842303,822.3163927554257,294476.23947419814,448499.29795591335,19
2025-08-27,498,20,1605215.3908116422,697416.7442662076,0.0,907798.6465454346,0.0,0.0,0.0,30,0,0.5655307392028094,0.5655307392028094,0.0,resolved,True,0.002125792471316501,0.802213833678238,0.0,0.0,697416.7442662076,18,1224619.6256526972,532090.1788705469,0.0,692529.4467821503,0.0,0.0,0.0,30,0,0.5655057556447752,0.5655057556447752,0.0,resolved,True,0.0013223121585619335,0.8018578055008831,980.6740483814232,295456.9135225802,532090.1788705469,18
2025-08-28,498,20,1604064.8288745128,555059.58923833,0.0,1049005.2396361828,0.0,0.0,0.0,30,0,0.6539668601625124,0.6539668601625124,0.0,resolved,True,-0.0007167648302621732,0.7802543762499384,0.0,0.0,555059.58923833,15,1222786.1930446904,422964.05734425224,0.0,799822.1357004382,0.0,0.0,0.0,30,0,0.6540981082791849,0.6540981082791849,0.0,resolved,True,-0.0014971445578699782,0.7797899405134652,954.9460650393377,296411.85958761914,422964.05734425224,15
2025-08-29,498,20,1598165.343518583,534811.7472384195,0.0,1063353.5962801636,0.0,0.0,0.0,29,0,0.6653589383555539,0.6653589383555539,0.0,resolved,True,-0.0036778347419219592,0.6794434469593439,0.0,0.0,534811.7472384195,16,1217461.0032378184,407258.22898932337,0.0,810202.7742484949,0.0,0.0,0.0,29,0,0.665485606597479,0.665485606597479,0.0,resolved,True,-0.004354963964397163,0.6789473216453704,830.2074107126318,297242.06699833163,407258.22898932337,16
2025-09-02,498,20,1601715.0331254285,588834.7182976387,0.0,1012880.3148277897,0.0,0.0,0.0,28,0,0.6323723595522202,0.6323723595522202,0.0,resolved,True,0.002221102854746082,0.7030852408939081,0.0,0.0,588834.7182976387,14,1219303.5750799626,448195.35541778686,0.0,771108.2196621756,0.0,0.0,0.0,28,0,0.6324169266965415,0.6324169266965415,0.0,resolved,True,0.0015134545067512217,0.7026881146531504,855.4953770289144,298097.56237536063,448195.35541778686,14
2025-09-03,498,20,1602324.490615226,482706.8193790682,0.0,1119617.6712361579,0.0,0.0,0.0,28,0,0.6987459018405636,0.6987459018405636,0.0,resolved,True,0.00038050307151604734,0.6689963667168723,0.0,0.0,482706.8193790682,12,1218950.8416562832,367067.88600540906,0.0,851882.9556508742,0.0,0.0,0.0,28,0,0.6988657184020273,0.6988657184020273,0.0,resolved,True,-0.00028929089595775004,0.668564372152564,815.1829291367123,298912.7453044972,367067.88600540906,12
2025-09-04,498,20,1616015.5517106594,511366.5219888251,0.0,1104649.0297218342,0.0,0.0,0.0,31,0,0.683563365805787,0.683563365805787,0.0,resolved,True,0.008544499678823758,0.6203945250728907,0.0,0.0,511366.5219888251,21,1228609.8977507087,388779.80771224946,0.0,839830.0900384593,0.0,0.0,0.0,31,0,0.6835612276736396,0.6835612276736396,0.0,resolved,True,0.00792407352646074,0.6200989700966678,755.8701615095268,299668.61546600703,388779.80771224946,21
2025-09-05,498,20,1613312.4711107388,709044.0896886047,0.0,904268.3814221341,0.0,0.0,0.0,24,0,0.560504178585789,0.560504178585789,0.0,resolved,True,-0.0016726822938425423,0.7551973187297261,0.0,0.0,709044.0896886047,14,1225626.1354254927,538499.8549538049,0.0,687126.2804716877,0.0,0.0,0.0,24,0,0.5606328558203783,0.5606328558203783,0.0,resolved,True,-0.002428567709472862,0.7548614998475178,927.4303101436062,300596.045776151,538499.8549538049,14
2025-09-08,498,20,1612071.9766806732,509289.6936354514,0.0,1102782.2830452218,0.0,0.0,0.0,26,0,0.6840775715957167,0.6840775715957167,0.0,resolved,True,-0.0007689114491327143,0.7551753334462564,0.0,0.0,509289.6936354514,15,1223759.8036824805,386551.06517915486,0.0,837208.7385033255,0.0,0.0,0.0,26,0,0.6841283199399395,0.6841283199399395,0.0,resolved,True,-0.001522757788095186,0.7546346063532592,924.8998962430824,301520.94567239407,386551.06517915486,15
2025-09-09,498,20,1616326.9301850703,687507.7678828852,0.0,928819.162302185,0.0,0.0,0.0,25,0,0.5746480770420838,0.5746480770420838,0.0,resolved,True,0.002639431468288489,0.7423970386127507,0.0,0.0,687507.7678828852,17,1226080.079829988,521528.84068639827,0.0,704551.2391435899,0.0,0.0,0.0,25,0,0.5746372123110304,0.5746372123110304,0.0,resolved,True,0.0018960225205351122,0.7421520049309432,908.2157918568503,302429.16146425076,521528.84068639827,17
2025-09-10,498,20,1631263.542283335,668674.1311644032,0.0,962589.4111189318,0.0,0.0,0.0,23,0,0.5900882268058064,0.5900882268058064,0.0,resolved,True,0.00924108348337338,0.8390517250690157,0.0,0.0,668674.1311644032,18,1236381.0808191278,506761.18840470497,0.0,729619.8924144229,0.0,0.0,0.0,23,0,0.590125410145418,0.590125410145418,0.0,resolved,True,0.008401572750915465,0.8386697627920817,1028.2762897151129,303457.4377539658,506761.18840470497,18
2025-09-11,498,20,1644063.2851497214,739313.0439514441,0.0,904750.2411982775,0.0,0.0,0.0,23,0,0.5503135124849429,0.5503135124849429,0.0,resolved,True,0.007846520525107925,0.863126734963401,0.0,0.0,739313.0439514441,13,1245013.4467022344,559814.9138983006,0.0,685198.5328039338,0.0,0.0,0.0,23,0,0.5503543231752824,0.5503543231752824,0.0,resolved,True,0.006981962128850716,0.8627034489657961,1066.6302226587218,304524.067976625,559814.9138983006,13
2025-09-12,498,20,1636909.221162688,532271.1663866695,0.0,1104638.0547760185,0.0,0.0,0.0,27,0,0.6748315914497689,0.6748315914497689,0.0,resolved,True,-0.004351452922557009,0.7734399410435783,0.0,0.0,532271.1663866695,13,1238634.5073623229,402716.32781148475,0.0,835918.1795508382,0.0,0.0,0.0,27,0,0.6748707343306052,0.6748707343306052,0.0,resolved,True,-0.005123590718484228,0.7729837039494818,962.3751054988045,305486.443082124,402716.32781148475,13
2025-09-15,498,20,1638457.2153534512,502091.6351490909,0.0,1136365.5802043604,0.0,0.0,0.0,27,0,0.6935582873668272,0.6935582873668272,0.0,resolved,True,0.000945681147586086,0.6318999173338751,0.0,0.0,502091.6351490909,16,1239023.0896747697,379610.8377439667,0.0,859412.251930803,0.0,0.0,0.0,27,0,0.6936208526641658,0.6936208526641658,0.0,resolved,True,0.00031371830038406934,0.6315865073355232,782.3048423702253,306268.74792449456,379610.8377439667,16
2025-09-16,498,20,1637502.2086330233,654113.3460695972,0.0,983388.8625634263,0.0,0.0,0.0,26,0,0.6005420068314614,0.6005420068314614,0.0,resolved,True,-0.0005828694893457165,0.7056668739252179,0.0,0.0,654113.3460695972,7,1237428.434359145,494196.6711892375,0.0,743231.7631699073,0.0,0.0,0.0,26,0,0.6006260584716736,0.6006260584716736,0.0,resolved,True,-0.0012870263104163282,0.7053322702154114,873.9229686896173,307142.67089318385,494196.6711892375,7
2025-09-17,498,20,1643313.5483762543,204098.30112588126,0.0,1439215.247250373,0.0,0.0,0.0,28,0,0.8758007555359418,0.8758007555359418,0.0,resolved,True,0.003548904980154033,0.5240980089498066,0.0,0.0,204098.30112588126,14,1241172.449810394,154016.49157607066,0.0,1087155.9582343234,0.0,0.0,0.0,28,0,0.8759104815776415,0.8759104815776415,0.0,resolved,True,0.0030256420066734346,0.5235645250020897,647.8736304593252,307790.54452364263,154016.49157607066,14
2025-09-18,498,20,1649018.5712025282,654456.9464923197,0.0,994561.6247102085,0.0,0.0,0.0,29,0,0.603123362027958,0.603123362027958,0.0,resolved,True,0.003471658121428467,0.522453702439521,0.0,0.0,654456.9464923197,20,1244830.3685536466,493818.05216902494,0.0,751012.3163846217,0.0,0.0,0.0,29,0,0.603304944477868,0.603304944477868,0.0,resolved,True,0.0029471478712013166,0.5222279898169665,648.1749934806822,308438.7195171234,493818.05216902494,20
2025-09-19,498,20,1649709.7868815307,457214.34969071083,0.0,1192495.4371908198,0.0,0.0,0.0,24,0,0.722851647407033,0.722851647407033,0.0,resolved,True,0.0004191679166465345,0.6741411622625685,0.0,0.0,457214.3496907108,14,1244512.4001681493,344733.4819583937,0.0,899778.9182097557,0.0,0.0,0.0,24,0,0.7229971497979323,0.7229971497979323,0.0,resolved,True,-0.00025543109609926784,0.6735080611301487,838.4032879604961,309277.12280508404,344733.4819583937,14
2025-09-22,498,20,1650024.855779659,688763.9218046812,0.0,961260.9339749777,0.0,0.0,0.0,28,0,0.582573608274991,0.582573608274991,0.0,resolved,True,0.00019098443898069029,0.6946544662632156,0.0,0.0,688763.9218046812,13,1243881.1797780402,519212.7383319643,0.0,724668.4414460759,0.0,0.0,0.0,28,0,0.5825865470328819,0.5825865470328819,0.0,resolved,True,-0.0005072029736495898,0.6943454830595035,864.1215636682963,310141.2443687522,519212.7383319643,13
2025-09-23,498,20,1649920.7384792315,461411.5652864125,0.0,1188509.173192819,0.0,0.0,0.0,30,0,0.720343193145323,0.720343193145323,0.0,resolved,True,-6.310044364654654e-05,0.6970655521111051,0.0,0.0,461411.5652864125,16,1242938.9966767242,347400.04713080707,0.0,895538.9495459171,0.0,0.0,0.0,30,0,0.7205011283259606,0.7205011283259606,0.0,resolved,True,-0.0007574542622182934,0.6965631873038053,866.4418392134089,311007.68620796537,347400.04713080707,16
2025-09-24,498,20,1647558.2152424816,679290.3399047131,0.0,968267.8753377685,0.0,0.0,0.0,31,0,0.5876987328154971,0.5876987328154971,0.0,resolved,True,-0.001431901049336215,0.691367699422056,0.0,0.0,679290.339904713,14,1240303.0460745555,511500.75206703745,0.0,728802.294007518,0.0,0.0,0.0,31,0,0.58760018070915,0.58760018070915,0.0,resolved,True,-0.0021207401241867263,0.6911568156325014,859.0657589685408,311866.7519669338,511500.75206703745,14
2025-09-25,498,20,1641316.2723434144,498402.66873614484,0.0,1142913.6036072695,0.0,0.0,0.0,35,0,0.6963396530368015,0.6963396530368015,0.0,resolved,True,-0.0037886023336349828,0.7148111658485646,0.0,0.0,498402.66873614484,16,1234718.1420701486,374848.2516807106,0.0,859869.8903894379,0.0,0.0,0.0,35,0,0.6964098615638432,0.6964098615638432,0.0,resolved,True,-0.004502854380695531,0.7145134733526471,886.2132374605987,312752.9652043945,374848.2516807106,16
2025-09-26,498,20,1654209.2107962102,505578.52992823656,0.0,1148630.6808679737,0.0,0.0,0.0,32,0,0.6943684470932854,0.6943684470932854,0.0,resolved,True,0.007855243178932048,0.611692710041149,0.0,0.0,505578.5299282365,21,1243660.9517501288,380028.17758818646,0.0,863632.7741619423,0.0,0.0,0.0,32,0,0.6944278285384808,0.6944278285384808,0.0,resolved,True,0.007242794428359511,0.6113803129283588,754.8823640771694,313507.8475684711,380028.17758818646,21
2025-09-29,498,20,1665501.8902205643,734127.5852716576,0.0,931374.3049489068,0.0,0.0,0.0,24,0,0.5592153995247425,0.5592153995247425,0.0,resolved,True,0.006826633143288241,0.7494252281446278,0.0,0.0,734127.5852716576,13,1251218.045321438,551411.8165239888,0.0,699806.2287974491,0.0,0.0,0.0,24,0,0.5592999808579878,0.5592999808579878,0.0,resolved,True,0.006076490188643868,0.749088654791661,931.61230936342,314439.4598778349,551411.8165239888,13
2025-09-30,498,20,1663019.0956440635,533645.444427751,0.0,1129373.6512163125,0.0,0.0,0.0,27,0,0.6791104528952641,0.6791104528952641,0.0,resolved,True,-0.0014907185582191396,0.7611957915769857,0.0,0.0,533645.444427751,11,1248402.5017682656,400562.0615730313,0.0,847840.4401952343,0.0,0.0,0.0,27,0,0.6791402924892683,0.6791402924892683,0.0,resolved,True,-0.0022502421250238935,0.760717913016932,951.823980166049,315391.283858001,400562.0615730313,11
2025-10-01,498,20,1656211.3290028274,388592.7194377786,0.0,1267618.609565049,0.0,0.0,0.0,28,0,0.765372502510448,0.765372502510448,0.0,resolved,True,-0.004093619044464147,0.5545565690022105,0.0,0.0,388592.7194377786,6,1242602.472101055,291424.73794765957,0.0,951177.7341533956,0.0,0.0,0.0,28,0,0.7654722692971118,0.7654722692971118,0.0,resolved,True,-0.004645961265693721,0.5542109640884477,691.87835407542,316083.16221207596,291424.73794765957,6
2025-10-02,498,20,1661261.6051695165,417366.3689222373,0.0,1243895.2362472792,0.0,0.0,0.0,33,0,0.7487654156193847,0.7487654156193847,0.0,resolved,True,0.003049294542460279,0.4866281701171957,0.0,0.0,417366.3689222373,13,1245789.0189939663,312923.3948064374,0.0,932865.624187529,0.0,0.0,0.0,33,0,0.7488150962679557,0.7488150962679557,0.0,resolved,True,0.002564413772268903,0.4863745641510692,604.3702357811917,316687.53244785685,312923.3948064374,13
2025-10-03,498,20,1662321.5345916194,584050.6690492822,0.0,1078270.8655423373,0.0,0.0,0.0,33,0,0.6486536106910478,0.6486536106910478,0.0,resolved,True,0.0006380267977088572,0.6028051421012249,0.0,0.0,584050.6690492822,18,1245832.5679792603,437646.5494661558,0.0,808186.0185131044,0.0,0.0,0.0,33,0,0.6487115839522334,0.6487115839522334,0.0,resolved,True,3.495695067945448e-05,0.6025863181302511,750.6954181226724,317438.22786597995,437646.5494661558,18
2025-10-06,498,20,1660517.245168289,515875.7239388127,0.0,1144641.5212294762,0.0,0.0,0.0,31,0,0.689328294879268,0.689328294879268,0.0,resolved,True,-0.0010854033866400936,0.6616808903088136,0.0,0.0,515875.7239388127,17,1243658.0574789455,386232.26575001347,0.0,857425.7917289321,0.0,0.0,0.0,31,0,0.6894385370421225,0.6894385370421225,0.0,resolved,True,-0.0017454275608174141,0.6612672087204525,823.8282247606792,318262.05609074014,386232.26575001347,17
2025-10-07,498,20,1659483.9424677463,644315.510193707,0.0,1015168.4322740394,0.0,0.0,0.0,29,0,0.6117374240840358,0.6117374240840358,0.0,resolved,True,-0.000622277608708588,0.6986926739294027,0.0,0.0,644315.510193707,16,1242020.3554536256,482125.4896530537,0.0,759894.8658005719,0.0,0.0,0.0,29,0,0.6118215876768252,0.6118215876768252,0.0,resolved,True,-0.0013168426927895327,0.6983065094612546,868.4545170814876,319130.5106078219,482125.4896530537,16
2025-10-08,498,20,1664420.3027236592,482485.2252208722,0.0,1181935.077502787,0.0,0.0,0.0,28,0,0.7101181567952922,0.7101181567952922,0.0,resolved,True,0.0029746357464430773,0.6790067120137143,0.0,0.0,482485.2252208722,15,1244870.4648674834,360687.3234163361,0.0,884183.1414511473,0.0,0.0,0.0,28,0,0.7102611608230811,0.7102611608230811,0.0,resolved,True,0.0022947364762124778,0.6784850295690942,842.6922175953698,319973.202825417,360687.3234163361,15
2025-10-09,498,20,1663613.3223470196,610173.6500034074,0.0,1053439.6723436122,0.0,0.0,0.0,28,0,0.6332238737168944,0.6332238737168944,0.0,resolved,True,-0.00048484170453766406,0.6564801411255626,0.0,0.0,610173.6500034074,17,1243453.0918698236,455894.34402757126,0.0,787558.7478422524,0.0,0.0,0.0,28,0,0.633364260374288,0.633364260374288,0.0,resolved,True,-0.0011385706687246921,0.6560342735974106,816.6776911422108,320789.88051655947,455894.34402757126,17
2025-10-10,498,20,1638191.4242882,727844.5752288015,0.0,910346.8490593985,0.0,0.0,0.0,27,0,0.5557023651585452,0.5557023651585452,0.0,resolved,True,-0.015281133973461092,0.8042843894424548,0.0,0.0,727844.5752288015,7,1223470.1658718546,543667.443902155,0.0,679802.7219696996,0.0,0.0,0.0,27,0,0.5556348989394987,0.5556348989394987,0.0,resolved,True,-0.01607051052317543,0.8039310587719484,999.6505606801608,321789.53107723925,543667.443902155,7
2025-10-13,498,20,1656295.0117440019,249689.51908403588,0.0,1406605.492659966,0.0,0.0,0.0,36,0,0.8492481609172243,0.8492481609172243,0.0,resolved,True,0.011050959727534782,0.5967154264267854,0.0,0.0,249689.51908403588,29,1236255.6208821174,186388.43669059686,0.0,1049867.1841915206,0.0,0.0,0.0,36,0,0.849231474832364,0.849231474832364,0.0,resolved,True,0.010450156748327277,0.5964177563454373,729.6993312848717,322519.2304085242,186388.43669059686,29
2025-10-14,498,20,1653581.9337780385,1169522.6001367944,0.0,484059.33364124416,0.0,0.0,0.0,24,0,0.2927338063831434,0.2927338063831434,0.0,resolved,True,-0.0016380402927776982,0.8568595021767679,0.0,0.0,1169522.6001367944,17,1233169.229675694,872018.5087838985,0.0,361150.72089179524,0.0,0.0,0.0,24,0,0.29286387642576256,0.29286387642576256,0.0,resolved,True,-0.002496563942189556,0.8566946970760936,1059.0936346402239,323578.3240431641,872018.5087838985,17
2025-10-15,498,20,1646844.8618094446,258073.51285958433,0.0,1388771.3489498603,0.0,0.0,0.0,26,0,0.8432921528649455,0.8432921528649455,0.0,resolved,True,-0.004074229302446053,0.8633355770491906,0.0,0.0,258073.51285958433,10,1227083.411957928,192308.85375802498,0.0,1034774.558199903,0.0,0.0,0.0,26,0,0.8432797217499844,0.8432797217499844,0.0,resolved,True,-0.004935103448345357,0.8625326442951702,1063.6487165356143,324641.97275969945,192308.85375802498,10
2025-10-16,498,20,1645650.0807508137,593268.3264009146,0.0,1052381.754349899,0.0,0.0,0.0,28,0,0.639493028718328,0.639493028718328,0.0,resolved,True,-0.0007254970315285769,0.5169532716792161,0.0,0.0,593268.3264009146,13,1225557.4588925845,441468.43589182076,0.0,784089.0230007638,0.0,0.0,0.0,28,0,0.6397815274277453,0.6397815274277453,0.0,resolved,True,-0.0012435609922463176,0.5166943641161373,634.0270832590621,325275.99984295864,441468.43589182076,13
2025-10-17,498,20,1652541.7457644818,495927.01394775603,0.0,1156614.7318167258,0.0,0.0,0.0,26,0,0.6999004622915983,0.6999004622915983,0.0,resolved,True,0.004187807052228099,0.6618632679504588,0.0,0.0,495927.01394775603,12,1229877.0434052884,369191.6956197999,0.0,860685.3477854885,0.0,0.0,0.0,26,0,0.6998141419100071,0.6998141419100071,0.0,resolved,True,0.0035245875102478674,0.6614040488093178,810.5886653600137,326086.5885083185,369191.6956197999,12
2025-10-20,498,20,1670611.5010068708,523287.3563491574,0.0,1147324.1446577134,0.0,0.0,0.0,25,0,0.6867689728977837,0.6867689728977837,0.0,resolved,True,0.010934522706432359,0.6167555965888268,0.0,0.0,523287.3563491574,18,1242564.953068403,389053.8718566855,0.0,853511.0812117175,0.0,0.0,0.0,25,0,0.6868945394798462,0.6868945394798462,0.0,resolved,True,0.010316404986293826,0.6165382076076643,758.2661879189104,326844.85469623737,389053.8718566855,18
2025-10-21,498,20,1666888.8297751178,789443.5912171472,0.0,877445.2385579706,0.0,0.0,0.0,25,0,0.526396975541763,0.526396975541763,0.0,resolved,True,-0.002228328506962418,0.7857787084400683,0.0,0.0,789443.5912171472,10,1238816.9905600054,586620.1479437043,0.0,652196.842616301,0.0,0.0,0.0,25,0,0.5264674666122204,0.5264674666122204,0.0,resolved,True,-0.003016311138618888,0.7853694565738459,975.8725619490381,327820.72725818644,586620.1479437043,10
2025-10-22,498,20,1656891.8808287224,254131.93157368095,0.0,1402759.9492550413,0.0,0.0,0.0,29,0,0.8466212946576981,0.8466212946576981,0.0,resolved,True,-0.005997369931229346,0.626061860965028,0.0,0.0,254131.93157368095,9,1230616.6657133189,188630.2821352609,0.0,1041986.3835780579,0.0,0.0,0.0,29,0,0.8467188951760842,0.8467188951760842,0.0,resolved,True,-0.0066194804472125,0.6254783563439019,774.8532150663714,328595.58047325286,188630.2821352609,9
2025-10-23,498,20,1691003.1817599088,459209.8813159814,0.0,1231793.3004439275,0.0,0.0,0.0,32,0,0.7284393747632932,0.7284393747632932,0.0,resolved,True,0.020587523740007052,0.4305300913979207,0.0,0.0,459209.8813159814,29,1255417.9672348546,340786.6758398344,0.0,914631.2913950202,0.0,0.0,0.0,32,0,0.7285472370684317,0.7285472370684317,0.0,resolved,True,0.020153555703034343,0.4303286788591335,529.5696439384436,329125.15011719137,340786.6758398344,29
2025-10-24,498,20,1722969.5611441373,1149403.7071991423,0.0,573565.853944995,0.0,0.0,0.0,21,0,0.33289378226979166,0.33289378226979166,0.0,resolved,True,0.018903796118798333,0.9512776828964693,0.0,0.0,1149403.7071991423,7,1277950.354116809,852582.1968239318,0.0,425368.1572928772,0.0,0.0,0.0,21,0,0.3328518638635606,0.3328518638635606,0.0,resolved,True,0.017948115663489972,0.9509835713887541,1193.8818620666118,330319.0319792576,852582.1968239318,7
2025-10-27,498,20,1725186.62944153,226673.2923469568,0.0,1498513.337094573,0.0,0.0,0.0,28,0,0.8686094081193206,0.8686094081193206,0.0,resolved,True,0.001286771599099179,0.7986658792929091,0.0,0.0,226673.2923469568,15,1278574.5577073044,167954.39924722622,0.0,1110620.158460078,0.0,0.0,0.0,28,0,0.8686393388365272,0.8686393388365272,0.0,resolved,True,0.0004884411890371254,0.7980380339824618,1019.8529881265687,331338.8849673847,167954.39924722622,15
2025-10-28,498,20,1712179.3056166833,853122.8423500811,0.0,859056.4632666021,0.0,0.0,0.0,25,0,0.5017327685532281,0.5017327685532281,0.0,resolved,True,-0.007539661856211688,0.6259010568883123,0.0,0.0,853122.8423500811,11,1268134.3507496961,631640.1662537643,0.0,636494.1844959318,0.0,0.0,0.0,25,0,0.5019138422673031,0.5019138422673031,0.0,resolved,True,-0.008165505010774843,0.6257429779939353,800.0590513270466,332138.94401871116,631640.1662537643,11
2025-10-29,498,20,1700548.7598856308,405918.4540901028,0.0,1294630.305795528,0.0,0.0,0.0,29,0,0.7613014906332927,0.7613014906332927,0.0,resolved,True,-0.00679283162277422,0.7353443020307434,0.0,0.0,405918.4540901028,9,1258585.3618784891,300425.2896291078,0.0,958160.0722493813,0.0,0.0,0.0,29,0,0.7612992342603516,0.7612992342603516,0.0,resolved,True,-0.007529950486367509,0.7347290704573975,931.7351727414208,333070.6791914522,300425.2896291078,9
2025-10-30,498,20,1697573.6819094892,452994.57550659357,0.0,1244579.1064028956,0.0,0.0,0.0,33,0,0.7331517445551762,0.7331517445551762,0.0,resolved,True,-0.0017494811359256568,0.505079918822476,0.0,0.0,452994.57550659357,17,1255749.329316879,334804.48654883896,0.0,920944.84276804,0.0,0.0,0.0,33,0,0.7333827072549816,0.7333827072549816,0.0,resolved,True,-0.002253349393304016,0.5047450970600031,635.2647906396578,333705.94398209127,334804.48654883896,17
2025-10-31,498,20,1694189.659858147,689345.5649213819,0.0,1004844.094936765,0.0,0.0,0.0,30,0,0.5931119276344183,0.5931119276344183,0.0,resolved,True,-0.001993446344865424,0.6729252182697785,0.0,0.0,689345.5649213819,12,1252401.918447447,509566.50825886644,0.0,742835.4101885806,0.0,0.0,0.0,30,0,0.5931286109090637,0.5931286109090637,0.0,resolved,True,-0.002665668052757697,0.6725439398286979,844.5466013760182,334550.4905834676,509566.50825886644,12
2025-11-03,498,20,1697660.7449147147,282487.2531641498,0.0,1415173.491750565,0.0,0.0,0.0,28,0,0.8336020585913111,0.8336020585913111,0.0,resolved,True,0.0020488172834547402,0.5736269327525599,0.0,0.0,282487.2531641498,15,1254248.382012047,208470.87899654853,0.0,1045777.5030154986,0.0,0.0,0.0,28,0,0.8337882017737807,0.8337882017737807,0.0,resolved,True,0.001474337860236652,0.5730883982139795,717.737009363163,335268.2275928306,208470.87899654853,15
2025-11-04,498,20,1686847.2508338096,585468.4632149376,0.0,1101378.787618872,0.0,0.0,0.0,26,0,0.6529214705566612,0.6529214705566612,0.0,resolved,True,-0.006369643707258121,0.5112657042810357,0.0,0.0,585468.4632149376,9,1245618.2848756793,432134.93915047357,0.0,813483.3457252058,0.0,0.0,0.0,26,0,0.6530759507969143,0.6530759507969143,0.0,resolved,True,-0.006880692261706178,0.5109276059095161,640.8301230372994,335909.0577158674,432134.93915047357,9
2025-11-05,498,20,1705816.4688246092,305566.99277851,0.0,1400249.4760460993,0.0,0.0,0.0,29,0,0.8208676030727617,0.8208676030727617,0.0,resolved,True,0.011245367937982031,0.5282253360836372,0.0,0.0,305566.99277851,18,1258968.4761325042,225382.58877282531,0.0,1033585.8873596787,0.0,0.0,0.0,29,0,0.8209783699547499,0.8209783699547499,0.0,resolved,True,0.01071772261127113,0.5276989274045201,657.311432884354,336566.3691487516,225382.58877282531,18
2025-11-06,498,20,1662505.7811866975,939820.2496128082,0.0,722685.5315738893,0.0,0.0,0.0,24,0,0.43469655248839856,0.43469655248839856,0.0,resolved,True,-0.025390004393470833,0.7300827874228749,0.0,0.0,939820.2496128082,8,1226080.037153176,693118.9067792719,0.0,532961.1303739041,0.0,0.0,0.0,24,0,0.4346870630170129,0.4346870630170129,0.0,resolved,True,-0.026123322071065713,0.7299389684984731,918.970150840254,337485.3392995924,693118.9067792719,8
2025-11-07,498,20,1682249.7383129,240248.89036889517,0.0,1442000.847944005,0.0,0.0,0.0,28,0,0.8571859546788596,0.8571859546788596,0.0,resolved,True,0.011876023139064884,0.7098135557395594,0.0,0.0,240248.89036889514,14,1239758.9729305708,177139.59319797863,0.0,1062619.3797325923,0.0,0.0,0.0,28,0,0.8571177163741337,0.8571177163741337,0.0,resolved,True,0.011156641787558819,0.7093691798673355,869.74339040706,338355.08268999984,177139.59319797863,14
2025-11-10,498,20,1708074.211099185,803524.4959427424,0.0,904549.7151564425,0.0,0.0,0.0,30,0,0.5295728424904582,0.5295728424904582,0.0,resolved,True,0.01535115280337851,0.620462802008469,0.0,0.0,803524.4959427426,26,1258019.3562853783,591554.7364784868,0.0,666464.6198068914,0.0,0.0,0.0,30,0,0.529772945445607,0.529772945445607,0.0,resolved,True,0.014728978578508078,0.6203701934991609,769.1095139292597,339124.19220392883,591554.7364784868,26
2025-11-11,498,20,1700424.7189418697,792004.3648939729,0.0,908420.3540478968,0.0,0.0,0.0,24,0,0.5342314446082526,0.5342314446082526,0.0,resolved,True,-0.004478430800961997,0.9341098006567021,0.0,0.0,792004.3648939729,14,1251205.451953242,582963.1857114888,0.0,668242.2662417532,0.0,0.0,0.0,24,0,0.5340787679581863,0.5340787679581863,0.0,resolved,True,-0.005416374794308454,0.9336187867710992,1174.5105051497144,340298.7027090781,582963.1857114888,14
2025-11-12,497,20,1702834.8201121127,575014.5516453297,0.0,1127820.268466783,0.0,0.0,0.0,26,0,0.6623192426805841,0.6623192426805841,0.0,resolved,True,0.0014173524669429671,0.8039279253655882,0.0,0.0,575014.5516453297,13,1251973.4735879726,422542.7404046701,0.0,829430.7331833026,0.0,0.0,0.0,26,0,0.6624986476800307,0.6624986476800307,0.0,resolved,True,0.0006138253582028685,0.803502342039774,1005.3465110173628,341304.04922009504,422542.7404046701,13
2025-11-13,497,20,1675179.1180156518,554609.8060494149,0.0,1120569.311966237,0.0,0.0,0.0,29,0,0.6689250719013362,0.6689250719013362,0.0,resolved,True,-0.01624097755684839,0.6633787049411933,0.0,0.0,554609.8060494149,9,1230811.7194644578,407486.4569599383,0.0,823325.2625045195,0.0,0.0,0.0,29,0,0.6689286829855333,0.6689286829855333,0.0,resolved,True,-0.016902717645341347,0.6629653012674731,830.0149710961348,342134.0641911916,407486.4569599383,9
2025-11-14,497,20,1695430.039837035,245362.8163681297,0.0,1450067.223468905,0.0,0.0,0.0,34,0,0.855279893240706,0.855279893240706,0.0,resolved,True,0.012088809849403637,0.47754452870995623,0.0,0.0,245362.8163681297,24,1245098.1476934846,179982.90903700274,0.0,1065115.2386564817,0.0,0.0,0.0,34,0,0.855446810060382,0.855446810060382,0.0,resolved,True,0.01160732222735339,0.4771180192751045,587.242449691468,342721.30664088245,179982.90903700277,24
2025-11-17,497,20,1684449.009635285,1011677.7322737346,0.0,672771.2773615503,0.0,0.0,0.0,25,0,0.39940139090777105,0.39940139090777105,0.0,resolved,True,-0.0064768406502961895,0.7414287343656449,0.0,0.0,1011677.7322737346,9,1236112.6286908889,742373.7923171656,0.0,493738.8363737233,0.0,0.0,0.0,25,0,0.3994286806183833,0.3994286806183833,0.0,resolved,True,-0.007216715420580444,0.7412427822394184,922.9200151574631,343644.22665604047,742373.7923171656,9
2025-11-18,497,20,1673101.463364681,286936.44164582685,0.0,1386165.021718854,0.0,0.0,0.0,31,0,0.828500274532792,0.828500274532792,0.0,resolved,True,-0.006736651691855555,0.7709430006437155,0.0,0.0,286936.44164582685,10,1226832.3085098036,210352.47892215475,0.0,1016479.8295876489,0.0,0.0,0.0,31,0,0.8285401538066245,0.8285401538066245,0.0,resolved,True,-0.007507665536039099,0.7703142739748197,952.1952021211282,344596.42185816134,210352.47892215475,10
2025-11-19,497,20,1674057.9317660844,366181.73583997844,0.0,1307876.1959261058,0.0,0.0,0.0,31,0,0.7812610131994255,0.7812610131994255,0.0,resolved,True,0.0005716738777334918,0.3903637596325786,0.0,0.0,366181.73583997844,21,1227055.6338133048,268204.56451397017,0.0,958851.0692993348,0.0,0.0,0.0,31,0,0.7814242833631967,0.7814242833631967,0.0,resolved,True,0.0001820340905209772,0.3901228968435394,478.6153741370912,345075.03723229835,268204.56451397017,21
2025-11-20,497,20,1635961.9851445023,760400.0410516299,0.0,875561.9440928723,0.0,0.0,0.0,24,0,0.5351969984898733,0.5351969984898733,0.0,resolved,True,-0.022756647723291112,0.6729646301446072,0.0,0.0,760400.0410516299,4,1198321.69941962,556850.4106179214,0.0,641471.2888016986,0.0,0.0,0.0,24,0,0.5353080805533111,0.5353080805533111,0.0,resolved,True,-0.023416977683716533,0.6726218629203699,825.3444463224403,345900.38167862035,556850.4106179214,4
2025-11-21,497,20,1661080.3435375607,132223.6163732895,0.0,1528856.7271642713,0.0,0.0,0.0,33,0,0.9203990241124063,0.9203990241124063,0.0,resolved,True,0.0153538765699619,0.5456261609563476,0.0,0.0,132223.6163732895,16,1216069.0326130937,96935.033822155,0.0,1119133.9987909386,0.0,0.0,0.0,33,0,0.920288214548264,0.920288214548264,0.0,resolved,True,0.014810157574605576,0.5452009946126211,653.3261823894628,346553.70786100964,96935.033822155,16
2025-11-24,497,20,1702176.3827542937,785645.4488252084,0.0,916530.9339290854,0.0,0.0,0.0,28,0,0.5384465107229637,0.5384465107229637,0.0,resolved,True,0.024740548749864644,0.5525735517667593,0.0,0.0,785645.4488252082,23,1245477.403569236,574669.5525479412,0.0,670807.8510212947,0.0,0.0,0.0,28,0,0.5385949589281365,0.5385949589281365,0.0,resolved,True,0.024183142706092342,0.5526684546251791,672.0829929718152,347225.7908539815,574669.5525479412,23
2025-11-25,497,20,1702156.9986399934,748078.5185141624,0.0,954078.4801258311,0.0,0.0,0.0,23,0,0.5605114457057312,0.5605114457057312,0.0,resolved,True,-1.1387841176047075e-05,0.9010370387454513,0.0,0.0,748078.5185141624,15,1244334.4015768045,546987.9252984968,0.0,697346.4762783077,0.0,0.0,0.0,23,0,0.5604172603398566,0.5604172603398566,0.0,resolved,True,-0.0009177219828765404,0.9005630408354128,1121.6309178501067,348347.42177183117,546987.9252984968,15
2025-11-26,497,20,1711387.1204621748,669891.4629591007,0.0,1041495.657503074,0.0,0.0,0.0,27,0,0.6085681287713613,0.6085681287713613,0.0,resolved,True,0.00542260310274334,0.8330430052023451,0.0,0.0,669891.4629591007,19,1250044.0941551805,489088.50677809096,0.0,760955.5873770895,0.0,0.0,0.0,27,0,0.6087429962951567,0.6087429962951567,0.0,resolved,True,0.00458855157515603,0.8325893484619615,1036.019568677638,349383.4413405084,489088.50677809096,19
2025-11-28,497,20,1717633.0823672304,790093.8449159446,0.0,927539.2374512858,0.0,0.0,0.0,26,0,0.5400101144843795,0.5400101144843795,0.0,resolved,True,0.0036496487734283267,0.8531005582657216,0.0,0.0,790093.8449159446,12,1253541.639153905,576658.3215084034,0.0,676883.3176455016,0.0,0.0,0.0,26,0,0.5399767319276073,0.5399767319276073,0.0,resolved,True,0.002797937300834441,0.8526382940571503,1065.8354639366905,350449.276804445,576658.3215084034,12
2025-12-01,497,20,1709424.395273777,403120.1704913578,0.0,1306304.2247824192,0.0,0.0,0.0,27,0,0.7641778299140307,0.7641778299140307,0.0,resolved,True,-0.004779069044327122,0.6946850451685662,0.0,0.0,403120.1704913578,12,1246684.2564789439,293890.5619078241,0.0,952793.6945711198,0.0,0.0,0.0,27,0,0.7642622336967101,0.7642622336967101,0.0,resolved,True,-0.005470406774512604,0.6942465720652186,870.2669859236139,351319.5437903681,293890.5619078241,12
2025-12-02,497,20,1704703.9873424447,531082.4691487252,0.0,1173621.5181937197,0.0,0.0,0.0,30,0,0.688460593104696,0.688460593104696,0.0,resolved,True,-0.0027614019926140987,0.5465012914422959,0.0,0.0,531082.4691487252,16,1242561.2381930226,387001.87075428385,0.0,855559.3674387387,0.0,0.0,0.0,30,0,0.6885450319397731,0.6885450319397731,0.0,resolved,True,-0.003307187256512023,0.5462379278619544,680.9862249571793,352000.53001532535,387001.87075428385,16
2025-12-03,497,20,1699418.234005673,632097.8854382022,0.0,1067320.348567471,0.0,0.0,0.0,28,0,0.6280504276170477,0.6280504276170477,0.0,resolved,True,-0.0031006869087060185,0.6823356801084689,0.0,0.0,632097.8854382022,12,1237864.8476113006,460300.1449938071,0.0,777564.7026174937,0.0,0.0,0.0,28,0,0.6281499180770461,0.6281499180770461,0.0,resolved,True,-0.0037796049300166112,0.6819592752070537,847.3761613984916,352847.90617672325,460300.1449938071,12
2025-12-04,497,20,1704966.057706444,377103.1631532638,0.0,1327862.8945531803,0.0,0.0,0.0,27,0,0.7788207211230054,0.7788207211230054,0.0,resolved,True,0.0032645428828277367,0.5938509005006334,0.0,0.0,377103.1631532638,13,1241168.7918430227,274491.97783767374,0.0,966676.8140053491,0.0,0.0,0.0,27,0,0.7788439576940394,0.7788439576940394,0.0,resolved,True,0.002669067013331583,0.5934468942138073,734.6070492713745,353582.51322599396,274491.97783767374,13
2025-12-05,497,20,1708459.874867408,551109.5363399079,0.0,1157350.3385275002,0.0,0.0,0.0,30,0,0.6774231900631094,0.6774231900631094,0.0,resolved,True,0.0020492004196634994,0.5444171133481817,0.0,0.0,551109.5363399079,11,1243035.148715455,400708.29290308536,0.0,842326.8558123696,0.0,0.0,0.0,30,0,0.6776371984998373,0.6776371984998373,0.0,resolved,True,0.001503709152774535,0.5441058193061622,675.3271623829878,354257.84038837673,400708.29290308536,11
2025-12-08,497,20,1703858.080826196,375166.2409545367,0.0,1328691.8398716592,0.0,0.0,0.0,32,0,0.779813679803297,0.779813679803297,0.0,resolved,True,-0.0026935335789313175,0.5421700508865231,0.0,0.0,375166.2409545367,14,1239012.0810618412,272673.02629485575,0.0,966339.0547669855,0.0,0.0,0.0,32,0,0.7799270640999939,0.7799270640999939,0.0,resolved,True,-0.003236487445887004,0.541621013598068,673.2539571852903,354931.0943455617,272673.02629485575,14
2025-12-09,497,20,1706578.823042354,548527.5044119954,0.0,1158051.3186303587,0.0,0.0,0.0,33,0,0.678580621647394,0.678580621647394,0.0,resolved,True,0.0015968126963008533,0.5421189450934993,0.0,0.0,548527.5044119954,15,1240320.919290385,398397.5227319669,0.0,841923.396558418,0.0,0.0,0.0,33,0,0.6787948050090947,0.6787948050090947,0.0,resolved,True,0.0010563563088279437,0.5417194513107442,671.1969447202041,355602.2912902821,398397.5227319669,15
2025-12-10,497,20,1715141.0966494968,529653.0477674454,0.0,1185488.0488820514,0.0,0.0,0.0,31,0,0.6911898100966066,0.6911898100966066,0.0,resolved,True,0.005017215432146616,0.6317789355063879,0.0,0.0,529653.0477674454,21,1245757.0002132996,384582.3192690137,0.0,861174.6809442859,0.0,0.0,0.0,31,0,0.6912862466731753,0.6912862466731753,0.0,resolved,True,0.004382801933248581,0.631261472403674,782.9668097643263,356385.2581000463,384582.3192690137,21
2025-12-11,497,20,1726927.9716707906,822980.6147179015,0.0,903947.3569528891,0.0,0.0,0.0,24,0,0.5234424201713095,0.5234424201713095,0.0,resolved,True,0.006872248029225814,0.7886427916208731,0.0,0.0,822980.6147179015,17,1253336.4388175025,597185.5553526419,0.0,656150.8834648605,0.0,0.0,0.0,24,0,0.5235233438867585,0.5235233438867585,0.0,resolved,True,0.006084203101331287,0.7882608403332771,981.9814598391973,357367.23955988575,597185.5553526419,17
2025-12-12,497,20,1727594.5504378132,569165.1108902583,0.0,1158429.4395475548,0.0,0.0,0.0,25,0,0.6705447405202694,0.6705447405202694,0.0,resolved,True,0.0003859910650341192,0.8061400060949081,0.0,0.0,569165.1108902583,13,1252809.9864456025,412533.1416049083,0.0,840276.8448406942,0.0,0.0,0.0,25,0,0.670713718705801,0.670713718705801,0.0,resolved,True,-0.0004200407453218702,0.8054781005420468,1009.5350540788551,358376.774613965,412533.1416049083,13
2025-12-15,497,20,1727682.7141836467,607571.2963772439,0.0,1120111.4178064028,0.0,0.0,0.0,29,0,0.6483316691257576,0.6483316691257576,0.0,resolved,True,5.1032660302929855e-05,0.6811415369244416,0.0,0.0,607571.2963772439,9,1252024.6704635676,440083.8634204017,0.0,811940.8070431659,0.0,0.0,0.0,29,0,0.6485022429650218,0.6485022429650218,0.0,resolved,True,-0.0006268436479046624,0.6805863759209072,852.6454083925352,359229.4200223579,440083.8634204017,9
2025-12-16,497,20,1719293.55254737,354166.2333684607,0.0,1365127.3191789095,0.0,0.0,0.0,32,0,0.7940047917682733,0.7940047917682733,0.0,resolved,True,-0.004855730492297372,0.5566632818920919,0.0,0.0,354166.2333684607,13,1245244.1518657047,256406.1960378185,0.0,988837.9558278861,0.0,0.0,0.0,32,0,0.7940916280123426,0.7940916280123426,0.0,resolved,True,-0.0054156429644093285,0.5561448544301486,696.3070780979155,359925.7271004559,256406.1960378185,13
2025-12-17,497,20,1702959.191253691,534147.0639114281,0.0,1168812.127342263,0.0,0.0,0.0,29,0,0.6863418297662215,0.6863418297662215,0.0,resolved,True,-0.009500623828593735,0.5166734301793484,0.0,0.0,534147.0639114281,13,1232778.2882644183,386311.62229303195,0.0,846466.6659713862,0.0,0.0,0.0,29,0,0.6866333338520217,0.6866333338520217,0.0,resolved,True,-0.010010778675498488,0.5162428312892021,642.8483666054727,360568.5754670616,386311.622293032,13
2025-12-18,497,20,1703375.6787292855,488633.6025390645,0.0,1214742.0761902211,0.0,0.0,0.0,32,0,0.7131380888897134,0.7131380888897134,0.0,resolved,True,0.00024456691489360693,0.600590238276667,0.0,0.0,488633.6025390645,23,1232346.4753482162,353691.4613822378,0.0,878655.0139659784,0.0,0.0,0.0,32,0,0.7129934896902289,0.7129934896902289,0.0,resolved,True,-0.0003502762178022589,0.6002467844622249,739.9712034855622,361308.54667054774,353691.4613822377,23
2025-12-19,497,20,1724461.8593053634,714103.4609358928,0.0,1010358.3983694706,0.0,0.0,0.0,26,0,0.5858977935159765,0.5858977935159765,0.0,resolved,True,0.012379054626286523,0.7060903114292406,0.0,0.0,714103.4609358928,16,1246723.9963178143,515921.18707248836,0.0,730802.809245326,0.0,0.0,0.0,26,0,0.5861785057508672,0.5861785057508672,0.0,resolved,True,0.011666784672334618,0.7057883195636176,869.7757479561657,362178.32241850323,515921.18707248836,16
2025-12-22,497,20,1733593.5296263206,532293.4799123224,0.0,1201300.049713998,0.0,0.0,0.0,25,0,0.6929536994597232,0.6929536994597232,0.0,resolved,True,0.005295373899794731,0.7227744319902097,0.0,0.0,532293.4799123224,12,1252422.7348363723,384551.05602352915,0.0,867871.6788128432,0.0,0.0,0.0,25,0,0.6929542674951757,0.6929542674951757,0.0,resolved,True,0.004570970427608012,0.722166073618453,900.3417733067425,363078.66419181006,384551.05602352915,12
2025-12-23,497,20,1735040.6625822517,578003.6717411778,0.0,1157036.990841074,0.0,0.0,0.0,29,0,0.6668644809275317,0.6668644809275317,0.0,resolved,True,0.0008347590892561207,0.6404599075152454,0.0,0.0,578003.6717411778,18,1252669.5652739466,417043.75883037434,0.0,835625.8064435724,0.0,0.0,0.0,29,0,0.6670760028091121,0.6670760028091121,0.0,resolved,True,0.00019708236740578755,0.6400619270853068,801.6281091848186,363880.29230099526,417043.75883037434,18
2025-12-24,497,20,1739887.763583181,754192.0925861816,0.0,985695.6709969993,0.0,0.0,0.0,29,0,0.5665283081059355,0.5665283081059355,0.0,resolved,True,0.0027936526823038044,0.7678181803212959,0.0,0.0,754192.0925861816,20,1255202.5864813314,544264.9559791916,0.0,710937.6305021397,0.0,0.0,0.0,29,0,0.5663927386375837,0.5663927386375837,0.0,resolved,True,0.0020220984668297692,0.7675103827028449,961.436897443613,364841.72919843835,544264.9559791916,20
2025-12-26,497,20,1738871.9979208487,676256.5515310334,0.0,1062615.4463898153,0.0,0.0,0.0,25,0,0.6110946910758087,0.6110946910758087,0.0,resolved,True,-0.0005838110271206842,0.8221499536104003,0.0,0.0,676256.5515310334,14,1253439.4654533071,487185.2375964094,0.0,766254.2278568976,0.0,0.0,0.0,25,0,0.6113212875260644,0.6113212875260644,0.0,resolved,True,-0.0014046505695679556,0.8216953632501968,1031.3941452513652,365873.12334369024,487185.2375964094,14
2025-12-29,497,20,1733287.8213446331,585485.0711882894,0.0,1147802.7501563437,0.0,0.0,0.0,24,0,0.6622112819473412,0.6622112819473412,0.0,resolved,True,-0.003211378746044824,0.7256092594670419,0.0,0.0,585485.0711882894,7,1248506.4266962376,421760.546544533,0.0,826745.8801517048,0.0,0.0,0.0,24,0,0.6621879250869508,0.6621879250869508,0.0,resolved,True,-0.003935601912203657,0.7251098225174061,908.8812683311589,366782.0046120208,421760.546544533,7
2025-12-30,497,20,1724837.8351474265,301922.89287954057,0.0,1422914.942267886,0.0,0.0,0.0,33,0,0.8249557803480497,0.8249557803480497,0.0,resolved,True,-0.004875120042470149,0.5119795761210661,0.0,0.0,301922.89287954057,8,1241783.0588028203,217361.13719955896,0.0,1024421.9216032614,0.0,0.0,0.0,33,0,0.8249604585448986,0.8249604585448986,0.0,resolved,True,-0.00538512878240327,0.5117458024972744,638.9179232526708,367420.92253527325,217361.13719955896,8
2025-12-31,497,20,1709546.024289271,313495.56778068375,0.0,1396050.4565085873,0.0,0.0,0.0,33,0,0.8166205745112848,0.8166205745112848,0.0,resolved,True,-0.008865651336346203,0.35679786709202366,0.0,0.0,313495.56778068375,10,1230332.6769974676,225432.51629459293,0.0,1004900.1607028747,0.0,0.0,0.0,33,0,0.8167710892270669,0.8167710892270669,0.0,resolved,True,-0.009220919647906722,0.35658576958064786,442.80216767541475,367863.7247029489,225432.51629459293,10
