Date,eligible_count,effective_entry_k,gross_nav,gross_free_cash,gross_margin_debt,gross_long_value,gross_short_liability,gross_short_collateral,gross_short_proceeds,gross_long_count,gross_short_count,gross_gross_exposure,gross_net_exposure,gross_borrow_cost,gross_status,gross_performance_valid,gross_return,gross_turnover,gross_transaction_cost,gross_cumulative_transaction_cost,gross_planned_entry_budget,gross_planned_exit_count,net_nav,net_free_cash,net_margin_debt,net_long_value,net_short_liability,net_short_collateral,net_short_proceeds,net_long_count,net_short_count,net_gross_exposure,net_net_exposure,net_borrow_cost,net_status,net_performance_valid,net_return,net_turnover,net_transaction_cost,net_cumulative_transaction_cost,net_planned_entry_budget,net_planned_exit_count,rank_ic
2024-01-02,492,20,1000000.0,1000000.0,0.0,0.0,0.0,0.0,0.0,0,0,0.0,0.0,0.0,resolved,True,,0.0,0.0,0.0,1000000.0,0,1000000.0,1000000.0,0.0,0.0,0.0,0.0,0.0,0,0,0.0,0.0,0.0,resolved,True,,0.0,0.0,0.0,1000000.0,0,-0.07545108224272357
2024-01-03,492,20,998620.2145163562,0.0,0.0,998620.2145163562,0.0,0.0,0.0,20,0,1.0,1.0,0.0,resolved,True,-0.001379785483643814,1.0,0.0,0.0,0.0,1,998620.2145163562,0.0,0.0,998620.2145163562,0.0,0.0,0.0,20,0,1.0,1.0,0.0,resolved,True,-0.001379785483643814,1.0,0.0,0.0,0.0,1,0.11529186483121423
2024-01-04,492,20,996799.1948061632,50093.79896204315,0.0,946705.3958441201,0.0,0.0,0.0,19,0,0.949745345679393,0.949745345679393,0.0,resolved,True,-0.0018235357984166534,0.05016301315941634,0.0,0.0,50093.79896204315,6,996799.1948061632,50093.79896204315,0.0,946705.3958441201,0.0,0.0,0.0,19,0,0.949745345679393,0.949745345679393,0.0,resolved,True,-0.0018235357984166534,0.05016301315941634,0.0,0.0,50093.79896204315,6,-0.17800986268786195
2024-01-05,492,20,998783.3520861752,304370.4679591513,0.0,694412.8841270239,0.0,0.0,0.0,27,0,0.6952587692582103,0.6952587692582103,0.0,resolved,True,0.0019905285742107814,0.3556024811899289,0.0,0.0,304370.4679591513,11,998783.3520861752,304370.4679591513,0.0,694412.8841270239,0.0,0.0,0.0,27,0,0.6952587692582103,0.6952587692582103,0.0,resolved,True,0.0019905285742107814,0.3556024811899289,0.0,0.0,304370.4679591513,11,0.1394683504937734
2024-01-08,492,20,1017624.1900478634,176129.67164093303,0.0,841494.5184069304,0.0,0.0,0.0,31,0,0.8269207106479566,0.8269207106479566,0.0,resolved,True,0.018863788550675276,0.4810854512106709,0.0,0.0,176129.67164093303,23,1017624.1900478634,176129.67164093303,0.0,841494.5184069304,0.0,0.0,0.0,31,0,0.8269207106479566,0.8269207106479566,0.0,resolved,True,0.018863788550675276,0.4810854512106709,0.0,0.0,176129.67164093303,23,0.017030151192638385
2024-01-09,492,20,1011565.9789643523,693144.9081455147,0.0,318421.0708188376,0.0,0.0,0.0,27,0,0.3147803281648906,0.3147803281648906,0.0,resolved,True,-0.005953289183530663,0.8542196503264763,0.0,0.0,693144.9081455147,12,1011565.9789643523,693144.9081455147,0.0,318421.0708188376,0.0,0.0,0.0,27,0,0.3147803281648906,0.3147803281648906,0.0,resolved,True,-0.005953289183530663,0.8542196503264763,0.0,0.0,693144.9081455147,12,0.13362566826226177
2024-01-10,492,20,1014445.1232228428,118381.11679458711,0.0,896064.0064282557,0.0,0.0,0.0,31,0,0.8833045631699662,0.8833045631699662,0.0,resolved,True,0.0028462248813845292,0.8022472501209932,0.0,0.0,118381.11679458711,16,1014445.1232228428,118381.11679458711,0.0,896064.0064282557,0.0,0.0,0.0,31,0,0.8833045631699662,0.8833045631699662,0.0,resolved,True,0.0028462248813845292,0.8022472501209932,0.0,0.0,118381.11679458711,16,0.07497222047572555
2024-01-11,492,20,1012659.7625755606,498486.231624015,0.0,514173.5309515456,0.0,0.0,0.0,29,0,0.5077455923041871,0.5077455923041871,0.0,resolved,True,-0.0017599381242133783,0.6080835072269316,0.0,0.0,498486.231624015,18,1012659.7625755606,498486.231624015,0.0,514173.5309515456,0.0,0.0,0.0,29,0,0.5077455923041871,0.5077455923041871,0.0,resolved,True,-0.0017599381242133783,0.6080835072269316,0.0,0.0,498486.231624015,18,0.1316920000798502
2024-01-12,492,20,1011206.1123904381,287561.3484181081,0.0,723644.76397233,0.0,0.0,0.0,25,0,0.715625385473266,0.715625385473266,0.0,resolved,True,-0.0014354773822802258,0.7762208088953,0.0,0.0,287561.3484181081,12,1011206.1123904381,287561.3484181081,0.0,723644.76397233,0.0,0.0,0.0,25,0,0.715625385473266,0.715625385473266,0.0,resolved,True,-0.0014354773822802258,0.7762208088953,0.0,0.0,287561.3484181081,12,0.20703799275537457
2024-01-16,492,20,1011134.9694858422,348947.76220088726,0.0,662187.207284955,0.0,0.0,0.0,28,0,0.6548949717579982,0.6548949717579982,0.0,resolved,True,-7.035450411563282e-05,0.6294553630756067,0.0,0.0,348947.7622008872,13,1011134.9694858422,348947.76220088726,0.0,662187.207284955,0.0,0.0,0.0,28,0,0.6548949717579982,0.6548949717579982,0.0,resolved,True,-7.035450411563282e-05,0.6294553630756067,0.0,0.0,348947.7622008872,13,0.08270575401438927
2024-01-17,492,20,1008399.9239099834,248745.02534961828,0.0,759654.8985603651,0.0,0.0,0.0,31,0,0.7533270090053845,0.7533270090053845,0.0,resolved,True,-0.0027049263040023197,0.5911107869747892,0.0,0.0,248745.02534961828,19,1008399.9239099834,248745.02534961828,0.0,759654.8985603651,0.0,0.0,0.0,31,0,0.7533270090053845,0.7533270090053845,0.0,resolved,True,-0.0027049263040023197,0.5911107869747892,0.0,0.0,248745.02534961828,19,0.19536356995828008
2024-01-18,492,20,1011466.4431906717,419093.0425457114,0.0,592373.4006449603,0.0,0.0,0.0,28,0,0.5856579866123072,0.5856579866123072,0.0,resolved,True,0.003040975319393402,0.6622750082188074,0.0,0.0,419093.0425457114,22,1011466.4431906717,419093.0425457114,0.0,592373.4006449603,0.0,0.0,0.0,28,0,0.5856579866123072,0.5856579866123072,0.0,resolved,True,0.003040975319393402,0.6622750082188074,0.0,0.0,419093.0425457114,22,-0.029950962623343857
2024-01-19,492,20,1026456.7960749441,428948.28409882734,0.0,597508.5119761168,0.0,0.0,0.0,23,0,0.5821078044988571,0.5821078044988571,0.0,resolved,True,0.014820415432651668,0.8384275448322264,0.0,0.0,428948.28409882734,17,1026456.7960749441,428948.28409882734,0.0,597508.5119761168,0.0,0.0,0.0,23,0,0.5821078044988571,0.5821078044988571,0.0,resolved,True,0.014820415432651668,0.8384275448322264,0.0,0.0,428948.28409882734,17,-0.09952173020990322
2024-01-22,492,20,1031914.7383895004,377860.6468438667,0.0,654054.0915456337,0.0,0.0,0.0,22,0,0.6338257098318121,0.6338257098318121,0.0,resolved,True,0.005317264531178312,0.7860135312346714,0.0,0.0,377860.6468438667,11,1031914.7383895004,377860.6468438667,0.0,654054.0915456337,0.0,0.0,0.0,22,0,0.6338257098318121,0.6338257098318121,0.0,resolved,True,0.005317264531178312,0.7860135312346714,0.0,0.0,377860.6468438667,11,0.07843964474748329
2024-01-23,492,20,1033543.813676931,272479.5292222572,0.0,761064.2844546738,0.0,0.0,0.0,29,0,0.7363638332342339,0.7363638332342339,0.0,resolved,True,0.0015786917531317446,0.6302266571762546,0.0,0.0,272479.5292222572,15,1033543.813676931,272479.5292222572,0.0,761064.2844546738,0.0,0.0,0.0,29,0,0.7363638332342339,0.7363638332342339,0.0,resolved,True,0.0015786917531317446,0.6302266571762546,0.0,0.0,272479.5292222572,15,0.08788301560132399
2024-01-24,492,20,1035051.452068847,343869.0778642087,0.0,691182.3742046383,0.0,0.0,0.0,28,0,0.66777586063293,0.66777586063293,0.0,resolved,True,0.0014587077702612472,0.5963449240663986,0.0,0.0,343869.0778642087,11,1035051.452068847,343869.0778642087,0.0,691182.3742046383,0.0,0.0,0.0,28,0,0.66777586063293,0.66777586063293,0.0,resolved,True,0.0014587077702612472,0.5963449240663986,0.0,0.0,343869.0778642087,11,0.09108962757531995
2024-01-25,492,20,1021408.0479051496,237739.89518725377,0.0,783668.1527178959,0.0,0.0,0.0,29,0,0.7672429782839044,0.7672429782839044,0.0,resolved,True,-0.013181377733857746,0.5619131028597182,0.0,0.0,237739.89518725377,19,1021408.0479051496,237739.89518725377,0.0,783668.1527178959,0.0,0.0,0.0,29,0,0.7672429782839044,0.7672429782839044,0.0,resolved,True,-0.013181377733857746,0.5619131028597182,0.0,0.0,237739.89518725377,19,-0.06319036172355762
2024-01-26,492,20,1023705.9179752779,557970.9811182071,0.0,465734.93685707083,0.0,0.0,0.0,24,0,0.45494993110738097,0.45494993110738097,0.0,resolved,True,0.002249708209016932,0.7790332942230265,0.0,0.0,557970.9811182071,12,1023705.9179752779,557970.9811182071,0.0,465734.93685707083,0.0,0.0,0.0,24,0,0.45494993110738097,0.45494993110738097,0.0,resolved,True,0.002249708209016932,0.7790332942230265,0.0,0.0,557970.9811182071,12,0.15226969800398976
2024-01-29,492,20,1030996.8677179553,284015.4831135034,0.0,746981.384604452,0.0,0.0,0.0,27,0,0.7245234277557475,0.7245234277557475,0.0,resolved,True,0.007122113504137717,0.8224886165521256,0.0,0.0,284015.4831135034,22,1030996.8677179553,284015.4831135034,0.0,746981.384604452,0.0,0.0,0.0,27,0,0.7245234277557475,0.7245234277557475,0.0,resolved,True,0.007122113504137717,0.8224886165521256,0.0,0.0,284015.4831135034,22,0.3136799496523352
2024-01-30,492,20,1031304.9532161122,595740.5266884365,0.0,435564.4265276757,0.0,0.0,0.0,22,0,0.4223429987118487,0.4223429987118487,0.0,resolved,True,0.0002988229235254547,0.8533061906863247,0.0,0.0,595740.5266884365,14,1031304.9532161122,595740.5266884365,0.0,435564.4265276757,0.0,0.0,0.0,22,0,0.4223429987118487,0.4223429987118487,0.0,resolved,True,0.0002988229235254547,0.8533061906863247,0.0,0.0,595740.5266884365,14,0.03458143218130647
2024-01-31,492,20,1021857.4548712056,253009.34949800198,0.0,768848.1053732036,0.0,0.0,0.0,26,0,0.7524025016484407,0.7524025016484407,0.0,resolved,True,-0.009160722360000983,0.8229863277002812,0.0,0.0,253009.34949800198,9,1021857.4548712056,253009.34949800198,0.0,768848.1053732036,0.0,0.0,0.0,26,0,0.7524025016484407,0.7524025016484407,0.0,resolved,True,-0.009160722360000983,0.8229863277002812,0.0,0.0,253009.34949800198,9,0.015546558361791817
2024-02-01,492,20,1031581.4955531394,237080.35893429915,0.0,794501.1366188403,0.0,0.0,0.0,28,0,0.7701777707759527,0.7701777707759527,0.0,resolved,True,0.009516044175808647,0.4796067260614846,0.0,0.0,237080.35893429915,19,1031581.4955531394,237080.35893429915,0.0,794501.1366188403,0.0,0.0,0.0,28,0,0.7701777707759527,0.7701777707759527,0.0,resolved,True,0.009516044175808647,0.4796067260614846,0.0,0.0,237080.35893429915,19,0.13394177436424534
2024-02-02,492,20,1052375.174343313,564201.7643275415,0.0,488173.4100157715,0.0,0.0,0.0,24,0,0.46387773288209116,0.46387773288209116,0.0,resolved,True,0.020157087811103036,0.7767511599577411,0.0,0.0,564201.7643275415,14,1052375.174343313,564201.7643275415,0.0,488173.4100157715,0.0,0.0,0.0,24,0,0.46387773288209116,0.46387773288209116,0.0,resolved,True,0.020157087811103036,0.7767511599577411,0.0,0.0,564201.7643275415,14,0.028129310401076333
2024-02-05,492,20,1048219.9161710419,269811.1879354031,0.0,778408.7282356388,0.0,0.0,0.0,26,0,0.742600590035558,0.742600590035558,0.0,resolved,True,-0.003948457046094922,0.792505346568416,0.0,0.0,269811.1879354031,15,1048219.9161710419,269811.1879354031,0.0,778408.7282356388,0.0,0.0,0.0,26,0,0.742600590035558,0.742600590035558,0.0,resolved,True,-0.003948457046094922,0.792505346568416,0.0,0.0,269811.1879354031,15,-0.016469330631353574
2024-02-06,492,20,1052087.476843819,424332.74439965934,0.0,627754.7324441598,0.0,0.0,0.0,26,0,0.5966754155532537,0.5966754155532537,0.0,resolved,True,0.0036896462403659402,0.6622121194478405,0.0,0.0,424332.74439965934,14,1052087.476843819,424332.74439965934,0.0,627754.7324441598,0.0,0.0,0.0,26,0,0.5966754155532537,0.5966754155532537,0.0,resolved,True,0.0036896462403659402,0.6622121194478405,0.0,0.0,424332.74439965934,14,0.2804858062666658
2024-02-07,492,20,1053438.2424423043,265788.7637462125,0.0,787649.4786960917,0.0,0.0,0.0,25,0,0.7476940241603488,0.7476940241603488,0.0,resolved,True,0.0012838909579433455,0.6559544936474128,0.0,0.0,265788.7637462125,14,1053438.2424423043,265788.7637462125,0.0,787649.4786960917,0.0,0.0,0.0,25,0,0.7476940241603488,0.7476940241603488,0.0,resolved,True,0.0012838909579433455,0.6559544936474128,0.0,0.0,265788.7637462125,14,-0.023136559233267788
2024-02-08,492,20,1053513.9731122938,363008.56402143853,0.0,690505.4090908553,0.0,0.0,0.0,26,0,0.6554307078158275,0.6554307078158275,0.0,resolved,True,7.188904573451893e-05,0.5969000387814283,0.0,0.0,363008.5640214385,18,1053513.9731122938,363008.56402143853,0.0,690505.4090908553,0.0,0.0,0.0,26,0,0.6554307078158275,0.6554307078158275,0.0,resolved,True,7.188904573451893e-05,0.5969000387814283,0.0,0.0,363008.5640214385,18,-0.0012508343555856414
2024-02-09,492,20,1051783.6987560987,408375.1994121722,0.0,643408.4993439264,0.0,0.0,0.0,24,0,0.6117308150952132,0.6117308150952132,0.0,resolved,True,-0.0016423838699389792,0.7322007900424771,0.0,0.0,408375.1994121722,12,1051783.6987560987,408375.1994121722,0.0,643408.4993439264,0.0,0.0,0.0,24,0,0.6117308150952132,0.6117308150952132,0.0,resolved,True,-0.0016423838699389792,0.7322007900424771,0.0,0.0,408375.1994121722,12,-0.030546644245900187
2024-02-12,492,20,1052446.8181298974,246104.30272070857,0.0,806342.5154091888,0.0,0.0,0.0,26,0,0.7661598681461039,0.7661598681461039,0.0,resolved,True,0.0006304712409812563,0.6222567462368047,0.0,0.0,246104.3027207086,13,1052446.8181298974,246104.30272070857,0.0,806342.5154091888,0.0,0.0,0.0,26,0,0.7661598681461039,0.7661598681461039,0.0,resolved,True,0.0006304712409812563,0.6222567462368047,0.0,0.0,246104.3027207086,13,0.38293204580902074
2024-02-13,492,20,1047131.8042521593,368925.3928558769,0.0,678206.4113962824,0.0,0.0,0.0,32,0,0.6476800806185463,0.6476800806185463,0.0,resolved,True,-0.005050149600131171,0.584380782935367,0.0,0.0,368925.3928558768,11,1047131.8042521593,368925.3928558769,0.0,678206.4113962824,0.0,0.0,0.0,32,0,0.6476800806185463,0.6476800806185463,0.0,resolved,True,-0.005050149600131171,0.584380782935367,0.0,0.0,368925.3928558768,11,0.12345279206527164
2024-02-14,492,20,1054124.621764054,203921.2375537419,0.0,850203.384210312,0.0,0.0,0.0,34,0,0.806549213116297,0.806549213116297,0.0,resolved,True,0.00667806811281868,0.5470625837964446,0.0,0.0,203921.2375537419,24,1054124.621764054,203921.2375537419,0.0,850203.384210312,0.0,0.0,0.0,34,0,0.806549213116297,0.806549213116297,0.0,resolved,True,0.00667806811281868,0.5470625837964446,0.0,0.0,203921.2375537419,24,-0.030409370277672987
2024-02-15,492,20,1055431.1951333047,554924.2696038975,0.0,500506.9255294071,0.0,0.0,0.0,26,0,0.4742203260973268,0.4742203260973268,0.0,resolved,True,0.0012394866245171166,0.7198821576596219,0.0,0.0,554924.2696038975,10,1055431.1951333047,554924.2696038975,0.0,500506.9255294071,0.0,0.0,0.0,26,0,0.4742203260973268,0.4742203260973268,0.0,resolved,True,0.0012394866245171166,0.7198821576596219,0.0,0.0,554924.2696038975,10,-0.11075820204580347
2024-02-16,492,20,1047779.915866263,122833.28443371192,0.0,924946.6314325511,0.0,0.0,0.0,28,0,0.8827680483528278,0.8827680483528278,0.0,resolved,True,-0.007249434451362169,0.6421617602007741,0.0,0.0,122833.28443371193,9,1047779.915866263,122833.28443371192,0.0,924946.6314325511,0.0,0.0,0.0,28,0,0.8827680483528278,0.8827680483528278,0.0,resolved,True,-0.007249434451362169,0.6421617602007741,0.0,0.0,122833.28443371193,9,0.03565150055163397
2024-02-20,492,20,1041685.1251463892,225790.69415133155,0.0,815894.4309950577,0.0,0.0,0.0,32,0,0.7832447745477781,0.7832447745477781,0.0,resolved,True,-0.0058168615637519405,0.332726341959719,0.0,0.0,225790.69415133155,11,1041685.1251463892,225790.69415133155,0.0,815894.4309950577,0.0,0.0,0.0,32,0,0.7832447745477781,0.7832447745477781,0.0,resolved,True,-0.0058168615637519405,0.332726341959719,0.0,0.0,225790.69415133155,11,-0.049818354942165397
2024-02-21,492,20,1024768.2585749901,154703.16539407178,0.0,870065.0931809183,0.0,0.0,0.0,31,0,0.8490359512020824,0.8490359512020824,0.0,resolved,True,-0.016239904135159633,0.36526763256980616,0.0,0.0,154703.16539407178,5,1024768.2585749901,154703.16539407178,0.0,870065.0931809183,0.0,0.0,0.0,31,0,0.8490359512020824,0.8490359512020824,0.0,resolved,True,-0.016239904135159633,0.36526763256980616,0.0,0.0,154703.16539407178,5,0.42861111361631293
2024-02-22,492,20,1046816.6050272346,89932.91505685123,0.0,956883.6899703834,0.0,0.0,0.0,37,0,0.9140891397547983,0.9140891397547983,0.0,resolved,True,0.02151544631456903,0.23872331954456338,0.0,0.0,89932.91505685123,27,1046816.6050272346,89932.91505685123,0.0,956883.6899703834,0.0,0.0,0.0,37,0,0.9140891397547983,0.9140891397547983,0.0,resolved,True,0.02151544631456903,0.23872331954456338,0.0,0.0,89932.91505685123,27,0.14064567311864976
2024-02-23,492,20,1052413.3421267,572228.7677967688,0.0,480184.57432993123,0.0,0.0,0.0,25,0,0.4562699417698201,0.4562699417698201,0.0,resolved,True,0.005346435156442508,0.632547935974317,0.0,0.0,572228.7677967688,17,1052413.3421267,572228.7677967688,0.0,480184.57432993123,0.0,0.0,0.0,25,0,0.4562699417698201,0.4562699417698201,0.0,resolved,True,0.005346435156442508,0.632547935974317,0.0,0.0,572228.7677967688,17,0.22603771204694106
2024-02-26,492,20,1056958.308776354,285656.5909870246,0.0,771301.7177893292,0.0,0.0,0.0,25,0,0.729737125281951,0.729737125281951,0.0,resolved,True,0.004318613673663041,0.8151600938944696,0.0,0.0,285656.5909870246,16,1056958.308776354,285656.5909870246,0.0,771301.7177893292,0.0,0.0,0.0,25,0,0.729737125281951,0.729737125281951,0.0,resolved,True,0.004318613673663041,0.8151600938944696,0.0,0.0,285656.5909870246,16,-0.05510385567789649
2024-02-27,492,20,1061553.961383884,578815.3672739409,0.0,482738.59410994314,0.0,0.0,0.0,25,0,0.4547471081739696,0.4547471081739696,0.0,resolved,True,0.004347997995162611,0.8178865250245959,0.0,0.0,578815.3672739409,12,1061553.961383884,578815.3672739409,0.0,482738.59410994314,0.0,0.0,0.0,25,0,0.4547471081739696,0.4547471081739696,0.0,resolved,True,0.004347997995162611,0.8178865250245959,0.0,0.0,578815.3672739409,12,0.07553216312223347
2024-02-28,492,20,1063383.262718396,209710.62277801923,0.0,853672.6399403767,0.0,0.0,0.0,29,0,0.8027892387153788,0.8027892387153788,0.0,resolved,True,0.0017232297189369028,0.7428034925553905,0.0,0.0,209710.62277801923,13,1063383.262718396,209710.62277801923,0.0,853672.6399403767,0.0,0.0,0.0,29,0,0.8027892387153788,0.8027892387153788,0.0,resolved,True,0.0017232297189369028,0.7428034925553905,0.0,0.0,209710.62277801923,13,0.10216262951156273
2024-02-29,492,20,1068580.2889468072,425882.7754035749,0.0,642697.5135432322,0.0,0.0,0.0,30,0,0.6014499052538906,0.6014499052538906,0.0,resolved,True,0.00488725599754658,0.5977086723716023,0.0,0.0,425882.7754035749,20,1068580.2889468072,425882.7754035749,0.0,642697.5135432322,0.0,0.0,0.0,30,0,0.6014499052538906,0.6014499052538906,0.0,resolved,True,0.00488725599754658,0.5977086723716023,0.0,0.0,425882.7754035749,20,-0.07237646577787271
2024-03-01,492,20,1074816.2505913563,410127.78805146203,0.0,664688.4625398944,0.0,0.0,0.0,28,0,0.6184205553034646,0.6184205553034646,0.0,resolved,True,0.005835744594068215,0.7823563396242412,0.0,0.0,410127.78805146203,16,1074816.2505913563,410127.78805146203,0.0,664688.4625398944,0.0,0.0,0.0,28,0,0.6184205553034646,0.6184205553034646,0.0,resolved,True,0.005835744594068215,0.7823563396242412,0.0,0.0,410127.78805146203,16,-0.03994246605019648
2024-03-04,492,20,1073418.2372921268,350151.3986365729,0.0,723266.8386555538,0.0,0.0,0.0,27,0,0.6737977924430582,0.6737977924430582,0.0,resolved,True,-0.0013006998158618943,0.7073573611021746,0.0,0.0,350151.3986365729,12,1073418.2372921268,350151.3986365729,0.0,723266.8386555538,0.0,0.0,0.0,27,0,0.6737977924430582,0.6737977924430582,0.0,resolved,True,-0.0013006998158618943,0.7073573611021746,0.0,0.0,350151.3986365729,12,-0.13785900063769435
2024-03-05,492,20,1066116.8297282518,353944.79711739835,0.0,712172.0326108534,0.0,0.0,0.0,27,0,0.6680056188517188,0.6680056188517188,0.0,resolved,True,-0.006802015570644637,0.6559383577552859,0.0,0.0,353944.79711739835,6,1066116.8297282518,353944.79711739835,0.0,712172.0326108534,0.0,0.0,0.0,27,0,0.6680056188517188,0.6680056188517188,0.0,resolved,True,-0.006802015570644637,0.6559383577552859,0.0,0.0,353944.79711739835,6,0.03567442254835999
2024-03-06,492,20,1069887.4898359613,112118.46166414148,0.0,957769.0281718199,0.0,0.0,0.0,34,0,0.8952053718458455,0.8952053718458455,0.0,resolved,True,0.0035368169815597206,0.4371596487228673,0.0,0.0,112118.46166414148,12,1069887.4898359613,112118.46166414148,0.0,957769.0281718199,0.0,0.0,0.0,34,0,0.8952053718458455,0.8952053718458455,0.0,resolved,True,0.0035368169815597206,0.4371596487228673,0.0,0.0,112118.46166414148,12,-0.12656744699877007
2024-03-07,492,20,1078947.763378203,302002.8883430405,0.0,776944.8750351623,0.0,0.0,0.0,34,0,0.7200949864361694,0.7200949864361694,0.0,resolved,True,0.008468435819948494,0.3870699993610312,0.0,0.0,302002.8883430405,19,1078947.763378203,302002.8883430405,0.0,776944.8750351623,0.0,0.0,0.0,34,0,0.7200949864361694,0.7200949864361694,0.0,resolved,True,0.008468435819948494,0.3870699993610312,0.0,0.0,302002.8883430405,19,0.10965179869166293
2024-03-08,492,20,1077800.416026323,457271.36733515305,0.0,620529.04869117,0.0,0.0,0.0,31,0,0.575736508786071,0.575736508786071,0.0,resolved,True,-0.0010633947173562808,0.7037173452224361,0.0,0.0,457271.36733515305,17,1077800.416026323,457271.36733515305,0.0,620529.04869117,0.0,0.0,0.0,31,0,0.575736508786071,0.575736508786071,0.0,resolved,True,-0.0010633947173562808,0.7037173452224361,0.0,0.0,457271.36733515305,17,-0.2762745405111922
2024-03-11,492,20,1078001.213078439,298768.2701350191,0.0,779232.9429434199,0.0,0.0,0.0,31,0,0.7228497829962277,0.7228497829962277,0.0,resolved,True,0.00018630262999552727,0.7014653420320319,0.0,0.0,298768.2701350191,9,1078001.213078439,298768.2701350191,0.0,779232.9429434199,0.0,0.0,0.0,31,0,0.7228497829962277,0.7228497829962277,0.0,resolved,True,0.00018630262999552727,0.7014653420320319,0.0,0.0,298768.2701350191,9,0.4147169231286779
2024-03-12,492,20,1094519.156719829,288990.17824068223,0.0,805528.9784791468,0.0,0.0,0.0,32,0,0.7359660847720944,0.7359660847720944,0.0,resolved,True,0.015322750513628636,0.5452298580418515,0.0,0.0,288990.17824068223,27,1094519.156719829,288990.17824068223,0.0,805528.9784791468,0.0,0.0,0.0,32,0,0.7359660847720944,0.7359660847720944,0.0,resolved,True,0.015322750513628636,0.5452298580418515,0.0,0.0,288990.17824068223,27,0.08297690747349093
2024-03-13,492,20,1085189.6965274909,673119.4740785185,0.0,412070.22244897246,0.0,0.0,0.0,22,0,0.3797218345949653,0.3797218345949653,0.0,resolved,True,-0.008523797993904125,0.8790249548509982,0.0,0.0,673119.4740785183,13,1085189.6965274909,673119.4740785185,0.0,412070.22244897246,0.0,0.0,0.0,22,0,0.3797218345949653,0.3797218345949653,0.0,resolved,True,-0.008523797993904125,0.8790249548509982,0.0,0.0,673119.4740785183,13,-0.008462931448882148
2024-03-14,492,20,1074833.510854605,186063.40494112152,0.0,888770.1059134833,0.0,0.0,0.0,23,0,0.8268909528200495,0.8268909528200495,0.0,resolved,True,-0.009543203097140407,0.7917351977897947,0.0,0.0,186063.40494112152,9,1074833.510854605,186063.40494112152,0.0,888770.1059134833,0.0,0.0,0.0,23,0,0.8268909528200495,0.8268909528200495,0.0,resolved,True,-0.009543203097140407,0.7917351977897947,0.0,0.0,186063.40494112152,9,-0.041898932122818255
2024-03-15,492,20,1070155.0218820008,337184.74432903505,0.0,732970.2775529658,0.0,0.0,0.0,26,0,0.6849197196345874,0.6849197196345874,0.0,resolved,True,-0.004352756892445742,0.4868178596833279,0.0,0.0,337184.74432903505,19,1070155.0218820008,337184.74432903505,0.0,732970.2775529658,0.0,0.0,0.0,26,0,0.6849197196345874,0.6849197196345874,0.0,resolved,True,-0.004352756892445742,0.4868178596833279,0.0,0.0,337184.74432903505,19,0.12031085363691688
2024-03-18,492,20,1070574.6219209856,584086.705733518,0.0,486487.91618746775,0.0,0.0,0.0,22,0,0.4544175681229377,0.4544175681229377,0.0,resolved,True,0.00039209276264196014,0.8608766311654399,0.0,0.0,584086.705733518,10,1070574.6219209856,584086.705733518,0.0,486487.91618746775,0.0,0.0,0.0,22,0,0.4544175681229377,0.4544175681229377,0.0,resolved,True,0.00039209276264196014,0.8608766311654399,0.0,0.0,584086.705733518,10,0.15821943719410372
2024-03-19,492,20,1069621.0532640463,263259.6073126065,0.0,806361.4459514398,0.0,0.0,0.0,28,0,0.7538758175063535,0.7538758175063535,0.0,resolved,True,-0.0008907073242856445,0.791487389758679,0.0,0.0,263259.6073126065,17,1069621.0532640463,263259.6073126065,0.0,806361.4459514398,0.0,0.0,0.0,28,0,0.7538758175063535,0.7538758175063535,0.0,resolved,True,-0.0008907073242856445,0.791487389758679,0.0,0.0,263259.6073126065,17,0.2549381583122007
2024-03-20,492,20,1083009.4330069292,530927.1786807154,0.0,552082.254326214,0.0,0.0,0.0,27,0,0.5097668011933942,0.5097668011933942,0.0,resolved,True,0.012516937378922233,0.7424935995507844,0.0,0.0,530927.1786807154,19,1083009.4330069292,530927.1786807154,0.0,552082.254326214,0.0,0.0,0.0,27,0,0.5097668011933942,0.5097668011933942,0.0,resolved,True,0.012516937378922233,0.7424935995507844,0.0,0.0,530927.1786807154,19,-0.17410087977057467
2024-03-21,492,20,1094591.1525347023,394949.34993606084,0.0,699641.8025986415,0.0,0.0,0.0,25,0,0.63918094073619,0.63918094073619,0.0,resolved,True,0.010694015374932642,0.8549108626377513,0.0,0.0,394949.34993606084,16,1094591.1525347023,394949.34993606084,0.0,699641.8025986415,0.0,0.0,0.0,25,0,0.63918094073619,0.63918094073619,0.0,resolved,True,0.010694015374932642,0.8549108626377513,0.0,0.0,394949.34993606084,16,0.16951558572845846
2024-03-22,492,20,1087641.3568885112,442070.5531037662,0.0,645570.8037847449,0.0,0.0,0.0,26,0,0.5935511735518891,0.5935511735518891,0.0,resolved,True,-0.0063492159881776145,0.76468725432466,0.0,0.0,442070.5531037662,18,1087641.3568885112,442070.5531037662,0.0,645570.8037847449,0.0,0.0,0.0,26,0,0.5935511735518891,0.5935511735518891,0.0,resolved,True,-0.0063492159881776145,0.76468725432466,0.0,0.0,442070.5531037662,18,-0.14844096421591307
2024-03-25,492,20,1083435.9837735493,405453.8075129824,0.0,677982.1762605669,0.0,0.0,0.0,26,0,0.625770406756467,0.625770406756467,0.0,resolved,True,-0.0038665071793448913,0.779231458282645,0.0,0.0,405453.8075129824,13,1083435.9837735493,405453.8075129824,0.0,677982.1762605669,0.0,0.0,0.0,26,0,0.625770406756467,0.625770406756467,0.0,resolved,True,-0.0038665071793448913,0.779231458282645,0.0,0.0,405453.8075129824,13,0.169248697153858
2024-03-26,492,20,1085022.1685118745,353632.6834781349,0.0,731389.4850337397,0.0,0.0,0.0,27,0,0.6740779186446045,0.6740779186446045,0.0,resolved,True,0.0014640318044454315,0.7006288348918046,0.0,0.0,353632.6834781349,17,1085022.1685118745,353632.6834781349,0.0,731389.4850337397,0.0,0.0,0.0,27,0,0.6740779186446045,0.6740779186446045,0.0,resolved,True,0.0014640318044454315,0.7006288348918046,0.0,0.0,353632.6834781349,17,0.06672041874224618
2024-03-27,492,20,1092796.6166191208,480755.9504095246,0.0,612040.6662095961,0.0,0.0,0.0,27,0,0.560068229441558,0.560068229441558,0.0,resolved,True,0.007165243561713774,0.7690060702004251,0.0,0.0,480755.9504095246,16,1092796.6166191208,480755.9504095246,0.0,612040.6662095961,0.0,0.0,0.0,27,0,0.560068229441558,0.560068229441558,0.0,resolved,True,0.007165243561713774,0.7690060702004251,0.0,0.0,480755.9504095246,16,-0.27340316603960463
2024-03-28,492,20,1093149.4561306199,365006.9666949539,0.0,728142.4894356659,0.0,0.0,0.0,30,0,0.6660960085119967,0.6660960085119967,0.0,resolved,True,0.0003228775658097316,0.7739435721544319,0.0,0.0,365006.96669495385,12,1093149.4561306199,365006.9666949539,0.0,728142.4894356659,0.0,0.0,0.0,30,0,0.6660960085119967,0.6660960085119967,0.0,resolved,True,0.0003228775658097316,0.7739435721544319,0.0,0.0,365006.96669495385,12,0.05139475263095282
2024-04-01,492,20,1091815.3985019033,306506.1236800115,0.0,785309.2748218919,0.0,0.0,0.0,37,0,0.7192692793117105,0.7192692793117105,0.0,resolved,True,-0.0012203799043533081,0.6142921140462311,0.0,0.0,306506.1236800115,22,1091815.3985019033,306506.1236800115,0.0,785309.2748218919,0.0,0.0,0.0,37,0,0.7192692793117105,0.7192692793117105,0.0,resolved,True,-0.0012203799043533081,0.6142921140462311,0.0,0.0,306506.1236800115,22,-0.07605907940941568
2024-04-02,492,20,1082031.2468667352,437302.00279448077,0.0,644729.2440722545,0.0,0.0,0.0,31,0,0.5958508554528467,0.5958508554528467,0.0,resolved,True,-0.008961360728739542,0.6812581389629443,0.0,0.0,437302.00279448077,11,1082031.2468667352,437302.00279448077,0.0,644729.2440722545,0.0,0.0,0.0,31,0,0.5958508554528467,0.5958508554528467,0.0,resolved,True,-0.008961360728739542,0.6812581389629443,0.0,0.0,437302.00279448077,11,0.1116412009672996
2024-04-03,492,20,1086059.485794721,191941.9093527987,0.0,894117.5764419222,0.0,0.0,0.0,34,0,0.823267590897799,0.823267590897799,0.0,resolved,True,0.0037228489839369328,0.5815395017190096,0.0,0.0,191941.9093527987,21,1086059.485794721,191941.9093527987,0.0,894117.5764419222,0.0,0.0,0.0,34,0,0.823267590897799,0.823267590897799,0.0,resolved,True,0.0037228489839369328,0.5815395017190096,0.0,0.0,191941.9093527987,21,0.03085784607548105
2024-04-04,492,20,1080471.32238985,519774.47790725325,0.0,560696.8444825967,0.0,0.0,0.0,27,0,0.5189372756718934,0.5189372756718934,0.0,resolved,True,-0.0051453566567598585,0.6553198941393683,0.0,0.0,519774.47790725325,15,1080471.32238985,519774.47790725325,0.0,560696.8444825967,0.0,0.0,0.0,27,0,0.5189372756718934,0.5189372756718934,0.0,resolved,True,-0.0051453566567598585,0.6553198941393683,0.0,0.0,519774.47790725325,15,0.3463611220584151
2024-04-05,492,20,1087750.324024487,364981.3879352109,0.0,722768.9360892761,0.0,0.0,0.0,29,0,0.66446216574329,0.66446216574329,0.0,resolved,True,0.006736876290744043,0.8188610354650687,0.0,0.0,364981.3879352109,20,1087750.324024487,364981.3879352109,0.0,722768.9360892761,0.0,0.0,0.0,29,0,0.66446216574329,0.66446216574329,0.0,resolved,True,0.006736876290744043,0.8188610354650687,0.0,0.0,364981.3879352109,20,0.1379348807347302
2024-04-08,492,20,1091006.834823316,486691.4315916812,0.0,604315.4032316348,0.0,0.0,0.0,25,0,0.5539061570860838,0.5539061570860838,0.0,resolved,True,0.00299380356585921,0.7829671945082497,0.0,0.0,486691.4315916812,17,1091006.834823316,486691.4315916812,0.0,604315.4032316348,0.0,0.0,0.0,25,0,0.5539061570860838,0.5539061570860838,0.0,resolved,True,0.00299380356585921,0.7829671945082497,0.0,0.0,486691.4315916812,17,-0.3512020965730363
2024-04-09,492,20,1087723.110024061,383675.53712949366,0.0,704047.5728945673,0.0,0.0,0.0,25,0,0.6472672745539012,0.6472672745539012,0.0,resolved,True,-0.003009811391132766,0.7977649093849409,0.0,0.0,383675.53712949366,9,1087723.110024061,383675.53712949366,0.0,704047.5728945673,0.0,0.0,0.0,25,0,0.6472672745539012,0.6472672745539012,0.0,resolved,True,-0.003009811391132766,0.7977649093849409,0.0,0.0,383675.53712949366,9,0.3506723108373462
2024-04-10,492,20,1082911.4765560604,240308.03223241214,0.0,842603.4443236481,0.0,0.0,0.0,31,0,0.7780907881809008,0.7780907881809008,0.0,resolved,True,-0.004423583009001475,0.5736603034462542,0.0,0.0,240308.03223241214,17,1082911.4765560604,240308.03223241214,0.0,842603.4443236481,0.0,0.0,0.0,31,0,0.7780907881809008,0.7780907881809008,0.0,resolved,True,-0.004423583009001475,0.5736603034462542,0.0,0.0,240308.03223241214,17,0.15453561167071753
2024-04-11,492,20,1085240.94431886,465978.35636537516,0.0,619262.5879534849,0.0,0.0,0.0,32,0,0.5706222117726663,0.5706222117726663,0.0,resolved,True,0.0021511155927611547,0.6522106413018727,0.0,0.0,465978.35636537516,18,1085240.94431886,465978.35636537516,0.0,619262.5879534849,0.0,0.0,0.0,32,0,0.5706222117726663,0.5706222117726663,0.0,resolved,True,0.0021511155927611547,0.6522106413018727,0.0,0.0,465978.35636537516,18,0.40168055592933777
2024-04-12,492,20,1077461.7130771587,303114.3521962818,0.0,774347.3608808768,0.0,0.0,0.0,30,0,0.7186773798851678,0.7186773798851678,0.0,resolved,True,-0.007168206546596889,0.708683829694953,0.0,0.0,303114.3521962818,20,1077461.7130771587,303114.3521962818,0.0,774347.3608808768,0.0,0.0,0.0,30,0,0.7186773798851678,0.7186773798851678,0.0,resolved,True,-0.007168206546596889,0.708683829694953,0.0,0.0,303114.3521962818,20,-0.13573651552103497
2024-04-15,492,20,1071600.4436866385,441896.31820186635,0.0,629704.125484772,0.0,0.0,0.0,29,0,0.5876295863767975,0.5876295863767975,0.0,resolved,True,-0.005439886465924415,0.6914497855060191,0.0,0.0,441896.31820186635,11,1071600.4436866385,441896.31820186635,0.0,629704.125484772,0.0,0.0,0.0,29,0,0.5876295863767975,0.5876295863767975,0.0,resolved,True,-0.005439886465924415,0.6914497855060191,0.0,0.0,441896.31820186635,11,0.17349715457669698
2024-04-16,492,20,1071067.8290973913,290536.4247315616,0.0,780531.4043658298,0.0,0.0,0.0,31,0,0.7287413394010704,0.7287413394010704,0.0,resolved,True,-0.0004970272197861725,0.6834942512842125,0.0,0.0,290536.4247315616,22,1071067.8290973913,290536.4247315616,0.0,780531.4043658298,0.0,0.0,0.0,31,0,0.7287413394010704,0.7287413394010704,0.0,resolved,True,-0.0004970272197861725,0.6834942512842125,0.0,0.0,290536.4247315616,22,0.060346254078116286
2024-04-17,492,20,1065668.5914747547,507495.40857194783,0.0,558173.1829028068,0.0,0.0,0.0,24,0,0.5237774551752187,0.5237774551752187,0.0,resolved,True,-0.005040985711602053,0.7450805743797053,0.0,0.0,507495.40857194783,14,1065668.5914747547,507495.40857194783,0.0,558173.1829028068,0.0,0.0,0.0,24,0,0.5237774551752187,0.5237774551752187,0.0,resolved,True,-0.005040985711602053,0.7450805743797053,0.0,0.0,507495.40857194783,14,-0.43521974584516565
2024-04-18,492,20,1060749.2044935946,310085.5612890401,0.0,750663.6432045546,0.0,0.0,0.0,27,0,0.7076730673231323,0.7076730673231323,0.0,resolved,True,-0.004616244694189864,0.7672000248497098,0.0,0.0,310085.5612890401,11,1060749.2044935946,310085.5612890401,0.0,750663.6432045546,0.0,0.0,0.0,27,0,0.7076730673231323,0.7076730673231323,0.0,resolved,True,-0.004616244694189864,0.7672000248497098,0.0,0.0,310085.5612890401,11,-0.4742294399839969
2024-04-19,492,20,1051554.5592247942,268159.8650054247,0.0,783394.6942193696,0.0,0.0,0.0,28,0,0.7449872071277861,0.7449872071277861,0.0,resolved,True,-0.008668067088666853,0.5451292575519967,0.0,0.0,268159.8650054247,5,1051554.5592247942,268159.8650054247,0.0,783394.6942193696,0.0,0.0,0.0,28,0,0.7449872071277861,0.7449872071277861,0.0,resolved,True,-0.008668067088666853,0.5451292575519967,0.0,0.0,268159.8650054247,5,0.11634001785267196
2024-04-22,492,20,1056948.8495359542,104528.14628954753,0.0,952420.7032464066,0.0,0.0,0.0,35,0,0.9011038742930276,0.9011038742930276,0.0,resolved,True,0.005129824471624911,0.3544162383449872,0.0,0.0,104528.14628954753,20,1056948.8495359542,104528.14628954753,0.0,952420.7032464066,0.0,0.0,0.0,35,0,0.9011038742930276,0.9011038742930276,0.0,resolved,True,0.005129824471624911,0.3544162383449872,0.0,0.0,104528.14628954753,20,-0.07256938543162605
2024-04-23,492,20,1077567.3236478171,451974.977328063,0.0,625592.3463197543,0.0,0.0,0.0,27,0,0.5805598709155155,0.5805598709155155,0.0,resolved,True,0.019507542035657854,0.5265185007410143,0.0,0.0,451974.977328063,20,1077567.3236478171,451974.977328063,0.0,625592.3463197543,0.0,0.0,0.0,27,0,0.5805598709155155,0.5805598709155155,0.0,resolved,True,0.019507542035657854,0.5265185007410143,0.0,0.0,451974.977328063,20,0.024361045622722816
2024-04-24,492,20,1081357.035722257,556070.6609600213,0.0,525286.3747622357,0.0,0.0,0.0,26,0,0.48576590100177947,0.48576590100177947,0.0,resolved,True,0.0035169144342748204,0.9354827454080673,0.0,0.0,556070.6609600213,19,1081357.035722257,556070.6609600213,0.0,525286.3747622357,0.0,0.0,0.0,26,0,0.48576590100177947,0.48576590100177947,0.0,resolved,True,0.0035169144342748204,0.9354827454080673,0.0,0.0,556070.6609600213,19,-7.355479253936597e-06
2024-04-25,492,20,1082609.409359069,364838.5609609989,0.0,717770.8483980701,0.0,0.0,0.0,22,0,0.6630007481858187,0.6630007481858187,0.0,resolved,True,0.0011581499869517398,0.8516236464914942,0.0,0.0,364838.5609609989,13,1082609.409359069,364838.5609609989,0.0,717770.8483980701,0.0,0.0,0.0,22,0,0.6630007481858187,0.6630007481858187,0.0,resolved,True,0.0011581499869517398,0.8516236464914942,0.0,0.0,364838.5609609989,13,0.015094099889893508
2024-04-26,492,20,1084137.210434955,454579.6083186788,0.0,629557.6021162763,0.0,0.0,0.0,26,0,0.5806991919995977,0.5806991919995977,0.0,resolved,True,0.0014112209469807624,0.7568917858979185,0.0,0.0,454579.6083186788,17,1084137.210434955,454579.6083186788,0.0,629557.6021162763,0.0,0.0,0.0,26,0,0.5806991919995977,0.5806991919995977,0.0,resolved,True,0.0014112209469807624,0.7568917858979185,0.0,0.0,454579.6083186788,17,-0.029588013150992406
2024-04-29,492,20,1085185.1909410267,396968.3178265173,0.0,688216.8731145094,0.0,0.0,0.0,24,0,0.6341930196427734,0.6341930196427734,0.0,resolved,True,0.0009666493281335065,0.7854613954294191,0.0,0.0,396968.3178265173,14,1085185.1909410267,396968.3178265173,0.0,688216.8731145094,0.0,0.0,0.0,24,0,0.6341930196427734,0.6341930196427734,0.0,resolved,True,0.0009666493281335065,0.7854613954294191,0.0,0.0,396968.3178265173,14,-0.09935754934810515
2024-04-30,492,20,1072139.0431618,393582.22534390277,0.0,678556.8178178972,0.0,0.0,0.0,27,0,0.6329000162299789,0.6329000162299789,0.0,resolved,True,-0.012022047377843181,0.7284936707299603,0.0,0.0,393582.22534390277,10,1072139.0431618,393582.22534390277,0.0,678556.8178178972,0.0,0.0,0.0,27,0,0.6329000162299789,0.6329000162299789,0.0,resolved,True,-0.012022047377843181,0.7284936707299603,0.0,0.0,393582.22534390277,10,-0.1402476795549508
2024-05-01,492,20,1069345.1643191054,221313.46363111213,0.0,848031.7006879933,0.0,0.0,0.0,31,0,0.7930383275525156,0.7930383275525156,0.0,resolved,True,-0.0026058922679050855,0.5735223363955217,0.0,0.0,221313.46363111213,15,1069345.1643191054,221313.46363111213,0.0,848031.7006879933,0.0,0.0,0.0,31,0,0.7930383275525156,0.7930383275525156,0.0,resolved,True,-0.0026058922679050855,0.5735223363955217,0.0,0.0,221313.46363111213,15,0.0515084073130202
2024-05-02,492,20,1079262.7332924292,489222.60458158376,0.0,590040.1287108456,0.0,0.0,0.0,33,0,0.5467066641973753,0.5467066641973753,0.0,resolved,True,0.009274431964761076,0.6644590464530894,0.0,0.0,489222.60458158376,21,1079262.7332924292,489222.60458158376,0.0,590040.1287108456,0.0,0.0,0.0,33,0,0.5467066641973753,0.5467066641973753,0.0,resolved,True,0.009274431964761076,0.6644590464530894,0.0,0.0,489222.60458158376,21,-0.07030519096391548
2024-05-03,492,20,1084522.4881992259,427478.26117999875,0.0,657044.2270192271,0.0,0.0,0.0,31,0,0.6058373470062417,0.6058373470062417,0.0,resolved,True,0.004873470327981355,0.8493769287901456,0.0,0.0,427478.26117999875,14,1084522.4881992259,427478.26117999875,0.0,657044.2270192271,0.0,0.0,0.0,31,0,0.6058373470062417,0.6058373470062417,0.0,resolved,True,0.004873470327981355,0.8493769287901456,0.0,0.0,427478.26117999875,14,0.02202789595595183
2024-05-06,493,20,1096795.4085551468,327128.87784900935,0.0,769666.5307061374,0.0,0.0,0.0,29,0,0.7017412041504172,0.7017412041504172,0.0,resolved,True,0.011316427726915324,0.6957966729504893,0.0,0.0,327128.87784900935,21,1096795.4085551468,327128.87784900935,0.0,769666.5307061374,0.0,0.0,0.0,29,0,0.7017412041504172,0.7017412041504172,0.0,resolved,True,0.011316427726915324,0.6957966729504893,0.0,0.0,327128.87784900935,21,0.21180885409560735
2024-05-07,493,20,1094814.3092887432,583814.8400404772,0.0,510999.4692482659,0.0,0.0,0.0,27,0,0.4667453328959883,0.4667453328959883,0.0,resolved,True,-0.0018062614512704966,0.8305502656046928,0.0,0.0,583814.8400404772,20,1094814.3092887432,583814.8400404772,0.0,510999.4692482659,0.0,0.0,0.0,27,0,0.4667453328959883,0.4667453328959883,0.0,resolved,True,-0.0018062614512704966,0.8305502656046928,0.0,0.0,583814.8400404772,20,0.1235030362901277
2024-05-08,493,20,1097556.2519833497,394377.2547189614,0.0,703178.9972643881,0.0,0.0,0.0,26,0,0.6406769548200393,0.6406769548200393,0.0,resolved,True,0.002504481966798311,0.8934776303708803,0.0,0.0,394377.2547189614,13,1097556.2519833497,394377.2547189614,0.0,703178.9972643881,0.0,0.0,0.0,26,0,0.6406769548200393,0.6406769548200393,0.0,resolved,True,0.002504481966798311,0.8934776303708803,0.0,0.0,394377.2547189614,13,0.06235810737444581
2024-05-09,493,20,1106931.398784095,381864.4090220253,0.0,725066.9897620697,0.0,0.0,0.0,27,0,0.6550243226983326,0.6550243226983326,0.0,resolved,True,0.008541837180375822,0.7072454485483284,0.0,0.0,381864.4090220253,19,1106931.398784095,381864.4090220253,0.0,725066.9897620697,0.0,0.0,0.0,27,0,0.6550243226983326,0.6550243226983326,0.0,resolved,True,0.008541837180375822,0.7072454485483284,0.0,0.0,381864.4090220253,19,0.030853043993284007
2024-05-10,493,20,1102615.7096637576,531056.6443309777,0.0,571559.0653327798,0.0,0.0,0.0,24,0,0.518366517294658,0.518366517294658,0.0,resolved,True,-0.00389878643344832,0.824731373918745,0.0,0.0,531056.6443309777,11,1102615.7096637576,531056.6443309777,0.0,571559.0653327798,0.0,0.0,0.0,24,0,0.518366517294658,0.518366517294658,0.0,resolved,True,-0.00389878643344832,0.824731373918745,0.0,0.0,531056.6443309777,11,-0.03592499114504192
2024-05-13,493,20,1101529.3709687984,222264.7667797134,0.0,879264.604189085,0.0,0.0,0.0,27,0,0.7982216610491004,0.7982216610491004,0.0,resolved,True,-0.0009852378171634202,0.6832130220060225,0.0,0.0,222264.7667797134,13,1101529.3709687984,222264.7667797134,0.0,879264.604189085,0.0,0.0,0.0,27,0,0.7982216610491004,0.7982216610491004,0.0,resolved,True,-0.0009852378171634202,0.6832130220060225,0.0,0.0,222264.7667797134,13,-0.022488954979958658
2024-05-14,493,20,1110072.131928383,462085.8334591895,0.0,647986.2984691933,0.0,0.0,0.0,29,0,0.5837335068879997,0.5837335068879997,0.0,resolved,True,0.007755363755821643,0.6212731301363446,0.0,0.0,462085.8334591895,16,1110072.131928383,462085.8334591895,0.0,647986.2984691933,0.0,0.0,0.0,29,0,0.5837335068879997,0.5837335068879997,0.0,resolved,True,0.007755363755821643,0.6212731301363446,0.0,0.0,462085.8334591895,16,-0.16311196405029227
2024-05-15,493,20,1118517.2296239212,270719.5352180654,0.0,847797.6944058557,0.0,0.0,0.0,27,0,0.7579656995457374,0.7579656995457374,0.0,resolved,True,0.007607701745352191,0.6601421183362629,0.0,0.0,270719.5352180654,10,1118517.2296239212,270719.5352180654,0.0,847797.6944058557,0.0,0.0,0.0,27,0,0.7579656995457374,0.7579656995457374,0.0,resolved,True,0.007607701745352191,0.6601421183362629,0.0,0.0,270719.5352180654,10,0.1628649965475186
2024-05-16,493,20,1115322.7531818487,304632.70508360234,0.0,810690.0480982462,0.0,0.0,0.0,30,0,0.7268658742821027,0.7268658742821027,0.0,resolved,True,-0.0028559921630769702,0.5143883572496402,0.0,0.0,304632.70508360234,16,1115322.7531818487,304632.70508360234,0.0,810690.0480982462,0.0,0.0,0.0,30,0,0.7268658742821027,0.7268658742821027,0.0,resolved,True,-0.0028559921630769702,0.5143883572496402,0.0,0.0,304632.70508360234,16,0.05703052676265158
2024-05-17,493,20,1117368.343907625,361433.1889020915,0.0,755935.1550055335,0.0,0.0,0.0,30,0,0.6765317445471035,0.6765317445471035,0.0,resolved,True,0.001834079615017803,0.5971956477042244,0.0,0.0,361433.18890209147,16,1117368.343907625,361433.1889020915,0.0,755935.1550055335,0.0,0.0,0.0,30,0,0.6765317445471035,0.6765317445471035,0.0,resolved,True,0.001834079615017803,0.5971956477042244,0.0,0.0,361433.18890209147,16,-0.0053673870235626045
2024-05-20,493,20,1122897.6327453512,424736.81189019466,0.0,698160.8208551565,0.0,0.0,0.0,27,0,0.6217493033164887,0.6217493033164887,0.0,resolved,True,0.004948492471506194,0.7035907228612873,0.0,0.0,424736.81189019466,16,1122897.6327453512,424736.81189019466,0.0,698160.8208551565,0.0,0.0,0.0,27,0,0.6217493033164887,0.6217493033164887,0.0,resolved,True,0.004948492471506194,0.7035907228612873,0.0,0.0,424736.81189019466,16,0.0999148090153485
2024-05-21,493,20,1120826.3729366802,473671.66130974377,0.0,647154.7116269364,0.0,0.0,0.0,25,0,0.5773906889176105,0.5773906889176105,0.0,resolved,True,-0.00184456690286805,0.8000804766178344,0.0,0.0,473671.66130974377,16,1120826.3729366802,473671.66130974377,0.0,647154.7116269364,0.0,0.0,0.0,25,0,0.5773906889176105,0.5773906889176105,0.0,resolved,True,-0.00184456690286805,0.8000804766178344,0.0,0.0,473671.66130974377,16,-0.027284747320110676
2024-05-22,493,20,1112635.0208943526,395930.94232910324,0.0,716704.0785652493,0.0,0.0,0.0,24,0,0.6441502065871987,0.6441502065871987,0.0,resolved,True,-0.007308314864920118,0.7758584421603141,0.0,0.0,395930.94232910324,11,1112635.0208943526,395930.94232910324,0.0,716704.0785652493,0.0,0.0,0.0,24,0,0.6441502065871987,0.6441502065871987,0.0,resolved,True,-0.007308314864920118,0.7758584421603141,0.0,0.0,395930.94232910324,11,0.1707292775050681
2024-05-23,493,20,1107085.9805492512,347620.2816786384,0.0,759465.6988706127,0.0,0.0,0.0,27,0,0.6860042600248845,0.6860042600248845,0.0,resolved,True,-0.0049872961401493665,0.6682795436459154,0.0,0.0,347620.2816786384,17,1107085.9805492512,347620.2816786384,0.0,759465.6988706127,0.0,0.0,0.0,27,0,0.6860042600248845,0.6860042600248845,0.0,resolved,True,-0.0049872961401493665,0.6682795436459154,0.0,0.0,347620.2816786384,17,0.021455317395708762
2024-05-24,493,20,1121073.0987545722,465594.32151078177,0.0,655478.7772437906,0.0,0.0,0.0,27,0,0.5846887040389945,0.5846887040389945,0.0,resolved,True,0.012634175168925621,0.7345541515989259,0.0,0.0,465594.32151078177,17,1121073.0987545722,465594.32151078177,0.0,655478.7772437906,0.0,0.0,0.0,27,0,0.5846887040389945,0.5846887040389945,0.0,resolved,True,0.012634175168925621,0.7345541515989259,0.0,0.0,465594.32151078177,17,-0.18300673493481526
2024-05-28,493,20,1114811.8506639493,453343.6883497484,0.0,661468.1623142008,0.0,0.0,0.0,25,0,0.5933451119309952,0.5933451119309952,0.0,resolved,True,-0.00558504891213496,0.8196949965897871,0.0,0.0,453343.6883497484,11,1114811.8506639493,453343.6883497484,0.0,661468.1623142008,0.0,0.0,0.0,25,0,0.5933451119309952,0.5933451119309952,0.0,resolved,True,-0.00558504891213496,0.8196949965897871,0.0,0.0,453343.6883497484,11,0.1263296441701491
2024-05-29,493,20,1108741.980984272,270142.043025865,0.0,838599.937958407,0.0,0.0,0.0,28,0,0.756352652231992,0.756352652231992,0.0,resolved,True,-0.005444748076603445,0.648975637408884,0.0,0.0,270142.043025865,11,1108741.980984272,270142.043025865,0.0,838599.937958407,0.0,0.0,0.0,28,0,0.756352652231992,0.756352652231992,0.0,resolved,True,-0.005444748076603445,0.648975637408884,0.0,0.0,270142.043025865,11,-0.0757046217127516
2024-05-30,493,20,1096397.6787398118,287154.7617853858,0.0,809242.916954426,0.0,0.0,0.0,29,0,0.738092512093387,0.738092512093387,0.0,resolved,True,-0.011133611296563095,0.5026388595086095,0.0,0.0,287154.7617853858,17,1096397.6787398118,287154.7617853858,0.0,809242.916954426,0.0,0.0,0.0,29,0,0.738092512093387,0.738092512093387,0.0,resolved,True,-0.011133611296563095,0.5026388595086095,0.0,0.0,287154.7617853858,17,-0.268166954955504
2024-05-31,493,20,1096195.4219330344,486401.21329648583,0.0,609794.2086365485,0.0,0.0,0.0,26,0,0.5562823894677789,0.5562823894677789,0.0,resolved,True,-0.00018447394654264038,0.7055432441000675,0.0,0.0,486401.21329648583,12,1096195.4219330344,486401.21329648583,0.0,609794.2086365485,0.0,0.0,0.0,26,0,0.5562823894677789,0.5562823894677789,0.0,resolved,True,-0.00018447394654264038,0.7055432441000675,0.0,0.0,486401.21329648583,12,-0.05556264242471017
2024-06-03,493,20,1090662.3651634383,207706.6866438459,0.0,882955.6785195924,0.0,0.0,0.0,26,0,0.8095591328002589,0.8095591328002589,0.0,resolved,True,-0.005047509466732825,0.6331972256519186,0.0,0.0,207706.6866438459,13,1090662.3651634383,207706.6866438459,0.0,882955.6785195924,0.0,0.0,0.0,26,0,0.8095591328002589,0.8095591328002589,0.0,resolved,True,-0.005047509466732825,0.6331972256519186,0.0,0.0,207706.6866438459,13,-0.2131042479926614
2024-06-04,493,20,1085909.4888251557,310937.5794252183,0.0,774971.9093999374,0.0,0.0,0.0,26,0,0.7136616056632663,0.7136616056632663,0.0,resolved,True,-0.004357788890579695,0.47553145926268847,0.0,0.0,310937.5794252183,6,1085909.4888251557,310937.5794252183,0.0,774971.9093999374,0.0,0.0,0.0,26,0,0.7136616056632663,0.7136616056632663,0.0,resolved,True,-0.004357788890579695,0.47553145926268847,0.0,0.0,310937.5794252183,6,0.26202045619920544
2024-06-05,493,20,1112382.0529920394,209994.60160686402,0.0,902387.4513851755,0.0,0.0,0.0,26,0,0.81122079321396,0.81122079321396,0.0,resolved,True,0.024378241869425388,0.4797197062857221,0.0,0.0,209994.60160686402,21,1112382.0529920394,209994.60160686402,0.0,902387.4513851755,0.0,0.0,0.0,26,0,0.81122079321396,0.81122079321396,0.0,resolved,True,0.024378241869425388,0.4797197062857221,0.0,0.0,209994.60160686402,21,0.21029647333585338
2024-06-06,493,20,1100408.6305632005,711649.9502744317,0.0,388758.6802887686,0.0,0.0,0.0,24,0,0.3532857426697916,0.3532857426697916,0.0,resolved,True,-0.010763768074676605,0.8285323818397593,0.0,0.0,711649.9502744317,15,1100408.6305632005,711649.9502744317,0.0,388758.6802887686,0.0,0.0,0.0,24,0,0.3532857426697916,0.3532857426697916,0.0,resolved,True,-0.010763768074676605,0.8285323818397593,0.0,0.0,711649.9502744317,15,0.07823163111294591
2024-06-07,493,20,1100380.426682014,199466.886950881,0.0,900913.539731133,0.0,0.0,0.0,28,0,0.8187291575584136,0.8187291575584136,0.0,resolved,True,-2.563037075786756e-05,0.8279804537328951,0.0,0.0,199466.886950881,11,1100380.426682014,199466.886950881,0.0,900913.539731133,0.0,0.0,0.0,28,0,0.8187291575584136,0.8187291575584136,0.0,resolved,True,-2.563037075786756e-05,0.8279804537328951,0.0,0.0,199466.886950881,11,0.15978816277753405
2024-06-10,493,20,1119504.880352707,308441.22541210696,0.0,811063.6549406,0.0,0.0,0.0,30,0,0.7244842511852823,0.7244842511852823,0.0,resolved,True,0.01737985628148553,0.46157501537399054,0.0,0.0,308441.22541210696,21,1119504.880352707,308441.22541210696,0.0,811063.6549406,0.0,0.0,0.0,30,0,0.7244842511852823,0.7244842511852823,0.0,resolved,True,0.01737985628148553,0.46157501537399054,0.0,0.0,308441.22541210696,21,-0.16202285889802878
2024-06-11,493,20,1112984.9877067888,564042.4747588187,0.0,548942.51294797,0.0,0.0,0.0,26,0,0.49321645755440013,0.49321645755440013,0.0,resolved,True,-0.005823907300756215,0.7793478308875639,0.0,0.0,564042.4747588187,6,1112984.9877067888,564042.4747588187,0.0,548942.51294797,0.0,0.0,0.0,26,0,0.49321645755440013,0.49321645755440013,0.0,resolved,True,-0.005823907300756215,0.7793478308875639,0.0,0.0,564042.4747588187,6,0.10908232002901024
2024-06-12,493,20,1117112.2933650536,88576.01728965671,0.0,1028536.2760753969,0.0,0.0,0.0,29,0,0.9207098356935621,0.9207098356935621,0.0,resolved,True,0.0037083210500159502,0.586367740137394,0.0,0.0,88576.01728965671,19,1117112.2933650536,88576.01728965671,0.0,1028536.2760753969,0.0,0.0,0.0,29,0,0.9207098356935621,0.9207098356935621,0.0,resolved,True,0.0037083210500159502,0.586367740137394,0.0,0.0,88576.01728965671,19,-0.021511807896955844
2024-06-13,493,20,1116866.5693836026,608005.2957562928,0.0,508861.27362730977,0.0,0.0,0.0,24,0,0.45561509993816873,0.45561509993816873,0.0,resolved,True,-0.00021996354610942515,0.6235553195352047,0.0,0.0,608005.2957562928,14,1116866.5693836026,608005.2957562928,0.0,508861.27362730977,0.0,0.0,0.0,24,0,0.45561509993816873,0.45561509993816873,0.0,resolved,True,-0.00021996354610942515,0.6235553195352047,0.0,0.0,608005.2957562928,14,0.0013679725816616133
2024-06-14,493,20,1115649.9866315187,182561.4820773448,0.0,933088.5045541739,0.0,0.0,0.0,27,0,0.8363631208130495,0.8363631208130495,0.0,resolved,True,-0.0010892820910158862,0.7078435325268531,0.0,0.0,182561.4820773448,12,1115649.9866315187,182561.4820773448,0.0,933088.5045541739,0.0,0.0,0.0,27,0,0.8363631208130495,0.8363631208130495,0.0,resolved,True,-0.0010892820910158862,0.7078435325268531,0.0,0.0,182561.4820773448,12,0.19926577441081125
2024-06-17,493,20,1123858.7600255532,390828.64428642247,0.0,733030.1157391306,0.0,0.0,0.0,30,0,0.652243984575485,0.652243984575485,0.0,resolved,True,0.007357839369334096,0.5139516275126789,0.0,0.0,390828.6442864225,19,1123858.7600255532,390828.64428642247,0.0,733030.1157391306,0.0,0.0,0.0,30,0,0.652243984575485,0.652243984575485,0.0,resolved,True,0.007357839369334096,0.5139516275126789,0.0,0.0,390828.6442864225,19,-0.0393935463127459
2024-06-18,493,20,1126378.9154054224,421605.5476942416,0.0,704773.3677111809,0.0,0.0,0.0,27,0,0.6256982957262732,0.6256982957262732,0.0,resolved,True,0.0022424128987632574,0.7228970586679335,0.0,0.0,421605.5476942416,13,1126378.9154054224,421605.5476942416,0.0,704773.3677111809,0.0,0.0,0.0,27,0,0.6256982957262732,0.6256982957262732,0.0,resolved,True,0.0022424128987632574,0.7228970586679335,0.0,0.0,421605.5476942416,13,0.15953485633162942
2024-06-20,493,20,1126599.378317476,412444.3323304651,0.0,714155.0459870109,0.0,0.0,0.0,26,0,0.6339032842833345,0.6339032842833345,0.0,resolved,True,0.0001957271296881835,0.7404700750497488,0.0,0.0,412444.3323304651,15,1126599.378317476,412444.3323304651,0.0,714155.0459870109,0.0,0.0,0.0,26,0,0.6339032842833345,0.6339032842833345,0.0,resolved,True,0.0001957271296881835,0.7404700750497488,0.0,0.0,412444.3323304651,15,-0.08988942623630962
2024-06-21,493,20,1129270.7629739773,361224.5706612391,0.0,768046.1923127382,0.0,0.0,0.0,29,0,0.6801258099430995,0.6801258099430995,0.0,resolved,True,0.0023711930859493524,0.6867293892414021,0.0,0.0,361224.5706612391,16,1129270.7629739773,361224.5706612391,0.0,768046.1923127382,0.0,0.0,0.0,29,0,0.6801258099430995,0.6801258099430995,0.0,resolved,True,0.0023711930859493524,0.6867293892414021,0.0,0.0,361224.5706612391,16,0.15759467069843022
2024-06-24,493,20,1120033.936472361,436751.524926971,0.0,683282.41154539,0.0,0.0,0.0,26,0,0.6100550968102307,0.6100550968102307,0.0,resolved,True,-0.008179461298803758,0.7066295540023626,0.0,0.0,436751.52492697106,7,1120033.936472361,436751.524926971,0.0,683282.41154539,0.0,0.0,0.0,26,0,0.6100550968102307,0.6100550968102307,0.0,resolved,True,-0.008179461298803758,0.7066295540023626,0.0,0.0,436751.52492697106,7,0.25698435136354536
2024-06-25,493,20,1132887.62511002,129893.46620034566,0.0,1002994.1589096743,0.0,0.0,0.0,32,0,0.8853430266856952,0.8853430266856952,0.0,resolved,True,0.011476159979707967,0.5059176982726183,0.0,0.0,129893.46620034566,26,1132887.62511002,129893.46620034566,0.0,1002994.1589096743,0.0,0.0,0.0,32,0,0.8853430266856952,0.8853430266856952,0.0,resolved,True,0.011476159979707967,0.5059176982726183,0.0,0.0,129893.46620034566,26,0.014211208429422995
2024-06-26,493,20,1129623.6934599965,876424.6811369697,0.0,253199.0123230269,0.0,0.0,0.0,22,0,0.22414456583102244,0.22414456583102244,0.0,resolved,True,-0.0028810727363240973,0.8882771115445709,0.0,0.0,876424.6811369697,12,1129623.6934599965,876424.6811369697,0.0,253199.0123230269,0.0,0.0,0.0,22,0,0.22414456583102244,0.22414456583102244,0.0,resolved,True,-0.0028810727363240973,0.8882771115445709,0.0,0.0,876424.6811369697,12,-0.012177403682476554
2024-06-27,493,20,1133053.7742068432,177018.42414015374,0.0,956035.3500666894,0.0,0.0,0.0,28,0,0.8437687352799564,0.8437687352799564,0.0,resolved,True,0.0030364808800535936,0.9325610921372097,0.0,0.0,177018.42414015374,18,1133053.7742068432,177018.42414015374,0.0,956035.3500666894,0.0,0.0,0.0,28,0,0.8437687352799564,0.8437687352799564,0.0,resolved,True,0.0030364808800535936,0.9325610921372097,0.0,0.0,177018.42414015374,18,-0.07893134340352273
2024-06-28,493,20,1129478.9461115329,582389.2110167099,0.0,547089.7350948231,0.0,0.0,0.0,24,0,0.48437355736314847,0.48437355736314847,0.0,resolved,True,-0.0031550383368280643,0.6702308861628946,0.0,0.0,582389.2110167099,9,1129478.9461115329,582389.2110167099,0.0,547089.7350948231,0.0,0.0,0.0,24,0,0.48437355736314847,0.48437355736314847,0.0,resolved,True,-0.0031550383368280643,0.6702308861628946,0.0,0.0,582389.2110167099,9,0.02607535632563926
2024-07-01,493,20,1124461.049728057,168667.64051581325,0.0,955793.4092122439,0.0,0.0,0.0,31,0,0.8500013490404098,0.8500013490404098,0.0,resolved,True,-0.0044426648241217,0.6649586998661573,0.0,0.0,168667.64051581325,9,1124461.049728057,168667.64051581325,0.0,955793.4092122439,0.0,0.0,0.0,31,0,0.8500013490404098,0.8500013490404098,0.0,resolved,True,-0.0044426648241217,0.6649586998661573,0.0,0.0,168667.64051581325,9,0.07535179632811309
2024-07-02,493,20,1129400.095561564,300397.2463884223,0.0,829002.8491731415,0.0,0.0,0.0,33,0,0.7340205233123714,0.7340205233123714,0.0,resolved,True,0.004392367200892755,0.41714640717673096,0.0,0.0,300397.2463884223,14,1129400.095561564,300397.2463884223,0.0,829002.8491731415,0.0,0.0,0.0,33,0,0.7340205233123714,0.7340205233123714,0.0,resolved,True,0.004392367200892755,0.41714640717673096,0.0,0.0,300397.2463884223,14,0.061445374636819816
2024-07-03,493,20,1140821.779215457,408856.7548320282,0.0,731965.0243834289,0.0,0.0,0.0,27,0,0.6416120709816753,0.6416120709816753,0.0,resolved,True,0.010113053557175178,0.6279918020263615,0.0,0.0,408856.7548320282,17,1140821.779215457,408856.7548320282,0.0,731965.0243834289,0.0,0.0,0.0,27,0,0.6416120709816753,0.6416120709816753,0.0,resolved,True,0.010113053557175178,0.6279918020263615,0.0,0.0,408856.7548320282,17,0.07105364926776714
2024-07-05,493,20,1140297.6096107438,426503.6646175862,0.0,713793.9449931576,0.0,0.0,0.0,23,0,0.625971622651056,0.625971622651056,0.0,resolved,True,-0.0004594666881917453,0.7322444527874382,0.0,0.0,426503.6646175862,9,1140297.6096107438,426503.6646175862,0.0,713793.9449931576,0.0,0.0,0.0,23,0,0.625971622651056,0.625971622651056,0.0,resolved,True,-0.0004594666881917453,0.7322444527874382,0.0,0.0,426503.6646175862,9,0.1922442494801392
2024-07-08,493,20,1145591.666705176,309229.9184484445,0.0,836361.7482567314,0.0,0.0,0.0,31,0,0.7300696858787238,0.7300696858787238,0.0,resolved,True,0.00464269770436454,0.6452118963199286,0.0,0.0,309229.9184484445,18,1145591.666705176,309229.9184484445,0.0,836361.7482567314,0.0,0.0,0.0,31,0,0.7300696858787238,0.7300696858787238,0.0,resolved,True,0.00464269770436454,0.6452118963199286,0.0,0.0,309229.9184484445,18,0.052436818659951395
2024-07-09,493,20,1145889.570887429,506655.5283893269,0.0,639234.0424981021,0.0,0.0,0.0,31,0,0.5578496032589337,0.5578496032589337,0.0,resolved,True,0.000260043950136124,0.7121956893980665,0.0,0.0,506655.5283893269,17,1145889.570887429,506655.5283893269,0.0,639234.0424981021,0.0,0.0,0.0,31,0,0.5578496032589337,0.5578496032589337,0.0,resolved,True,0.000260043950136124,0.7121956893980665,0.0,0.0,506655.5283893269,17,0.05513885901834829
2024-07-10,493,20,1151280.099402343,320193.3396347158,0.0,831086.7597676271,0.0,0.0,0.0,28,0,0.7218805920462484,0.7218805920462484,0.0,resolved,True,0.004704230365531137,0.7215781424589578,0.0,0.0,320193.3396347158,13,1151280.099402343,320193.3396347158,0.0,831086.7597676271,0.0,0.0,0.0,28,0,0.7218805920462484,0.7218805920462484,0.0,resolved,True,0.004704230365531137,0.7215781424589578,0.0,0.0,320193.3396347158,13,-0.15762013076844508
2024-07-11,493,20,1154931.57831457,365794.5632727501,0.0,789137.0150418199,0.0,0.0,0.0,30,0,0.6832759878238274,0.6832759878238274,0.0,resolved,True,0.0031716685749390017,0.5958479637262708,0.0,0.0,365794.5632727501,15,1154931.57831457,365794.5632727501,0.0,789137.0150418199,0.0,0.0,0.0,30,0,0.6832759878238274,0.6832759878238274,0.0,resolved,True,0.0031716685749390017,0.5958479637262708,0.0,0.0,365794.5632727501,15,-0.1842564962618406
2024-07-12,493,20,1161085.5864649476,386786.9844591487,0.0,774298.6020057988,0.0,0.0,0.0,31,0,0.6668746998774103,0.6668746998774103,0.0,resolved,True,0.00532846124041253,0.6516243575486652,0.0,0.0,386786.9844591487,14,1161085.5864649476,386786.9844591487,0.0,774298.6020057988,0.0,0.0,0.0,31,0,0.6668746998774103,0.6668746998774103,0.0,resolved,True,0.00532846124041253,0.6516243575486652,0.0,0.0,386786.9844591487,14,-0.016654076382753933
2024-07-15,493,20,1171369.4152464038,340086.5332902536,0.0,831282.8819561503,0.0,0.0,0.0,29,0,0.7096675661292433,0.7096675661292433,0.0,resolved,True,0.008857080736629053,0.6260292318006012,0.0,0.0,340086.5332902536,15,1171369.4152464038,340086.5332902536,0.0,831282.8819561503,0.0,0.0,0.0,29,0,0.7096675661292433,0.7096675661292433,0.0,resolved,True,0.008857080736629053,0.6260292318006012,0.0,0.0,340086.5332902536,15,-0.16620040652602086
2024-07-16,493,20,1176099.7289049656,481673.22341393057,0.0,694426.5054910351,0.0,0.0,0.0,31,0,0.5904486570518953,0.5904486570518953,0.0,resolved,True,0.004038276565012433,0.7015376584092566,0.0,0.0,481673.2234139305,15,1176099.7289049656,481673.22341393057,0.0,694426.5054910351,0.0,0.0,0.0,31,0,0.5904486570518953,0.5904486570518953,0.0,resolved,True,0.004038276565012433,0.7015376584092566,0.0,0.0,481673.2234139305,15,0.05273842640036912
2024-07-17,493,20,1149664.3726738961,351316.5146495169,0.0,798347.8580243791,0.0,0.0,0.0,32,0,0.6944181945619285,0.6944181945619285,0.0,resolved,True,-0.022477138274389907,0.7082645438912063,0.0,0.0,351316.5146495169,8,1149664.3726738961,351316.5146495169,0.0,798347.8580243791,0.0,0.0,0.0,32,0,0.6944181945619285,0.6944181945619285,0.0,resolved,True,-0.022477138274389907,0.7082645438912063,0.0,0.0,351316.5146495169,8,0.020399763600459864
2024-07-18,493,20,1145356.4668383286,166442.1871503502,0.0,978914.2796879784,0.0,0.0,0.0,33,0,0.854680885847005,0.854680885847005,0.0,resolved,True,-0.0037470986645852244,0.45035639453248505,0.0,0.0,166442.1871503502,11,1145356.4668383286,166442.1871503502,0.0,978914.2796879784,0.0,0.0,0.0,33,0,0.854680885847005,0.854680885847005,0.0,resolved,True,-0.0037470986645852244,0.45035639453248505,0.0,0.0,166442.1871503502,11,0.1144581292055097
2024-07-19,493,20,1144852.1675010682,361446.1738880832,0.0,783405.993612985,0.0,0.0,0.0,32,0,0.6842857233899189,0.6842857233899189,0.0,resolved,True,-0.000440299026426727,0.4608943820744556,0.0,0.0,361446.1738880832,16,1144852.1675010682,361446.1738880832,0.0,783405.993612985,0.0,0.0,0.0,32,0,0.6842857233899189,0.6842857233899189,0.0,resolved,True,-0.000440299026426727,0.4608943820744556,0.0,0.0,361446.1738880832,16,0.2321686484100064
2024-07-22,493,20,1161340.591890413,330963.92306566396,0.0,830376.6688247491,0.0,0.0,0.0,29,0,0.7150156247213181,0.7150156247213181,0.0,resolved,True,0.014402230137132044,0.6048030624470138,0.0,0.0,330963.923065664,21,1161340.591890413,330963.92306566396,0.0,830376.6688247491,0.0,0.0,0.0,29,0,0.7150156247213181,0.7150156247213181,0.0,resolved,True,0.014402230137132044,0.6048030624470138,0.0,0.0,330963.923065664,21,0.006784531948166592
2024-07-23,493,20,1154782.0196141705,638556.5951518309,0.0,516225.42446233955,0.0,0.0,0.0,22,0,0.4470327868759318,0.4470327868759318,0.0,resolved,True,-0.005647414997840161,0.8348287530700405,0.0,0.0,638556.5951518309,10,1154782.0196141705,638556.5951518309,0.0,516225.42446233955,0.0,0.0,0.0,22,0,0.4470327868759318,0.4470327868759318,0.0,resolved,True,-0.005647414997840161,0.8348287530700405,0.0,0.0,638556.5951518309,10,0.060397807217661754
2024-07-24,493,20,1138288.4337227012,189979.2964614217,0.0,948309.1372612794,0.0,0.0,0.0,26,0,0.8331009163994522,0.8331009163994522,0.0,resolved,True,-0.014282856514323039,0.717482501061178,0.0,0.0,189979.2964614217,11,1138288.4337227012,189979.2964614217,0.0,948309.1372612794,0.0,0.0,0.0,26,0,0.8331009163994522,0.8331009163994522,0.0,resolved,True,-0.014282856514323039,0.717482501061178,0.0,0.0,189979.2964614217,11,-0.2029855714814184
2024-07-25,493,20,1125992.416627557,371864.41606149887,0.0,754128.0005660582,0.0,0.0,0.0,29,0,0.6697451860508401,0.6697451860508401,0.0,resolved,True,-0.01080219804652749,0.49358641964360955,0.0,0.0,371864.41606149887,6,1125992.416627557,371864.41606149887,0.0,754128.0005660582,0.0,0.0,0.0,29,0,0.6697451860508401,0.6697451860508401,0.0,resolved,True,-0.01080219804652749,0.49358641964360955,0.0,0.0,371864.41606149887,6,0.025350480050998356
2024-07-26,493,20,1136061.324429779,141131.66295502766,0.0,994929.6614747514,0.0,0.0,0.0,30,0,0.8757710874227097,0.8757710874227097,0.0,resolved,True,0.008942251878018226,0.45559461275324875,0.0,0.0,141131.66295502766,19,1136061.324429779,141131.66295502766,0.0,994929.6614747514,0.0,0.0,0.0,30,0,0.8757710874227097,0.8757710874227097,0.0,resolved,True,0.008942251878018226,0.45559461275324875,0.0,0.0,141131.66295502766,19,0.031365854120196754
2024-07-29,493,20,1140570.046609496,708858.8249451098,0.0,431711.2216643862,0.0,0.0,0.0,25,0,0.37850478622308925,0.37850478622308925,0.0,resolved,True,0.003968731337615106,0.7481906738852958,0.0,0.0,708858.8249451098,14,1140570.046609496,708858.8249451098,0.0,431711.2216643862,0.0,0.0,0.0,25,0,0.37850478622308925,0.37850478622308925,0.0,resolved,True,0.003968731337615106,0.7481906738852958,0.0,0.0,708858.8249451098,14,-0.19712342655473833
2024-07-30,493,20,1134055.8313290912,246249.216788981,0.0,887806.6145401102,0.0,0.0,0.0,29,0,0.7828597058573548,0.7828597058573548,0.0,resolved,True,-0.005711368012661033,0.8373953397893309,0.0,0.0,246249.216788981,10,1134055.8313290912,246249.216788981,0.0,887806.6145401102,0.0,0.0,0.0,29,0,0.7828597058573548,0.7828597058573548,0.0,resolved,True,-0.005711368012661033,0.8373953397893309,0.0,0.0,246249.216788981,10,0.38476859188631407
2024-07-31,493,20,1155403.969988498,297755.4780650567,0.0,857648.4919234411,0.0,0.0,0.0,30,0,0.7422931842029061,0.7422931842029061,0.0,resolved,True,0.018824592290475728,0.47969833567759707,0.0,0.0,297755.4780650567,24,1155403.969988498,297755.4780650567,0.0,857648.4919234411,0.0,0.0,0.0,30,0,0.7422931842029061,0.7422931842029061,0.0,resolved,True,0.018824592290475728,0.47969833567759707,0.0,0.0,297755.4780650567,24,0.35612554943121183
2024-08-01,493,20,1137028.8428888714,703885.1748203912,0.0,433143.6680684802,0.0,0.0,0.0,23,0,0.38094343057119257,0.38094343057119257,0.0,resolved,True,-0.01590363853415644,0.866918133313509,0.0,0.0,703885.1748203912,14,1137028.8428888714,703885.1748203912,0.0,433143.6680684802,0.0,0.0,0.0,23,0,0.38094343057119257,0.38094343057119257,0.0,resolved,True,-0.01590363853415644,0.866918133313509,0.0,0.0,703885.1748203912,14,-0.4846220515878319
2024-08-02,493,20,1127262.29704116,268430.5768232518,0.0,858831.7202179083,0.0,0.0,0.0,27,0,0.7618738979137075,0.7618738979137075,0.0,resolved,True,-0.008589532190667493,0.855137279695791,0.0,0.0,268430.5768232518,4,1127262.29704116,268430.5768232518,0.0,858831.7202179083,0.0,0.0,0.0,27,0,0.7618738979137075,0.7618738979137075,0.0,resolved,True,-0.008589532190667493,0.855137279695791,0.0,0.0,268430.5768232518,4,0.03429536255262047
2024-08-05,493,20,1118981.1397792795,111214.50571749051,0.0,1007766.634061789,0.0,0.0,0.0,32,0,0.9006109202703563,0.9006109202703563,0.0,resolved,True,-0.007346255865752771,0.3367850442059803,0.0,0.0,111214.50571749051,12,1118981.1397792795,111214.50571749051,0.0,1007766.634061789,0.0,0.0,0.0,32,0,0.9006109202703563,0.9006109202703563,0.0,resolved,True,-0.007346255865752771,0.3367850442059803,0.0,0.0,111214.50571749051,12,0.258610252236913
2024-08-06,493,20,1140853.4397400708,423143.03716897144,0.0,717710.4025710993,0.0,0.0,0.0,29,0,0.6290995649139829,0.6290995649139829,0.0,resolved,True,0.01954662074564162,0.4775393649546801,0.0,0.0,423143.03716897144,19,1140853.4397400708,423143.03716897144,0.0,717710.4025710993,0.0,0.0,0.0,29,0,0.6290995649139829,0.6290995649139829,0.0,resolved,True,0.01954662074564162,0.4775393649546801,0.0,0.0,423143.03716897144,19,0.11630040887709042
2024-08-07,493,20,1127670.8430931831,468566.57421641477,0.0,659104.2688767684,0.0,0.0,0.0,24,0,0.5844828505708776,0.5844828505708776,0.0,resolved,True,-0.011555030810873612,0.7816162710510379,0.0,0.0,468566.5742164147,11,1127670.8430931831,468566.57421641477,0.0,659104.2688767684,0.0,0.0,0.0,24,0,0.5844828505708776,0.5844828505708776,0.0,resolved,True,-0.011555030810873612,0.7816162710510379,0.0,0.0,468566.5742164147,11,0.45384513946174826
2024-08-08,493,20,1153357.333804736,251989.63073784942,0.0,901367.7030668865,0.0,0.0,0.0,27,0,0.781516427431404,0.781516427431404,0.0,resolved,True,0.022778358480117333,0.6389774191357034,0.0,0.0,251989.63073784945,20,1153357.333804736,251989.63073784942,0.0,901367.7030668865,0.0,0.0,0.0,27,0,0.781516427431404,0.781516427431404,0.0,resolved,True,0.022778358480117333,0.6389774191357034,0.0,0.0,251989.63073784945,20,0.08387042968822361
2024-08-09,493,20,1161494.22028332,676659.9647691939,0.0,484834.255514126,0.0,0.0,0.0,26,0,0.4174228739561543,0.4174228739561543,0.0,resolved,True,0.007054957071926493,0.8051707552277675,0.0,0.0,676659.9647691939,12,1161494.22028332,676659.9647691939,0.0,484834.255514126,0.0,0.0,0.0,26,0,0.4174228739561543,0.4174228739561543,0.0,resolved,True,0.007054957071926493,0.8051707552277675,0.0,0.0,676659.9647691939,12,0.15348716530857975
2024-08-12,493,20,1163320.908867143,194187.707296059,0.0,969133.2015710842,0.0,0.0,0.0,30,0,0.8330746866011707,0.8330746866011707,0.0,resolved,True,0.0015727057026402314,0.7497649638349725,0.0,0.0,194187.707296059,16,1163320.908867143,194187.707296059,0.0,969133.2015710842,0.0,0.0,0.0,30,0,0.8330746866011707,0.8330746866011707,0.0,resolved,True,0.0015727057026402314,0.7497649638349725,0.0,0.0,194187.707296059,16,0.09203664689068176
2024-08-13,493,20,1179413.2984480737,543779.6091766478,0.0,635633.6892714257,0.0,0.0,0.0,27,0,0.5389405818196401,0.5389405818196401,0.0,resolved,True,0.013833147378569555,0.634362634461154,0.0,0.0,543779.6091766478,17,1179413.2984480737,543779.6091766478,0.0,635633.6892714257,0.0,0.0,0.0,27,0,0.5389405818196401,0.5389405818196401,0.0,resolved,True,0.013833147378569555,0.634362634461154,0.0,0.0,543779.6091766478,17,0.24025924748546468
2024-08-14,493,20,1184106.36935741,400177.8709442692,0.0,783928.4984131408,0.0,0.0,0.0,27,0,0.6620422951010412,0.6620422951010412,0.0,resolved,True,0.003979157192403715,0.8003619099114946,0.0,0.0,400177.8709442692,21,1184106.36935741,400177.8709442692,0.0,783928.4984131408,0.0,0.0,0.0,27,0,0.6620422951010412,0.6620422951010412,0.0,resolved,True,0.003979157192403715,0.8003619099114946,0.0,0.0,400177.8709442692,21,-0.001682587663796616
2024-08-15,493,20,1191429.0488862302,612920.9883726668,0.0,578508.0605135636,0.0,0.0,0.0,24,0,0.4855581295876272,0.4855581295876272,0.0,resolved,True,0.0061841399711364264,0.8555809558449733,0.0,0.0,612920.9883726668,14,1191429.0488862302,612920.9883726668,0.0,578508.0605135636,0.0,0.0,0.0,24,0,0.4855581295876272,0.4855581295876272,0.0,resolved,True,0.0061841399711364264,0.8555809558449733,0.0,0.0,612920.9883726668,14,0.15306601550373677
2024-08-16,493,20,1193717.19630969,335690.3598970964,0.0,858026.8364125934,0.0,0.0,0.0,28,0,0.7187856881555661,0.7187856881555661,0.0,resolved,True,0.001920506660131105,0.7961962562156282,0.0,0.0,335690.3598970964,22,1193717.19630969,335690.3598970964,0.0,858026.8364125934,0.0,0.0,0.0,28,0,0.7187856881555661,0.7187856881555661,0.0,resolved,True,0.001920506660131105,0.7961962562156282,0.0,0.0,335690.3598970964,22,-0.003940327054157208
2024-08-19,493,20,1201090.5520624642,674106.2575783272,0.0,526984.294484137,0.0,0.0,0.0,23,0,0.4387548412392561,0.4387548412392561,0.0,resolved,True,0.006176802826974859,0.8459261712884375,0.0,0.0,674106.2575783272,17,1201090.5520624642,674106.2575783272,0.0,526984.294484137,0.0,0.0,0.0,23,0,0.4387548412392561,0.4387548412392561,0.0,resolved,True,0.006176802826974859,0.8459261712884375,0.0,0.0,674106.2575783272,17,0.19701530040559545
2024-08-20,493,20,1197925.826755164,395805.13003383717,0.0,802120.6967213268,0.0,0.0,0.0,25,0,0.6695912875457747,0.6695912875457747,0.0,resolved,True,-0.002634876531054098,0.8907832850528689,0.0,0.0,395805.13003383717,11,1197925.826755164,395805.13003383717,0.0,802120.6967213268,0.0,0.0,0.0,25,0,0.6695912875457747,0.6695912875457747,0.0,resolved,True,-0.002634876531054098,0.8907832850528689,0.0,0.0,395805.13003383717,11,0.10885110268302164
2024-08-21,493,20,1205374.7138272803,338349.33625053626,0.0,867025.3775767442,0.0,0.0,0.0,31,0,0.7192994573644104,0.7192994573644104,0.0,resolved,True,0.006218153833692064,0.6128546942451248,0.0,0.0,338349.33625053626,18,1205374.7138272803,338349.33625053626,0.0,867025.3775767442,0.0,0.0,0.0,31,0,0.7192994573644104,0.7192994573644104,0.0,resolved,True,0.006218153833692064,0.6128546942451248,0.0,0.0,338349.33625053626,18,0.2849291963097149
2024-08-22,493,20,1199408.3896250757,517101.5882191758,0.0,682306.8014058999,0.0,0.0,0.0,26,0,0.5688694587330533,0.5688694587330533,0.0,resolved,True,-0.0049497671834017876,0.709697088097611,0.0,0.0,517101.5882191758,13,1199408.3896250757,517101.5882191758,0.0,682306.8014058999,0.0,0.0,0.0,26,0,0.5688694587330533,0.5688694587330533,0.0,resolved,True,-0.0049497671834017876,0.709697088097611,0.0,0.0,517101.5882191758,13,0.1085282198258693
2024-08-23,493,20,1212490.5259479494,371501.7510031024,0.0,840988.7749448469,0.0,0.0,0.0,30,0,0.6936044092281423,0.6936044092281423,0.0,resolved,True,0.010907157592054961,0.7408680370328642,0.0,0.0,371501.7510031024,22,1212490.5259479494,371501.7510031024,0.0,840988.7749448469,0.0,0.0,0.0,30,0,0.6936044092281423,0.6936044092281423,0.0,resolved,True,0.010907157592054961,0.7408680370328642,0.0,0.0,371501.7510031024,22,0.19811492754343013
2024-08-26,493,20,1208689.9105712099,631674.8021267804,0.0,577015.1084444295,0.0,0.0,0.0,26,0,0.4773888682265415,0.4773888682265415,0.0,resolved,True,-0.003134552638065502,0.8273685704435334,0.0,0.0,631674.8021267804,17,1208689.9105712099,631674.8021267804,0.0,577015.1084444295,0.0,0.0,0.0,26,0,0.4773888682265415,0.4773888682265415,0.0,resolved,True,-0.003134552638065502,0.8273685704435334,0.0,0.0,631674.8021267804,17,0.020111241509517454
2024-08-27,493,20,1214030.3093623442,329971.86098339205,0.0,884058.4483789522,0.0,0.0,0.0,24,0,0.7282012990625366,0.7282012990625366,0.0,resolved,True,0.0044183365348111625,0.7956107308413877,0.0,0.0,329971.86098339205,13,1214030.3093623442,329971.86098339205,0.0,884058.4483789522,0.0,0.0,0.0,24,0,0.7282012990625366,0.7282012990625366,0.0,resolved,True,0.0044183365348111625,0.7956107308413877,0.0,0.0,329971.86098339205,13,0.12700086522954487
2024-08-28,493,20,1203953.1772402474,408733.8475686223,0.0,795219.3296716252,0.0,0.0,0.0,28,0,0.6605068574962862,0.6605068574962862,0.0,resolved,True,-0.00830056057446349,0.6084738600472106,0.0,0.0,408733.8475686223,12,1203953.1772402474,408733.8475686223,0.0,795219.3296716252,0.0,0.0,0.0,28,0,0.6605068574962862,0.6605068574962862,0.0,resolved,True,-0.00830056057446349,0.6084738600472106,0.0,0.0,408733.8475686223,12,0.01808208571989874
2024-08-29,493,20,1199914.6105453833,309655.03379539424,0.0,890259.5767499891,0.0,0.0,0.0,31,0,0.7419357752009951,0.7419357752009951,0.0,resolved,True,-0.003354421726035395,0.5966917110603397,0.0,0.0,309655.03379539424,21,1199914.6105453833,309655.03379539424,0.0,890259.5767499891,0.0,0.0,0.0,31,0,0.7419357752009951,0.7419357752009951,0.0,resolved,True,-0.003354421726035395,0.5966917110603397,0.0,0.0,309655.03379539424,21,0.16951530380402413
2024-08-30,493,20,1209032.6867237855,537424.434323188,0.0,671608.2524005973,0.0,0.0,0.0,28,0,0.5554922209923944,0.5554922209923944,0.0,resolved,True,0.0075989375396119385,0.7059497906551597,0.0,0.0,537424.434323188,21,1209032.6867237855,537424.434323188,0.0,671608.2524005973,0.0,0.0,0.0,28,0,0.5554922209923944,0.5554922209923944,0.0,resolved,True,0.0075989375396119385,0.7059497906551597,0.0,0.0,537424.434323188,21,0.26378708450347066
2024-09-03,493,20,1188709.3522691387,427685.8706160035,0.0,761023.481653135,0.0,0.0,0.0,23,0,0.640209888313245,0.640209888313245,0.0,resolved,True,-0.016809582303120796,0.7982499692001119,0.0,0.0,427685.8706160035,7,1188709.3522691387,427685.8706160035,0.0,761023.481653135,0.0,0.0,0.0,23,0,0.640209888313245,0.640209888313245,0.0,resolved,True,-0.016809582303120796,0.7982499692001119,0.0,0.0,427685.8706160035,7,-0.08968205613027619
2024-09-04,493,20,1186870.0023173853,198310.80220422408,0.0,988559.2001131612,0.0,0.0,0.0,30,0,0.8329127858847063,0.8329127858847063,0.0,resolved,True,-0.0015473504505052471,0.5266187833260129,0.0,0.0,198310.8022042241,16,1186870.0023173853,198310.80220422408,0.0,988559.2001131612,0.0,0.0,0.0,30,0,0.8329127858847063,0.8329127858847063,0.0,resolved,True,-0.0015473504505052471,0.5266187833260129,0.0,0.0,198310.8022042241,16,-0.04594413759627489
2024-09-05,493,20,1180756.2195380996,579172.5265816512,0.0,601583.6929564484,0.0,0.0,0.0,26,0,0.5094901750267995,0.5094901750267995,0.0,resolved,True,-0.00515118148352256,0.6550703339606075,0.0,0.0,579172.5265816512,13,1180756.2195380996,579172.5265816512,0.0,601583.6929564484,0.0,0.0,0.0,26,0,0.5094901750267995,0.5094901750267995,0.0,resolved,True,-0.00515118148352256,0.6550703339606075,0.0,0.0,579172.5265816512,13,0.019634585625228882
2024-09-06,493,20,1157944.839548293,219869.57219955017,0.0,938075.2673487429,0.0,0.0,0.0,25,0,0.8101208583602999,0.8101208583602999,0.0,resolved,True,-0.01931929691526857,0.676720635097546,0.0,0.0,219869.57219955017,12,1157944.839548293,219869.57219955017,0.0,938075.2673487429,0.0,0.0,0.0,25,0,0.8101208583602999,0.8101208583602999,0.0,resolved,True,-0.01931929691526857,0.676720635097546,0.0,0.0,219869.57219955017,12,0.09081252085273239
2024-09-09,493,20,1179202.7694397133,374505.0949752601,0.0,804697.6744644532,0.0,0.0,0.0,24,0,0.682408229796473,0.682408229796473,0.0,resolved,True,0.01835832689553052,0.5133013653799543,0.0,0.0,374505.0949752601,22,1179202.7694397133,374505.0949752601,0.0,804697.6744644532,0.0,0.0,0.0,24,0,0.682408229796473,0.682408229796473,0.0,resolved,True,0.01835832689553052,0.5133013653799543,0.0,0.0,374505.0949752601,22,-0.08731302286387549
2024-09-10,493,20,1173129.3565998261,738965.901446607,0.0,434163.45515321917,0.0,0.0,0.0,20,0,0.3700900098618191,0.3700900098618191,0.0,resolved,True,-0.005150439769381565,0.9442574468773708,0.0,0.0,738965.901446607,9,1173129.3565998261,738965.901446607,0.0,434163.45515321917,0.0,0.0,0.0,20,0,0.3700900098618191,0.3700900098618191,0.0,resolved,True,-0.005150439769381565,0.9442574468773708,0.0,0.0,738965.901446607,9,-0.0629847997950492
2024-09-11,493,20,1182133.0603770115,169025.35441630066,0.0,1013107.7059607108,0.0,0.0,0.0,27,0,0.8570166421346896,0.8570166421346896,0.0,resolved,True,0.007674945415466761,0.7739907374704282,0.0,0.0,169025.35441630066,15,1182133.0603770115,169025.35441630066,0.0,1013107.7059607108,0.0,0.0,0.0,27,0,0.8570166421346896,0.8570166421346896,0.0,resolved,True,0.007674945415466761,0.7739907374704282,0.0,0.0,169025.35441630066,15,-0.08903181350411785
2024-09-12,493,20,1185703.4947964228,534589.8356826542,0.0,651113.6591137686,0.0,0.0,0.0,25,0,0.5491369992339952,0.5491369992339952,0.0,resolved,True,0.003020332092118716,0.5952081146216774,0.0,0.0,534589.8356826542,15,1185703.4947964228,534589.8356826542,0.0,651113.6591137686,0.0,0.0,0.0,25,0,0.5491369992339952,0.5491369992339952,0.0,resolved,True,0.003020332092118716,0.5952081146216774,0.0,0.0,534589.8356826542,15,-0.07569276364338309
2024-09-13,493,20,1192695.7811775191,325615.04530479433,0.0,867080.7358727248,0.0,0.0,0.0,29,0,0.72699237270436,0.72699237270436,0.0,resolved,True,0.005897162664850519,0.7254805984485515,0.0,0.0,325615.04530479433,18,1192695.7811775191,325615.04530479433,0.0,867080.7358727248,0.0,0.0,0.0,29,0,0.72699237270436,0.72699237270436,0.0,resolved,True,0.005897162664850519,0.7254805984485515,0.0,0.0,325615.04530479433,18,0.0762226876213932
2024-09-16,493,20,1196103.6555988179,551037.4990605358,0.0,645066.1565382819,0.0,0.0,0.0,24,0,0.5393062327991429,0.5393062327991429,0.0,resolved,True,0.002857287227036487,0.7350177289130952,0.0,0.0,551037.4990605358,12,1196103.6555988179,551037.4990605358,0.0,645066.1565382819,0.0,0.0,0.0,24,0,0.5393062327991429,0.5393062327991429,0.0,resolved,True,0.002857287227036487,0.7350177289130952,0.0,0.0,551037.4990605358,12,-0.16466577953855904
2024-09-17,493,20,1197392.948592212,322710.333602231,0.0,874682.6149899812,0.0,0.0,0.0,29,0,0.7304891982355125,0.7304891982355125,0.0,resolved,True,0.001077910754105016,0.7304950775569132,0.0,0.0,322710.333602231,13,1197392.948592212,322710.333602231,0.0,874682.6149899812,0.0,0.0,0.0,29,0,0.7304891982355125,0.7304891982355125,0.0,resolved,True,0.001077910754105016,0.7304950775569132,0.0,0.0,322710.333602231,13,-0.10023455442358788
2024-09-18,493,20,1198470.376104778,409585.831022372,0.0,788884.5450824059,0.0,0.0,0.0,32,0,0.6582428408839006,0.6582428408839006,0.0,resolved,True,0.0008998111387181762,0.6115754777790956,0.0,0.0,409585.831022372,18,1198470.376104778,409585.831022372,0.0,788884.5450824059,0.0,0.0,0.0,32,0,0.6582428408839006,0.6582428408839006,0.0,resolved,True,0.0008998111387181762,0.6115754777790956,0.0,0.0,409585.831022372,18,-0.08772448090702076
2024-09-19,493,20,1202930.3926472757,370692.2249583432,0.0,832238.1676889325,0.0,0.0,0.0,30,0,0.6918423316726042,0.6918423316726042,0.0,resolved,True,0.0037214241014396077,0.6510616128174522,0.0,0.0,370692.2249583432,16,1202930.3926472757,370692.2249583432,0.0,832238.1676889325,0.0,0.0,0.0,30,0,0.6918423316726042,0.6918423316726042,0.0,resolved,True,0.0037214241014396077,0.6510616128174522,0.0,0.0,370692.2249583432,16,0.2928855777695931
2024-09-20,493,20,1203462.841450166,450224.1188166216,0.0,753238.7226335444,0.0,0.0,0.0,28,0,0.6258927959303637,0.6258927959303637,0.0,resolved,True,0.00044262644467596424,0.6824304621386975,0.0,0.0,450224.1188166216,17,1203462.841450166,450224.1188166216,0.0,753238.7226335444,0.0,0.0,0.0,28,0,0.6258927959303637,0.6258927959303637,0.0,resolved,True,0.00044262644467596424,0.6824304621386975,0.0,0.0,450224.1188166216,17,0.051165835086177586
2024-09-23,493,20,1213021.905620754,436217.7639177274,0.0,776804.1417030266,0.0,0.0,0.0,27,0,0.6403875627501578,0.6403875627501578,0.0,resolved,True,0.007942965782864908,0.7365760306036474,0.0,0.0,436217.7639177274,19,1213021.905620754,436217.7639177274,0.0,776804.1417030266,0.0,0.0,0.0,27,0,0.6403875627501578,0.6403875627501578,0.0,resolved,True,0.007942965782864908,0.7365760306036474,0.0,0.0,436217.7639177274,19,-0.13859183921748336
2024-09-24,493,20,1213951.3101234054,601616.7305762989,0.0,612334.5795471065,0.0,0.0,0.0,23,0,0.5044144476312308,0.5044144476312308,0.0,resolved,True,0.0007661893807069386,0.8555777020060689,0.0,0.0,601616.7305762989,14,1213951.3101234054,601616.7305762989,0.0,612334.5795471065,0.0,0.0,0.0,23,0,0.5044144476312308,0.5044144476312308,0.0,resolved,True,0.0007661893807069386,0.8555777020060689,0.0,0.0,601616.7305762989,14,0.08043268581254363
2024-09-25,493,20,1209917.0255270794,392833.7457081534,0.0,817083.279818926,0.0,0.0,0.0,26,0,0.6753217473429451,0.6753217473429451,0.0,resolved,True,-0.003323267220590509,0.8191848124315309,0.0,0.0,392833.74570815347,12,1209917.0255270794,392833.7457081534,0.0,817083.279818926,0.0,0.0,0.0,26,0,0.6753217473429451,0.6753217473429451,0.0,resolved,True,-0.003323267220590509,0.8191848124315309,0.0,0.0,392833.74570815347,12,-0.037724473748221035
2024-09-26,493,20,1213485.1040012548,351391.0579558724,0.0,862094.0460453823,0.0,0.0,0.0,27,0,0.7104282064961309,0.7104282064961309,0.0,resolved,True,0.0029490274117112136,0.6151040013176254,0.0,0.0,351391.0579558724,17,1213485.1040012548,351391.0579558724,0.0,862094.0460453823,0.0,0.0,0.0,27,0,0.7104282064961309,0.7104282064961309,0.0,resolved,True,0.0029490274117112136,0.6151040013176254,0.0,0.0,351391.0579558724,17,0.008299676050851842
2024-09-27,493,20,1219249.4377025631,536144.763892719,0.0,683104.6738098441,0.0,0.0,0.0,28,0,0.560266548161811,0.560266548161811,0.0,resolved,True,0.00475023029314614,0.7313940805058885,0.0,0.0,536144.763892719,12,1219249.4377025631,536144.763892719,0.0,683104.6738098441,0.0,0.0,0.0,28,0,0.560266548161811,0.560266548161811,0.0,resolved,True,0.00475023029314614,0.7313940805058885,0.0,0.0,536144.763892719,12,0.2203768046528229
2024-09-30,493,20,1225055.658544768,388915.8521473813,0.0,836139.8063973867,0.0,0.0,0.0,33,0,0.6825320960442149,0.6825320960442149,0.0,resolved,True,0.0047621271436841806,0.7587131783166503,0.0,0.0,388915.8521473813,22,1225055.658544768,388915.8521473813,0.0,836139.8063973867,0.0,0.0,0.0,33,0,0.6825320960442149,0.6825320960442149,0.0,resolved,True,0.0047621271436841806,0.7587131783166503,0.0,0.0,388915.8521473813,22,-0.04281810228242205
2024-10-01,493,20,1218691.6071423327,529635.7943139353,0.0,689055.8128283974,0.0,0.0,0.0,28,0,0.5654062182672615,0.5654062182672615,0.0,resolved,True,-0.005194907968504192,0.7498040109887362,0.0,0.0,529635.7943139353,10,1218691.6071423327,529635.7943139353,0.0,689055.8128283974,0.0,0.0,0.0,28,0,0.5654062182672615,0.5654062182672615,0.0,resolved,True,-0.005194907968504192,0.7498040109887362,0.0,0.0,529635.7943139353,10,0.1651141170943033
2024-10-02,493,20,1223598.5174602913,245877.50659859687,0.0,977721.0108616943,0.0,0.0,0.0,30,0,0.7990537720583858,0.7990537720583858,0.0,resolved,True,0.004026375737061549,0.6363490946909918,0.0,0.0,245877.50659859687,21,1223598.5174602913,245877.50659859687,0.0,977721.0108616943,0.0,0.0,0.0,30,0,0.7990537720583858,0.7990537720583858,0.0,resolved,True,0.004026375737061549,0.6363490946909918,0.0,0.0,245877.50659859687,21,-0.10120692685084622
2024-10-03,493,20,1218496.5479067438,654072.996261653,0.0,564423.5516450907,0.0,0.0,0.0,24,0,0.46321309043896297,0.46321309043896297,0.0,resolved,True,-0.004169643458000527,0.7354949274768605,0.0,0.0,654072.996261653,12,1218496.5479067438,654072.996261653,0.0,564423.5516450907,0.0,0.0,0.0,24,0,0.46321309043896297,0.46321309043896297,0.0,resolved,True,-0.004169643458000527,0.7354949274768605,0.0,0.0,654072.996261653,12,-0.13643908200473653
2024-10-04,494,20,1220291.0288844674,217792.23276374233,0.0,1002498.7961207251,0.0,0.0,0.0,28,0,0.8215243514796321,0.8215243514796321,0.0,resolved,True,0.0014727009122892376,0.7155253993318023,0.0,0.0,217792.23276374233,9,1220291.0288844674,217792.23276374233,0.0,1002498.7961207251,0.0,0.0,0.0,28,0,0.8215243514796321,0.8215243514796321,0.0,resolved,True,0.0014727009122892376,0.7155253993318023,0.0,0.0,217792.23276374233,9,-0.07007391974108712
2024-10-07,494,20,1209598.3349619708,330657.51327567524,0.0,878940.8216862954,0.0,0.0,0.0,32,0,0.7266385842982571,0.7266385842982571,0.0,resolved,True,-0.008762412956744736,0.44944175861129226,0.0,0.0,330657.51327567524,13,1209598.3349619708,330657.51327567524,0.0,878940.8216862954,0.0,0.0,0.0,32,0,0.7266385842982571,0.7266385842982571,0.0,resolved,True,-0.008762412956744736,0.44944175861129226,0.0,0.0,330657.51327567524,13,0.2335949713422907
2024-10-08,494,20,1215272.9647390218,250492.72205238522,0.0,964780.2426866367,0.0,0.0,0.0,35,0,0.7938794580967429,0.7938794580967429,0.0,resolved,True,0.004691333985036739,0.4804489379082447,0.0,0.0,250492.72205238522,23,1215272.9647390218,250492.72205238522,0.0,964780.2426866367,0.0,0.0,0.0,35,0,0.7938794580967429,0.7938794580967429,0.0,resolved,True,0.004691333985036739,0.4804489379082447,0.0,0.0,250492.72205238522,23,-0.10810949899323571
2024-10-09,494,20,1218313.7835365785,584057.4124376068,0.0,634256.3710989718,0.0,0.0,0.0,27,0,0.5206018184066035,0.5206018184066035,0.0,resolved,True,0.0025021693774038845,0.686718258946219,0.0,0.0,584057.4124376068,13,1218313.7835365785,584057.4124376068,0.0,634256.3710989718,0.0,0.0,0.0,27,0,0.5206018184066035,0.5206018184066035,0.0,resolved,True,0.0025021693774038845,0.686718258946219,0.0,0.0,584057.4124376068,13,-0.10709572175489471
2024-10-10,494,20,1215404.3421586808,245379.4799727184,0.0,970024.8621859624,0.0,0.0,0.0,30,0,0.7981087680360762,0.7981087680360762,0.0,resolved,True,-0.002388088698670132,0.680807279387906,0.0,0.0,245379.4799727184,15,1215404.3421586808,245379.4799727184,0.0,970024.8621859624,0.0,0.0,0.0,30,0,0.7981087680360762,0.7981087680360762,0.0,resolved,True,-0.002388088698670132,0.680807279387906,0.0,0.0,245379.4799727184,15,0.20667270267298857
2024-10-11,494,20,1226158.8100565588,528380.4333307537,0.0,697778.3767258052,0.0,0.0,0.0,30,0,0.5690766734315752,0.5690766734315752,0.0,resolved,True,0.008848469208837084,0.6366275703188581,0.0,0.0,528380.4333307537,20,1226158.8100565588,528380.4333307537,0.0,697778.3767258052,0.0,0.0,0.0,30,0,0.5690766734315752,0.5690766734315752,0.0,resolved,True,0.008848469208837084,0.6366275703188581,0.0,0.0,528380.4333307537,20,0.10880425964296789
2024-10-14,494,20,1235778.5765808814,374959.6326860847,0.0,860818.9438947967,0.0,0.0,0.0,26,0,0.6965802452058095,0.6965802452058095,0.0,resolved,True,0.00784544909307372,0.7367235456026872,0.0,0.0,374959.6326860847,17,1235778.5765808814,374959.6326860847,0.0,860818.9438947967,0.0,0.0,0.0,26,0,0.6965802452058095,0.6965802452058095,0.0,resolved,True,0.00784544909307372,0.7367235456026872,0.0,0.0,374959.6326860847,17,0.11620245667475772
2024-10-15,494,20,1236968.1072870058,578973.8222898974,0.0,657994.2849971084,0.0,0.0,0.0,24,0,0.531941188395117,0.531941188395117,0.0,resolved,True,0.0009625759247384735,0.7719291085424873,0.0,0.0,578973.8222898974,9,1236968.1072870058,578973.8222898974,0.0,657994.2849971084,0.0,0.0,0.0,24,0,0.531941188395117,0.531941188395117,0.0,resolved,True,0.0009625759247384735,0.7719291085424873,0.0,0.0,578973.8222898974,9,-0.06456178630560987
2024-10-16,494,20,1239729.352921259,226898.2414356608,0.0,1012831.1114855981,0.0,0.0,0.0,30,0,0.8169776000697209,0.8169776000697209,0.0,resolved,True,0.0022322690601208617,0.6514897667758348,0.0,0.0,226898.2414356608,12,1239729.352921259,226898.2414356608,0.0,1012831.1114855981,0.0,0.0,0.0,30,0,0.8169776000697209,0.8169776000697209,0.0,resolved,True,0.0022322690601208617,0.6514897667758348,0.0,0.0,226898.2414356608,12,-0.0289063680884388
2024-10-17,494,20,1240191.3512521435,388698.4123415919,0.0,851492.9389105516,0.0,0.0,0.0,33,0,0.6865819037125622,0.6865819037125622,0.0,resolved,True,0.00037266063741725475,0.4965572948052581,0.0,0.0,388698.4123415919,14,1240191.3512521435,388698.4123415919,0.0,851492.9389105516,0.0,0.0,0.0,33,0,0.6865819037125622,0.6865819037125622,0.0,resolved,True,0.00037266063741725475,0.4965572948052581,0.0,0.0,388698.4123415919,14,0.19459523058169848
2024-10-18,494,20,1258545.6436838056,357332.32826682134,0.0,901213.3154169844,0.0,0.0,0.0,32,0,0.7160751935695415,0.7160751935695415,0.0,resolved,True,0.014799564932565401,0.60154486632663,0.0,0.0,357332.32826682134,21,1258545.6436838056,357332.32826682134,0.0,901213.3154169844,0.0,0.0,0.0,32,0,0.7160751935695415,0.7160751935695415,0.0,resolved,True,0.014799564932565401,0.60154486632663,0.0,0.0,357332.32826682134,21,0.13292407996071295
2024-10-21,494,20,1252986.7562068203,629145.0931802795,0.0,623841.6630265407,0.0,0.0,0.0,27,0,0.4978836846728556,0.4978836846728556,0.0,resolved,True,-0.00441691368515984,0.7838233173328909,0.0,0.0,629145.0931802795,12,1252986.7562068203,629145.0931802795,0.0,623841.6630265407,0.0,0.0,0.0,27,0,0.4978836846728556,0.4978836846728556,0.0,resolved,True,-0.00441691368515984,0.7838233173328909,0.0,0.0,629145.0931802795,12,0.020162901042490647
2024-10-22,494,20,1248237.0870079189,277257.7785231498,0.0,970979.3084847691,0.0,0.0,0.0,28,0,0.7778805153212125,0.7778805153212125,0.0,resolved,True,-0.003790677894537464,0.7233938165854136,0.0,0.0,277257.7785231498,14,1248237.0870079189,277257.7785231498,0.0,970979.3084847691,0.0,0.0,0.0,28,0,0.7778805153212125,0.7778805153212125,0.0,resolved,True,-0.003790677894537464,0.7233938165854136,0.0,0.0,277257.7785231498,14,0.08488961194494722
2024-10-23,494,20,1242761.427436151,454190.9867781383,0.0,788570.4406580128,0.0,0.0,0.0,29,0,0.6345308304948392,0.6345308304948392,0.0,resolved,True,-0.00438671437402427,0.5859854453248176,0.0,0.0,454190.9867781383,12,1242761.427436151,454190.9867781383,0.0,788570.4406580128,0.0,0.0,0.0,29,0,0.6345308304948392,0.6345308304948392,0.0,resolved,True,-0.00438671437402427,0.5859854453248176,0.0,0.0,454190.9867781383,12,0.08571116936646082
2024-10-24,494,20,1244884.1052380512,258086.79418988313,0.0,986797.3110481681,0.0,0.0,0.0,31,0,0.792682071283631,0.792682071283631,0.0,resolved,True,0.0017080332194403525,0.5731412041307621,0.0,0.0,258086.79418988316,19,1244884.1052380512,258086.79418988313,0.0,986797.3110481681,0.0,0.0,0.0,31,0,0.792682071283631,0.792682071283631,0.0,resolved,True,0.0017080332194403525,0.5731412041307621,0.0,0.0,258086.79418988316,19,-0.12387799081964043
2024-10-25,494,20,1242172.9429449816,496486.31281848566,0.0,745686.630126496,0.0,0.0,0.0,24,0,0.6003082214611754,0.6003082214611754,0.0,resolved,True,-0.00217784312745406,0.6061392412622028,0.0,0.0,496486.31281848566,12,1242172.9429449816,496486.31281848566,0.0,745686.630126496,0.0,0.0,0.0,24,0,0.6003082214611754,0.6003082214611754,0.0,resolved,True,-0.00217784312745406,0.6061392412622028,0.0,0.0,496486.31281848566,12,0.0814626337338896
2024-10-28,494,20,1251986.7941980553,298882.7647372942,0.0,953104.0294607611,0.0,0.0,0.0,27,0,0.7612732289810294,0.7612732289810294,0.0,resolved,True,0.00790055145606905,0.6403046226961713,0.0,0.0,298882.7647372942,15,1251986.7941980553,298882.7647372942,0.0,953104.0294607611,0.0,0.0,0.0,27,0,0.7612732289810294,0.7612732289810294,0.0,resolved,True,0.00790055145606905,0.6403046226961713,0.0,0.0,298882.7647372942,15,-0.003621057288009308
2024-10-29,494,20,1250402.1578974426,636799.3927110372,0.0,613602.7651864055,0.0,0.0,0.0,28,0,0.4907243332162683,0.4907243332162683,0.0,resolved,True,-0.0012656972964540936,0.7473578489681042,0.0,0.0,636799.3927110372,13,1250402.1578974426,636799.3927110372,0.0,613602.7651864055,0.0,0.0,0.0,28,0,0.4907243332162683,0.4907243332162683,0.0,resolved,True,-0.0012656972964540936,0.7473578489681042,0.0,0.0,636799.3927110372,13,0.15549605540979083
2024-10-30,494,20,1248588.7357500242,245162.0218850943,0.0,1003426.71386493,0.0,0.0,0.0,30,0,0.803648699635412,0.803648699635412,0.0,resolved,True,-0.001450271127544811,0.7053422045265462,0.0,0.0,245162.0218850943,17,1248588.7357500242,245162.0218850943,0.0,1003426.71386493,0.0,0.0,0.0,30,0,0.803648699635412,0.803648699635412,0.0,resolved,True,-0.001450271127544811,0.7053422045265462,0.0,0.0,245162.0218850943,17,0.10947491244304397
2024-10-31,494,20,1254136.0107979309,532693.1305061746,0.0,721442.8802917564,0.0,0.0,0.0,28,0,0.5752509090563039,0.5752509090563039,0.0,resolved,True,0.004442836050875032,0.6229874818821067,0.0,0.0,532693.1305061746,17,1254136.0107979309,532693.1305061746,0.0,721442.8802917564,0.0,0.0,0.0,28,0,0.5752509090563039,0.5752509090563039,0.0,resolved,True,0.004442836050875032,0.6229874818821067,0.0,0.0,532693.1305061746,17,0.04128916623374437
2024-11-01,494,20,1252854.5031189818,523219.38641741686,0.0,729635.116701565,0.0,0.0,0.0,28,0,0.5823781731119919,0.5823781731119919,0.0,resolved,True,-0.0010218251193773176,0.8419441813585898,0.0,0.0,523219.38641741686,15,1252854.5031189818,523219.38641741686,0.0,729635.116701565,0.0,0.0,0.0,28,0,0.5823781731119919,0.5823781731119919,0.0,resolved,True,-0.0010218251193773176,0.8419441813585898,0.0,0.0,523219.38641741686,15,0.09655707584751377
2024-11-04,494,20,1256919.5119537427,387620.5422447168,0.0,869298.9697090259,0.0,0.0,0.0,29,0,0.691610689023195,0.691610689023195,0.0,resolved,True,0.003244597696413276,0.7270117371128063,0.0,0.0,387620.5422447168,15,1256919.5119537427,387620.5422447168,0.0,869298.9697090259,0.0,0.0,0.0,29,0,0.691610689023195,0.691610689023195,0.0,resolved,True,0.003244597696413276,0.7270117371128063,0.0,0.0,387620.5422447168,15,0.09096858256020668
2024-11-05,494,20,1271059.7669995197,480713.9559482898,0.0,790345.81105123,0.0,0.0,0.0,28,0,0.6218006671054742,0.6218006671054742,0.0,resolved,True,0.011249928823045652,0.6908433594473161,0.0,0.0,480713.95594828983,17,1271059.7669995197,480713.9559482898,0.0,790345.81105123,0.0,0.0,0.0,28,0,0.6218006671054742,0.6218006671054742,0.0,resolved,True,0.011249928823045652,0.6908433594473161,0.0,0.0,480713.95594828983,17,-0.189823155419656
2024-11-06,494,20,1277822.932793,425669.0881377179,0.0,852153.8446552821,0.0,0.0,0.0,29,0,0.6668794422030663,0.6668794422030663,0.0,resolved,True,0.00532088731708158,0.7130923876425006,0.0,0.0,425669.0881377179,19,1277822.932793,425669.0881377179,0.0,852153.8446552821,0.0,0.0,0.0,29,0,0.6668794422030663,0.6668794422030663,0.0,resolved,True,0.00532088731708158,0.7130923876425006,0.0,0.0,425669.0881377179,19,0.3545724885564919
2024-11-07,494,20,1289283.2320607065,519562.8895581141,0.0,769720.3425025924,0.0,0.0,0.0,26,0,0.5970141574495788,0.5970141574495788,0.0,resolved,True,0.008968612922493957,0.7397206243824348,0.0,0.0,519562.8895581141,21,1289283.2320607065,519562.8895581141,0.0,769720.3425025924,0.0,0.0,0.0,26,0,0.5970141574495788,0.5970141574495788,0.0,resolved,True,0.008968612922493957,0.7397206243824348,0.0,0.0,519562.8895581141,21,0.1764212114468805
2024-11-08,494,20,1296563.8998379735,568707.006840656,0.0,727856.8929973176,0.0,0.0,0.0,24,0,0.5613737148537569,0.5613737148537569,0.0,resolved,True,0.005647066211843965,0.8440890793711404,0.0,0.0,568707.006840656,17,1296563.8998379735,568707.006840656,0.0,727856.8929973176,0.0,0.0,0.0,24,0,0.5613737148537569,0.5613737148537569,0.0,resolved,True,0.005647066211843965,0.8440890793711404,0.0,0.0,568707.006840656,17,-0.20047898186968055
2024-11-11,494,20,1292594.1839671198,535307.6105403948,0.0,757286.573426725,0.0,0.0,0.0,24,0,0.5858656822224944,0.5858656822224944,0.0,resolved,True,-0.003061720190844275,0.8514926395212893,0.0,0.0,535307.6105403948,12,1292594.1839671198,535307.6105403948,0.0,757286.573426725,0.0,0.0,0.0,24,0,0.5858656822224944,0.5858656822224944,0.0,resolved,True,-0.003061720190844275,0.8514926395212893,0.0,0.0,535307.6105403948,12,-0.0751159343217975
2024-11-12,494,20,1283951.546252287,363960.57410565065,0.0,919990.9721466363,0.0,0.0,0.0,24,0,0.7165309118026989,0.7165309118026989,0.0,resolved,True,-0.006686273094860695,0.6957080542371683,0.0,0.0,363960.57410565065,12,1283951.546252287,363960.57410565065,0.0,919990.9721466363,0.0,0.0,0.0,24,0,0.7165309118026989,0.7165309118026989,0.0,resolved,True,-0.006686273094860695,0.6957080542371683,0.0,0.0,363960.57410565065,12,-0.0933910880968787
2024-11-13,494,20,1269222.7320350097,452498.4204602502,0.0,816724.3115747594,0.0,0.0,0.0,25,0,0.6434838353905493,0.6434838353905493,0.0,resolved,True,-0.011471472003962369,0.6358954876054732,0.0,0.0,452498.4204602502,12,1269222.7320350097,452498.4204602502,0.0,816724.3115747594,0.0,0.0,0.0,25,0,0.6434838353905493,0.6434838353905493,0.0,resolved,True,-0.011471472003962369,0.6358954876054732,0.0,0.0,452498.4204602502,12,0.05556210314828775
2024-11-14,494,20,1251977.015698226,309085.73355299456,0.0,942891.2821452314,0.0,0.0,0.0,27,0,0.7531218786946996,0.7531218786946996,0.0,resolved,True,-0.013587620124903332,0.6000397997853041,0.0,0.0,309085.73355299456,13,1251977.015698226,309085.73355299456,0.0,942891.2821452314,0.0,0.0,0.0,27,0,0.7531218786946996,0.7531218786946996,0.0,resolved,True,-0.013587620124903332,0.6000397997853041,0.0,0.0,309085.73355299456,13,-0.03586156127140538
2024-11-15,494,20,1246045.7265732924,333398.9460284776,0.0,912646.7805448148,0.0,0.0,0.0,27,0,0.7324344212107314,0.7324344212107314,0.0,resolved,True,-0.004737538349796067,0.5131760979039688,0.0,0.0,333398.9460284776,7,1246045.7265732924,333398.9460284776,0.0,912646.7805448148,0.0,0.0,0.0,27,0,0.7324344212107314,0.7324344212107314,0.0,resolved,True,-0.004737538349796067,0.5131760979039688,0.0,0.0,333398.9460284776,7,-0.12831113378998418
2024-11-18,494,20,1269348.2599824355,238809.06180078443,0.0,1030539.1981816511,0.0,0.0,0.0,31,0,0.8118648212397684,0.8118648212397684,0.0,resolved,True,0.01870118641089258,0.4592191085979417,0.0,0.0,238809.06180078443,15,1269348.2599824355,238809.06180078443,0.0,1030539.1981816511,0.0,0.0,0.0,31,0,0.8118648212397684,0.8118648212397684,0.0,resolved,True,0.01870118641089258,0.4592191085979417,0.0,0.0,238809.06180078443,15,-0.04630654304388564
2024-11-19,494,20,1314646.68105568,570908.8552957377,0.0,743737.8257599423,0.0,0.0,0.0,28,0,0.565732098576258,0.565732098576258,0.0,resolved,True,0.035686361656076304,0.6379005215698059,0.0,0.0,570908.8552957377,18,1314646.68105568,570908.8552957377,0.0,743737.8257599423,0.0,0.0,0.0,28,0,0.565732098576258,0.565732098576258,0.0,resolved,True,0.035686361656076304,0.6379005215698059,0.0,0.0,570908.8552957377,18,0.012799097122203262
2024-11-20,494,20,1316178.3148730178,462084.439437249,0.0,854093.8754357689,0.0,0.0,0.0,26,0,0.6489195770697453,0.6489195770697453,0.0,resolved,True,0.0011650535763023662,0.7857573518563014,0.0,0.0,462084.439437249,15,1316178.3148730178,462084.439437249,0.0,854093.8754357689,0.0,0.0,0.0,26,0,0.6489195770697453,0.6489195770697453,0.0,resolved,True,0.0011650535763023662,0.7857573518563014,0.0,0.0,462084.439437249,15,0.0023053225781814466
2024-11-21,494,20,1327511.7104927648,512717.8380687893,0.0,814793.8724239756,0.0,0.0,0.0,25,0,0.6137752804617661,0.6137752804617661,0.0,resolved,True,0.0086108360027497,0.7406308601886413,0.0,0.0,512717.8380687893,14,1327511.7104927648,512717.8380687893,0.0,814793.8724239756,0.0,0.0,0.0,25,0,0.6137752804617661,0.6137752804617661,0.0,resolved,True,0.0086108360027497,0.7406308601886413,0.0,0.0,512717.8380687893,14,-0.013506588342059474
2024-11-22,494,20,1341219.8801106843,415575.83661450114,0.0,925644.0434961832,0.0,0.0,0.0,25,0,0.690150852386556,0.690150852386556,0.0,resolved,True,0.010326213704609177,0.6992734356661244,0.0,0.0,415575.8366145012,16,1341219.8801106843,415575.83661450114,0.0,925644.0434961832,0.0,0.0,0.0,25,0,0.690150852386556,0.690150852386556,0.0,resolved,True,0.010326213704609177,0.6992734356661244,0.0,0.0,415575.8366145012,16,-0.262075724358881
2024-11-25,494,20,1347336.3193278583,551494.1091944084,0.0,795842.2101334498,0.0,0.0,0.0,24,0,0.5906782135365202,0.5906782135365202,0.0,resolved,True,0.00456035532120902,0.7210375868639086,0.0,0.0,551494.1091944084,15,1347336.3193278583,551494.1091944084,0.0,795842.2101334498,0.0,0.0,0.0,24,0,0.5906782135365202,0.5906782135365202,0.0,resolved,True,0.00456035532120902,0.7210375868639086,0.0,0.0,551494.1091944084,15,0.43788496127577364
2024-11-26,494,20,1352170.002834984,431090.62833736534,0.0,921079.3744976188,0.0,0.0,0.0,25,0,0.6811860731760556,0.6811860731760556,0.0,resolved,True,0.003587584953946177,0.729279485334407,0.0,0.0,431090.62833736534,18,1352170.002834984,431090.62833736534,0.0,921079.3744976188,0.0,0.0,0.0,25,0,0.6811860731760556,0.6811860731760556,0.0,resolved,True,0.003587584953946177,0.729279485334407,0.0,0.0,431090.62833736534,18,0.016879685493860597
2024-11-27,494,20,1347229.3493558161,594720.5352068793,0.0,752508.8141489369,0.0,0.0,0.0,25,0,0.5585602885720626,0.5585602885720626,0.0,resolved,True,-0.0036538700524411105,0.7586406749103387,0.0,0.0,594720.5352068793,16,1347229.3493558161,594720.5352068793,0.0,752508.8141489369,0.0,0.0,0.0,25,0,0.5585602885720626,0.5585602885720626,0.0,resolved,True,-0.0036538700524411105,0.7586406749103387,0.0,0.0,594720.5352068793,16,0.21135653336864443
2024-11-29,494,20,1353103.353313146,391657.12665340974,0.0,961446.2266597361,0.0,0.0,0.0,26,0,0.7105489941367624,0.7105489941367624,0.0,resolved,True,0.004360062345834859,0.7321527417228025,0.0,0.0,391657.12665340974,22,1353103.353313146,391657.12665340974,0.0,961446.2266597361,0.0,0.0,0.0,26,0,0.7105489941367624,0.7105489941367624,0.0,resolved,True,0.004360062345834859,0.7321527417228025,0.0,0.0,391657.12665340974,22,-0.2944301842116161
2024-12-02,494,20,1353468.1620793145,854941.0751518093,0.0,498527.0869275052,0.0,0.0,0.0,23,0,0.36833307269055,0.36833307269055,0.0,resolved,True,0.00026960894396954593,0.9212882362258985,0.0,0.0,854941.0751518093,4,1353468.1620793145,854941.0751518093,0.0,498527.0869275052,0.0,0.0,0.0,23,0,0.36833307269055,0.36833307269055,0.0,resolved,True,0.00026960894396954593,0.9212882362258985,0.0,0.0,854941.0751518093,4,0.03456465263079614
2024-12-03,494,20,1348535.891366642,87667.78862308853,0.0,1260868.1027435535,0.0,0.0,0.0,30,0,0.9349903927775748,0.9349903927775748,0.0,resolved,True,-0.003644171950890285,0.6964396283446972,0.0,0.0,87667.78862308853,15,1348535.891366642,87667.78862308853,0.0,1260868.1027435535,0.0,0.0,0.0,30,0,0.9349903927775748,0.9349903927775748,0.0,resolved,True,-0.003644171950890285,0.6964396283446972,0.0,0.0,87667.78862308853,15,-0.11094840566024183
2024-12-04,494,20,1345655.1293571696,572950.9811395463,0.0,772704.1482176234,0.0,0.0,0.0,28,0,0.5742215307325811,0.5742215307325811,0.0,resolved,True,-0.002136214562708405,0.4898785223233088,0.0,0.0,572950.9811395463,14,1345655.1293571696,572950.9811395463,0.0,772704.1482176234,0.0,0.0,0.0,28,0,0.5742215307325811,0.5742215307325811,0.0,resolved,True,-0.002136214562708405,0.4898785223233088,0.0,0.0,572950.9811395463,14,0.1906578009030334
2024-12-05,494,20,1340575.2407316803,229897.04828087095,0.0,1110678.1924508093,0.0,0.0,0.0,30,0,0.8285086571079784,0.8285086571079784,0.0,resolved,True,-0.003775030105905408,0.5966224271771204,0.0,0.0,229897.04828087095,18,1340575.2407316803,229897.04828087095,0.0,1110678.1924508093,0.0,0.0,0.0,30,0,0.8285086571079784,0.8285086571079784,0.0,resolved,True,-0.003775030105905408,0.5966224271771204,0.0,0.0,229897.04828087095,18,0.050682557212452226
2024-12-06,494,20,1344426.0514646196,560897.740590804,0.0,783528.3108738154,0.0,0.0,0.0,27,0,0.5827976258123224,0.5827976258123224,0.0,resolved,True,0.0028725062316066197,0.589892133499393,0.0,0.0,560897.740590804,17,1344426.0514646196,560897.740590804,0.0,783528.3108738154,0.0,0.0,0.0,27,0,0.5827976258123224,0.5827976258123224,0.0,resolved,True,0.0028725062316066197,0.589892133499393,0.0,0.0,560897.740590804,17,-0.1804202221812193
2024-12-09,494,20,1332658.5612715553,578333.7729394264,0.0,754324.788332129,0.0,0.0,0.0,26,0,0.5660300471955776,0.5660300471955776,0.0,resolved,True,-0.008752798400659345,0.8473738754832609,0.0,0.0,578333.7729394264,11,1332658.5612715553,578333.7729394264,0.0,754324.788332129,0.0,0.0,0.0,26,0,0.5660300471955776,0.5660300471955776,0.0,resolved,True,-0.008752798400659345,0.8473738754832609,0.0,0.0,578333.7729394264,11,0.07636363274399638
2024-12-10,494,20,1321392.549593112,296012.5346055643,0.0,1025380.0149875476,0.0,0.0,0.0,33,0,0.7759844077396126,0.7759844077396126,0.0,resolved,True,-0.008453787043317229,0.6560917649534587,0.0,0.0,296012.5346055643,13,1321392.549593112,296012.5346055643,0.0,1025380.0149875476,0.0,0.0,0.0,33,0,0.7759844077396126,0.7759844077396126,0.0,resolved,True,-0.008453787043317229,0.6560917649534587,0.0,0.0,296012.5346055643,13,0.08045545037379642
2024-12-11,494,20,1325980.426690025,402044.2124745292,0.0,923936.2142154959,0.0,0.0,0.0,31,0,0.6967947607807976,0.6967947607807976,0.0,resolved,True,0.003472001638215483,0.5282735605668748,0.0,0.0,402044.21247452917,24,1325980.426690025,402044.2124745292,0.0,923936.2142154959,0.0,0.0,0.0,31,0,0.6967947607807976,0.6967947607807976,0.0,resolved,True,0.003472001638215483,0.5282735605668748,0.0,0.0,402044.21247452917,24,0.04873728573396963
2024-12-12,494,20,1326412.6863156524,720147.5603769734,0.0,606265.125938679,0.0,0.0,0.0,25,0,0.4570712661250914,0.4570712661250914,0.0,resolved,True,0.0003259924633325362,0.8463109637694816,0.0,0.0,720147.5603769734,13,1326412.6863156524,720147.5603769734,0.0,606265.125938679,0.0,0.0,0.0,25,0,0.4570712661250914,0.4570712661250914,0.0,resolved,True,0.0003259924633325362,0.8463109637694816,0.0,0.0,720147.5603769734,13,0.13009312921622396
2024-12-13,494,20,1326383.5648569802,293021.8835832476,0.0,1033361.6812737327,0.0,0.0,0.0,26,0,0.7790820910730727,0.7790820910730727,0.0,resolved,True,-2.195505137481124e-05,0.7638417925377965,0.0,0.0,293021.8835832476,17,1326383.5648569802,293021.8835832476,0.0,1033361.6812737327,0.0,0.0,0.0,26,0,0.7790820910730727,0.7790820910730727,0.0,resolved,True,-2.195505137481124e-05,0.7638417925377965,0.0,0.0,293021.8835832476,17,0.02268954608739236
2024-12-16,494,20,1327353.473273673,615529.6888271635,0.0,711823.7844465096,0.0,0.0,0.0,26,0,0.5362729663040902,0.5362729663040902,0.0,resolved,True,0.0007312427885801664,0.6849840396720978,0.0,0.0,615529.6888271635,14,1327353.473273673,615529.6888271635,0.0,711823.7844465096,0.0,0.0,0.0,26,0,0.5362729663040902,0.5362729663040902,0.0,resolved,True,0.0007312427885801664,0.6849840396720978,0.0,0.0,615529.6888271635,14,0.10138266577253226
2024-12-17,494,20,1318121.5235523025,386936.8156210008,0.0,931184.7079313018,0.0,0.0,0.0,26,0,0.7064482988046381,0.7064482988046381,0.0,resolved,True,-0.006955155433165605,0.7552370371817868,0.0,0.0,386936.8156210008,11,1318121.5235523025,386936.8156210008,0.0,931184.7079313018,0.0,0.0,0.0,26,0,0.7064482988046381,0.7064482988046381,0.0,resolved,True,-0.006955155433165605,0.7552370371817868,0.0,0.0,386936.8156210008,11,-0.10917619229473827
2024-12-18,494,20,1294279.8745959322,330309.0736785063,0.0,963970.800917426,0.0,0.0,0.0,33,0,0.744793162466791,0.744793162466791,0.0,resolved,True,-0.018087595514044597,0.5441424606788519,0.0,0.0,330309.0736785063,10,1294279.8745959322,330309.0736785063,0.0,963970.800917426,0.0,0.0,0.0,33,0,0.744793162466791,0.744793162466791,0.0,resolved,True,-0.018087595514044597,0.5441424606788519,0.0,0.0,330309.0736785063,10,0.1361648504641212
2024-12-19,494,20,1286140.850376934,399208.43049961375,0.0,886932.4198773203,0.0,0.0,0.0,32,0,0.6896075337451444,0.6896075337451444,0.0,resolved,True,-0.006288457681179027,0.5636474138994646,0.0,0.0,399208.43049961375,20,1286140.850376934,399208.43049961375,0.0,886932.4198773203,0.0,0.0,0.0,32,0,0.6896075337451444,0.6896075337451444,0.0,resolved,True,-0.006288457681179027,0.5636474138994646,0.0,0.0,399208.43049961375,20,-0.03626706337125526
2024-12-20,494,20,1300022.536411148,530614.48005966,0.0,769408.0563514879,0.0,0.0,0.0,28,0,0.5918420910421457,0.5918420910421457,0.0,resolved,True,0.010793285999854296,0.7229557402571943,0.0,0.0,530614.48005966,18,1300022.536411148,530614.48005966,0.0,769408.0563514879,0.0,0.0,0.0,28,0,0.5918420910421457,0.5918420910421457,0.0,resolved,True,0.010793285999854296,0.7229557402571943,0.0,0.0,530614.48005966,18,-0.06473827668910505
2024-12-23,494,20,1301622.4475274696,458874.03029487684,0.0,842748.4172325927,0.0,0.0,0.0,28,0,0.6474599595554434,0.6474599595554434,0.0,resolved,True,0.0012306795240168977,0.7611318132115809,0.0,0.0,458874.0302948769,13,1301622.4475274696,458874.03029487684,0.0,842748.4172325927,0.0,0.0,0.0,28,0,0.6474599595554434,0.6474599595554434,0.0,resolved,True,0.0012306795240168977,0.7611318132115809,0.0,0.0,458874.0302948769,13,0.06247394666772912
2024-12-24,494,20,1312901.6968671014,435244.9974383139,0.0,877656.6994287875,0.0,0.0,0.0,30,0,0.668486225223935,0.668486225223935,0.0,resolved,True,0.00866553074669052,0.6869265580288954,0.0,0.0,435244.9974383139,17,1312901.6968671014,435244.9974383139,0.0,877656.6994287875,0.0,0.0,0.0,30,0,0.668486225223935,0.668486225223935,0.0,resolved,True,0.00866553074669052,0.6869265580288954,0.0,0.0,435244.9974383139,17,-0.002225241636058107
2024-12-26,494,20,1314980.5712671492,445565.31950304913,0.0,869415.2517641,0.0,0.0,0.0,27,0,0.6611620511824818,0.6611620511824818,0.0,resolved,True,0.001583419691671084,0.6708882462740257,0.0,0.0,445565.31950304913,15,1314980.5712671492,445565.31950304913,0.0,869415.2517641,0.0,0.0,0.0,27,0,0.6611620511824818,0.6611620511824818,0.0,resolved,True,0.001583419691671084,0.6708882462740257,0.0,0.0,445565.31950304913,15,-0.06811011068699799
2024-12-27,494,20,1305798.3948875715,521727.06233532325,0.0,784071.3325522483,0.0,0.0,0.0,29,0,0.6004535888710113,0.6004535888710113,0.0,resolved,True,-0.0069827468026615325,0.7355944285216821,0.0,0.0,521727.0623353233,8,1305798.3948875715,521727.06233532325,0.0,784071.3325522483,0.0,0.0,0.0,29,0,0.6004535888710113,0.6004535888710113,0.0,resolved,True,-0.0069827468026615325,0.7355944285216821,0.0,0.0,521727.0623353233,8,0.02876354645540288
2024-12-30,494,20,1301636.2245817254,175506.68016331014,0.0,1126129.5444184153,0.0,0.0,0.0,34,0,0.8651645699091477,0.8651645699091477,0.0,resolved,True,-0.003187452459844975,0.5339520596965238,0.0,0.0,175506.68016331014,11,1301636.2245817254,175506.68016331014,0.0,1126129.5444184153,0.0,0.0,0.0,34,0,0.8651645699091477,0.8651645699091477,0.0,resolved,True,-0.003187452459844975,0.5339520596965238,0.0,0.0,175506.68016331014,11,-0.24044937579326633
2024-12-31,494,20,1293999.315555476,288654.72717456723,0.0,1005344.5883809086,0.0,0.0,0.0,34,0,0.7769282226778796,0.7769282226778796,0.0,resolved,True,-0.005867160795024473,0.3565984094265922,0.0,0.0,288654.72717456723,7,1293999.315555476,288654.72717456723,0.0,1005344.5883809086,0.0,0.0,0.0,34,0,0.7769282226778796,0.7769282226778796,0.0,resolved,True,-0.005867160795024473,0.3565984094265922,0.0,0.0,288654.72717456723,7,0.21090181897732227
2025-01-02,494,20,1293812.4375976985,113417.60019828574,0.0,1180394.8373994129,0.0,0.0,0.0,37,0,0.912338452698078,0.912338452698078,0.0,resolved,True,-0.0001444189000185947,0.3107206646398075,0.0,0.0,113417.60019828574,21,1293812.4375976985,113417.60019828574,0.0,1180394.8373994129,0.0,0.0,0.0,37,0,0.912338452698078,0.912338452698078,0.0,resolved,True,-0.0001444189000185947,0.3107206646398075,0.0,0.0,113417.60019828574,21,-0.11627414942602811
2025-01-03,494,20,1295041.5707237413,491757.3886380701,0.0,803284.1820856712,0.0,0.0,0.0,29,0,0.6202767542332648,0.6202767542332648,0.0,resolved,True,0.0009500087418583547,0.46774553347162234,0.0,0.0,491757.3886380701,14,1295041.5707237413,491757.3886380701,0.0,803284.1820856712,0.0,0.0,0.0,29,0,0.6202767542332648,0.6202767542332648,0.0,resolved,True,0.0009500087418583547,0.46774553347162234,0.0,0.0,491757.3886380701,14,-0.27894618021464246
2025-01-06,494,20,1305698.027562696,226266.1729256193,0.0,1079431.8546370766,0.0,0.0,0.0,27,0,0.8267086507375805,0.8267086507375805,0.0,resolved,True,0.008228660052201464,0.5544405506322224,0.0,0.0,226266.1729256193,13,1305698.027562696,226266.1729256193,0.0,1079431.8546370766,0.0,0.0,0.0,27,0,0.8267086507375805,0.8267086507375805,0.0,resolved,True,0.008228660052201464,0.5544405506322224,0.0,0.0,226266.1729256193,13,0.024816845582712924
2025-01-07,494,20,1310920.7337203664,697797.8556843658,0.0,613122.8780360004,0.0,0.0,0.0,31,0,0.4677040054862586,0.4677040054862586,0.0,resolved,True,0.003999934171164732,0.7077164927137919,0.0,0.0,697797.8556843658,15,1310920.7337203664,697797.8556843658,0.0,613122.8780360004,0.0,0.0,0.0,31,0,0.4677040054862586,0.4677040054862586,0.0,resolved,True,0.003999934171164732,0.7077164927137919,0.0,0.0,697797.8556843658,15,0.14685133509961337
2025-01-08,494,20,1317805.214729115,246301.11346225336,0.0,1071504.1012668614,0.0,0.0,0.0,33,0,0.8130974815478458,0.8130974815478458,0.0,resolved,True,0.00525163789973071,0.7201800573153542,0.0,0.0,246301.11346225336,22,1317805.214729115,246301.11346225336,0.0,1071504.1012668614,0.0,0.0,0.0,33,0,0.8130974815478458,0.8130974815478458,0.0,resolved,True,0.00525163789973071,0.7201800573153542,0.0,0.0,246301.11346225336,22,-0.06662471340246895
2025-01-10,494,20,1298414.3081413582,687733.7033474498,0.0,610680.6047939084,0.0,0.0,0.0,24,0,0.4703280000573004,0.4703280000573004,0.0,resolved,True,-0.014714546862483524,0.7087806349299502,0.0,0.0,687733.7033474498,12,1298414.3081413582,687733.7033474498,0.0,610680.6047939084,0.0,0.0,0.0,24,0,0.4703280000573004,0.4703280000573004,0.0,resolved,True,-0.014714546862483524,0.7087806349299502,0.0,0.0,687733.7033474498,12,-0.13654537022059976
2025-01-13,494,20,1302764.8466619733,232332.54568410615,0.0,1070432.300977867,0.0,0.0,0.0,28,0,0.8216619474501454,0.8216619474501454,0.0,resolved,True,0.003350655097788202,0.708607601797459,0.0,0.0,232332.54568410615,9,1302764.8466619733,232332.54568410615,0.0,1070432.300977867,0.0,0.0,0.0,28,0,0.8216619474501454,0.8216619474501454,0.0,resolved,True,0.003350655097788202,0.708607601797459,0.0,0.0,232332.54568410615,9,0.17690318516159595
2025-01-14,494,20,1311462.1378647464,376459.0309791638,0.0,935003.1068855826,0.0,0.0,0.0,31,0,0.7129470839378599,0.7129470839378599,0.0,resolved,True,0.006676025397106766,0.4673073411699383,0.0,0.0,376459.0309791638,18,1311462.1378647464,376459.0309791638,0.0,935003.1068855826,0.0,0.0,0.0,31,0,0.7129470839378599,0.7129470839378599,0.0,resolved,True,0.006676025397106766,0.4673073411699383,0.0,0.0,376459.0309791638,18,-0.19510448903988772
2025-01-15,494,20,1330782.3391027846,469814.0449894052,0.0,860968.2941133796,0.0,0.0,0.0,27,0,0.6469640217000818,0.6469640217000818,0.0,resolved,True,0.014731802528050508,0.6452897506796701,0.0,0.0,469814.0449894052,17,1330782.3391027846,469814.0449894052,0.0,860968.2941133796,0.0,0.0,0.0,27,0,0.6469640217000818,0.6469640217000818,0.0,resolved,True,0.014731802528050508,0.6452897506796701,0.0,0.0,469814.0449894052,17,0.11847825375566401
2025-01-16,494,20,1336869.9063717823,598968.570339306,0.0,737901.3360324763,0.0,0.0,0.0,27,0,0.5519619616804109,0.5519619616804109,0.0,resolved,True,0.0045744274552830255,0.8031235341230084,0.0,0.0,598968.570339306,16,1336869.9063717823,598968.570339306,0.0,737901.3360324763,0.0,0.0,0.0,27,0,0.5519619616804109,0.5519619616804109,0.0,resolved,True,0.0045744274552830255,0.8031235341230084,0.0,0.0,598968.570339306,16,0.1827817444363341
2025-01-17,494,20,1340207.1075805007,413084.02589316736,0.0,927123.0816873334,0.0,0.0,0.0,27,0,0.6917759773421027,0.6917759773421027,0.0,resolved,True,0.0024962796999263848,0.7570314743482784,0.0,0.0,413084.02589316736,15,1340207.1075805007,413084.02589316736,0.0,927123.0816873334,0.0,0.0,0.0,27,0,0.6917759773421027,0.6917759773421027,0.0,resolved,True,0.0024962796999263848,0.7570314743482784,0.0,0.0,413084.02589316736,15,0.02207562639530473
2025-01-21,494,20,1353007.075770474,510286.1577250657,0.0,842720.9180454083,0.0,0.0,0.0,28,0,0.6228503406499322,0.6228503406499322,0.0,resolved,True,0.009550738925031776,0.6889757399400821,0.0,0.0,510286.1577250657,16,1353007.075770474,510286.1577250657,0.0,842720.9180454083,0.0,0.0,0.0,28,0,0.6228503406499322,0.6228503406499322,0.0,resolved,True,0.009550738925031776,0.6889757399400821,0.0,0.0,510286.1577250657,16,-0.21005763430590857
2025-01-22,494,20,1354754.743053277,462400.6764765833,0.0,892354.0665766937,0.0,0.0,0.0,27,0,0.6586831093615895,0.6586831093615895,0.0,resolved,True,0.0012916911626701388,0.7189074259997875,0.0,0.0,462400.67647658335,15,1354754.743053277,462400.6764765833,0.0,892354.0665766937,0.0,0.0,0.0,27,0,0.6586831093615895,0.6586831093615895,0.0,resolved,True,0.0012916911626701388,0.7189074259997875,0.0,0.0,462400.67647658335,15,-0.04402765014390591
2025-01-23,494,20,1359130.4448384135,480033.52006630553,0.0,879096.9247721081,0.0,0.0,0.0,28,0,0.646808353172181,0.646808353172181,0.0,resolved,True,0.003229884824226481,0.6956493058063616,0.0,0.0,480033.52006630553,15,1359130.4448384135,480033.52006630553,0.0,879096.9247721081,0.0,0.0,0.0,28,0,0.646808353172181,0.646808353172181,0.0,resolved,True,0.003229884824226481,0.6956493058063616,0.0,0.0,480033.52006630553,15,0.25327394705952383
2025-01-24,494,20,1357899.9329557768,501473.0735392013,0.0,856426.8594165756,0.0,0.0,0.0,26,0,0.6306995373012271,0.6306995373012271,0.0,resolved,True,-0.0009053670214730358,0.7221577570666492,0.0,0.0,501473.0735392013,14,1357899.9329557768,501473.0735392013,0.0,856426.8594165756,0.0,0.0,0.0,26,0,0.6306995373012271,0.6306995373012271,0.0,resolved,True,-0.0009053670214730358,0.7221577570666492,0.0,0.0,501473.0735392013,14,-0.1553813038429345
2025-01-27,494,20,1340187.857084663,399140.24054960464,0.0,941047.6165350582,0.0,0.0,0.0,27,0,0.7021759013562007,0.7021759013562007,0.0,resolved,True,-0.013043726891244223,0.6632398251382308,0.0,0.0,399140.24054960464,8,1340187.857084663,399140.24054960464,0.0,941047.6165350582,0.0,0.0,0.0,27,0,0.7021759013562007,0.7021759013562007,0.0,resolved,True,-0.013043726891244223,0.6632398251382308,0.0,0.0,399140.24054960464,8,0.41249613407162994
2025-01-28,494,20,1346472.9525274443,203339.1259525746,0.0,1143133.8265748697,0.0,0.0,0.0,30,0,0.8489838763037239,0.8489838763037239,0.0,resolved,True,0.004689712273959534,0.44954844450893944,0.0,0.0,203339.1259525746,21,1346472.9525274443,203339.1259525746,0.0,1143133.8265748697,0.0,0.0,0.0,30,0,0.8489838763037239,0.8489838763037239,0.0,resolved,True,0.004689712273959534,0.44954844450893944,0.0,0.0,203339.1259525746,21,-0.011914125879697928
2025-01-29,494,20,1350342.1246405873,670282.7703120089,0.0,680059.3543285785,0.0,0.0,0.0,24,0,0.503620039632242,0.503620039632242,0.0,resolved,True,0.0028735609622756453,0.6488224621406019,0.0,0.0,670282.7703120089,13,1350342.1246405873,670282.7703120089,0.0,680059.3543285785,0.0,0.0,0.0,24,0,0.503620039632242,0.503620039632242,0.0,resolved,True,0.0028735609622756453,0.6488224621406019,0.0,0.0,670282.7703120089,13,0.06890550938287776
2025-01-30,494,20,1362976.510222807,426615.03387700627,0.0,936361.4763458008,0.0,0.0,0.0,25,0,0.6869975156011551,0.6869975156011551,0.0,resolved,True,0.009356432974778617,0.8123110315328205,0.0,0.0,426615.03387700627,15,1362976.510222807,426615.03387700627,0.0,936361.4763458008,0.0,0.0,0.0,25,0,0.6869975156011551,0.6869975156011551,0.0,resolved,True,0.009356432974778617,0.8123110315328205,0.0,0.0,426615.03387700627,15,0.04755023036172445
2025-01-31,494,20,1357549.9703201905,580684.200348091,0.0,776865.7699720996,0.0,0.0,0.0,24,0,0.5722557452444043,0.5722557452444043,0.0,resolved,True,-0.0039813891596190976,0.739043722815466,0.0,0.0,580684.200348091,9,1357549.9703201905,580684.200348091,0.0,776865.7699720996,0.0,0.0,0.0,24,0,0.5722557452444043,0.5722557452444043,0.0,resolved,True,-0.0039813891596190976,0.739043722815466,0.0,0.0,580684.200348091,9,0.02602079737670299
2025-02-03,494,20,1354127.2939034349,247734.7803536078,0.0,1106392.513549827,0.0,0.0,0.0,28,0,0.817052073709051,0.817052073709051,0.0,resolved,True,-0.0025212157869579643,0.610230929846588,0.0,0.0,247734.7803536078,11,1354127.2939034349,247734.7803536078,0.0,1106392.513549827,0.0,0.0,0.0,28,0,0.817052073709051,0.817052073709051,0.0,resolved,True,-0.0025212157869579643,0.610230929846588,0.0,0.0,247734.7803536078,11,0.0399466897350266
2025-02-04,494,20,1351217.3627878125,359258.8654248781,0.0,991958.4973629345,0.0,0.0,0.0,31,0,0.7341220773809033,0.7341220773809033,0.0,resolved,True,-0.00214893468931876,0.44825449461900596,0.0,0.0,359258.8654248781,18,1351217.3627878125,359258.8654248781,0.0,991958.4973629345,0.0,0.0,0.0,31,0,0.7341220773809033,0.7341220773809033,0.0,resolved,True,-0.00214893468931876,0.44825449461900596,0.0,0.0,359258.8654248781,18,0.10502460892725395
2025-02-05,494,20,1361682.8179692554,588942.7083234251,0.0,772740.1096458302,0.0,0.0,0.0,28,0,0.5674890653303943,0.5674890653303943,0.0,resolved,True,0.007745204783226489,0.7017387430487045,0.0,0.0,588942.7083234251,16,1361682.8179692554,588942.7083234251,0.0,772740.1096458302,0.0,0.0,0.0,28,0,0.5674890653303943,0.5674890653303943,0.0,resolved,True,0.007745204783226489,0.7017387430487045,0.0,0.0,588942.7083234251,16,0.04853373327626409
2025-02-06,494,20,1369165.970155847,400322.0699696834,0.0,968843.9001861636,0.0,0.0,0.0,27,0,0.707616111782185,0.707616111782185,0.0,resolved,True,0.0054955178165143614,0.7265016237543841,0.0,0.0,400322.0699696834,19,1369165.970155847,400322.0699696834,0.0,968843.9001861636,0.0,0.0,0.0,27,0,0.707616111782185,0.707616111782185,0.0,resolved,True,0.0054955178165143614,0.7265016237543841,0.0,0.0,400322.0699696834,19,0.03604718509324944
2025-02-07,494,20,1364505.6965234666,727841.6208021146,0.0,636664.0757213521,0.0,0.0,0.0,24,0,0.4665895330033918,0.4665895330033918,0.0,resolved,True,-0.0034037317125621414,0.8239787690920936,0.0,0.0,727841.6208021146,15,1364505.6965234666,727841.6208021146,0.0,636664.0757213521,0.0,0.0,0.0,24,0,0.4665895330033918,0.4665895330033918,0.0,resolved,True,-0.0034037317125621414,0.8239787690920936,0.0,0.0,727841.6208021146,15,-0.13425536598091925
2025-02-10,494,20,1363260.2743275864,388110.88095956924,0.0,975149.3933680172,0.0,0.0,0.0,26,0,0.7153068359224354,0.7153068359224354,0.0,resolved,True,-0.0009127277365373887,0.817843783726918,0.0,0.0,388110.88095956924,13,1363260.2743275864,388110.88095956924,0.0,975149.3933680172,0.0,0.0,0.0,26,0,0.7153068359224354,0.7153068359224354,0.0,resolved,True,-0.0009127277365373887,0.817843783726918,0.0,0.0,388110.88095956924,13,-0.015587491663435924
2025-02-11,494,20,1350934.5220589668,468636.3250521672,0.0,882298.1970067996,0.0,0.0,0.0,27,0,0.6531021175342266,0.6531021175342266,0.0,resolved,True,-0.009041378598594552,0.6284546114529145,0.0,0.0,468636.3250521672,13,1350934.5220589668,468636.3250521672,0.0,882298.1970067996,0.0,0.0,0.0,27,0,0.6531021175342266,0.6531021175342266,0.0,resolved,True,-0.009041378598594552,0.6284546114529145,0.0,0.0,468636.3250521672,13,0.01833279041937342
2025-02-12,494,20,1354118.0511933935,286756.54688689153,0.0,1067361.504306502,0.0,0.0,0.0,26,0,0.7882337166732464,0.7882337166732464,0.0,resolved,True,0.002356538442421785,0.5591632011799949,0.0,0.0,286756.54688689153,11,1354118.0511933935,286756.54688689153,0.0,1067361.504306502,0.0,0.0,0.0,26,0,0.7882337166732464,0.7882337166732464,0.0,resolved,True,0.002356538442421785,0.5591632011799949,0.0,0.0,286756.54688689153,11,-0.06505844196778357
2025-02-13,494,20,1362199.5043460536,505970.8841736794,0.0,856228.6201723743,0.0,0.0,0.0,26,0,0.6285633032757717,0.6285633032757717,0.0,resolved,True,0.005968056585271775,0.5854197352748787,0.0,0.0,505970.8841736794,9,1362199.5043460536,505970.8841736794,0.0,856228.6201723743,0.0,0.0,0.0,26,0,0.6285633032757717,0.6285633032757717,0.0,resolved,True,0.005968056585271775,0.5854197352748787,0.0,0.0,505970.8841736794,9,0.06526079609848316
2025-02-14,494,20,1362104.0322226058,252833.6700158131,0.0,1109270.3622067927,0.0,0.0,0.0,27,0,0.8143800590596203,0.8143800590596203,0.0,resolved,True,-7.008674070374532e-05,0.5570436281679382,0.0,0.0,252833.6700158131,13,1362104.0322226058,252833.6700158131,0.0,1109270.3622067927,0.0,0.0,0.0,27,0,0.8143800590596203,0.8143800590596203,0.0,resolved,True,-7.008674070374532e-05,0.5570436281679382,0.0,0.0,252833.6700158131,13,-0.09291860452502966
2025-02-18,494,20,1376097.6128181405,508768.7979553873,0.0,867328.8148627533,0.0,0.0,0.0,25,0,0.6302814617100683,0.6302814617100683,0.0,resolved,True,0.010273503539007134,0.5591367839418685,0.0,0.0,508768.7979553873,18,1376097.6128181405,508768.7979553873,0.0,867328.8148627533,0.0,0.0,0.0,25,0,0.6302814617100683,0.6302814617100683,0.0,resolved,True,0.010273503539007134,0.5591367839418685,0.0,0.0,508768.7979553873,18,0.047205277768835124
2025-02-19,494,20,1372263.2632047385,632443.0096575993,0.0,739820.2535471393,0.0,0.0,0.0,24,0,0.5391241413979031,0.5391241413979031,0.0,resolved,True,-0.002786393623305239,0.8293102153384845,0.0,0.0,632443.0096575993,12,1372263.2632047385,632443.0096575993,0.0,739820.2535471393,0.0,0.0,0.0,24,0,0.5391241413979031,0.5391241413979031,0.0,resolved,True,-0.002786393623305239,0.8293102153384845,0.0,0.0,632443.0096575993,12,-0.21695987582053025
2025-02-20,494,20,1362453.279208681,353453.4898439207,0.0,1008999.7893647604,0.0,0.0,0.0,26,0,0.7405756988238099,0.7405756988238099,0.0,resolved,True,-0.007148762383354601,0.7184455970927104,0.0,0.0,353453.4898439207,9,1362453.279208681,353453.4898439207,0.0,1008999.7893647604,0.0,0.0,0.0,26,0,0.7405756988238099,0.7405756988238099,0.0,resolved,True,-0.007148762383354601,0.7184455970927104,0.0,0.0,353453.4898439207,9,-0.27747736690619296
2025-02-21,494,20,1330916.745842407,316432.2482010459,0.0,1014484.4976413611,0.0,0.0,0.0,33,0,0.7622448968430708,0.7622448968430708,0.0,resolved,True,-0.023146873252483657,0.49167611709521547,0.0,0.0,316432.2482010459,6,1330916.745842407,316432.2482010459,0.0,1014484.4976413611,0.0,0.0,0.0,33,0,0.7622448968430708,0.7622448968430708,0.0,resolved,True,-0.023146873252483657,0.49167611709521547,0.0,0.0,316432.2482010459,6,-0.32235307011154657
2025-02-24,494,20,1319683.2836092343,204548.16013110545,0.0,1115135.1234781288,0.0,0.0,0.0,34,0,0.8450020829454764,0.8450020829454764,0.0,resolved,True,-0.008440394388502859,0.3914447766621156,0.0,0.0,204548.16013110545,9,1319683.2836092343,204548.16013110545,0.0,1115135.1234781288,0.0,0.0,0.0,34,0,0.8450020829454764,0.8450020829454764,0.0,resolved,True,-0.008440394388502859,0.3914447766621156,0.0,0.0,204548.16013110545,9,-0.2229263204920172
2025-02-25,494,20,1315180.204379994,274012.65440556145,0.0,1041167.5499744326,0.0,0.0,0.0,31,0,0.791653909104618,0.791653909104618,0.0,resolved,True,-0.0034122423805541535,0.36263308058873006,0.0,0.0,274012.65440556145,10,1315180.204379994,274012.65440556145,0.0,1041167.5499744326,0.0,0.0,0.0,31,0,0.791653909104618,0.791653909104618,0.0,resolved,True,-0.0034122423805541535,0.36263308058873006,0.0,0.0,274012.65440556145,10,0.5448911516362813
2025-02-26,494,20,1343047.630575738,493422.69649526494,0.0,849624.9340804729,0.0,0.0,0.0,29,0,0.6326096816955445,0.6326096816955445,0.0,resolved,True,0.021189055387950573,0.5835210630033884,0.0,0.0,493422.696495265,23,1343047.630575738,493422.69649526494,0.0,849624.9340804729,0.0,0.0,0.0,29,0,0.6326096816955445,0.6326096816955445,0.0,resolved,True,0.021189055387950573,0.5835210630033884,0.0,0.0,493422.696495265,23,0.3185597554554397
2025-02-27,494,20,1328582.940613173,652565.3263343452,0.0,676017.6142788277,0.0,0.0,0.0,23,0,0.508826053394024,0.508826053394024,0.0,resolved,True,-0.010770049872590337,0.8532742970093691,0.0,0.0,652565.3263343452,10,1328582.940613173,652565.3263343452,0.0,676017.6142788277,0.0,0.0,0.0,23,0,0.508826053394024,0.508826053394024,0.0,resolved,True,-0.010770049872590337,0.8532742970093691,0.0,0.0,652565.3263343452,10,0.07415490146588499
2025-02-28,494,20,1347937.2987766624,271956.9353385507,0.0,1075980.3634381117,0.0,0.0,0.0,29,0,0.798242147030601,0.798242147030601,0.0,resolved,True,0.014567670238605501,0.6958709414454822,0.0,0.0,271956.9353385507,16,1347937.2987766624,271956.9353385507,0.0,1075980.3634381117,0.0,0.0,0.0,29,0,0.798242147030601,0.798242147030601,0.0,resolved,True,0.014567670238605501,0.6958709414454822,0.0,0.0,271956.9353385507,16,-0.04967823828932789
2025-03-03,494,20,1331744.6943050055,638350.4891652334,0.0,693394.2051397719,0.0,0.0,0.0,27,0,0.5206660166208749,0.5206660166208749,0.0,resolved,True,-0.012012876627386704,0.6753336563428761,0.0,0.0,638350.4891652334,10,1331744.6943050055,638350.4891652334,0.0,693394.2051397719,0.0,0.0,0.0,27,0,0.5206660166208749,0.5206660166208749,0.0,resolved,True,-0.012012876627386704,0.6753336563428761,0.0,0.0,638350.4891652334,10,-0.13036733591414804
2025-03-04,494,20,1327369.746171615,234066.86832756654,0.0,1093302.8778440487,0.0,0.0,0.0,34,0,0.8236611396314708,0.8236611396314708,0.0,resolved,True,-0.0032851252586919566,0.6550935485033687,0.0,0.0,234066.86832756654,16,1327369.746171615,234066.86832756654,0.0,1093302.8778440487,0.0,0.0,0.0,34,0,0.8236611396314708,0.8236611396314708,0.0,resolved,True,-0.0032851252586919566,0.6550935485033687,0.0,0.0,234066.86832756654,16,-0.03206528065943425
2025-03-05,494,20,1347502.3552608762,496441.21319125843,0.0,851061.1420696178,0.0,0.0,0.0,30,0,0.6315841592016012,0.6315841592016012,0.0,resolved,True,0.015167295433188288,0.5503425730665849,0.0,0.0,496441.21319125843,21,1347502.3552608762,496441.21319125843,0.0,851061.1420696178,0.0,0.0,0.0,30,0,0.6315841592016012,0.6315841592016012,0.0,resolved,True,0.015167295433188288,0.5503425730665849,0.0,0.0,496441.21319125843,21,-0.17412404895642375
2025-03-06,494,20,1307746.9681703043,513859.0866325584,0.0,793887.8815377459,0.0,0.0,0.0,25,0,0.6070653581009565,0.6070653581009565,0.0,resolved,True,-0.029503018629511213,0.7497577246373149,0.0,0.0,513859.0866325584,5,1307746.9681703043,513859.0866325584,0.0,793887.8815377459,0.0,0.0,0.0,25,0,0.6070653581009565,0.6070653581009565,0.0,resolved,True,-0.029503018629511213,0.7497577246373149,0.0,0.0,513859.0866325584,5,-0.394270271755575
2025-03-07,494,20,1315547.148724378,123200.75237052237,0.0,1192346.3963538557,0.0,0.0,0.0,32,0,0.9063501809950452,0.9063501809950452,0.0,resolved,True,0.005964594637896337,0.4871430441122755,0.0,0.0,123200.75237052237,11,1315547.148724378,123200.75237052237,0.0,1192346.3963538557,0.0,0.0,0.0,32,0,0.9063501809950452,0.9063501809950452,0.0,resolved,True,0.005964594637896337,0.4871430441122755,0.0,0.0,123200.75237052237,11,-0.4010192014812691
2025-03-10,494,20,1255107.077222172,381749.0221139483,0.0,873358.0551082236,0.0,0.0,0.0,31,0,0.6958434630463219,0.6958434630463219,0.0,resolved,True,-0.045942915509194715,0.3838325178798014,0.0,0.0,381749.0221139483,2,1255107.077222172,381749.0221139483,0.0,873358.0551082236,0.0,0.0,0.0,31,0,0.6958434630463219,0.6958434630463219,0.0,resolved,True,-0.045942915509194715,0.3838325178798014,0.0,0.0,381749.0221139483,2,0.43328600567473696
2025-03-11,494,20,1269251.0790201703,48936.96888954223,0.0,1220314.110130628,0.0,0.0,0.0,32,0,0.961444217225074,0.961444217225074,0.0,resolved,True,0.011269159464308176,0.3431468109929663,0.0,0.0,48936.96888954223,18,1269251.0790201703,48936.96888954223,0.0,1220314.110130628,0.0,0.0,0.0,32,0,0.961444217225074,0.961444217225074,0.0,resolved,True,0.011269159464308176,0.3431468109929663,0.0,0.0,48936.96888954223,18,0.04716049131406852
2025-03-12,494,20,1296784.8755470924,642159.1550619128,0.0,654625.7204851795,0.0,0.0,0.0,27,0,0.5048067207053163,0.5048067207053163,0.0,resolved,True,0.021692947110336647,0.5444912636867422,0.0,0.0,642159.1550619128,15,1296784.8755470924,642159.1550619128,0.0,654625.7204851795,0.0,0.0,0.0,27,0,0.5048067207053163,0.5048067207053163,0.0,resolved,True,0.021692947110336647,0.5444912636867422,0.0,0.0,642159.1550619128,15,0.06327693856744802
2025-03-13,494,20,1278787.570721425,369948.05982937734,0.0,908839.5108920478,0.0,0.0,0.0,25,0,0.7107040541372545,0.7107040541372545,0.0,resolved,True,-0.01387840432521592,0.7804742590511008,0.0,0.0,369948.05982937734,6,1278787.570721425,369948.05982937734,0.0,908839.5108920478,0.0,0.0,0.0,25,0,0.7107040541372545,0.7107040541372545,0.0,resolved,True,-0.01387840432521592,0.7804742590511008,0.0,0.0,369948.05982937734,6,0.36557637569651125
2025-03-14,494,20,1305241.4558281584,212775.00016298957,0.0,1092466.4556651688,0.0,0.0,0.0,30,0,0.8369841846403916,0.8369841846403916,0.0,resolved,True,0.020686692389267902,0.45568401924928364,0.0,0.0,212775.00016298957,18,1305241.4558281584,212775.00016298957,0.0,1092466.4556651688,0.0,0.0,0.0,30,0,0.8369841846403916,0.8369841846403916,0.0,resolved,True,0.020686692389267902,0.45568401924928364,0.0,0.0,212775.00016298957,18,-0.07440253941281026
2025-03-17,494,20,1318596.444336113,772433.1769151706,0.0,546163.2674209423,0.0,0.0,0.0,26,0,0.4142004703311062,0.4142004703311062,0.0,resolved,True,0.010231814541533213,0.75480913717459,0.0,0.0,772433.1769151706,17,1318596.444336113,772433.1769151706,0.0,546163.2674209423,0.0,0.0,0.0,26,0,0.4142004703311062,0.4142004703311062,0.0,resolved,True,0.010231814541533213,0.75480913717459,0.0,0.0,772433.1769151706,17,0.018933316464437733
2025-03-18,494,20,1312598.663368336,286745.147440257,0.0,1025853.5159280788,0.0,0.0,0.0,27,0,0.7815439285116871,0.7815439285116871,0.0,resolved,True,-0.004548609996288033,0.803261929686685,0.0,0.0,286745.147440257,7,1312598.663368336,286745.147440257,0.0,1025853.5159280788,0.0,0.0,0.0,27,0,0.7815439285116871,0.7815439285116871,0.0,resolved,True,-0.004548609996288033,0.803261929686685,0.0,0.0,286745.147440257,7,0.4055122190835785
2025-03-19,494,20,1334341.600937332,278390.0492289576,0.0,1055951.5517083744,0.0,0.0,0.0,31,0,0.7913652328358813,0.7913652328358813,0.0,resolved,True,0.01656480246079206,0.4305468323569578,0.0,0.0,278390.0492289576,23,1334341.600937332,278390.0492289576,0.0,1055951.5517083744,0.0,0.0,0.0,31,0,0.7913652328358813,0.7913652328358813,0.0,resolved,True,0.01656480246079206,0.4305468323569578,0.0,0.0,278390.0492289576,23,-0.0019121364373230725
2025-03-20,494,20,1330072.1940645946,739619.4441062112,0.0,590452.7499583834,0.0,0.0,0.0,25,0,0.4439253392359154,0.4439253392359154,0.0,resolved,True,-0.003199635587872174,0.7629301916541076,0.0,0.0,739619.4441062112,11,1330072.1940645946,739619.4441062112,0.0,590452.7499583834,0.0,0.0,0.0,25,0,0.4439253392359154,0.4439253392359154,0.0,resolved,True,-0.003199635587872174,0.7629301916541076,0.0,0.0,739619.4441062112,11,0.05707464729094384
2025-03-21,494,20,1335668.4819291933,270381.2741844471,0.0,1065287.2077447462,0.0,0.0,0.0,30,0,0.7975685749551283,0.7975685749551283,0.0,resolved,True,0.004207506847802689,0.7593578174160436,0.0,0.0,270381.2741844471,18,1335668.4819291933,270381.2741844471,0.0,1065287.2077447462,0.0,0.0,0.0,30,0,0.7975685749551283,0.7975685749551283,0.0,resolved,True,0.004207506847802689,0.7593578174160436,0.0,0.0,270381.2741844471,18,0.08149005326425902
2025-03-24,494,20,1358802.7269604967,659184.5023169115,0.0,699618.2246435853,0.0,0.0,0.0,27,0,0.5148784372905697,0.5148784372905697,0.0,resolved,True,0.017320349580974836,0.6959554628096983,0.0,0.0,659184.5023169115,15,1358802.7269604967,659184.5023169115,0.0,699618.2246435853,0.0,0.0,0.0,27,0,0.5148784372905697,0.5148784372905697,0.0,resolved,True,0.017320349580974836,0.6959554628096983,0.0,0.0,659184.5023169115,15,-0.047573586953496505
2025-03-25,495,20,1359509.8428584759,471638.21182066435,0.0,887871.6310378115,0.0,0.0,0.0,28,0,0.6530821646506008,0.6530821646506008,0.0,resolved,True,0.0005203962900197645,0.8322199328132872,0.0,0.0,471638.21182066435,13,1359509.8428584759,471638.21182066435,0.0,887871.6310378115,0.0,0.0,0.0,28,0,0.6530821646506008,0.6530821646506008,0.0,resolved,True,0.0005203962900197645,0.8322199328132872,0.0,0.0,471638.21182066435,13,0.22357918740492166
2025-03-26,495,20,1362483.4518892309,407067.9795159592,0.0,955415.4723732716,0.0,0.0,0.0,29,0,0.701230881775837,0.701230881775837,0.0,resolved,True,0.002187265540132266,0.6463404409703086,0.0,0.0,407067.9795159592,22,1362483.4518892309,407067.9795159592,0.0,955415.4723732716,0.0,0.0,0.0,29,0,0.701230881775837,0.701230881775837,0.0,resolved,True,0.002187265540132266,0.6463404409703086,0.0,0.0,407067.9795159592,22,-0.4182613705841084
2025-03-27,495,20,1357326.056060116,708660.5526311044,0.0,648665.5034290117,0.0,0.0,0.0,23,0,0.47789954413155555,0.47789954413155555,0.0,resolved,True,-0.0037852906190997127,0.8188932721347799,0.0,0.0,708660.5526311044,6,1357326.056060116,708660.5526311044,0.0,648665.5034290117,0.0,0.0,0.0,23,0,0.47789954413155555,0.47789954413155555,0.0,resolved,True,-0.0037852906190997127,0.8188932721347799,0.0,0.0,708660.5526311044,6,-0.1609744764213942
2025-03-28,496,20,1334938.687768389,161613.01642674254,0.0,1173325.6713416465,0.0,0.0,0.0,28,0,0.8789360006511533,0.8789360006511533,0.0,resolved,True,-0.016493729116724087,0.641167658406244,0.0,0.0,161613.01642674254,5,1334938.687768389,161613.01642674254,0.0,1173325.6713416465,0.0,0.0,0.0,28,0,0.8789360006511533,0.8789360006511533,0.0,resolved,True,-0.016493729116724087,0.641167658406244,0.0,0.0,161613.01642674254,5,-0.03366810276020345
2025-03-31,497,20,1330281.2903974615,196709.4264883598,0.0,1133571.8639091018,0.0,0.0,0.0,32,0,0.8521294496823398,0.8521294496823398,0.0,resolved,True,-0.0034888474007096493,0.2684186518813897,0.0,0.0,196709.4264883598,8,1330281.2903974615,196709.4264883598,0.0,1133571.8639091018,0.0,0.0,0.0,32,0,0.8521294496823398,0.8521294496823398,0.0,resolved,True,-0.0034888474007096493,0.2684186518813897,0.0,0.0,196709.4264883598,8,0.21285093807418323
2025-04-01,497,20,1354937.776370078,232324.3020921196,0.0,1122613.4742779585,0.0,0.0,0.0,32,0,0.8285350765593651,0.8285350765593651,0.0,resolved,True,0.01853479121340551,0.3225135403146895,0.0,0.0,232324.3020921196,20,1354937.776370078,232324.3020921196,0.0,1122613.4742779585,0.0,0.0,0.0,32,0,0.8285350765593651,0.8285350765593651,0.0,resolved,True,0.01853479121340551,0.3225135403146895,0.0,0.0,232324.3020921196,20,-0.04239044808427304
2025-04-02,497,20,1369159.9445832432,653659.8917977505,0.0,715500.0527854929,0.0,0.0,0.0,27,0,0.522583249397705,0.522583249397705,0.0,resolved,True,0.010496547119135391,0.6538929014610924,0.0,0.0,653659.8917977505,19,1369159.9445832432,653659.8917977505,0.0,715500.0527854929,0.0,0.0,0.0,27,0,0.522583249397705,0.522583249397705,0.0,resolved,True,0.010496547119135391,0.6538929014610924,0.0,0.0,653659.8917977505,19,0.47819319616771655
2025-04-03,497,20,1309607.0184282414,514235.6619034331,0.0,795371.3565248082,0.0,0.0,0.0,23,0,0.6073358994970824,0.6073358994970824,0.0,resolved,True,-0.04349595997940847,0.8530015491043882,0.0,0.0,514235.66190343304,13,1309607.0184282414,514235.6619034331,0.0,795371.3565248082,0.0,0.0,0.0,23,0,0.6073358994970824,0.6073358994970824,0.0,resolved,True,-0.04349595997940847,0.8530015491043882,0.0,0.0,514235.66190343304,13,-0.28215054408808216
2025-04-04,497,20,1256585.3120948467,391091.90710629174,0.0,865493.4049885551,0.0,0.0,0.0,26,0,0.6887661320389744,0.6887661320389744,0.0,resolved,True,-0.040486730436913865,0.6912971267489677,0.0,0.0,391091.90710629174,3,1256585.3120948467,391091.90710629174,0.0,865493.4049885551,0.0,0.0,0.0,26,0,0.6887661320389744,0.6887661320389744,0.0,resolved,True,-0.040486730436913865,0.6912971267489677,0.0,0.0,391091.90710629174,3,0.35438475427725713
2025-04-07,497,20,1280609.9940715898,81158.3274460053,0.0,1199451.6666255845,0.0,0.0,0.0,34,0,0.9366252584145706,0.9366252584145706,0.0,resolved,True,0.019119021800988234,0.37582027261245915,0.0,0.0,81158.3274460053,23,1280609.9940715898,81158.3274460053,0.0,1199451.6666255845,0.0,0.0,0.0,34,0,0.9366252584145706,0.9366252584145706,0.0,resolved,True,0.019119021800988234,0.37582027261245915,0.0,0.0,81158.3274460053,23,0.07440358374790262
2025-04-08,497,20,1284172.622179129,880943.2174417848,0.0,403229.40473734407,0.0,0.0,0.0,29,0,0.31399937810003997,0.31399937810003997,0.0,resolved,True,0.002781977435778238,0.7512838017364442,0.0,0.0,880943.2174417848,10,1284172.622179129,880943.2174417848,0.0,403229.40473734407,0.0,0.0,0.0,29,0,0.31399937810003997,0.31399937810003997,0.0,resolved,True,0.002781977435778238,0.7512838017364442,0.0,0.0,880943.2174417848,10,0.1724536849797709
2025-04-09,497,20,1379293.7818026184,118449.39304135612,0.0,1260844.3887612622,0.0,0.0,0.0,33,0,0.9141231588193248,0.9141231588193248,0.0,resolved,True,0.07407194171611997,0.7782385274553337,0.0,0.0,118449.39304135612,16,1379293.7818026184,118449.39304135612,0.0,1260844.3887612622,0.0,0.0,0.0,33,0,0.9141231588193248,0.9141231588193248,0.0,resolved,True,0.07407194171611997,0.7782385274553337,0.0,0.0,118449.39304135612,16,0.3861830598485069
2025-04-10,497,20,1324421.8915737437,704774.2064888445,0.0,619647.6850848992,0.0,0.0,0.0,32,0,0.4678627626341959,0.4678627626341959,0.0,resolved,True,-0.039782598133054625,0.5968442766807199,0.0,0.0,704774.2064888445,12,1324421.8915737437,704774.2064888445,0.0,619647.6850848992,0.0,0.0,0.0,32,0,0.4678627626341959,0.4678627626341959,0.0,resolved,True,-0.039782598133054625,0.5968442766807199,0.0,0.0,704774.2064888445,12,-0.037222727410137706
2025-04-11,497,20,1339646.6366294348,68567.07776659186,0.0,1271079.5588628429,0.0,0.0,0.0,29,0,0.9488170418289502,0.9488170418289502,0.0,resolved,True,0.011495389160020908,0.5839085635593916,0.0,0.0,68567.07776659186,15,1339646.6366294348,68567.07776659186,0.0,1271079.5588628429,0.0,0.0,0.0,29,0,0.9488170418289502,0.9488170418289502,0.0,resolved,True,0.011495389160020908,0.5839085635593916,0.0,0.0,68567.07776659186,15,0.3206550951067463
2025-04-14,497,20,1360115.5122398816,624755.4024562293,0.0,735360.1097836522,0.0,0.0,0.0,25,0,0.5406600418611782,0.5406600418611782,0.0,resolved,True,0.015279309521462059,0.5175413137058498,0.0,0.0,624755.4024562293,11,1360115.5122398816,624755.4024562293,0.0,735360.1097836522,0.0,0.0,0.0,25,0,0.5406600418611782,0.5406600418611782,0.0,resolved,True,0.015279309521462059,0.5175413137058498,0.0,0.0,624755.4024562293,11,0.04431988126965538
2025-04-15,497,20,1362067.8765266207,338519.3858149862,0.0,1023548.4907116344,0.0,0.0,0.0,28,0,0.7514665813290912,0.7514665813290912,0.0,resolved,True,0.0014354400557670122,0.7082301316340869,0.0,0.0,338519.3858149862,12,1362067.8765266207,338519.3858149862,0.0,1023548.4907116344,0.0,0.0,0.0,28,0,0.7514665813290912,0.7514665813290912,0.0,resolved,True,0.0014354400557670122,0.7082301316340869,0.0,0.0,338519.3858149862,12,0.24438194888537243
2025-04-16,497,20,1349033.3439444797,502575.1838493021,0.0,846458.1600951776,0.0,0.0,0.0,29,0,0.6274553285837937,0.6274553285837937,0.0,resolved,True,-0.00956966448352048,0.6175129625765378,0.0,0.0,502575.1838493021,18,1349033.3439444797,502575.1838493021,0.0,846458.1600951776,0.0,0.0,0.0,29,0,0.6274553285837937,0.6274553285837937,0.0,resolved,True,-0.00956966448352048,0.6175129625765378,0.0,0.0,502575.1838493021,18,-0.17698901076883192
2025-04-17,497,20,1353029.374505103,451022.12249867385,0.0,902007.2520064292,0.0,0.0,0.0,26,0,0.6666575530456285,0.6666575530456285,0.0,resolved,True,0.0029621436553519676,0.7068745265848831,0.0,0.0,451022.12249867385,7,1353029.374505103,451022.12249867385,0.0,902007.2520064292,0.0,0.0,0.0,26,0,0.6666575530456285,0.6666575530456285,0.0,resolved,True,0.0029621436553519676,0.7068745265848831,0.0,0.0,451022.12249867385,7,-0.27705922159981616
2025-04-21,497,20,1328663.5689527174,187023.26509402227,0.0,1141640.303858695,0.0,0.0,0.0,30,0,0.8592395626219824,0.8592395626219824,0.0,resolved,True,-0.01800833449111039,0.47156802329297076,0.0,0.0,187023.26509402227,7,1328663.5689527174,187023.26509402227,0.0,1141640.303858695,0.0,0.0,0.0,30,0,0.8592395626219824,0.8592395626219824,0.0,resolved,True,-0.01800833449111039,0.47156802329297076,0.0,0.0,187023.26509402227,7,0.23939637587216628
2025-04-22,497,20,1371232.4110864955,265651.6406340337,0.0,1105580.7704524617,0.0,0.0,0.0,34,0,0.8062679685177914,0.8062679685177914,0.0,resolved,True,0.032038841982648725,0.34069941880386245,0.0,0.0,265651.6406340337,19,1371232.4110864955,265651.6406340337,0.0,1105580.7704524617,0.0,0.0,0.0,34,0,0.8062679685177914,0.8062679685177914,0.0,resolved,True,0.032038841982648725,0.34069941880386245,0.0,0.0,265651.6406340337,19,0.00022086487341409493
2025-04-23,497,20,1408252.7961428864,632913.1658587952,0.0,775339.6302840912,0.0,0.0,0.0,30,0,0.5505685004906055,0.5505685004906055,0.0,resolved,True,0.026997892375558497,0.6552972342455439,0.0,0.0,632913.1658587952,20,1408252.7961428864,632913.1658587952,0.0,775339.6302840912,0.0,0.0,0.0,30,0,0.5505685004906055,0.5505685004906055,0.0,resolved,True,0.026997892375558497,0.6552972342455439,0.0,0.0,632913.1658587952,20,-0.5179684410203504
2025-04-24,497,20,1423743.029317249,584661.3984740722,0.0,839081.6308431767,0.0,0.0,0.0,26,0,0.5893490704186664,0.5893490704186664,0.0,resolved,True,0.010999611161284006,0.8645994296391423,0.0,0.0,584661.3984740722,6,1423743.029317249,584661.3984740722,0.0,839081.6308431767,0.0,0.0,0.0,26,0,0.5893490704186664,0.5893490704186664,0.0,resolved,True,0.010999611161284006,0.8645994296391423,0.0,0.0,584661.3984740722,6,-0.21530781892522366
2025-04-25,497,20,1416358.256653505,155264.73216439044,0.0,1261093.5244891145,0.0,0.0,0.0,34,0,0.8903775005829093,0.8903775005829093,0.0,resolved,True,-0.0051868718663967694,0.5197048311402732,0.0,0.0,155264.73216439044,8,1416358.256653505,155264.73216439044,0.0,1261093.5244891145,0.0,0.0,0.0,34,0,0.8903775005829093,0.8903775005829093,0.0,resolved,True,-0.0051868718663967694,0.5197048311402732,0.0,0.0,155264.73216439044,8,0.21090973783247485
2025-04-28,497,20,1422617.9968668888,254034.41670138796,0.0,1168583.5801655008,0.0,0.0,0.0,35,0,0.8214317425613465,0.8214317425613465,0.0,resolved,True,0.004419602303285863,0.2889799575376133,0.0,0.0,254034.41670138796,14,1422617.9968668888,254034.41670138796,0.0,1168583.5801655008,0.0,0.0,0.0,35,0,0.8214317425613465,0.8214317425613465,0.0,resolved,True,0.004419602303285863,0.2889799575376133,0.0,0.0,254034.41670138796,14,0.1367444015955216
2025-04-29,497,20,1427480.566203982,367230.2077996662,0.0,1060250.358404316,0.0,0.0,0.0,33,0,0.742742411704966,0.742742411704966,0.0,resolved,True,0.0034180428954240227,0.43670516320565406,0.0,0.0,367230.2077996662,9,1427480.566203982,367230.2077996662,0.0,1060250.358404316,0.0,0.0,0.0,33,0,0.742742411704966,0.742742411704966,0.0,resolved,True,0.0034180428954240227,0.43670516320565406,0.0,0.0,367230.2077996662,9,0.02524970150382586
2025-04-30,497,20,1430584.2103795833,267052.9082576686,0.0,1163531.3021219147,0.0,0.0,0.0,33,0,0.8133259780724056,0.8133259780724056,0.0,resolved,True,0.0021742111585130175,0.4443374789641078,0.0,0.0,267052.9082576686,15,1430584.2103795833,267052.9082576686,0.0,1163531.3021219147,0.0,0.0,0.0,33,0,0.8133259780724056,0.8133259780724056,0.0,resolved,True,0.0021742111585130175,0.4443374789641078,0.0,0.0,267052.9082576686,15,-0.03444718373577717
2025-05-01,497,20,1423060.3494522749,314882.9454037559,0.0,1108177.404048519,0.0,0.0,0.0,33,0,0.7787283262266762,0.7787283262266762,0.0,resolved,True,-0.005259292583211228,0.4067819632281677,0.0,0.0,314882.9454037559,14,1423060.3494522749,314882.9454037559,0.0,1108177.404048519,0.0,0.0,0.0,33,0,0.7787283262266762,0.7787283262266762,0.0,resolved,True,-0.005259292583211228,0.4067819632281677,0.0,0.0,314882.9454037559,14,-0.19281862941500133
2025-05-02,497,20,1441195.756890905,304875.5357620033,0.0,1136320.2211289017,0.0,0.0,0.0,30,0,0.7884565408243277,0.7884565408243277,0.0,resolved,True,0.012743948241977554,0.43551103184365914,0.0,0.0,304875.5357620033,12,1441195.756890905,304875.5357620033,0.0,1136320.2211289017,0.0,0.0,0.0,30,0,0.7884565408243277,0.7884565408243277,0.0,resolved,True,0.012743948241977554,0.43551103184365914,0.0,0.0,304875.5357620033,12,0.03742707893461598
2025-05-05,497,20,1436204.96659934,428269.23079387145,0.0,1007935.7358054686,0.0,0.0,0.0,31,0,0.7018049367926004,0.7018049367926004,0.0,resolved,True,-0.003462951002805914,0.5087058874899053,0.0,0.0,428269.23079387145,13,1436204.96659934,428269.23079387145,0.0,1007935.7358054686,0.0,0.0,0.0,31,0,0.7018049367926004,0.7018049367926004,0.0,resolved,True,-0.003462951002805914,0.5087058874899053,0.0,0.0,428269.23079387145,13,0.039257247032912085
2025-05-06,497,20,1437184.1645138282,320665.14074192697,0.0,1116519.0237719014,0.0,0.0,0.0,33,0,0.776879575589812,0.776879575589812,0.0,resolved,True,0.0006817953824562739,0.5214676100926817,0.0,0.0,320665.14074192697,13,1437184.1645138282,320665.14074192697,0.0,1116519.0237719014,0.0,0.0,0.0,33,0,0.776879575589812,0.776879575589812,0.0,resolved,True,0.0006817953824562739,0.5214676100926817,0.0,0.0,320665.14074192697,13,0.003483447454160977
2025-05-07,497,20,1452523.0715044322,312990.28157508676,0.0,1139532.7899293455,0.0,0.0,0.0,31,0,0.7845195799534453,0.7845195799534453,0.0,resolved,True,0.01067288895142604,0.4409006430511062,0.0,0.0,312990.28157508676,10,1452523.0715044322,312990.28157508676,0.0,1139532.7899293455,0.0,0.0,0.0,31,0,0.7845195799534453,0.7845195799534453,0.0,resolved,True,0.01067288895142604,0.4409006430511062,0.0,0.0,312990.28157508676,10,-0.2818807625580316
2025-05-08,497,20,1460726.3469044813,544046.3675061567,0.0,916679.9793983246,0.0,0.0,0.0,34,0,0.6275507943982251,0.6275507943982251,0.0,resolved,True,0.005647604200567091,0.5900330713463843,0.0,0.0,544046.3675061567,14,1460726.3469044813,544046.3675061567,0.0,916679.9793983246,0.0,0.0,0.0,34,0,0.6275507943982251,0.6275507943982251,0.0,resolved,True,0.005647604200567091,0.5900330713463843,0.0,0.0,544046.3675061567,14,-0.0016809474046938788
2025-05-09,497,20,1463267.5375635969,359617.6608235319,0.0,1103649.876740065,0.0,0.0,0.0,33,0,0.7542365619466207,0.7542365619466207,0.0,resolved,True,0.0017396760621870566,0.6186401924252964,0.0,0.0,359617.6608235319,18,1463267.5375635969,359617.6608235319,0.0,1103649.876740065,0.0,0.0,0.0,33,0,0.7542365619466207,0.7542365619466207,0.0,resolved,True,0.0017396760621870566,0.6186401924252964,0.0,0.0,359617.6608235319,18,-0.11010145214553026
2025-05-12,497,20,1472519.8070006631,445342.47513874376,0.0,1027177.3318619193,0.0,0.0,0.0,28,0,0.6975643566752081,0.6975643566752081,0.0,resolved,True,0.006323019679963515,0.5501113879028361,0.0,0.0,445342.47513874376,14,1472519.8070006631,445342.47513874376,0.0,1027177.3318619193,0.0,0.0,0.0,28,0,0.6975643566752081,0.6975643566752081,0.0,resolved,True,0.006323019679963515,0.5501113879028361,0.0,0.0,445342.47513874376,14,-0.37453780103258083
2025-05-13,497,20,1467325.7620795825,513579.9761851238,0.0,953745.7858944589,0.0,0.0,0.0,28,0,0.6499891234396055,0.6499891234396055,0.0,resolved,True,-0.003527317524957607,0.65121192038637,0.0,0.0,513579.9761851238,7,1467325.7620795825,513579.9761851238,0.0,953745.7858944589,0.0,0.0,0.0,28,0,0.6499891234396055,0.6499891234396055,0.0,resolved,True,-0.003527317524957607,0.65121192038637,0.0,0.0,513579.9761851238,7,-0.13205115745212637
2025-05-14,497,20,1471503.007360189,222708.19772106945,0.0,1248794.8096391195,0.0,0.0,0.0,30,0,0.8486525704622255,0.8486525704622255,0.0,resolved,True,0.0028468424589549457,0.5017891683866315,0.0,0.0,222708.19772106945,6,1471503.007360189,222708.19772106945,0.0,1248794.8096391195,0.0,0.0,0.0,30,0,0.8486525704622255,0.8486525704622255,0.0,resolved,True,0.0028468424589549457,0.5017891683866315,0.0,0.0,222708.19772106945,6,0.5850947146624164
2025-05-15,497,20,1498893.4684317522,250021.26045707194,0.0,1248872.2079746802,0.0,0.0,0.0,36,0,0.8331961105156714,0.8331961105156714,0.0,resolved,True,0.018613934823483946,0.32125619574926795,0.0,0.0,250021.26045707194,29,1498893.4684317522,250021.26045707194,0.0,1248872.2079746802,0.0,0.0,0.0,36,0,0.8331961105156714,0.8331961105156714,0.0,resolved,True,0.018613934823483946,0.32125619574926795,0.0,0.0,250021.26045707194,29,-0.033436010108366686
2025-05-16,497,20,1511275.5596194437,1010912.9353905171,0.0,500362.6242289266,0.0,0.0,0.0,23,0,0.3310862939879234,0.3310862939879234,0.0,resolved,True,0.008260821364874271,0.8412433721302863,0.0,0.0,1010912.9353905171,14,1511275.5596194437,1010912.9353905171,0.0,500362.6242289266,0.0,0.0,0.0,23,0,0.3310862939879234,0.3310862939879234,0.0,resolved,True,0.008260821364874271,0.8412433721302863,0.0,0.0,1010912.9353905171,14,0.15645289038575988
2025-05-19,497,20,1514881.6646413442,365498.6822799749,0.0,1149382.9823613693,0.0,0.0,0.0,25,0,0.7587278988114834,0.7587278988114834,0.0,resolved,True,0.002386133355328335,0.9107615146089497,0.0,0.0,365498.6822799749,12,1514881.6646413442,365498.6822799749,0.0,1149382.9823613693,0.0,0.0,0.0,25,0,0.7587278988114834,0.7587278988114834,0.0,resolved,True,0.002386133355328335,0.9107615146089497,0.0,0.0,365498.6822799749,12,-0.04764702839184393
2025-05-20,497,20,1511792.3839028066,532306.3000682094,0.0,979486.0838345971,0.0,0.0,0.0,29,0,0.6478972207188791,0.6478972207188791,0.0,resolved,True,-0.002039288487440394,0.5926568413254546,0.0,0.0,532306.3000682094,10,1511792.3839028066,532306.3000682094,0.0,979486.0838345971,0.0,0.0,0.0,29,0,0.6478972207188791,0.6478972207188791,0.0,resolved,True,-0.002039288487440394,0.5926568413254546,0.0,0.0,532306.3000682094,10,0.031122201763281152
2025-05-21,497,20,1490753.9159539621,347467.5274938344,0.0,1143286.3884601279,0.0,0.0,0.0,29,0,0.7669182527208167,0.7669182527208167,0.0,resolved,True,-0.013916241524204565,0.5819409046702829,0.0,0.0,347467.5274938344,11,1490753.9159539621,347467.5274938344,0.0,1143286.3884601279,0.0,0.0,0.0,29,0,0.7669182527208167,0.7669182527208167,0.0,resolved,True,-0.013916241524204565,0.5819409046702829,0.0,0.0,347467.5274938344,11,-0.05347226865326631
2025-05-22,497,20,1487021.6412187347,401990.9426081956,0.0,1085030.698610539,0.0,0.0,0.0,28,0,0.7296670529430013,0.7296670529430013,0.0,resolved,True,-0.002503615583554608,0.502737884557182,0.0,0.0,401990.9426081956,12,1487021.6412187347,401990.9426081956,0.0,1085030.698610539,0.0,0.0,0.0,28,0,0.7296670529430013,0.7296670529430013,0.0,resolved,True,-0.002503615583554608,0.502737884557182,0.0,0.0,401990.9426081956,12,0.28400356609447774
2025-05-23,497,20,1477605.4312343684,379824.2848415321,0.0,1097781.1463928362,0.0,0.0,0.0,25,0,0.7429460688133551,0.7429460688133551,0.0,resolved,True,-0.006332261564565345,0.5257591455151698,0.0,0.0,379824.2848415321,8,1477605.4312343684,379824.2848415321,0.0,1097781.1463928362,0.0,0.0,0.0,25,0,0.7429460688133551,0.7429460688133551,0.0,resolved,True,-0.006332261564565345,0.5257591455151698,0.0,0.0,379824.2848415321,8,-0.023542804011861877
2025-05-27,497,20,1493056.1191614796,267381.807367773,0.0,1225674.3117937066,0.0,0.0,0.0,31,0,0.8209164384805989,0.8209164384805989,0.0,resolved,True,0.010456572235393091,0.4380100929032454,0.0,0.0,267381.807367773,17,1493056.1191614796,267381.807367773,0.0,1225674.3117937066,0.0,0.0,0.0,31,0,0.8209164384805989,0.8209164384805989,0.0,resolved,True,0.010456572235393091,0.4380100929032454,0.0,0.0,267381.807367773,17,0.06551747884301548
2025-05-28,497,20,1489313.9923485564,601061.8465725378,0.0,888252.1457760185,0.0,0.0,0.0,28,0,0.5964169747544636,0.5964169747544636,0.0,resolved,True,-0.002506353756498325,0.5816550649335551,0.0,0.0,601061.8465725378,11,1489313.9923485564,601061.8465725378,0.0,888252.1457760185,0.0,0.0,0.0,28,0,0.5964169747544636,0.5964169747544636,0.0,resolved,True,-0.002506353756498325,0.5816550649335551,0.0,0.0,601061.8465725378,11,0.07597409833405516
2025-05-29,497,20,1488213.157593585,315402.6151347121,0.0,1172810.542458873,0.0,0.0,0.0,28,0,0.7880662366641666,0.7880662366641666,0.0,resolved,True,-0.0007391555848040854,0.6153601365565915,0.0,0.0,315402.6151347121,7,1488213.157593585,315402.6151347121,0.0,1172810.542458873,0.0,0.0,0.0,28,0,0.7880662366641666,0.7880662366641666,0.0,resolved,True,-0.0007391555848040854,0.6153601365565915,0.0,0.0,315402.6151347121,7,0.31201183784641573
2025-05-30,497,20,1488006.0036137511,219808.19189613799,0.0,1268197.8117176131,0.0,0.0,0.0,34,0,0.8522800369337793,0.8522800369337793,0.0,resolved,True,-0.0001391964442573057,0.3596331643084499,0.0,0.0,219808.19189613799,24,1488006.0036137511,219808.19189613799,0.0,1268197.8117176131,0.0,0.0,0.0,34,0,0.8522800369337793,0.8522800369337793,0.0,resolved,True,-0.0001391964442573057,0.3596331643084499,0.0,0.0,219808.19189613799,24,-0.08739908440556454
2025-06-02,497,20,1491311.115545945,770731.0008240279,0.0,720580.1147219171,0.0,0.0,0.0,27,0,0.4831856392742867,0.4831856392742867,0.0,resolved,True,0.0022211684120676534,0.6656822555248794,0.0,0.0,770731.0008240279,14,1491311.115545945,770731.0008240279,0.0,720580.1147219171,0.0,0.0,0.0,27,0,0.4831856392742867,0.4831856392742867,0.0,resolved,True,0.0022211684120676534,0.6656822555248794,0.0,0.0,770731.0008240279,14,-0.23012810529545408
2025-06-03,497,20,1499817.4364314547,370373.83777806605,0.0,1129443.5986533887,0.0,0.0,0.0,28,0,0.7530540525923582,0.7530540525923582,0.0,resolved,True,0.0057039210643821114,0.7651688683245372,0.0,0.0,370373.83777806605,14,1499817.4364314547,370373.83777806605,0.0,1129443.5986533887,0.0,0.0,0.0,28,0,0.7530540525923582,0.7530540525923582,0.0,resolved,True,0.0057039210643821114,0.7651688683245372,0.0,0.0,370373.83777806605,14,-0.17572969510666686
2025-06-04,497,20,1494104.008963652,689615.1008329284,0.0,804488.9081307236,0.0,0.0,0.0,28,0,0.5384423730237745,0.5384423730237745,0.0,resolved,True,-0.003809415285500939,0.7067453097045235,0.0,0.0,689615.1008329284,10,1494104.008963652,689615.1008329284,0.0,804488.9081307236,0.0,0.0,0.0,28,0,0.5384423730237745,0.5384423730237745,0.0,resolved,True,-0.003809415285500939,0.7067453097045235,0.0,0.0,689615.1008329284,10,0.027094670279393013
2025-06-05,497,20,1489815.4680420565,252884.5650570353,0.0,1236930.9029850212,0.0,0.0,0.0,35,0,0.8302577933431038,0.8302577933431038,0.0,resolved,True,-0.002870309493761436,0.6308126209658624,0.0,0.0,252884.5650570353,13,1489815.4680420565,252884.5650570353,0.0,1236930.9029850212,0.0,0.0,0.0,35,0,0.8302577933431038,0.8302577933431038,0.0,resolved,True,-0.002870309493761436,0.6308126209658624,0.0,0.0,252884.5650570353,13,-0.116355366586433
2025-06-06,497,20,1499619.4969375546,481854.8439094939,0.0,1017764.6530280607,0.0,0.0,0.0,34,0,0.6786819290536613,0.6786819290536613,0.0,resolved,True,0.006580700164418696,0.4931747754855419,0.0,0.0,481854.8439094939,14,1499619.4969375546,481854.8439094939,0.0,1017764.6530280607,0.0,0.0,0.0,34,0,0.6786819290536613,0.6786819290536613,0.0,resolved,True,0.006580700164418696,0.4931747754855419,0.0,0.0,481854.8439094939,14,-0.30561083149623536
2025-06-09,497,20,1491747.8372848711,416557.17389380746,0.0,1075190.6633910637,0.0,0.0,0.0,32,0,0.7207589892324009,0.7207589892324009,0.0,resolved,True,-0.00524910463538153,0.5990933164299287,0.0,0.0,416557.17389380746,5,1491747.8372848711,416557.17389380746,0.0,1075190.6633910637,0.0,0.0,0.0,32,0,0.7207589892324009,0.7207589892324009,0.0,resolved,True,-0.00524910463538153,0.5990933164299287,0.0,0.0,416557.17389380746,5,-0.39779808690231117
2025-06-10,497,20,1493995.806900774,204018.24929111553,0.0,1289977.5576096585,0.0,0.0,0.0,36,0,0.8634412169373206,0.8634412169373206,0.0,resolved,True,0.0015069367353628405,0.4160055792770127,0.0,0.0,204018.24929111553,9,1493995.806900774,204018.24929111553,0.0,1289977.5576096585,0.0,0.0,0.0,36,0,0.8634412169373206,0.8634412169373206,0.0,resolved,True,0.0015069367353628405,0.4160055792770127,0.0,0.0,204018.24929111553,9,0.21701161905759128
2025-06-11,497,20,1497561.822841045,238306.36160460176,0.0,1259255.4612364431,0.0,0.0,0.0,36,0,0.8408704348829436,0.8408704348829436,0.0,resolved,True,0.0023868982254164894,0.2960681742563247,0.0,0.0,238306.36160460179,13,1497561.822841045,238306.36160460176,0.0,1259255.4612364431,0.0,0.0,0.0,36,0,0.8408704348829436,0.8408704348829436,0.0,resolved,True,0.0023868982254164894,0.2960681742563247,0.0,0.0,238306.36160460179,13,0.0660836305770608
2025-06-12,497,20,1507812.95792834,496860.74323093303,0.0,1010952.2146974069,0.0,0.0,0.0,36,0,0.6704758765877732,0.6704758765877732,0.0,resolved,True,0.006845216625412709,0.4909093525373379,0.0,0.0,496860.743230933,22,1507812.95792834,496860.74323093303,0.0,1010952.2146974069,0.0,0.0,0.0,36,0,0.6704758765877732,0.6704758765877732,0.0,resolved,True,0.006845216625412709,0.4909093525373379,0.0,0.0,496860.743230933,22,-0.024475924274201317
2025-06-13,497,20,1502506.1406359384,687268.6667901067,0.0,815237.4738458317,0.0,0.0,0.0,29,0,0.5425851194862877,0.5425851194862877,0.0,resolved,True,-0.0035195461509316406,0.7853291111438487,0.0,0.0,687268.6667901067,8,1502506.1406359384,687268.6667901067,0.0,815237.4738458317,0.0,0.0,0.0,29,0,0.5425851194862877,0.5425851194862877,0.0,resolved,True,-0.0035195461509316406,0.7853291111438487,0.0,0.0,687268.6667901067,8,0.09243348455991351
2025-06-16,497,20,1512894.5422441717,285468.9370809997,0.0,1227425.6051631721,0.0,0.0,0.0,34,0,0.8113094276501616,0.8113094276501616,0.0,resolved,True,0.006914049352128693,0.6474100687930592,0.0,0.0,285468.9370809997,24,1512894.5422441717,285468.9370809997,0.0,1227425.6051631721,0.0,0.0,0.0,34,0,0.8113094276501616,0.8113094276501616,0.0,resolved,True,0.006914049352128693,0.6474100687930592,0.0,0.0,285468.9370809997,24,0.34972188581499736
2025-06-17,497,20,1503385.7940704087,874544.1753350236,0.0,628841.6187353852,0.0,0.0,0.0,29,0,0.41828359774027135,0.41828359774027135,0.0,resolved,True,-0.006285136146805148,0.7667508078225365,0.0,0.0,874544.1753350236,15,1503385.7940704087,874544.1753350236,0.0,628841.6187353852,0.0,0.0,0.0,29,0,0.41828359774027135,0.41828359774027135,0.0,resolved,True,-0.006285136146805148,0.7667508078225365,0.0,0.0,874544.1753350236,15,0.10900696719022522
2025-06-18,497,20,1502373.9320046604,253871.86509148678,0.0,1248502.0669131735,0.0,0.0,0.0,29,0,0.8310195220488561,0.8310195220488561,0.0,resolved,True,-0.0006730554923022325,0.7505831469720965,0.0,0.0,253871.86509148678,13,1502373.9320046604,253871.86509148678,0.0,1248502.0669131735,0.0,0.0,0.0,29,0,0.8310195220488561,0.8310195220488561,0.0,resolved,True,-0.0006730554923022325,0.7505831469720965,0.0,0.0,253871.86509148678,13,0.009503738769692004
2025-06-20,497,20,1505788.9709436041,525637.3762493574,0.0,980151.5946942469,0.0,0.0,0.0,31,0,0.650922283007581,0.650922283007581,0.0,resolved,True,0.0022730951770355556,0.518851681818469,0.0,0.0,525637.3762493574,14,1505788.9709436041,525637.3762493574,0.0,980151.5946942469,0.0,0.0,0.0,31,0,0.650922283007581,0.650922283007581,0.0,resolved,True,0.0022730951770355556,0.518851681818469,0.0,0.0,525637.3762493574,14,0.10557976821907646
2025-06-23,497,20,1521521.84187043,426472.06649991043,0.0,1095049.7753705196,0.0,0.0,0.0,31,0,0.7197069047818323,0.7197069047818323,0.0,resolved,True,0.010448257511785908,0.6322993866482024,0.0,0.0,426472.06649991043,19,1521521.84187043,426472.06649991043,0.0,1095049.7753705196,0.0,0.0,0.0,31,0,0.7197069047818323,0.7197069047818323,0.0,resolved,True,0.010448257511785908,0.6322993866482024,0.0,0.0,426472.06649991043,19,-0.10198672548024962
2025-06-24,497,20,1529337.6206905409,766018.0953548937,0.0,763319.5253356472,0.0,0.0,0.0,27,0,0.49911773241476004,0.49911773241476004,0.0,resolved,True,0.005136816708791292,0.7837483032046771,0.0,0.0,766018.0953548937,11,1529337.6206905409,766018.0953548937,0.0,763319.5253356472,0.0,0.0,0.0,27,0,0.49911773241476004,0.49911773241476004,0.0,resolved,True,0.005136816708791292,0.7837483032046771,0.0,0.0,766018.0953548937,11,-0.2784823582593944
2025-06-25,497,20,1519815.9614853677,293973.6726426538,0.0,1225842.288842714,0.0,0.0,0.0,28,0,0.8065728482313455,0.8065728482313455,0.0,resolved,True,-0.006226002078516757,0.6931051415049417,0.0,0.0,293973.6726426538,10,1519815.9614853677,293973.6726426538,0.0,1225842.288842714,0.0,0.0,0.0,28,0,0.8065728482313455,0.8065728482313455,0.0,resolved,True,-0.006226002078516757,0.6931051415049417,0.0,0.0,293973.6726426538,10,-0.0984640585918064
2025-06-26,497,20,1530153.8927460557,404455.98852966586,0.0,1125697.9042163899,0.0,0.0,0.0,30,0,0.7356762673041872,0.7356762673041872,0.0,resolved,True,0.006802094149994664,0.4595488393803428,0.0,0.0,404455.98852966586,14,1530153.8927460557,404455.98852966586,0.0,1125697.9042163899,0.0,0.0,0.0,30,0,0.7356762673041872,0.7356762673041872,0.0,resolved,True,0.006802094149994664,0.4595488393803428,0.0,0.0,404455.98852966586,14,0.16957534891187556
2025-06-27,497,20,1535362.865896474,583553.2758797627,0.0,951809.5900167113,0.0,0.0,0.0,32,0,0.6199248471865084,0.6199248471865084,0.0,resolved,True,0.003404215206792127,0.6456927431242371,0.0,0.0,583553.2758797627,18,1535362.865896474,583553.2758797627,0.0,951809.5900167113,0.0,0.0,0.0,32,0,0.6199248471865084,0.6199248471865084,0.0,resolved,True,0.003404215206792127,0.6456927431242371,0.0,0.0,583553.2758797627,18,0.17681401938066152
2025-06-30,497,20,1543543.56954529,463599.96035557,0.0,1079943.60918972,0.0,0.0,0.0,29,0,0.6996521708213644,0.6996521708213644,0.0,resolved,True,0.005328189075381351,0.6820232920143721,0.0,0.0,463599.96035557,20,1543543.56954529,463599.96035557,0.0,1079943.60918972,0.0,0.0,0.0,29,0,0.6996521708213644,0.6996521708213644,0.0,resolved,True,0.005328189075381351,0.6820232920143721,0.0,0.0,463599.96035557,20,0.02882121740827699
2025-07-01,497,20,1537788.3961431747,756393.3243551011,0.0,781395.0717880738,0.0,0.0,0.0,23,0,0.5081291247533399,0.5081291247533399,0.0,resolved,True,-0.0037285461296118205,0.7903847411771249,0.0,0.0,756393.3243551011,9,1537788.3961431747,756393.3243551011,0.0,781395.0717880738,0.0,0.0,0.0,23,0,0.5081291247533399,0.5081291247533399,0.0,resolved,True,-0.0037285461296118205,0.7903847411771249,0.0,0.0,756393.3243551011,9,-0.4520417299096335
2025-07-02,497,20,1540481.0866373116,270319.8799117163,0.0,1270161.2067255953,0.0,0.0,0.0,29,0,0.8245224285734057,0.8245224285734057,0.0,resolved,True,0.001751014964666231,0.6676557105267857,0.0,0.0,270319.8799117163,9,1540481.0866373116,270319.8799117163,0.0,1270161.2067255953,0.0,0.0,0.0,29,0,0.8245224285734057,0.8245224285734057,0.0,resolved,True,0.001751014964666231,0.6676557105267857,0.0,0.0,270319.8799117163,9,0.2740907041503587
2025-07-03,497,20,1552153.7100722631,471740.9614359926,0.0,1080412.7486362704,0.0,0.0,0.0,33,0,0.6960732958502995,0.6960732958502995,0.0,resolved,True,0.007577258517617702,0.4817072067840448,0.0,0.0,471740.9614359926,25,1552153.7100722631,471740.9614359926,0.0,1080412.7486362704,0.0,0.0,0.0,33,0,0.6960732958502995,0.6960732958502995,0.0,resolved,True,0.007577258517617702,0.4817072067840448,0.0,0.0,471740.9614359926,25,0.1891995506264448
2025-07-07,497,20,1553407.1842367582,801083.3387835013,0.0,752323.8454532569,0.0,0.0,0.0,23,0,0.48430563028643336,0.48430563028643336,0.0,resolved,True,0.0008075708973673823,0.8200375336281839,0.0,0.0,801083.3387835012,11,1553407.1842367582,801083.3387835013,0.0,752323.8454532569,0.0,0.0,0.0,23,0,0.48430563028643336,0.48430563028643336,0.0,resolved,True,0.0008075708973673823,0.8200375336281839,0.0,0.0,801083.3387835012,11,-0.24709905978013386
2025-07-08,497,20,1545421.4359964489,300048.8526641978,0.0,1245372.583332251,0.0,0.0,0.0,29,0,0.8058465828961834,0.8058465828961834,0.0,resolved,True,-0.0051407952282858105,0.708849683857181,0.0,0.0,300048.8526641978,12,1545421.4359964489,300048.8526641978,0.0,1245372.583332251,0.0,0.0,0.0,29,0,0.8058465828961834,0.8058465828961834,0.0,resolved,True,-0.0051407952282858105,0.708849683857181,0.0,0.0,300048.8526641978,12,0.06976233502223135
2025-07-09,497,20,1546800.9519347628,530382.508518064,0.0,1016418.4434166986,0.0,0.0,0.0,31,0,0.6571100451841244,0.6571100451841244,0.0,resolved,True,0.000892647083948539,0.5373494516379732,0.0,0.0,530382.508518064,10,1546800.9519347628,530382.508518064,0.0,1016418.4434166986,0.0,0.0,0.0,31,0,0.6571100451841244,0.6571100451841244,0.0,resolved,True,0.000892647083948539,0.5373494516379732,0.0,0.0,530382.508518064,10,-0.21551634478112341
2025-07-10,498,20,1547451.1450922063,293599.10244969145,0.0,1253852.042642515,0.0,0.0,0.0,35,0,0.8102692266693842,0.8102692266693842,0.0,resolved,True,0.0004203470114434449,0.5327004809100402,0.0,0.0,293599.10244969145,14,1547451.1450922063,293599.10244969145,0.0,1253852.042642515,0.0,0.0,0.0,35,0,0.8102692266693842,0.8102692266693842,0.0,resolved,True,0.0004203470114434449,0.5327004809100402,0.0,0.0,293599.10244969145,14,0.06806128789780297
2025-07-11,498,20,1538974.3624135277,414184.11819009087,0.0,1124790.2442234368,0.0,0.0,0.0,36,0,0.7308700337668145,0.7308700337668145,0.0,resolved,True,-0.005477900032943239,0.4573864725129072,0.0,0.0,414184.11819009087,12,1538974.3624135277,414184.11819009087,0.0,1124790.2442234368,0.0,0.0,0.0,36,0,0.7308700337668145,0.7308700337668145,0.0,resolved,True,-0.005477900032943239,0.4573864725129072,0.0,0.0,414184.11819009087,12,0.3760793212981004
2025-07-14,498,20,1551648.7347902893,400664.2289592819,0.0,1150984.5058310074,0.0,0.0,0.0,36,0,0.7417816159187388,0.7417816159187388,0.0,resolved,True,0.008235596827542269,0.5294749328191997,0.0,0.0,400664.2289592819,20,1551648.7347902893,400664.2289592819,0.0,1150984.5058310074,0.0,0.0,0.0,36,0,0.7417816159187388,0.7417816159187388,0.0,resolved,True,0.008235596827542269,0.5294749328191997,0.0,0.0,400664.2289592819,20,0.06308546781692737
2025-07-15,498,20,1537523.3011910135,643577.3867633415,0.0,893945.914427672,0.0,0.0,0.0,32,0,0.5814194254715969,0.5814194254715969,0.0,resolved,True,-0.009103499576007423,0.6729884105269195,0.0,0.0,643577.3867633415,12,1537523.3011910135,643577.3867633415,0.0,893945.914427672,0.0,0.0,0.0,32,0,0.5814194254715969,0.5814194254715969,0.0,resolved,True,-0.009103499576007423,0.6729884105269195,0.0,0.0,643577.3867633415,12,0.1330358790703877
2025-07-16,498,20,1543817.5431819393,262337.08488139283,0.0,1281480.4583005465,0.0,0.0,0.0,34,0,0.8300724810130776,0.8300724810130776,0.0,resolved,True,0.00409375388720945,0.589203734956723,0.0,0.0,262337.08488139283,14,1543817.5431819393,262337.08488139283,0.0,1281480.4583005465,0.0,0.0,0.0,34,0,0.8300724810130776,0.8300724810130776,0.0,resolved,True,0.00409375388720945,0.589203734956723,0.0,0.0,262337.08488139283,14,-0.18424682773009327
2025-07-17,498,20,1548079.0604484982,550688.4936178592,0.0,997390.566830639,0.0,0.0,0.0,34,0,0.6442762468098252,0.6442762468098252,0.0,resolved,True,0.002760376240948492,0.5266332035737448,0.0,0.0,550688.4936178592,11,1548079.0604484982,550688.4936178592,0.0,997390.566830639,0.0,0.0,0.0,34,0,0.6442762468098252,0.6442762468098252,0.0,resolved,True,0.002760376240948492,0.5266332035737448,0.0,0.0,550688.4936178592,11,0.18133860908685479
2025-07-18,498,20,1555907.3611755813,239057.6671651377,0.0,1316849.6940104435,0.0,0.0,0.0,36,0,0.8463548196182352,0.8463548196182352,0.0,resolved,True,0.005056783550069666,0.5101458839926414,0.0,0.0,239057.6671651377,25,1555907.3611755813,239057.6671651377,0.0,1316849.6940104435,0.0,0.0,0.0,36,0,0.8463548196182352,0.8463548196182352,0.0,resolved,True,0.005056783550069666,0.5101458839926414,0.0,0.0,239057.6671651377,25,-0.009273316457470608
2025-07-21,498,20,1554134.5831814946,856922.6226068782,0.0,697211.9605746164,0.0,0.0,0.0,25,0,0.4486174930534924,0.4486174930534924,0.0,resolved,True,-0.0011393853119553432,0.7043994501985885,0.0,0.0,856922.6226068782,13,1554134.5831814946,856922.6226068782,0.0,697211.9605746164,0.0,0.0,0.0,25,0,0.4486174930534924,0.4486174930534924,0.0,resolved,True,-0.0011393853119553432,0.7043994501985885,0.0,0.0,856922.6226068782,13,-0.2420797745615032
2025-07-22,498,20,1561145.3753523533,386997.8084023441,0.0,1174147.5669500092,0.0,0.0,0.0,28,0,0.7521064889200354,0.7521064889200354,0.0,resolved,True,0.004511058596036621,0.8003942801805312,0.0,0.0,386997.8084023441,10,1561145.3753523533,386997.8084023441,0.0,1174147.5669500092,0.0,0.0,0.0,28,0,0.7521064889200354,0.7521064889200354,0.0,resolved,True,0.004511058596036621,0.8003942801805312,0.0,0.0,386997.8084023441,10,-0.07333258777886466
2025-07-23,498,20,1564026.1595652895,431620.29879955645,0.0,1132405.860765733,0.0,0.0,0.0,33,0,0.7240325577933284,0.7240325577933284,0.0,resolved,True,0.0018453016986237358,0.5243701964765044,0.0,0.0,431620.29879955645,11,1564026.1595652895,431620.29879955645,0.0,1132405.860765733,0.0,0.0,0.0,33,0,0.7240325577933284,0.7240325577933284,0.0,resolved,True,0.0018453016986237358,0.5243701964765044,0.0,0.0,431620.29879955645,11,0.08348176815547091
2025-07-24,498,20,1563269.8031174645,332132.2682772857,0.0,1231137.534840179,0.0,0.0,0.0,28,0,0.7875400218088079,0.7875400218088079,0.0,resolved,True,-0.0004835957782414191,0.4883246756493648,0.0,0.0,332132.2682772857,12,1563269.8031174645,332132.2682772857,0.0,1231137.534840179,0.0,0.0,0.0,28,0,0.7875400218088079,0.7875400218088079,0.0,resolved,True,-0.0004835957782414191,0.4883246756493648,0.0,0.0,332132.2682772857,12,0.011085381592683909
2025-07-25,498,20,1570980.6489629652,484521.08195524034,0.0,1086459.567007725,0.0,0.0,0.0,27,0,0.6915804900110755,0.6915804900110755,0.0,resolved,True,0.004932511221110936,0.5224007708739464,0.0,0.0,484521.08195524034,14,1570980.6489629652,484521.08195524034,0.0,1086459.567007725,0.0,0.0,0.0,27,0,0.6915804900110755,0.6915804900110755,0.0,resolved,True,0.004932511221110936,0.5224007708739464,0.0,0.0,484521.08195524034,14,-0.15542758487585376
2025-07-28,498,20,1571565.9549681272,599630.521468056,0.0,971935.4335000712,0.0,0.0,0.0,27,0,0.6184502982057682,0.6184502982057682,0.0,resolved,True,0.00037257365681009347,0.6901113671508079,0.0,0.0,599630.521468056,13,1571565.9549681272,599630.521468056,0.0,971935.4335000712,0.0,0.0,0.0,27,0,0.6184502982057682,0.6184502982057682,0.0,resolved,True,0.00037257365681009347,0.6901113671508079,0.0,0.0,599630.521468056,13,0.18672189534585298
2025-07-29,498,20,1577549.1727149712,402830.3158352032,0.0,1174718.856879768,0.0,0.0,0.0,29,0,0.7446480130049259,0.7446480130049259,0.0,resolved,True,0.003807169357372242,0.6378738570495384,0.0,0.0,402830.3158352032,16,1577549.1727149712,402830.3158352032,0.0,1174718.856879768,0.0,0.0,0.0,29,0,0.7446480130049259,0.7446480130049259,0.0,resolved,True,0.003807169357372242,0.6378738570495384,0.0,0.0,402830.3158352032,16,0.12767452394619233
2025-07-30,498,20,1581057.1246140036,608439.6055398348,0.0,972617.5190741686,0.0,0.0,0.0,30,0,0.6151691194027045,0.6151691194027045,0.0,resolved,True,0.0022236719841797203,0.6410386052402013,0.0,0.0,608439.6055398348,16,1581057.1246140036,608439.6055398348,0.0,972617.5190741686,0.0,0.0,0.0,30,0,0.6151691194027045,0.6151691194027045,0.0,resolved,True,0.0022236719841797203,0.6410386052402013,0.0,0.0,608439.6055398348,16,0.11737011073354875
2025-07-31,498,20,1588105.647489768,484753.4187311459,0.0,1103352.228758622,0.0,0.0,0.0,28,0,0.6947599679546702,0.6947599679546702,0.0,resolved,True,0.004458107658497967,0.6914317055671665,0.0,0.0,484753.4187311459,15,1588105.647489768,484753.4187311459,0.0,1103352.228758622,0.0,0.0,0.0,28,0,0.6947599679546702,0.6947599679546702,0.0,resolved,True,0.004458107658497967,0.6914317055671665,0.0,0.0,484753.4187311459,15,0.11968721793496953
2025-08-01,498,20,1574225.8528577778,609559.5353272028,0.0,964666.3175305752,0.0,0.0,0.0,28,0,0.6127877494702326,0.6127877494702326,0.0,resolved,True,-0.008739843381282086,0.6890681081501543,0.0,0.0,609559.5353272028,8,1574225.8528577778,609559.5353272028,0.0,964666.3175305752,0.0,0.0,0.0,28,0,0.6127877494702326,0.6127877494702326,0.0,resolved,True,-0.008739843381282086,0.6890681081501543,0.0,0.0,609559.5353272028,8,0.07881062155811878
2025-08-04,498,20,1591222.364078844,253261.32777766415,0.0,1337961.0363011798,0.0,0.0,0.0,32,0,0.840838506612948,0.840838506612948,0.0,resolved,True,0.01079674253234475,0.5480921695819823,0.0,0.0,253261.32777766415,21,1591222.364078844,253261.32777766415,0.0,1337961.0363011798,0.0,0.0,0.0,32,0,0.840838506612948,0.840838506612948,0.0,resolved,True,0.01079674253234475,0.5480921695819823,0.0,0.0,253261.32777766415,21,0.029221735617306625
2025-08-05,498,20,1581757.7345353048,883058.6981548376,0.0,698699.0363804672,0.0,0.0,0.0,26,0,0.4417231672875201,0.4417231672875201,0.0,resolved,True,-0.005948024460439405,0.7141176818428604,0.0,0.0,883058.6981548376,11,1581757.7345353048,883058.6981548376,0.0,698699.0363804672,0.0,0.0,0.0,26,0,0.4417231672875201,0.4417231672875201,0.0,resolved,True,-0.005948024460439405,0.7141176818428604,0.0,0.0,883058.6981548376,11,0.15701537953911043
2025-08-06,498,20,1588297.7164372928,155759.08904852162,0.0,1432538.6273887712,0.0,0.0,0.0,31,0,0.9019333167600943,0.9019333167600943,0.0,resolved,True,0.004134629317244398,0.6567489853359539,0.0,0.0,155759.08904852162,17,1588297.7164372928,155759.08904852162,0.0,1432538.6273887712,0.0,0.0,0.0,31,0,0.9019333167600943,0.9019333167600943,0.0,resolved,True,0.004134629317244398,0.6567489853359539,0.0,0.0,155759.08904852162,17,0.09958309582339735
2025-08-07,498,20,1567486.146323705,788191.7766966494,0.0,779294.3696270557,0.0,0.0,0.0,27,0,0.497161886537096,0.497161886537096,0.0,resolved,True,-0.013103066193578594,0.5943160756174505,0.0,0.0,788191.7766966494,15,1567486.146323705,788191.7766966494,0.0,779294.3696270557,0.0,0.0,0.0,27,0,0.497161886537096,0.497161886537096,0.0,resolved,True,-0.013103066193578594,0.5943160756174505,0.0,0.0,788191.7766966494,15,-0.06353427642597731
2025-08-08,498,20,1569694.060042214,315824.7239308931,0.0,1253869.3361113209,0.0,0.0,0.0,27,0,0.7987985480926139,0.7987985480926139,0.0,resolved,True,0.0014085698452181994,0.7043229716682602,0.0,0.0,315824.7239308931,10,1569694.060042214,315824.7239308931,0.0,1253869.3361113209,0.0,0.0,0.0,27,0,0.7987985480926139,0.7987985480926139,0.0,resolved,True,0.0014085698452181994,0.7043229716682602,0.0,0.0,315824.7239308931,10,0.03814697515290116
2025-08-11,498,20,1570444.436349514,433112.0192843614,0.0,1137332.4170651527,0.0,0.0,0.0,31,0,0.7242105424047177,0.7242105424047177,0.0,resolved,True,0.00047803984636329844,0.4771227478526049,0.0,0.0,433112.0192843614,15,1570444.436349514,433112.0192843614,0.0,1137332.4170651527,0.0,0.0,0.0,31,0,0.7242105424047177,0.7242105424047177,0.0,resolved,True,0.00047803984636329844,0.4771227478526049,0.0,0.0,433112.0192843614,15,0.02889784552823634
2025-08-12,498,20,1584461.051210627,583181.7287573434,0.0,1001279.3224532837,0.0,0.0,0.0,27,0,0.6319368479826273,0.6319368479826273,0.0,resolved,True,0.008925253601263616,0.6471376665856897,0.0,0.0,583181.7287573434,15,1584461.051210627,583181.7287573434,0.0,1001279.3224532837,0.0,0.0,0.0,27,0,0.6319368479826273,0.6319368479826273,0.0,resolved,True,0.008925253601263616,0.6471376665856897,0.0,0.0,583181.7287573434,15,-0.26215057936700725
2025-08-13,498,20,1595061.118763283,509233.5490687707,0.0,1085827.569694512,0.0,0.0,0.0,25,0,0.6807435507777904,0.6807435507777904,0.0,resolved,True,0.006690014591748339,0.6894554315433883,0.0,0.0,509233.5490687707,17,1595061.118763283,509233.5490687707,0.0,1085827.569694512,0.0,0.0,0.0,25,0,0.6807435507777904,0.6807435507777904,0.0,resolved,True,0.006690014591748339,0.6894554315433883,0.0,0.0,509233.5490687707,17,0.1441694718477384
2025-08-14,498,20,1588708.3696627812,818106.0994162727,0.0,770602.2702465085,0.0,0.0,0.0,24,0,0.48504954399533773,0.48504954399533773,0.0,resolved,True,-0.003982762181192867,0.8321559800255078,0.0,0.0,818106.0994162727,14,1588708.3696627812,818106.0994162727,0.0,770602.2702465085,0.0,0.0,0.0,24,0,0.48504954399533773,0.48504954399533773,0.0,resolved,True,-0.003982762181192867,0.8321559800255078,0.0,0.0,818106.0994162727,14,-0.09186461962989526
2025-08-15,498,20,1583437.8163025435,421237.8559017658,0.0,1162199.9604007776,0.0,0.0,0.0,25,0,0.7339725933252051,0.7339725933252051,0.0,resolved,True,-0.0033175083992013077,0.7800953145233966,0.0,0.0,421237.8559017658,9,1583437.8163025435,421237.8559017658,0.0,1162199.9604007776,0.0,0.0,0.0,25,0,0.7339725933252051,0.7339725933252051,0.0,resolved,True,-0.0033175083992013077,0.7800953145233966,0.0,0.0,421237.8559017658,9,0.10385526126454683
2025-08-18,498,20,1592900.4068402385,368312.9719294545,0.0,1224587.434910784,0.0,0.0,0.0,29,0,0.7687784055124579,0.7687784055124579,0.0,resolved,True,0.005975978620866185,0.4986307764676763,0.0,0.0,368312.9719294545,15,1592900.4068402385,368312.9719294545,0.0,1224587.434910784,0.0,0.0,0.0,29,0,0.7687784055124579,0.7687784055124579,0.0,resolved,True,0.005975978620866185,0.4986307764676763,0.0,0.0,368312.9719294545,15,0.116034862795028
2025-08-19,498,20,1581012.1250581555,741662.867813272,0.0,839349.2572448836,0.0,0.0,0.0,29,0,0.5308936243699012,0.5308936243699012,0.0,resolved,True,-0.007463292576881941,0.6968268919866324,0.0,0.0,741662.867813272,13,1581012.1250581555,741662.867813272,0.0,839349.2572448836,0.0,0.0,0.0,29,0,0.5308936243699012,0.5308936243699012,0.0,resolved,True,-0.007463292576881941,0.6968268919866324,0.0,0.0,741662.867813272,13,0.15248821015153868
2025-08-20,498,20,1588137.7839955264,311030.81659163476,0.0,1277106.9674038915,0.0,0.0,0.0,30,0,0.8041537581146605,0.8041537581146605,0.0,resolved,True,0.004507023585988534,0.6658353011468419,0.0,0.0,311030.81659163476,11,1588137.7839955264,311030.81659163476,0.0,1277106.9674038915,0.0,0.0,0.0,30,0,0.8041537581146605,0.8041537581146605,0.0,resolved,True,0.004507023585988534,0.6658353011468419,0.0,0.0,311030.81659163476,11,0.02587635697602124
2025-08-21,498,20,1587864.98443919,465379.7515845187,0.0,1122485.2328546713,0.0,0.0,0.0,30,0,0.7069147842258869,0.7069147842258869,0.0,resolved,True,-0.00017177322968164876,0.48888111346536806,0.0,0.0,465379.7515845187,18,1587864.98443919,465379.7515845187,0.0,1122485.2328546713,0.0,0.0,0.0,30,0,0.7069147842258869,0.7069147842258869,0.0,resolved,True,-0.00017177322968164876,0.48888111346536806,0.0,0.0,465379.7515845187,18,-0.15119727519696124
2025-08-22,498,20,1598729.6587913996,762707.7058567674,0.0,836021.9529346322,0.0,0.0,0.0,29,0,0.5229289069214142,0.5229289069214142,0.0,resolved,True,0.00684231622882403,0.7734205801351737,0.0,0.0,762707.7058567675,18,1598729.6587913996,762707.7058567674,0.0,836021.9529346322,0.0,0.0,0.0,29,0,0.5229289069214142,0.5229289069214142,0.0,resolved,True,0.00684231622882403,0.7734205801351737,0.0,0.0,762707.7058567675,18,0.009565964079445181
2025-08-25,498,20,1594253.4842431047,489262.86985244247,0.0,1104990.6143906622,0.0,0.0,0.0,28,0,0.6931084832568346,0.6931084832568346,0.0,resolved,True,-0.0027998320564582846,0.7831033651153175,0.0,0.0,489262.86985244247,15,1594253.4842431047,489262.86985244247,0.0,1104990.6143906622,0.0,0.0,0.0,28,0,0.6931084832568346,0.6931084832568346,0.0,resolved,True,-0.0027998320564582846,0.7831033651153175,0.0,0.0,489262.86985244247,15,0.19473821093521174
2025-08-26,498,20,1601810.2745894424,587577.6169373787,0.0,1014232.6576520638,0.0,0.0,0.0,31,0,0.6331790186025746,0.6331790186025746,0.0,resolved,True,0.00474001808434199,0.6754512362261292,0.0,0.0,587577.6169373787,19,1601810.2745894424,587577.6169373787,0.0,1014232.6576520638,0.0,0.0,0.0,31,0,0.6331790186025746,0.6331790186025746,0.0,resolved,True,0.00474001808434199,0.6754512362261292,0.0,0.0,587577.6169373787,19,0.07790690302555912
2025-08-27,498,20,1605215.3908116422,697416.7442662076,0.0,907798.6465454346,0.0,0.0,0.0,30,0,0.5655307392028094,0.5655307392028094,0.0,resolved,True,0.002125792471316501,0.802213833678238,0.0,0.0,697416.7442662076,18,1605215.3908116422,697416.7442662076,0.0,907798.6465454346,0.0,0.0,0.0,30,0,0.5655307392028094,0.5655307392028094,0.0,resolved,True,0.002125792471316501,0.802213833678238,0.0,0.0,697416.7442662076,18,0.02740661375772491
2025-08-28,498,20,1604064.8288745128,555059.58923833,0.0,1049005.2396361828,0.0,0.0,0.0,30,0,0.6539668601625124,0.6539668601625124,0.0,resolved,True,-0.0007167648302621732,0.7802543762499384,0.0,0.0,555059.58923833,15,1604064.8288745128,555059.58923833,0.0,1049005.2396361828,0.0,0.0,0.0,30,0,0.6539668601625124,0.6539668601625124,0.0,resolved,True,-0.0007167648302621732,0.7802543762499384,0.0,0.0,555059.58923833,15,0.08885566389602478
2025-08-29,498,20,1598165.343518583,534811.7472384195,0.0,1063353.5962801636,0.0,0.0,0.0,29,0,0.6653589383555539,0.6653589383555539,0.0,resolved,True,-0.0036778347419219592,0.6794434469593439,0.0,0.0,534811.7472384195,16,1598165.343518583,534811.7472384195,0.0,1063353.5962801636,0.0,0.0,0.0,29,0,0.6653589383555539,0.6653589383555539,0.0,resolved,True,-0.0036778347419219592,0.6794434469593439,0.0,0.0,534811.7472384195,16,0.019810111961901005
2025-09-02,498,20,1601715.0331254285,588834.7182976387,0.0,1012880.3148277897,0.0,0.0,0.0,28,0,0.6323723595522202,0.6323723595522202,0.0,resolved,True,0.002221102854746082,0.7030852408939081,0.0,0.0,588834.7182976387,14,1601715.0331254285,588834.7182976387,0.0,1012880.3148277897,0.0,0.0,0.0,28,0,0.6323723595522202,0.6323723595522202,0.0,resolved,True,0.002221102854746082,0.7030852408939081,0.0,0.0,588834.7182976387,14,0.09514716339392282
2025-09-03,498,20,1602324.490615226,482706.8193790682,0.0,1119617.6712361579,0.0,0.0,0.0,28,0,0.6987459018405636,0.6987459018405636,0.0,resolved,True,0.00038050307151604734,0.6689963667168723,0.0,0.0,482706.8193790682,12,1602324.490615226,482706.8193790682,0.0,1119617.6712361579,0.0,0.0,0.0,28,0,0.6987459018405636,0.6987459018405636,0.0,resolved,True,0.00038050307151604734,0.6689963667168723,0.0,0.0,482706.8193790682,12,0.005918923191410871
2025-09-04,498,20,1616015.5517106594,511366.5219888251,0.0,1104649.0297218342,0.0,0.0,0.0,31,0,0.683563365805787,0.683563365805787,0.0,resolved,True,0.008544499678823758,0.6203945250728907,0.0,0.0,511366.5219888251,21,1616015.5517106594,511366.5219888251,0.0,1104649.0297218342,0.0,0.0,0.0,31,0,0.683563365805787,0.683563365805787,0.0,resolved,True,0.008544499678823758,0.6203945250728907,0.0,0.0,511366.5219888251,21,-0.09042694993406837
2025-09-05,498,20,1613312.4711107388,709044.0896886047,0.0,904268.3814221341,0.0,0.0,0.0,24,0,0.560504178585789,0.560504178585789,0.0,resolved,True,-0.0016726822938425423,0.7551973187297261,0.0,0.0,709044.0896886047,14,1613312.4711107388,709044.0896886047,0.0,904268.3814221341,0.0,0.0,0.0,24,0,0.560504178585789,0.560504178585789,0.0,resolved,True,-0.0016726822938425423,0.7551973187297261,0.0,0.0,709044.0896886047,14,0.15666172890751487
2025-09-08,498,20,1612071.9766806732,509289.6936354514,0.0,1102782.2830452218,0.0,0.0,0.0,26,0,0.6840775715957167,0.6840775715957167,0.0,resolved,True,-0.0007689114491327143,0.7551753334462564,0.0,0.0,509289.6936354514,15,1612071.9766806732,509289.6936354514,0.0,1102782.2830452218,0.0,0.0,0.0,26,0,0.6840775715957167,0.6840775715957167,0.0,resolved,True,-0.0007689114491327143,0.7551753334462564,0.0,0.0,509289.6936354514,15,0.213908480340325
2025-09-09,498,20,1616326.9301850703,687507.7678828852,0.0,928819.162302185,0.0,0.0,0.0,25,0,0.5746480770420838,0.5746480770420838,0.0,resolved,True,0.002639431468288489,0.7423970386127507,0.0,0.0,687507.7678828852,17,1616326.9301850703,687507.7678828852,0.0,928819.162302185,0.0,0.0,0.0,25,0,0.5746480770420838,0.5746480770420838,0.0,resolved,True,0.002639431468288489,0.7423970386127507,0.0,0.0,687507.7678828852,17,0.06071408679299248
2025-09-10,498,20,1631263.542283335,668674.1311644032,0.0,962589.4111189318,0.0,0.0,0.0,23,0,0.5900882268058064,0.5900882268058064,0.0,resolved,True,0.00924108348337338,0.8390517250690157,0.0,0.0,668674.1311644032,18,1631263.542283335,668674.1311644032,0.0,962589.4111189318,0.0,0.0,0.0,23,0,0.5900882268058064,0.5900882268058064,0.0,resolved,True,0.00924108348337338,0.8390517250690157,0.0,0.0,668674.1311644032,18,0.13040029440026363
2025-09-11,498,20,1644063.2851497214,739313.0439514441,0.0,904750.2411982775,0.0,0.0,0.0,23,0,0.5503135124849429,0.5503135124849429,0.0,resolved,True,0.007846520525107925,0.863126734963401,0.0,0.0,739313.0439514441,13,1644063.2851497214,739313.0439514441,0.0,904750.2411982775,0.0,0.0,0.0,23,0,0.5503135124849429,0.5503135124849429,0.0,resolved,True,0.007846520525107925,0.863126734963401,0.0,0.0,739313.0439514441,13,0.22147789837179938
2025-09-12,498,20,1636909.221162688,532271.1663866695,0.0,1104638.0547760185,0.0,0.0,0.0,27,0,0.6748315914497689,0.6748315914497689,0.0,resolved,True,-0.004351452922557009,0.7734399410435783,0.0,0.0,532271.1663866695,13,1636909.221162688,532271.1663866695,0.0,1104638.0547760185,0.0,0.0,0.0,27,0,0.6748315914497689,0.6748315914497689,0.0,resolved,True,-0.004351452922557009,0.7734399410435783,0.0,0.0,532271.1663866695,13,0.09681638838896695
2025-09-15,498,20,1638457.2153534512,502091.6351490909,0.0,1136365.5802043604,0.0,0.0,0.0,27,0,0.6935582873668272,0.6935582873668272,0.0,resolved,True,0.000945681147586086,0.6318999173338751,0.0,0.0,502091.6351490909,16,1638457.2153534512,502091.6351490909,0.0,1136365.5802043604,0.0,0.0,0.0,27,0,0.6935582873668272,0.6935582873668272,0.0,resolved,True,0.000945681147586086,0.6318999173338751,0.0,0.0,502091.6351490909,16,-0.1529828868566005
2025-09-16,498,20,1637502.2086330233,654113.3460695972,0.0,983388.8625634263,0.0,0.0,0.0,26,0,0.6005420068314614,0.6005420068314614,0.0,resolved,True,-0.0005828694893457165,0.7056668739252179,0.0,0.0,654113.3460695972,7,1637502.2086330233,654113.3460695972,0.0,983388.8625634263,0.0,0.0,0.0,26,0,0.6005420068314614,0.6005420068314614,0.0,resolved,True,-0.0005828694893457165,0.7056668739252179,0.0,0.0,654113.3460695972,7,0.18636271763344037
2025-09-17,498,20,1643313.5483762543,204098.30112588126,0.0,1439215.247250373,0.0,0.0,0.0,28,0,0.8758007555359418,0.8758007555359418,0.0,resolved,True,0.003548904980154033,0.5240980089498066,0.0,0.0,204098.30112588126,14,1643313.5483762543,204098.30112588126,0.0,1439215.247250373,0.0,0.0,0.0,28,0,0.8758007555359418,0.8758007555359418,0.0,resolved,True,0.003548904980154033,0.5240980089498066,0.0,0.0,204098.30112588126,14,0.10516666604729429
2025-09-18,498,20,1649018.5712025282,654456.9464923197,0.0,994561.6247102085,0.0,0.0,0.0,29,0,0.603123362027958,0.603123362027958,0.0,resolved,True,0.003471658121428467,0.522453702439521,0.0,0.0,654456.9464923197,20,1649018.5712025282,654456.9464923197,0.0,994561.6247102085,0.0,0.0,0.0,29,0,0.603123362027958,0.603123362027958,0.0,resolved,True,0.003471658121428467,0.522453702439521,0.0,0.0,654456.9464923197,20,0.06636448714726946
2025-09-19,498,20,1649709.7868815307,457214.34969071083,0.0,1192495.4371908198,0.0,0.0,0.0,24,0,0.722851647407033,0.722851647407033,0.0,resolved,True,0.0004191679166465345,0.6741411622625685,0.0,0.0,457214.3496907108,14,1649709.7868815307,457214.34969071083,0.0,1192495.4371908198,0.0,0.0,0.0,24,0,0.722851647407033,0.722851647407033,0.0,resolved,True,0.0004191679166465345,0.6741411622625685,0.0,0.0,457214.3496907108,14,-0.1271879554002783
2025-09-22,498,20,1650024.855779659,688763.9218046812,0.0,961260.9339749777,0.0,0.0,0.0,28,0,0.582573608274991,0.582573608274991,0.0,resolved,True,0.00019098443898069029,0.6946544662632156,0.0,0.0,688763.9218046812,13,1650024.855779659,688763.9218046812,0.0,961260.9339749777,0.0,0.0,0.0,28,0,0.582573608274991,0.582573608274991,0.0,resolved,True,0.00019098443898069029,0.6946544662632156,0.0,0.0,688763.9218046812,13,0.19461595521665845
2025-09-23,498,20,1649920.7384792315,461411.5652864125,0.0,1188509.173192819,0.0,0.0,0.0,30,0,0.720343193145323,0.720343193145323,0.0,resolved,True,-6.310044364654654e-05,0.6970655521111051,0.0,0.0,461411.5652864125,16,1649920.7384792315,461411.5652864125,0.0,1188509.173192819,0.0,0.0,0.0,30,0,0.720343193145323,0.720343193145323,0.0,resolved,True,-6.310044364654654e-05,0.6970655521111051,0.0,0.0,461411.5652864125,16,-0.1900357654856697
2025-09-24,498,20,1647558.2152424816,679290.3399047131,0.0,968267.8753377685,0.0,0.0,0.0,31,0,0.5876987328154971,0.5876987328154971,0.0,resolved,True,-0.001431901049336215,0.691367699422056,0.0,0.0,679290.339904713,14,1647558.2152424816,679290.3399047131,0.0,968267.8753377685,0.0,0.0,0.0,31,0,0.5876987328154971,0.5876987328154971,0.0,resolved,True,-0.001431901049336215,0.691367699422056,0.0,0.0,679290.339904713,14,0.1473397174269662
2025-09-25,498,20,1641316.2723434144,498402.66873614484,0.0,1142913.6036072695,0.0,0.0,0.0,35,0,0.6963396530368015,0.6963396530368015,0.0,resolved,True,-0.0037886023336349828,0.7148111658485646,0.0,0.0,498402.66873614484,16,1641316.2723434144,498402.66873614484,0.0,1142913.6036072695,0.0,0.0,0.0,35,0,0.6963396530368015,0.6963396530368015,0.0,resolved,True,-0.0037886023336349828,0.7148111658485646,0.0,0.0,498402.66873614484,16,-0.010276457714021402
2025-09-26,498,20,1654209.2107962102,505578.52992823656,0.0,1148630.6808679737,0.0,0.0,0.0,32,0,0.6943684470932854,0.6943684470932854,0.0,resolved,True,0.007855243178932048,0.611692710041149,0.0,0.0,505578.5299282365,21,1654209.2107962102,505578.52992823656,0.0,1148630.6808679737,0.0,0.0,0.0,32,0,0.6943684470932854,0.6943684470932854,0.0,resolved,True,0.007855243178932048,0.611692710041149,0.0,0.0,505578.5299282365,21,0.0692901998779399
2025-09-29,498,20,1665501.8902205643,734127.5852716576,0.0,931374.3049489068,0.0,0.0,0.0,24,0,0.5592153995247425,0.5592153995247425,0.0,resolved,True,0.006826633143288241,0.7494252281446278,0.0,0.0,734127.5852716576,13,1665501.8902205643,734127.5852716576,0.0,931374.3049489068,0.0,0.0,0.0,24,0,0.5592153995247425,0.5592153995247425,0.0,resolved,True,0.006826633143288241,0.7494252281446278,0.0,0.0,734127.5852716576,13,-0.043046097096984266
2025-09-30,498,20,1663019.0956440635,533645.444427751,0.0,1129373.6512163125,0.0,0.0,0.0,27,0,0.6791104528952641,0.6791104528952641,0.0,resolved,True,-0.0014907185582191396,0.7611957915769857,0.0,0.0,533645.444427751,11,1663019.0956440635,533645.444427751,0.0,1129373.6512163125,0.0,0.0,0.0,27,0,0.6791104528952641,0.6791104528952641,0.0,resolved,True,-0.0014907185582191396,0.7611957915769857,0.0,0.0,533645.444427751,11,-0.30692167289836225
2025-10-01,498,20,1656211.3290028274,388592.7194377786,0.0,1267618.609565049,0.0,0.0,0.0,28,0,0.765372502510448,0.765372502510448,0.0,resolved,True,-0.004093619044464147,0.5545565690022105,0.0,0.0,388592.7194377786,6,1656211.3290028274,388592.7194377786,0.0,1267618.609565049,0.0,0.0,0.0,28,0,0.765372502510448,0.765372502510448,0.0,resolved,True,-0.004093619044464147,0.5545565690022105,0.0,0.0,388592.7194377786,6,-0.0015769351231110424
2025-10-02,498,20,1661261.6051695165,417366.3689222373,0.0,1243895.2362472792,0.0,0.0,0.0,33,0,0.7487654156193847,0.7487654156193847,0.0,resolved,True,0.003049294542460279,0.4866281701171957,0.0,0.0,417366.3689222373,13,1661261.6051695165,417366.3689222373,0.0,1243895.2362472792,0.0,0.0,0.0,33,0,0.7487654156193847,0.7487654156193847,0.0,resolved,True,0.003049294542460279,0.4866281701171957,0.0,0.0,417366.3689222373,13,-0.05885848620133126
2025-10-03,498,20,1662321.5345916194,584050.6690492822,0.0,1078270.8655423373,0.0,0.0,0.0,33,0,0.6486536106910478,0.6486536106910478,0.0,resolved,True,0.0006380267977088572,0.6028051421012249,0.0,0.0,584050.6690492822,18,1662321.5345916194,584050.6690492822,0.0,1078270.8655423373,0.0,0.0,0.0,33,0,0.6486536106910478,0.6486536106910478,0.0,resolved,True,0.0006380267977088572,0.6028051421012249,0.0,0.0,584050.6690492822,18,0.10882504892158883
2025-10-06,498,20,1660517.245168289,515875.7239388127,0.0,1144641.5212294762,0.0,0.0,0.0,31,0,0.689328294879268,0.689328294879268,0.0,resolved,True,-0.0010854033866400936,0.6616808903088136,0.0,0.0,515875.7239388127,17,1660517.245168289,515875.7239388127,0.0,1144641.5212294762,0.0,0.0,0.0,31,0,0.689328294879268,0.689328294879268,0.0,resolved,True,-0.0010854033866400936,0.6616808903088136,0.0,0.0,515875.7239388127,17,0.11019457366282752
2025-10-07,498,20,1659483.9424677463,644315.510193707,0.0,1015168.4322740394,0.0,0.0,0.0,29,0,0.6117374240840358,0.6117374240840358,0.0,resolved,True,-0.000622277608708588,0.6986926739294027,0.0,0.0,644315.510193707,16,1659483.9424677463,644315.510193707,0.0,1015168.4322740394,0.0,0.0,0.0,29,0,0.6117374240840358,0.6117374240840358,0.0,resolved,True,-0.000622277608708588,0.6986926739294027,0.0,0.0,644315.510193707,16,0.0715299042033908
2025-10-08,498,20,1664420.3027236592,482485.2252208722,0.0,1181935.077502787,0.0,0.0,0.0,28,0,0.7101181567952922,0.7101181567952922,0.0,resolved,True,0.0029746357464430773,0.6790067120137143,0.0,0.0,482485.2252208722,15,1664420.3027236592,482485.2252208722,0.0,1181935.077502787,0.0,0.0,0.0,28,0,0.7101181567952922,0.7101181567952922,0.0,resolved,True,0.0029746357464430773,0.6790067120137143,0.0,0.0,482485.2252208722,15,-0.00586910407927977
2025-10-09,498,20,1663613.3223470196,610173.6500034074,0.0,1053439.6723436122,0.0,0.0,0.0,28,0,0.6332238737168944,0.6332238737168944,0.0,resolved,True,-0.00048484170453766406,0.6564801411255626,0.0,0.0,610173.6500034074,17,1663613.3223470196,610173.6500034074,0.0,1053439.6723436122,0.0,0.0,0.0,28,0,0.6332238737168944,0.6332238737168944,0.0,resolved,True,-0.00048484170453766406,0.6564801411255626,0.0,0.0,610173.6500034074,17,0.05829422371053759
2025-10-10,498,20,1638191.4242882,727844.5752288015,0.0,910346.8490593985,0.0,0.0,0.0,27,0,0.5557023651585452,0.5557023651585452,0.0,resolved,True,-0.015281133973461092,0.8042843894424548,0.0,0.0,727844.5752288015,7,1638191.4242882,727844.5752288015,0.0,910346.8490593985,0.0,0.0,0.0,27,0,0.5557023651585452,0.5557023651585452,0.0,resolved,True,-0.015281133973461092,0.8042843894424548,0.0,0.0,727844.5752288015,7,0.470849880487523
2025-10-13,498,20,1656295.0117440019,249689.51908403588,0.0,1406605.492659966,0.0,0.0,0.0,36,0,0.8492481609172243,0.8492481609172243,0.0,resolved,True,0.011050959727534782,0.5967154264267854,0.0,0.0,249689.51908403588,29,1656295.0117440019,249689.51908403588,0.0,1406605.492659966,0.0,0.0,0.0,36,0,0.8492481609172243,0.8492481609172243,0.0,resolved,True,0.011050959727534782,0.5967154264267854,0.0,0.0,249689.51908403588,29,0.19725938700551252
2025-10-14,498,20,1653581.9337780385,1169522.6001367944,0.0,484059.33364124416,0.0,0.0,0.0,24,0,0.2927338063831434,0.2927338063831434,0.0,resolved,True,-0.0016380402927776982,0.8568595021767679,0.0,0.0,1169522.6001367944,17,1653581.9337780385,1169522.6001367944,0.0,484059.33364124416,0.0,0.0,0.0,24,0,0.2927338063831434,0.2927338063831434,0.0,resolved,True,-0.0016380402927776982,0.8568595021767679,0.0,0.0,1169522.6001367944,17,0.1548785911387677
2025-10-15,498,20,1646844.8618094446,258073.51285958433,0.0,1388771.3489498603,0.0,0.0,0.0,26,0,0.8432921528649455,0.8432921528649455,0.0,resolved,True,-0.004074229302446053,0.8633355770491906,0.0,0.0,258073.51285958433,10,1646844.8618094446,258073.51285958433,0.0,1388771.3489498603,0.0,0.0,0.0,26,0,0.8432921528649455,0.8432921528649455,0.0,resolved,True,-0.004074229302446053,0.8633355770491906,0.0,0.0,258073.51285958433,10,-0.24832372897495925
2025-10-16,498,20,1645650.0807508137,593268.3264009146,0.0,1052381.754349899,0.0,0.0,0.0,28,0,0.639493028718328,0.639493028718328,0.0,resolved,True,-0.0007254970315285769,0.5169532716792161,0.0,0.0,593268.3264009146,13,1645650.0807508137,593268.3264009146,0.0,1052381.754349899,0.0,0.0,0.0,28,0,0.639493028718328,0.639493028718328,0.0,resolved,True,-0.0007254970315285769,0.5169532716792161,0.0,0.0,593268.3264009146,13,0.0738832933982583
2025-10-17,498,20,1652541.7457644818,495927.01394775603,0.0,1156614.7318167258,0.0,0.0,0.0,26,0,0.6999004622915983,0.6999004622915983,0.0,resolved,True,0.004187807052228099,0.6618632679504588,0.0,0.0,495927.01394775603,12,1652541.7457644818,495927.01394775603,0.0,1156614.7318167258,0.0,0.0,0.0,26,0,0.6999004622915983,0.6999004622915983,0.0,resolved,True,0.004187807052228099,0.6618632679504588,0.0,0.0,495927.01394775603,12,0.03149749689362557
2025-10-20,498,20,1670611.5010068708,523287.3563491574,0.0,1147324.1446577134,0.0,0.0,0.0,25,0,0.6867689728977837,0.6867689728977837,0.0,resolved,True,0.010934522706432359,0.6167555965888268,0.0,0.0,523287.3563491574,18,1670611.5010068708,523287.3563491574,0.0,1147324.1446577134,0.0,0.0,0.0,25,0,0.6867689728977837,0.6867689728977837,0.0,resolved,True,0.010934522706432359,0.6167555965888268,0.0,0.0,523287.3563491574,18,-0.13877384060837875
2025-10-21,498,20,1666888.8297751178,789443.5912171472,0.0,877445.2385579706,0.0,0.0,0.0,25,0,0.526396975541763,0.526396975541763,0.0,resolved,True,-0.002228328506962418,0.7857787084400683,0.0,0.0,789443.5912171472,10,1666888.8297751178,789443.5912171472,0.0,877445.2385579706,0.0,0.0,0.0,25,0,0.526396975541763,0.526396975541763,0.0,resolved,True,-0.002228328506962418,0.7857787084400683,0.0,0.0,789443.5912171472,10,0.1056501174419196
2025-10-22,498,20,1656891.8808287224,254131.93157368095,0.0,1402759.9492550413,0.0,0.0,0.0,29,0,0.8466212946576981,0.8466212946576981,0.0,resolved,True,-0.005997369931229346,0.626061860965028,0.0,0.0,254131.93157368095,9,1656891.8808287224,254131.93157368095,0.0,1402759.9492550413,0.0,0.0,0.0,29,0,0.8466212946576981,0.8466212946576981,0.0,resolved,True,-0.005997369931229346,0.626061860965028,0.0,0.0,254131.93157368095,9,0.2527397542109957
2025-10-23,498,20,1691003.1817599088,459209.8813159814,0.0,1231793.3004439275,0.0,0.0,0.0,32,0,0.7284393747632932,0.7284393747632932,0.0,resolved,True,0.020587523740007052,0.4305300913979207,0.0,0.0,459209.8813159814,29,1691003.1817599088,459209.8813159814,0.0,1231793.3004439275,0.0,0.0,0.0,32,0,0.7284393747632932,0.7284393747632932,0.0,resolved,True,0.020587523740007052,0.4305300913979207,0.0,0.0,459209.8813159814,29,0.009469921058247134
2025-10-24,498,20,1722969.5611441373,1149403.7071991423,0.0,573565.853944995,0.0,0.0,0.0,21,0,0.33289378226979166,0.33289378226979166,0.0,resolved,True,0.018903796118798333,0.9512776828964693,0.0,0.0,1149403.7071991423,7,1722969.5611441373,1149403.7071991423,0.0,573565.853944995,0.0,0.0,0.0,21,0,0.33289378226979166,0.33289378226979166,0.0,resolved,True,0.018903796118798333,0.9512776828964693,0.0,0.0,1149403.7071991423,7,-0.05382523547944544
2025-10-27,498,20,1725186.62944153,226673.2923469568,0.0,1498513.337094573,0.0,0.0,0.0,28,0,0.8686094081193206,0.8686094081193206,0.0,resolved,True,0.001286771599099179,0.7986658792929091,0.0,0.0,226673.2923469568,15,1725186.62944153,226673.2923469568,0.0,1498513.337094573,0.0,0.0,0.0,28,0,0.8686094081193206,0.8686094081193206,0.0,resolved,True,0.001286771599099179,0.7986658792929091,0.0,0.0,226673.2923469568,15,-0.13562852710828718
2025-10-28,498,20,1712179.3056166833,853122.8423500811,0.0,859056.4632666021,0.0,0.0,0.0,25,0,0.5017327685532281,0.5017327685532281,0.0,resolved,True,-0.007539661856211688,0.6259010568883123,0.0,0.0,853122.8423500811,11,1712179.3056166833,853122.8423500811,0.0,859056.4632666021,0.0,0.0,0.0,25,0,0.5017327685532281,0.5017327685532281,0.0,resolved,True,-0.007539661856211688,0.6259010568883123,0.0,0.0,853122.8423500811,11,0.09260334875713647
2025-10-29,498,20,1700548.7598856308,405918.4540901028,0.0,1294630.305795528,0.0,0.0,0.0,29,0,0.7613014906332927,0.7613014906332927,0.0,resolved,True,-0.00679283162277422,0.7353443020307434,0.0,0.0,405918.4540901028,9,1700548.7598856308,405918.4540901028,0.0,1294630.305795528,0.0,0.0,0.0,29,0,0.7613014906332927,0.7613014906332927,0.0,resolved,True,-0.00679283162277422,0.7353443020307434,0.0,0.0,405918.4540901028,9,0.2234337645858873
2025-10-30,498,20,1697573.6819094892,452994.57550659357,0.0,1244579.1064028956,0.0,0.0,0.0,33,0,0.7331517445551762,0.7331517445551762,0.0,resolved,True,-0.0017494811359256568,0.505079918822476,0.0,0.0,452994.57550659357,17,1697573.6819094892,452994.57550659357,0.0,1244579.1064028956,0.0,0.0,0.0,33,0,0.7331517445551762,0.7331517445551762,0.0,resolved,True,-0.0017494811359256568,0.505079918822476,0.0,0.0,452994.57550659357,17,-0.005570696867005003
2025-10-31,498,20,1694189.659858147,689345.5649213819,0.0,1004844.094936765,0.0,0.0,0.0,30,0,0.5931119276344183,0.5931119276344183,0.0,resolved,True,-0.001993446344865424,0.6729252182697785,0.0,0.0,689345.5649213819,12,1694189.659858147,689345.5649213819,0.0,1004844.094936765,0.0,0.0,0.0,30,0,0.5931119276344183,0.5931119276344183,0.0,resolved,True,-0.001993446344865424,0.6729252182697785,0.0,0.0,689345.5649213819,12,0.10886946506478115
2025-11-03,498,20,1697660.7449147147,282487.2531641498,0.0,1415173.491750565,0.0,0.0,0.0,28,0,0.8336020585913111,0.8336020585913111,0.0,resolved,True,0.0020488172834547402,0.5736269327525599,0.0,0.0,282487.2531641498,15,1697660.7449147147,282487.2531641498,0.0,1415173.491750565,0.0,0.0,0.0,28,0,0.8336020585913111,0.8336020585913111,0.0,resolved,True,0.0020488172834547402,0.5736269327525599,0.0,0.0,282487.2531641498,15,0.10493461319615734
2025-11-04,498,20,1686847.2508338096,585468.4632149376,0.0,1101378.787618872,0.0,0.0,0.0,26,0,0.6529214705566612,0.6529214705566612,0.0,resolved,True,-0.006369643707258121,0.5112657042810357,0.0,0.0,585468.4632149376,9,1686847.2508338096,585468.4632149376,0.0,1101378.787618872,0.0,0.0,0.0,26,0,0.6529214705566612,0.6529214705566612,0.0,resolved,True,-0.006369643707258121,0.5112657042810357,0.0,0.0,585468.4632149376,9,0.20445448298176275
2025-11-05,498,20,1705816.4688246092,305566.99277851,0.0,1400249.4760460993,0.0,0.0,0.0,29,0,0.8208676030727617,0.8208676030727617,0.0,resolved,True,0.011245367937982031,0.5282253360836372,0.0,0.0,305566.99277851,18,1705816.4688246092,305566.99277851,0.0,1400249.4760460993,0.0,0.0,0.0,29,0,0.8208676030727617,0.8208676030727617,0.0,resolved,True,0.011245367937982031,0.5282253360836372,0.0,0.0,305566.99277851,18,0.14752697519422828
2025-11-06,498,20,1662505.7811866975,939820.2496128082,0.0,722685.5315738893,0.0,0.0,0.0,24,0,0.43469655248839856,0.43469655248839856,0.0,resolved,True,-0.025390004393470833,0.7300827874228749,0.0,0.0,939820.2496128082,8,1662505.7811866975,939820.2496128082,0.0,722685.5315738893,0.0,0.0,0.0,24,0,0.43469655248839856,0.43469655248839856,0.0,resolved,True,-0.025390004393470833,0.7300827874228749,0.0,0.0,939820.2496128082,8,-0.08308573280754819
2025-11-07,498,20,1682249.7383129,240248.89036889517,0.0,1442000.847944005,0.0,0.0,0.0,28,0,0.8571859546788596,0.8571859546788596,0.0,resolved,True,0.011876023139064884,0.7098135557395594,0.0,0.0,240248.89036889514,14,1682249.7383129,240248.89036889517,0.0,1442000.847944005,0.0,0.0,0.0,28,0,0.8571859546788596,0.8571859546788596,0.0,resolved,True,0.011876023139064884,0.7098135557395594,0.0,0.0,240248.89036889514,14,0.25051768378771955
2025-11-10,498,20,1708074.211099185,803524.4959427424,0.0,904549.7151564425,0.0,0.0,0.0,30,0,0.5295728424904582,0.5295728424904582,0.0,resolved,True,0.01535115280337851,0.620462802008469,0.0,0.0,803524.4959427426,26,1708074.211099185,803524.4959427424,0.0,904549.7151564425,0.0,0.0,0.0,30,0,0.5295728424904582,0.5295728424904582,0.0,resolved,True,0.01535115280337851,0.620462802008469,0.0,0.0,803524.4959427426,26,0.13886824809519643
2025-11-11,498,20,1700424.7189418697,792004.3648939729,0.0,908420.3540478968,0.0,0.0,0.0,24,0,0.5342314446082526,0.5342314446082526,0.0,resolved,True,-0.004478430800961997,0.9341098006567021,0.0,0.0,792004.3648939729,14,1700424.7189418697,792004.3648939729,0.0,908420.3540478968,0.0,0.0,0.0,24,0,0.5342314446082526,0.5342314446082526,0.0,resolved,True,-0.004478430800961997,0.9341098006567021,0.0,0.0,792004.3648939729,14,0.09717306310188822
2025-11-12,497,20,1702834.8201121127,575014.5516453297,0.0,1127820.268466783,0.0,0.0,0.0,26,0,0.6623192426805841,0.6623192426805841,0.0,resolved,True,0.0014173524669429671,0.8039279253655882,0.0,0.0,575014.5516453297,13,1702834.8201121127,575014.5516453297,0.0,1127820.268466783,0.0,0.0,0.0,26,0,0.6623192426805841,0.6623192426805841,0.0,resolved,True,0.0014173524669429671,0.8039279253655882,0.0,0.0,575014.5516453297,13,0.035190308613053285
2025-11-13,497,20,1675179.1180156518,554609.8060494149,0.0,1120569.311966237,0.0,0.0,0.0,29,0,0.6689250719013362,0.6689250719013362,0.0,resolved,True,-0.01624097755684839,0.6633787049411933,0.0,0.0,554609.8060494149,9,1675179.1180156518,554609.8060494149,0.0,1120569.311966237,0.0,0.0,0.0,29,0,0.6689250719013362,0.6689250719013362,0.0,resolved,True,-0.01624097755684839,0.6633787049411933,0.0,0.0,554609.8060494149,9,0.08703973419952446
2025-11-14,497,20,1695430.039837035,245362.8163681297,0.0,1450067.223468905,0.0,0.0,0.0,34,0,0.855279893240706,0.855279893240706,0.0,resolved,True,0.012088809849403637,0.47754452870995623,0.0,0.0,245362.8163681297,24,1695430.039837035,245362.8163681297,0.0,1450067.223468905,0.0,0.0,0.0,34,0,0.855279893240706,0.855279893240706,0.0,resolved,True,0.012088809849403637,0.47754452870995623,0.0,0.0,245362.8163681297,24,0.03353581387577153
2025-11-17,497,20,1684449.009635285,1011677.7322737346,0.0,672771.2773615503,0.0,0.0,0.0,25,0,0.39940139090777105,0.39940139090777105,0.0,resolved,True,-0.0064768406502961895,0.7414287343656449,0.0,0.0,1011677.7322737346,9,1684449.009635285,1011677.7322737346,0.0,672771.2773615503,0.0,0.0,0.0,25,0,0.39940139090777105,0.39940139090777105,0.0,resolved,True,-0.0064768406502961895,0.7414287343656449,0.0,0.0,1011677.7322737346,9,-0.10016223229214288
2025-11-18,497,20,1673101.463364681,286936.44164582685,0.0,1386165.021718854,0.0,0.0,0.0,31,0,0.828500274532792,0.828500274532792,0.0,resolved,True,-0.006736651691855555,0.7709430006437155,0.0,0.0,286936.44164582685,10,1673101.463364681,286936.44164582685,0.0,1386165.021718854,0.0,0.0,0.0,31,0,0.828500274532792,0.828500274532792,0.0,resolved,True,-0.006736651691855555,0.7709430006437155,0.0,0.0,286936.44164582685,10,0.17655445151624855
2025-11-19,497,20,1674057.9317660844,366181.73583997844,0.0,1307876.1959261058,0.0,0.0,0.0,31,0,0.7812610131994255,0.7812610131994255,0.0,resolved,True,0.0005716738777334918,0.3903637596325786,0.0,0.0,366181.73583997844,21,1674057.9317660844,366181.73583997844,0.0,1307876.1959261058,0.0,0.0,0.0,31,0,0.7812610131994255,0.7812610131994255,0.0,resolved,True,0.0005716738777334918,0.3903637596325786,0.0,0.0,366181.73583997844,21,0.10256227540246357
2025-11-20,497,20,1635961.9851445023,760400.0410516299,0.0,875561.9440928723,0.0,0.0,0.0,24,0,0.5351969984898733,0.5351969984898733,0.0,resolved,True,-0.022756647723291112,0.6729646301446072,0.0,0.0,760400.0410516299,4,1635961.9851445023,760400.0410516299,0.0,875561.9440928723,0.0,0.0,0.0,24,0,0.5351969984898733,0.5351969984898733,0.0,resolved,True,-0.022756647723291112,0.6729646301446072,0.0,0.0,760400.0410516299,4,-0.15112301634030004
2025-11-21,497,20,1661080.3435375607,132223.6163732895,0.0,1528856.7271642713,0.0,0.0,0.0,33,0,0.9203990241124063,0.9203990241124063,0.0,resolved,True,0.0153538765699619,0.5456261609563476,0.0,0.0,132223.6163732895,16,1661080.3435375607,132223.6163732895,0.0,1528856.7271642713,0.0,0.0,0.0,33,0,0.9203990241124063,0.9203990241124063,0.0,resolved,True,0.0153538765699619,0.5456261609563476,0.0,0.0,132223.6163732895,16,0.1846626449468116
2025-11-24,497,20,1702176.3827542937,785645.4488252084,0.0,916530.9339290854,0.0,0.0,0.0,28,0,0.5384465107229637,0.5384465107229637,0.0,resolved,True,0.024740548749864644,0.5525735517667593,0.0,0.0,785645.4488252082,23,1702176.3827542937,785645.4488252084,0.0,916530.9339290854,0.0,0.0,0.0,28,0,0.5384465107229637,0.5384465107229637,0.0,resolved,True,0.024740548749864644,0.5525735517667593,0.0,0.0,785645.4488252082,23,0.003682563216880049
2025-11-25,497,20,1702156.9986399934,748078.5185141624,0.0,954078.4801258311,0.0,0.0,0.0,23,0,0.5605114457057312,0.5605114457057312,0.0,resolved,True,-1.1387841176047075e-05,0.9010370387454513,0.0,0.0,748078.5185141624,15,1702156.9986399934,748078.5185141624,0.0,954078.4801258311,0.0,0.0,0.0,23,0,0.5605114457057312,0.5605114457057312,0.0,resolved,True,-1.1387841176047075e-05,0.9010370387454513,0.0,0.0,748078.5185141624,15,0.22825751049140208
2025-11-26,497,20,1711387.1204621748,669891.4629591007,0.0,1041495.657503074,0.0,0.0,0.0,27,0,0.6085681287713613,0.6085681287713613,0.0,resolved,True,0.00542260310274334,0.8330430052023451,0.0,0.0,669891.4629591007,19,1711387.1204621748,669891.4629591007,0.0,1041495.657503074,0.0,0.0,0.0,27,0,0.6085681287713613,0.6085681287713613,0.0,resolved,True,0.00542260310274334,0.8330430052023451,0.0,0.0,669891.4629591007,19,-0.19671723083600964
2025-11-28,497,20,1717633.0823672304,790093.8449159446,0.0,927539.2374512858,0.0,0.0,0.0,26,0,0.5400101144843795,0.5400101144843795,0.0,resolved,True,0.0036496487734283267,0.8531005582657216,0.0,0.0,790093.8449159446,12,1717633.0823672304,790093.8449159446,0.0,927539.2374512858,0.0,0.0,0.0,26,0,0.5400101144843795,0.5400101144843795,0.0,resolved,True,0.0036496487734283267,0.8531005582657216,0.0,0.0,790093.8449159446,12,-0.09711774881166331
2025-12-01,497,20,1709424.395273777,403120.1704913578,0.0,1306304.2247824192,0.0,0.0,0.0,27,0,0.7641778299140307,0.7641778299140307,0.0,resolved,True,-0.004779069044327122,0.6946850451685662,0.0,0.0,403120.1704913578,12,1709424.395273777,403120.1704913578,0.0,1306304.2247824192,0.0,0.0,0.0,27,0,0.7641778299140307,0.7641778299140307,0.0,resolved,True,-0.004779069044327122,0.6946850451685662,0.0,0.0,403120.1704913578,12,-0.07696199247763112
2025-12-02,497,20,1704703.9873424447,531082.4691487252,0.0,1173621.5181937197,0.0,0.0,0.0,30,0,0.688460593104696,0.688460593104696,0.0,resolved,True,-0.0027614019926140987,0.5465012914422959,0.0,0.0,531082.4691487252,16,1704703.9873424447,531082.4691487252,0.0,1173621.5181937197,0.0,0.0,0.0,30,0,0.688460593104696,0.688460593104696,0.0,resolved,True,-0.0027614019926140987,0.5465012914422959,0.0,0.0,531082.4691487252,16,-0.2921434526288078
2025-12-03,497,20,1699418.234005673,632097.8854382022,0.0,1067320.348567471,0.0,0.0,0.0,28,0,0.6280504276170477,0.6280504276170477,0.0,resolved,True,-0.0031006869087060185,0.6823356801084689,0.0,0.0,632097.8854382022,12,1699418.234005673,632097.8854382022,0.0,1067320.348567471,0.0,0.0,0.0,28,0,0.6280504276170477,0.6280504276170477,0.0,resolved,True,-0.0031006869087060185,0.6823356801084689,0.0,0.0,632097.8854382022,12,-0.07689499277314954
2025-12-04,497,20,1704966.057706444,377103.1631532638,0.0,1327862.8945531803,0.0,0.0,0.0,27,0,0.7788207211230054,0.7788207211230054,0.0,resolved,True,0.0032645428828277367,0.5938509005006334,0.0,0.0,377103.1631532638,13,1704966.057706444,377103.1631532638,0.0,1327862.8945531803,0.0,0.0,0.0,27,0,0.7788207211230054,0.7788207211230054,0.0,resolved,True,0.0032645428828277367,0.5938509005006334,0.0,0.0,377103.1631532638,13,-0.2246833023276727
2025-12-05,497,20,1708459.874867408,551109.5363399079,0.0,1157350.3385275002,0.0,0.0,0.0,30,0,0.6774231900631094,0.6774231900631094,0.0,resolved,True,0.0020492004196634994,0.5444171133481817,0.0,0.0,551109.5363399079,11,1708459.874867408,551109.5363399079,0.0,1157350.3385275002,0.0,0.0,0.0,30,0,0.6774231900631094,0.6774231900631094,0.0,resolved,True,0.0020492004196634994,0.5444171133481817,0.0,0.0,551109.5363399079,11,0.047471718279120216
2025-12-08,497,20,1703858.080826196,375166.2409545367,0.0,1328691.8398716592,0.0,0.0,0.0,32,0,0.779813679803297,0.779813679803297,0.0,resolved,True,-0.0026935335789313175,0.5421700508865231,0.0,0.0,375166.2409545367,14,1703858.080826196,375166.2409545367,0.0,1328691.8398716592,0.0,0.0,0.0,32,0,0.779813679803297,0.779813679803297,0.0,resolved,True,-0.0026935335789313175,0.5421700508865231,0.0,0.0,375166.2409545367,14,-0.029316026343670084
2025-12-09,497,20,1706578.823042354,548527.5044119954,0.0,1158051.3186303587,0.0,0.0,0.0,33,0,0.678580621647394,0.678580621647394,0.0,resolved,True,0.0015968126963008533,0.5421189450934993,0.0,0.0,548527.5044119954,15,1706578.823042354,548527.5044119954,0.0,1158051.3186303587,0.0,0.0,0.0,33,0,0.678580621647394,0.678580621647394,0.0,resolved,True,0.0015968126963008533,0.5421189450934993,0.0,0.0,548527.5044119954,15,-0.12370606677732723
2025-12-10,497,20,1715141.0966494968,529653.0477674454,0.0,1185488.0488820514,0.0,0.0,0.0,31,0,0.6911898100966066,0.6911898100966066,0.0,resolved,True,0.005017215432146616,0.6317789355063879,0.0,0.0,529653.0477674454,21,1715141.0966494968,529653.0477674454,0.0,1185488.0488820514,0.0,0.0,0.0,31,0,0.6911898100966066,0.6911898100966066,0.0,resolved,True,0.005017215432146616,0.6317789355063879,0.0,0.0,529653.0477674454,21,-0.0017794309164105432
2025-12-11,497,20,1726927.9716707906,822980.6147179015,0.0,903947.3569528891,0.0,0.0,0.0,24,0,0.5234424201713095,0.5234424201713095,0.0,resolved,True,0.006872248029225814,0.7886427916208731,0.0,0.0,822980.6147179015,17,1726927.9716707906,822980.6147179015,0.0,903947.3569528891,0.0,0.0,0.0,24,0,0.5234424201713095,0.5234424201713095,0.0,resolved,True,0.006872248029225814,0.7886427916208731,0.0,0.0,822980.6147179015,17,-0.028867994027226587
2025-12-12,497,20,1727594.5504378132,569165.1108902583,0.0,1158429.4395475548,0.0,0.0,0.0,25,0,0.6705447405202694,0.6705447405202694,0.0,resolved,True,0.0003859910650341192,0.8061400060949081,0.0,0.0,569165.1108902583,13,1727594.5504378132,569165.1108902583,0.0,1158429.4395475548,0.0,0.0,0.0,25,0,0.6705447405202694,0.6705447405202694,0.0,resolved,True,0.0003859910650341192,0.8061400060949081,0.0,0.0,569165.1108902583,13,-0.010488320577930556
2025-12-15,497,20,1727682.7141836467,607571.2963772439,0.0,1120111.4178064028,0.0,0.0,0.0,29,0,0.6483316691257576,0.6483316691257576,0.0,resolved,True,5.1032660302929855e-05,0.6811415369244416,0.0,0.0,607571.2963772439,9,1727682.7141836467,607571.2963772439,0.0,1120111.4178064028,0.0,0.0,0.0,29,0,0.6483316691257576,0.6483316691257576,0.0,resolved,True,5.1032660302929855e-05,0.6811415369244416,0.0,0.0,607571.2963772439,9,0.0128838613324912
2025-12-16,497,20,1719293.55254737,354166.2333684607,0.0,1365127.3191789095,0.0,0.0,0.0,32,0,0.7940047917682733,0.7940047917682733,0.0,resolved,True,-0.004855730492297372,0.5566632818920919,0.0,0.0,354166.2333684607,13,1719293.55254737,354166.2333684607,0.0,1365127.3191789095,0.0,0.0,0.0,32,0,0.7940047917682733,0.7940047917682733,0.0,resolved,True,-0.004855730492297372,0.5566632818920919,0.0,0.0,354166.2333684607,13,0.049530676749099764
2025-12-17,497,20,1702959.191253691,534147.0639114281,0.0,1168812.127342263,0.0,0.0,0.0,29,0,0.6863418297662215,0.6863418297662215,0.0,resolved,True,-0.009500623828593735,0.5166734301793484,0.0,0.0,534147.0639114281,13,1702959.191253691,534147.0639114281,0.0,1168812.127342263,0.0,0.0,0.0,29,0,0.6863418297662215,0.6863418297662215,0.0,resolved,True,-0.009500623828593735,0.5166734301793484,0.0,0.0,534147.0639114281,13,0.33090444665478014
2025-12-18,497,20,1703375.6787292855,488633.6025390645,0.0,1214742.0761902211,0.0,0.0,0.0,32,0,0.7131380888897134,0.7131380888897134,0.0,resolved,True,0.00024456691489360693,0.600590238276667,0.0,0.0,488633.6025390645,23,1703375.6787292855,488633.6025390645,0.0,1214742.0761902211,0.0,0.0,0.0,32,0,0.7131380888897134,0.7131380888897134,0.0,resolved,True,0.00024456691489360693,0.600590238276667,0.0,0.0,488633.6025390645,23,-0.11346645680846854
2025-12-19,497,20,1724461.8593053634,714103.4609358928,0.0,1010358.3983694706,0.0,0.0,0.0,26,0,0.5858977935159765,0.5858977935159765,0.0,resolved,True,0.012379054626286523,0.7060903114292406,0.0,0.0,714103.4609358928,16,1724461.8593053634,714103.4609358928,0.0,1010358.3983694706,0.0,0.0,0.0,26,0,0.5858977935159765,0.5858977935159765,0.0,resolved,True,0.012379054626286523,0.7060903114292406,0.0,0.0,714103.4609358928,16,-0.20743332766562542
2025-12-22,497,20,1733593.5296263206,532293.4799123224,0.0,1201300.049713998,0.0,0.0,0.0,25,0,0.6929536994597232,0.6929536994597232,0.0,resolved,True,0.005295373899794731,0.7227744319902097,0.0,0.0,532293.4799123224,12,1733593.5296263206,532293.4799123224,0.0,1201300.049713998,0.0,0.0,0.0,25,0,0.6929536994597232,0.6929536994597232,0.0,resolved,True,0.005295373899794731,0.7227744319902097,0.0,0.0,532293.4799123224,12,0.08865675360646989
2025-12-23,497,20,1735040.6625822517,578003.6717411778,0.0,1157036.990841074,0.0,0.0,0.0,29,0,0.6668644809275317,0.6668644809275317,0.0,resolved,True,0.0008347590892561207,0.6404599075152454,0.0,0.0,578003.6717411778,18,1735040.6625822517,578003.6717411778,0.0,1157036.990841074,0.0,0.0,0.0,29,0,0.6668644809275317,0.6668644809275317,0.0,resolved,True,0.0008347590892561207,0.6404599075152454,0.0,0.0,578003.6717411778,18,0.1526761533302995
2025-12-24,497,20,1739887.763583181,754192.0925861816,0.0,985695.6709969993,0.0,0.0,0.0,29,0,0.5665283081059355,0.5665283081059355,0.0,resolved,True,0.0027936526823038044,0.7678181803212959,0.0,0.0,754192.0925861816,20,1739887.763583181,754192.0925861816,0.0,985695.6709969993,0.0,0.0,0.0,29,0,0.5665283081059355,0.5665283081059355,0.0,resolved,True,0.0027936526823038044,0.7678181803212959,0.0,0.0,754192.0925861816,20,-0.097940750692114
2025-12-26,497,20,1738871.9979208487,676256.5515310334,0.0,1062615.4463898153,0.0,0.0,0.0,25,0,0.6110946910758087,0.6110946910758087,0.0,resolved,True,-0.0005838110271206842,0.8221499536104003,0.0,0.0,676256.5515310334,14,1738871.9979208487,676256.5515310334,0.0,1062615.4463898153,0.0,0.0,0.0,25,0,0.6110946910758087,0.6110946910758087,0.0,resolved,True,-0.0005838110271206842,0.8221499536104003,0.0,0.0,676256.5515310334,14,0.01609421018248206
2025-12-29,497,20,1733287.8213446331,585485.0711882894,0.0,1147802.7501563437,0.0,0.0,0.0,24,0,0.6622112819473412,0.6622112819473412,0.0,resolved,True,-0.003211378746044824,0.7256092594670419,0.0,0.0,585485.0711882894,7,1733287.8213446331,585485.0711882894,0.0,1147802.7501563437,0.0,0.0,0.0,24,0,0.6622112819473412,0.6622112819473412,0.0,resolved,True,-0.003211378746044824,0.7256092594670419,0.0,0.0,585485.0711882894,7,-0.3544310559502105
2025-12-30,497,20,1724837.8351474265,301922.89287954057,0.0,1422914.942267886,0.0,0.0,0.0,33,0,0.8249557803480497,0.8249557803480497,0.0,resolved,True,-0.004875120042470149,0.5119795761210661,0.0,0.0,301922.89287954057,8,1724837.8351474265,301922.89287954057,0.0,1422914.942267886,0.0,0.0,0.0,33,0,0.8249557803480497,0.8249557803480497,0.0,resolved,True,-0.004875120042470149,0.5119795761210661,0.0,0.0,301922.89287954057,8,-0.24010535526355634
2025-12-31,497,20,1709546.024289271,313495.56778068375,0.0,1396050.4565085873,0.0,0.0,0.0,33,0,0.8166205745112848,0.8166205745112848,0.0,resolved,True,-0.008865651336346203,0.35679786709202366,0.0,0.0,313495.56778068375,10,1709546.024289271,313495.56778068375,0.0,1396050.4565085873,0.0,0.0,0.0,33,0,0.8166205745112848,0.8166205745112848,0.0,resolved,True,-0.008865651336346203,0.35679786709202366,0.0,0.0,313495.56778068375,10,
