Date,net_nav,net_return,gross_nav,gross_return,model,performance_valid,status
2024-01-02,1000000.0,,1000000.0,,ensemble,True,resolved
2024-01-03,998620.2145163562,-0.001379785483643814,998620.2145163562,-0.001379785483643814,ensemble,True,resolved
2024-01-04,996799.1948061632,-0.0018235357984166534,996799.1948061632,-0.0018235357984166534,ensemble,True,resolved
2024-01-05,998783.3520861752,0.0019905285742107814,998783.3520861752,0.0019905285742107814,ensemble,True,resolved
2024-01-08,1017624.1900478634,0.018863788550675276,1017624.1900478634,0.018863788550675276,ensemble,True,resolved
2024-01-09,1011565.9789643523,-0.005953289183530663,1011565.9789643523,-0.005953289183530663,ensemble,True,resolved
2024-01-10,1014445.1232228428,0.0028462248813845292,1014445.1232228428,0.0028462248813845292,ensemble,True,resolved
2024-01-11,1012659.7625755606,-0.0017599381242133783,1012659.7625755606,-0.0017599381242133783,ensemble,True,resolved
2024-01-12,1011206.1123904381,-0.0014354773822802258,1011206.1123904381,-0.0014354773822802258,ensemble,True,resolved
2024-01-16,1011134.9694858422,-7.035450411563282e-05,1011134.9694858422,-7.035450411563282e-05,ensemble,True,resolved
2024-01-17,1008399.9239099834,-0.0027049263040023197,1008399.9239099834,-0.0027049263040023197,ensemble,True,resolved
2024-01-18,1011466.4431906717,0.003040975319393402,1011466.4431906717,0.003040975319393402,ensemble,True,resolved
2024-01-19,1026456.7960749441,0.014820415432651668,1026456.7960749441,0.014820415432651668,ensemble,True,resolved
2024-01-22,1031914.7383895004,0.005317264531178312,1031914.7383895004,0.005317264531178312,ensemble,True,resolved
2024-01-23,1033543.813676931,0.0015786917531317446,1033543.813676931,0.0015786917531317446,ensemble,True,resolved
2024-01-24,1035051.452068847,0.0014587077702612472,1035051.452068847,0.0014587077702612472,ensemble,True,resolved
2024-01-25,1021408.0479051496,-0.013181377733857746,1021408.0479051496,-0.013181377733857746,ensemble,True,resolved
2024-01-26,1023705.9179752779,0.002249708209016932,1023705.9179752779,0.002249708209016932,ensemble,True,resolved
2024-01-29,1030996.8677179553,0.007122113504137717,1030996.8677179553,0.007122113504137717,ensemble,True,resolved
2024-01-30,1031304.9532161122,0.0002988229235254547,1031304.9532161122,0.0002988229235254547,ensemble,True,resolved
2024-01-31,1021857.4548712056,-0.009160722360000983,1021857.4548712056,-0.009160722360000983,ensemble,True,resolved
2024-02-01,1031581.4955531394,0.009516044175808647,1031581.4955531394,0.009516044175808647,ensemble,True,resolved
2024-02-02,1052375.174343313,0.020157087811103036,1052375.174343313,0.020157087811103036,ensemble,True,resolved
2024-02-05,1048219.9161710419,-0.003948457046094922,1048219.9161710419,-0.003948457046094922,ensemble,True,resolved
2024-02-06,1052087.476843819,0.0036896462403659402,1052087.476843819,0.0036896462403659402,ensemble,True,resolved
2024-02-07,1053438.2424423043,0.0012838909579433455,1053438.2424423043,0.0012838909579433455,ensemble,True,resolved
2024-02-08,1053513.9731122938,7.188904573451893e-05,1053513.9731122938,7.188904573451893e-05,ensemble,True,resolved
2024-02-09,1051783.6987560987,-0.0016423838699389792,1051783.6987560987,-0.0016423838699389792,ensemble,True,resolved
2024-02-12,1052446.8181298974,0.0006304712409812563,1052446.8181298974,0.0006304712409812563,ensemble,True,resolved
2024-02-13,1047131.8042521593,-0.005050149600131171,1047131.8042521593,-0.005050149600131171,ensemble,True,resolved
2024-02-14,1054124.621764054,0.00667806811281868,1054124.621764054,0.00667806811281868,ensemble,True,resolved
2024-02-15,1055431.1951333047,0.0012394866245171166,1055431.1951333047,0.0012394866245171166,ensemble,True,resolved
2024-02-16,1047779.915866263,-0.007249434451362169,1047779.915866263,-0.007249434451362169,ensemble,True,resolved
2024-02-20,1041685.1251463892,-0.0058168615637519405,1041685.1251463892,-0.0058168615637519405,ensemble,True,resolved
2024-02-21,1024768.2585749901,-0.016239904135159633,1024768.2585749901,-0.016239904135159633,ensemble,True,resolved
2024-02-22,1046816.6050272346,0.02151544631456903,1046816.6050272346,0.02151544631456903,ensemble,True,resolved
2024-02-23,1052413.3421267,0.005346435156442508,1052413.3421267,0.005346435156442508,ensemble,True,resolved
2024-02-26,1056958.308776354,0.004318613673663041,1056958.308776354,0.004318613673663041,ensemble,True,resolved
2024-02-27,1061553.961383884,0.004347997995162611,1061553.961383884,0.004347997995162611,ensemble,True,resolved
2024-02-28,1063383.262718396,0.0017232297189369028,1063383.262718396,0.0017232297189369028,ensemble,True,resolved
2024-02-29,1068580.2889468072,0.00488725599754658,1068580.2889468072,0.00488725599754658,ensemble,True,resolved
2024-03-01,1074816.2505913563,0.005835744594068215,1074816.2505913563,0.005835744594068215,ensemble,True,resolved
2024-03-04,1073418.2372921268,-0.0013006998158618943,1073418.2372921268,-0.0013006998158618943,ensemble,True,resolved
2024-03-05,1066116.8297282518,-0.006802015570644637,1066116.8297282518,-0.006802015570644637,ensemble,True,resolved
2024-03-06,1069887.4898359613,0.0035368169815597206,1069887.4898359613,0.0035368169815597206,ensemble,True,resolved
2024-03-07,1078947.763378203,0.008468435819948494,1078947.763378203,0.008468435819948494,ensemble,True,resolved
2024-03-08,1077800.416026323,-0.0010633947173562808,1077800.416026323,-0.0010633947173562808,ensemble,True,resolved
2024-03-11,1078001.213078439,0.00018630262999552727,1078001.213078439,0.00018630262999552727,ensemble,True,resolved
2024-03-12,1094519.156719829,0.015322750513628636,1094519.156719829,0.015322750513628636,ensemble,True,resolved
2024-03-13,1085189.6965274909,-0.008523797993904125,1085189.6965274909,-0.008523797993904125,ensemble,True,resolved
2024-03-14,1074833.510854605,-0.009543203097140407,1074833.510854605,-0.009543203097140407,ensemble,True,resolved
2024-03-15,1070155.0218820008,-0.004352756892445742,1070155.0218820008,-0.004352756892445742,ensemble,True,resolved
2024-03-18,1070574.6219209856,0.00039209276264196014,1070574.6219209856,0.00039209276264196014,ensemble,True,resolved
2024-03-19,1069621.0532640463,-0.0008907073242856445,1069621.0532640463,-0.0008907073242856445,ensemble,True,resolved
2024-03-20,1083009.4330069292,0.012516937378922233,1083009.4330069292,0.012516937378922233,ensemble,True,resolved
2024-03-21,1094591.1525347023,0.010694015374932642,1094591.1525347023,0.010694015374932642,ensemble,True,resolved
2024-03-22,1087641.3568885112,-0.0063492159881776145,1087641.3568885112,-0.0063492159881776145,ensemble,True,resolved
2024-03-25,1083435.9837735493,-0.0038665071793448913,1083435.9837735493,-0.0038665071793448913,ensemble,True,resolved
2024-03-26,1085022.1685118745,0.0014640318044454315,1085022.1685118745,0.0014640318044454315,ensemble,True,resolved
2024-03-27,1092796.6166191208,0.007165243561713774,1092796.6166191208,0.007165243561713774,ensemble,True,resolved
2024-03-28,1093149.4561306199,0.0003228775658097316,1093149.4561306199,0.0003228775658097316,ensemble,True,resolved
2024-04-01,1091815.3985019033,-0.0012203799043533081,1091815.3985019033,-0.0012203799043533081,ensemble,True,resolved
2024-04-02,1082031.2468667352,-0.008961360728739542,1082031.2468667352,-0.008961360728739542,ensemble,True,resolved
2024-04-03,1086059.485794721,0.0037228489839369328,1086059.485794721,0.0037228489839369328,ensemble,True,resolved
2024-04-04,1080471.32238985,-0.0051453566567598585,1080471.32238985,-0.0051453566567598585,ensemble,True,resolved
2024-04-05,1087750.324024487,0.006736876290744043,1087750.324024487,0.006736876290744043,ensemble,True,resolved
2024-04-08,1091006.834823316,0.00299380356585921,1091006.834823316,0.00299380356585921,ensemble,True,resolved
2024-04-09,1087723.110024061,-0.003009811391132766,1087723.110024061,-0.003009811391132766,ensemble,True,resolved
2024-04-10,1082911.4765560604,-0.004423583009001475,1082911.4765560604,-0.004423583009001475,ensemble,True,resolved
2024-04-11,1085240.94431886,0.0021511155927611547,1085240.94431886,0.0021511155927611547,ensemble,True,resolved
2024-04-12,1077461.7130771587,-0.007168206546596889,1077461.7130771587,-0.007168206546596889,ensemble,True,resolved
2024-04-15,1071600.4436866385,-0.005439886465924415,1071600.4436866385,-0.005439886465924415,ensemble,True,resolved
2024-04-16,1071067.8290973913,-0.0004970272197861725,1071067.8290973913,-0.0004970272197861725,ensemble,True,resolved
2024-04-17,1065668.5914747547,-0.005040985711602053,1065668.5914747547,-0.005040985711602053,ensemble,True,resolved
2024-04-18,1060749.2044935946,-0.004616244694189864,1060749.2044935946,-0.004616244694189864,ensemble,True,resolved
2024-04-19,1051554.5592247942,-0.008668067088666853,1051554.5592247942,-0.008668067088666853,ensemble,True,resolved
2024-04-22,1056948.8495359542,0.005129824471624911,1056948.8495359542,0.005129824471624911,ensemble,True,resolved
2024-04-23,1077567.3236478171,0.019507542035657854,1077567.3236478171,0.019507542035657854,ensemble,True,resolved
2024-04-24,1081357.035722257,0.0035169144342748204,1081357.035722257,0.0035169144342748204,ensemble,True,resolved
2024-04-25,1082609.409359069,0.0011581499869517398,1082609.409359069,0.0011581499869517398,ensemble,True,resolved
2024-04-26,1084137.210434955,0.0014112209469807624,1084137.210434955,0.0014112209469807624,ensemble,True,resolved
2024-04-29,1085185.1909410267,0.0009666493281335065,1085185.1909410267,0.0009666493281335065,ensemble,True,resolved
2024-04-30,1072139.0431618,-0.012022047377843181,1072139.0431618,-0.012022047377843181,ensemble,True,resolved
2024-05-01,1069345.1643191054,-0.0026058922679050855,1069345.1643191054,-0.0026058922679050855,ensemble,True,resolved
2024-05-02,1079262.7332924292,0.009274431964761076,1079262.7332924292,0.009274431964761076,ensemble,True,resolved
2024-05-03,1084522.4881992259,0.004873470327981355,1084522.4881992259,0.004873470327981355,ensemble,True,resolved
2024-05-06,1096795.4085551468,0.011316427726915324,1096795.4085551468,0.011316427726915324,ensemble,True,resolved
2024-05-07,1094814.3092887432,-0.0018062614512704966,1094814.3092887432,-0.0018062614512704966,ensemble,True,resolved
2024-05-08,1097556.2519833497,0.002504481966798311,1097556.2519833497,0.002504481966798311,ensemble,True,resolved
2024-05-09,1106931.398784095,0.008541837180375822,1106931.398784095,0.008541837180375822,ensemble,True,resolved
2024-05-10,1102615.7096637576,-0.00389878643344832,1102615.7096637576,-0.00389878643344832,ensemble,True,resolved
2024-05-13,1101529.3709687984,-0.0009852378171634202,1101529.3709687984,-0.0009852378171634202,ensemble,True,resolved
2024-05-14,1110072.131928383,0.007755363755821643,1110072.131928383,0.007755363755821643,ensemble,True,resolved
2024-05-15,1118517.2296239212,0.007607701745352191,1118517.2296239212,0.007607701745352191,ensemble,True,resolved
2024-05-16,1115322.7531818487,-0.0028559921630769702,1115322.7531818487,-0.0028559921630769702,ensemble,True,resolved
2024-05-17,1117368.343907625,0.001834079615017803,1117368.343907625,0.001834079615017803,ensemble,True,resolved
2024-05-20,1122897.6327453512,0.004948492471506194,1122897.6327453512,0.004948492471506194,ensemble,True,resolved
2024-05-21,1120826.3729366802,-0.00184456690286805,1120826.3729366802,-0.00184456690286805,ensemble,True,resolved
2024-05-22,1112635.0208943526,-0.007308314864920118,1112635.0208943526,-0.007308314864920118,ensemble,True,resolved
2024-05-23,1107085.9805492512,-0.0049872961401493665,1107085.9805492512,-0.0049872961401493665,ensemble,True,resolved
2024-05-24,1121073.0987545722,0.012634175168925621,1121073.0987545722,0.012634175168925621,ensemble,True,resolved
2024-05-28,1114811.8506639493,-0.00558504891213496,1114811.8506639493,-0.00558504891213496,ensemble,True,resolved
2024-05-29,1108741.980984272,-0.005444748076603445,1108741.980984272,-0.005444748076603445,ensemble,True,resolved
2024-05-30,1096397.6787398118,-0.011133611296563095,1096397.6787398118,-0.011133611296563095,ensemble,True,resolved
2024-05-31,1096195.4219330344,-0.00018447394654264038,1096195.4219330344,-0.00018447394654264038,ensemble,True,resolved
2024-06-03,1090662.3651634383,-0.005047509466732825,1090662.3651634383,-0.005047509466732825,ensemble,True,resolved
2024-06-04,1085909.4888251557,-0.004357788890579695,1085909.4888251557,-0.004357788890579695,ensemble,True,resolved
2024-06-05,1112382.0529920394,0.024378241869425388,1112382.0529920394,0.024378241869425388,ensemble,True,resolved
2024-06-06,1100408.6305632005,-0.010763768074676605,1100408.6305632005,-0.010763768074676605,ensemble,True,resolved
2024-06-07,1100380.426682014,-2.563037075786756e-05,1100380.426682014,-2.563037075786756e-05,ensemble,True,resolved
2024-06-10,1119504.880352707,0.01737985628148553,1119504.880352707,0.01737985628148553,ensemble,True,resolved
2024-06-11,1112984.9877067888,-0.005823907300756215,1112984.9877067888,-0.005823907300756215,ensemble,True,resolved
2024-06-12,1117112.2933650536,0.0037083210500159502,1117112.2933650536,0.0037083210500159502,ensemble,True,resolved
2024-06-13,1116866.5693836026,-0.00021996354610942515,1116866.5693836026,-0.00021996354610942515,ensemble,True,resolved
2024-06-14,1115649.9866315187,-0.0010892820910158862,1115649.9866315187,-0.0010892820910158862,ensemble,True,resolved
2024-06-17,1123858.7600255532,0.007357839369334096,1123858.7600255532,0.007357839369334096,ensemble,True,resolved
2024-06-18,1126378.9154054224,0.0022424128987632574,1126378.9154054224,0.0022424128987632574,ensemble,True,resolved
2024-06-20,1126599.378317476,0.0001957271296881835,1126599.378317476,0.0001957271296881835,ensemble,True,resolved
2024-06-21,1129270.7629739773,0.0023711930859493524,1129270.7629739773,0.0023711930859493524,ensemble,True,resolved
2024-06-24,1120033.936472361,-0.008179461298803758,1120033.936472361,-0.008179461298803758,ensemble,True,resolved
2024-06-25,1132887.62511002,0.011476159979707967,1132887.62511002,0.011476159979707967,ensemble,True,resolved
2024-06-26,1129623.6934599965,-0.0028810727363240973,1129623.6934599965,-0.0028810727363240973,ensemble,True,resolved
2024-06-27,1133053.7742068432,0.0030364808800535936,1133053.7742068432,0.0030364808800535936,ensemble,True,resolved
2024-06-28,1129478.9461115329,-0.0031550383368280643,1129478.9461115329,-0.0031550383368280643,ensemble,True,resolved
2024-07-01,1124461.049728057,-0.0044426648241217,1124461.049728057,-0.0044426648241217,ensemble,True,resolved
2024-07-02,1129400.095561564,0.004392367200892755,1129400.095561564,0.004392367200892755,ensemble,True,resolved
2024-07-03,1140821.779215457,0.010113053557175178,1140821.779215457,0.010113053557175178,ensemble,True,resolved
2024-07-05,1140297.6096107438,-0.0004594666881917453,1140297.6096107438,-0.0004594666881917453,ensemble,True,resolved
2024-07-08,1145591.666705176,0.00464269770436454,1145591.666705176,0.00464269770436454,ensemble,True,resolved
2024-07-09,1145889.570887429,0.000260043950136124,1145889.570887429,0.000260043950136124,ensemble,True,resolved
2024-07-10,1151280.099402343,0.004704230365531137,1151280.099402343,0.004704230365531137,ensemble,True,resolved
2024-07-11,1154931.57831457,0.0031716685749390017,1154931.57831457,0.0031716685749390017,ensemble,True,resolved
2024-07-12,1161085.5864649476,0.00532846124041253,1161085.5864649476,0.00532846124041253,ensemble,True,resolved
2024-07-15,1171369.4152464038,0.008857080736629053,1171369.4152464038,0.008857080736629053,ensemble,True,resolved
2024-07-16,1176099.7289049656,0.004038276565012433,1176099.7289049656,0.004038276565012433,ensemble,True,resolved
2024-07-17,1149664.3726738961,-0.022477138274389907,1149664.3726738961,-0.022477138274389907,ensemble,True,resolved
2024-07-18,1145356.4668383286,-0.0037470986645852244,1145356.4668383286,-0.0037470986645852244,ensemble,True,resolved
2024-07-19,1144852.1675010682,-0.000440299026426727,1144852.1675010682,-0.000440299026426727,ensemble,True,resolved
2024-07-22,1161340.591890413,0.014402230137132044,1161340.591890413,0.014402230137132044,ensemble,True,resolved
2024-07-23,1154782.0196141705,-0.005647414997840161,1154782.0196141705,-0.005647414997840161,ensemble,True,resolved
2024-07-24,1138288.4337227012,-0.014282856514323039,1138288.4337227012,-0.014282856514323039,ensemble,True,resolved
2024-07-25,1125992.416627557,-0.01080219804652749,1125992.416627557,-0.01080219804652749,ensemble,True,resolved
2024-07-26,1136061.324429779,0.008942251878018226,1136061.324429779,0.008942251878018226,ensemble,True,resolved
2024-07-29,1140570.046609496,0.003968731337615106,1140570.046609496,0.003968731337615106,ensemble,True,resolved
2024-07-30,1134055.8313290912,-0.005711368012661033,1134055.8313290912,-0.005711368012661033,ensemble,True,resolved
2024-07-31,1155403.969988498,0.018824592290475728,1155403.969988498,0.018824592290475728,ensemble,True,resolved
2024-08-01,1137028.8428888714,-0.01590363853415644,1137028.8428888714,-0.01590363853415644,ensemble,True,resolved
2024-08-02,1127262.29704116,-0.008589532190667493,1127262.29704116,-0.008589532190667493,ensemble,True,resolved
2024-08-05,1118981.1397792795,-0.007346255865752771,1118981.1397792795,-0.007346255865752771,ensemble,True,resolved
2024-08-06,1140853.4397400708,0.01954662074564162,1140853.4397400708,0.01954662074564162,ensemble,True,resolved
2024-08-07,1127670.8430931831,-0.011555030810873612,1127670.8430931831,-0.011555030810873612,ensemble,True,resolved
2024-08-08,1153357.333804736,0.022778358480117333,1153357.333804736,0.022778358480117333,ensemble,True,resolved
2024-08-09,1161494.22028332,0.007054957071926493,1161494.22028332,0.007054957071926493,ensemble,True,resolved
2024-08-12,1163320.908867143,0.0015727057026402314,1163320.908867143,0.0015727057026402314,ensemble,True,resolved
2024-08-13,1179413.2984480737,0.013833147378569555,1179413.2984480737,0.013833147378569555,ensemble,True,resolved
2024-08-14,1184106.36935741,0.003979157192403715,1184106.36935741,0.003979157192403715,ensemble,True,resolved
2024-08-15,1191429.0488862302,0.0061841399711364264,1191429.0488862302,0.0061841399711364264,ensemble,True,resolved
2024-08-16,1193717.19630969,0.001920506660131105,1193717.19630969,0.001920506660131105,ensemble,True,resolved
2024-08-19,1201090.5520624642,0.006176802826974859,1201090.5520624642,0.006176802826974859,ensemble,True,resolved
2024-08-20,1197925.826755164,-0.002634876531054098,1197925.826755164,-0.002634876531054098,ensemble,True,resolved
2024-08-21,1205374.7138272803,0.006218153833692064,1205374.7138272803,0.006218153833692064,ensemble,True,resolved
2024-08-22,1199408.3896250757,-0.0049497671834017876,1199408.3896250757,-0.0049497671834017876,ensemble,True,resolved
2024-08-23,1212490.5259479494,0.010907157592054961,1212490.5259479494,0.010907157592054961,ensemble,True,resolved
2024-08-26,1208689.9105712099,-0.003134552638065502,1208689.9105712099,-0.003134552638065502,ensemble,True,resolved
2024-08-27,1214030.3093623442,0.0044183365348111625,1214030.3093623442,0.0044183365348111625,ensemble,True,resolved
2024-08-28,1203953.1772402474,-0.00830056057446349,1203953.1772402474,-0.00830056057446349,ensemble,True,resolved
2024-08-29,1199914.6105453833,-0.003354421726035395,1199914.6105453833,-0.003354421726035395,ensemble,True,resolved
2024-08-30,1209032.6867237855,0.0075989375396119385,1209032.6867237855,0.0075989375396119385,ensemble,True,resolved
2024-09-03,1188709.3522691387,-0.016809582303120796,1188709.3522691387,-0.016809582303120796,ensemble,True,resolved
2024-09-04,1186870.0023173853,-0.0015473504505052471,1186870.0023173853,-0.0015473504505052471,ensemble,True,resolved
2024-09-05,1180756.2195380996,-0.00515118148352256,1180756.2195380996,-0.00515118148352256,ensemble,True,resolved
2024-09-06,1157944.839548293,-0.01931929691526857,1157944.839548293,-0.01931929691526857,ensemble,True,resolved
2024-09-09,1179202.7694397133,0.01835832689553052,1179202.7694397133,0.01835832689553052,ensemble,True,resolved
2024-09-10,1173129.3565998261,-0.005150439769381565,1173129.3565998261,-0.005150439769381565,ensemble,True,resolved
2024-09-11,1182133.0603770115,0.007674945415466761,1182133.0603770115,0.007674945415466761,ensemble,True,resolved
2024-09-12,1185703.4947964228,0.003020332092118716,1185703.4947964228,0.003020332092118716,ensemble,True,resolved
2024-09-13,1192695.7811775191,0.005897162664850519,1192695.7811775191,0.005897162664850519,ensemble,True,resolved
2024-09-16,1196103.6555988179,0.002857287227036487,1196103.6555988179,0.002857287227036487,ensemble,True,resolved
2024-09-17,1197392.948592212,0.001077910754105016,1197392.948592212,0.001077910754105016,ensemble,True,resolved
2024-09-18,1198470.376104778,0.0008998111387181762,1198470.376104778,0.0008998111387181762,ensemble,True,resolved
2024-09-19,1202930.3926472757,0.0037214241014396077,1202930.3926472757,0.0037214241014396077,ensemble,True,resolved
2024-09-20,1203462.841450166,0.00044262644467596424,1203462.841450166,0.00044262644467596424,ensemble,True,resolved
2024-09-23,1213021.905620754,0.007942965782864908,1213021.905620754,0.007942965782864908,ensemble,True,resolved
2024-09-24,1213951.3101234054,0.0007661893807069386,1213951.3101234054,0.0007661893807069386,ensemble,True,resolved
2024-09-25,1209917.0255270794,-0.003323267220590509,1209917.0255270794,-0.003323267220590509,ensemble,True,resolved
2024-09-26,1213485.1040012548,0.0029490274117112136,1213485.1040012548,0.0029490274117112136,ensemble,True,resolved
2024-09-27,1219249.4377025631,0.00475023029314614,1219249.4377025631,0.00475023029314614,ensemble,True,resolved
2024-09-30,1225055.658544768,0.0047621271436841806,1225055.658544768,0.0047621271436841806,ensemble,True,resolved
2024-10-01,1218691.6071423327,-0.005194907968504192,1218691.6071423327,-0.005194907968504192,ensemble,True,resolved
2024-10-02,1223598.5174602913,0.004026375737061549,1223598.5174602913,0.004026375737061549,ensemble,True,resolved
2024-10-03,1218496.5479067438,-0.004169643458000527,1218496.5479067438,-0.004169643458000527,ensemble,True,resolved
2024-10-04,1220291.0288844674,0.0014727009122892376,1220291.0288844674,0.0014727009122892376,ensemble,True,resolved
2024-10-07,1209598.3349619708,-0.008762412956744736,1209598.3349619708,-0.008762412956744736,ensemble,True,resolved
2024-10-08,1215272.9647390218,0.004691333985036739,1215272.9647390218,0.004691333985036739,ensemble,True,resolved
2024-10-09,1218313.7835365785,0.0025021693774038845,1218313.7835365785,0.0025021693774038845,ensemble,True,resolved
2024-10-10,1215404.3421586808,-0.002388088698670132,1215404.3421586808,-0.002388088698670132,ensemble,True,resolved
2024-10-11,1226158.8100565588,0.008848469208837084,1226158.8100565588,0.008848469208837084,ensemble,True,resolved
2024-10-14,1235778.5765808814,0.00784544909307372,1235778.5765808814,0.00784544909307372,ensemble,True,resolved
2024-10-15,1236968.1072870058,0.0009625759247384735,1236968.1072870058,0.0009625759247384735,ensemble,True,resolved
2024-10-16,1239729.352921259,0.0022322690601208617,1239729.352921259,0.0022322690601208617,ensemble,True,resolved
2024-10-17,1240191.3512521435,0.00037266063741725475,1240191.3512521435,0.00037266063741725475,ensemble,True,resolved
2024-10-18,1258545.6436838056,0.014799564932565401,1258545.6436838056,0.014799564932565401,ensemble,True,resolved
2024-10-21,1252986.7562068203,-0.00441691368515984,1252986.7562068203,-0.00441691368515984,ensemble,True,resolved
2024-10-22,1248237.0870079189,-0.003790677894537464,1248237.0870079189,-0.003790677894537464,ensemble,True,resolved
2024-10-23,1242761.427436151,-0.00438671437402427,1242761.427436151,-0.00438671437402427,ensemble,True,resolved
2024-10-24,1244884.1052380512,0.0017080332194403525,1244884.1052380512,0.0017080332194403525,ensemble,True,resolved
2024-10-25,1242172.9429449816,-0.00217784312745406,1242172.9429449816,-0.00217784312745406,ensemble,True,resolved
2024-10-28,1251986.7941980553,0.00790055145606905,1251986.7941980553,0.00790055145606905,ensemble,True,resolved
2024-10-29,1250402.1578974426,-0.0012656972964540936,1250402.1578974426,-0.0012656972964540936,ensemble,True,resolved
2024-10-30,1248588.7357500242,-0.001450271127544811,1248588.7357500242,-0.001450271127544811,ensemble,True,resolved
2024-10-31,1254136.0107979309,0.004442836050875032,1254136.0107979309,0.004442836050875032,ensemble,True,resolved
2024-11-01,1252854.5031189818,-0.0010218251193773176,1252854.5031189818,-0.0010218251193773176,ensemble,True,resolved
2024-11-04,1256919.5119537427,0.003244597696413276,1256919.5119537427,0.003244597696413276,ensemble,True,resolved
2024-11-05,1271059.7669995197,0.011249928823045652,1271059.7669995197,0.011249928823045652,ensemble,True,resolved
2024-11-06,1277822.932793,0.00532088731708158,1277822.932793,0.00532088731708158,ensemble,True,resolved
2024-11-07,1289283.2320607065,0.008968612922493957,1289283.2320607065,0.008968612922493957,ensemble,True,resolved
2024-11-08,1296563.8998379735,0.005647066211843965,1296563.8998379735,0.005647066211843965,ensemble,True,resolved
2024-11-11,1292594.1839671198,-0.003061720190844275,1292594.1839671198,-0.003061720190844275,ensemble,True,resolved
2024-11-12,1283951.546252287,-0.006686273094860695,1283951.546252287,-0.006686273094860695,ensemble,True,resolved
2024-11-13,1269222.7320350097,-0.011471472003962369,1269222.7320350097,-0.011471472003962369,ensemble,True,resolved
2024-11-14,1251977.015698226,-0.013587620124903332,1251977.015698226,-0.013587620124903332,ensemble,True,resolved
2024-11-15,1246045.7265732924,-0.004737538349796067,1246045.7265732924,-0.004737538349796067,ensemble,True,resolved
2024-11-18,1269348.2599824355,0.01870118641089258,1269348.2599824355,0.01870118641089258,ensemble,True,resolved
2024-11-19,1314646.68105568,0.035686361656076304,1314646.68105568,0.035686361656076304,ensemble,True,resolved
2024-11-20,1316178.3148730178,0.0011650535763023662,1316178.3148730178,0.0011650535763023662,ensemble,True,resolved
2024-11-21,1327511.7104927648,0.0086108360027497,1327511.7104927648,0.0086108360027497,ensemble,True,resolved
2024-11-22,1341219.8801106843,0.010326213704609177,1341219.8801106843,0.010326213704609177,ensemble,True,resolved
2024-11-25,1347336.3193278583,0.00456035532120902,1347336.3193278583,0.00456035532120902,ensemble,True,resolved
2024-11-26,1352170.002834984,0.003587584953946177,1352170.002834984,0.003587584953946177,ensemble,True,resolved
2024-11-27,1347229.3493558161,-0.0036538700524411105,1347229.3493558161,-0.0036538700524411105,ensemble,True,resolved
2024-11-29,1353103.353313146,0.004360062345834859,1353103.353313146,0.004360062345834859,ensemble,True,resolved
2024-12-02,1353468.1620793145,0.00026960894396954593,1353468.1620793145,0.00026960894396954593,ensemble,True,resolved
2024-12-03,1348535.891366642,-0.003644171950890285,1348535.891366642,-0.003644171950890285,ensemble,True,resolved
2024-12-04,1345655.1293571696,-0.002136214562708405,1345655.1293571696,-0.002136214562708405,ensemble,True,resolved
2024-12-05,1340575.2407316803,-0.003775030105905408,1340575.2407316803,-0.003775030105905408,ensemble,True,resolved
2024-12-06,1344426.0514646196,0.0028725062316066197,1344426.0514646196,0.0028725062316066197,ensemble,True,resolved
2024-12-09,1332658.5612715553,-0.008752798400659345,1332658.5612715553,-0.008752798400659345,ensemble,True,resolved
2024-12-10,1321392.549593112,-0.008453787043317229,1321392.549593112,-0.008453787043317229,ensemble,True,resolved
2024-12-11,1325980.426690025,0.003472001638215483,1325980.426690025,0.003472001638215483,ensemble,True,resolved
2024-12-12,1326412.6863156524,0.0003259924633325362,1326412.6863156524,0.0003259924633325362,ensemble,True,resolved
2024-12-13,1326383.5648569802,-2.195505137481124e-05,1326383.5648569802,-2.195505137481124e-05,ensemble,True,resolved
2024-12-16,1327353.473273673,0.0007312427885801664,1327353.473273673,0.0007312427885801664,ensemble,True,resolved
2024-12-17,1318121.5235523025,-0.006955155433165605,1318121.5235523025,-0.006955155433165605,ensemble,True,resolved
2024-12-18,1294279.8745959322,-0.018087595514044597,1294279.8745959322,-0.018087595514044597,ensemble,True,resolved
2024-12-19,1286140.850376934,-0.006288457681179027,1286140.850376934,-0.006288457681179027,ensemble,True,resolved
2024-12-20,1300022.536411148,0.010793285999854296,1300022.536411148,0.010793285999854296,ensemble,True,resolved
2024-12-23,1301622.4475274696,0.0012306795240168977,1301622.4475274696,0.0012306795240168977,ensemble,True,resolved
2024-12-24,1312901.6968671014,0.00866553074669052,1312901.6968671014,0.00866553074669052,ensemble,True,resolved
2024-12-26,1314980.5712671492,0.001583419691671084,1314980.5712671492,0.001583419691671084,ensemble,True,resolved
2024-12-27,1305798.3948875715,-0.0069827468026615325,1305798.3948875715,-0.0069827468026615325,ensemble,True,resolved
2024-12-30,1301636.2245817254,-0.003187452459844975,1301636.2245817254,-0.003187452459844975,ensemble,True,resolved
2024-12-31,1293999.315555476,-0.005867160795024473,1293999.315555476,-0.005867160795024473,ensemble,True,resolved
2025-01-02,1293812.4375976985,-0.0001444189000185947,1293812.4375976985,-0.0001444189000185947,ensemble,True,resolved
2025-01-03,1295041.5707237413,0.0009500087418583547,1295041.5707237413,0.0009500087418583547,ensemble,True,resolved
2025-01-06,1305698.027562696,0.008228660052201464,1305698.027562696,0.008228660052201464,ensemble,True,resolved
2025-01-07,1310920.7337203664,0.003999934171164732,1310920.7337203664,0.003999934171164732,ensemble,True,resolved
2025-01-08,1317805.214729115,0.00525163789973071,1317805.214729115,0.00525163789973071,ensemble,True,resolved
2025-01-10,1298414.3081413582,-0.014714546862483524,1298414.3081413582,-0.014714546862483524,ensemble,True,resolved
2025-01-13,1302764.8466619733,0.003350655097788202,1302764.8466619733,0.003350655097788202,ensemble,True,resolved
2025-01-14,1311462.1378647464,0.006676025397106766,1311462.1378647464,0.006676025397106766,ensemble,True,resolved
2025-01-15,1330782.3391027846,0.014731802528050508,1330782.3391027846,0.014731802528050508,ensemble,True,resolved
2025-01-16,1336869.9063717823,0.0045744274552830255,1336869.9063717823,0.0045744274552830255,ensemble,True,resolved
2025-01-17,1340207.1075805007,0.0024962796999263848,1340207.1075805007,0.0024962796999263848,ensemble,True,resolved
2025-01-21,1353007.075770474,0.009550738925031776,1353007.075770474,0.009550738925031776,ensemble,True,resolved
2025-01-22,1354754.743053277,0.0012916911626701388,1354754.743053277,0.0012916911626701388,ensemble,True,resolved
2025-01-23,1359130.4448384135,0.003229884824226481,1359130.4448384135,0.003229884824226481,ensemble,True,resolved
2025-01-24,1357899.9329557768,-0.0009053670214730358,1357899.9329557768,-0.0009053670214730358,ensemble,True,resolved
2025-01-27,1340187.857084663,-0.013043726891244223,1340187.857084663,-0.013043726891244223,ensemble,True,resolved
2025-01-28,1346472.9525274443,0.004689712273959534,1346472.9525274443,0.004689712273959534,ensemble,True,resolved
2025-01-29,1350342.1246405873,0.0028735609622756453,1350342.1246405873,0.0028735609622756453,ensemble,True,resolved
2025-01-30,1362976.510222807,0.009356432974778617,1362976.510222807,0.009356432974778617,ensemble,True,resolved
2025-01-31,1357549.9703201905,-0.0039813891596190976,1357549.9703201905,-0.0039813891596190976,ensemble,True,resolved
2025-02-03,1354127.2939034349,-0.0025212157869579643,1354127.2939034349,-0.0025212157869579643,ensemble,True,resolved
2025-02-04,1351217.3627878125,-0.00214893468931876,1351217.3627878125,-0.00214893468931876,ensemble,True,resolved
2025-02-05,1361682.8179692554,0.007745204783226489,1361682.8179692554,0.007745204783226489,ensemble,True,resolved
2025-02-06,1369165.970155847,0.0054955178165143614,1369165.970155847,0.0054955178165143614,ensemble,True,resolved
2025-02-07,1364505.6965234666,-0.0034037317125621414,1364505.6965234666,-0.0034037317125621414,ensemble,True,resolved
2025-02-10,1363260.2743275864,-0.0009127277365373887,1363260.2743275864,-0.0009127277365373887,ensemble,True,resolved
2025-02-11,1350934.5220589668,-0.009041378598594552,1350934.5220589668,-0.009041378598594552,ensemble,True,resolved
2025-02-12,1354118.0511933935,0.002356538442421785,1354118.0511933935,0.002356538442421785,ensemble,True,resolved
2025-02-13,1362199.5043460536,0.005968056585271775,1362199.5043460536,0.005968056585271775,ensemble,True,resolved
2025-02-14,1362104.0322226058,-7.008674070374532e-05,1362104.0322226058,-7.008674070374532e-05,ensemble,True,resolved
2025-02-18,1376097.6128181405,0.010273503539007134,1376097.6128181405,0.010273503539007134,ensemble,True,resolved
2025-02-19,1372263.2632047385,-0.002786393623305239,1372263.2632047385,-0.002786393623305239,ensemble,True,resolved
2025-02-20,1362453.279208681,-0.007148762383354601,1362453.279208681,-0.007148762383354601,ensemble,True,resolved
2025-02-21,1330916.745842407,-0.023146873252483657,1330916.745842407,-0.023146873252483657,ensemble,True,resolved
2025-02-24,1319683.2836092343,-0.008440394388502859,1319683.2836092343,-0.008440394388502859,ensemble,True,resolved
2025-02-25,1315180.204379994,-0.0034122423805541535,1315180.204379994,-0.0034122423805541535,ensemble,True,resolved
2025-02-26,1343047.630575738,0.021189055387950573,1343047.630575738,0.021189055387950573,ensemble,True,resolved
2025-02-27,1328582.940613173,-0.010770049872590337,1328582.940613173,-0.010770049872590337,ensemble,True,resolved
2025-02-28,1347937.2987766624,0.014567670238605501,1347937.2987766624,0.014567670238605501,ensemble,True,resolved
2025-03-03,1331744.6943050055,-0.012012876627386704,1331744.6943050055,-0.012012876627386704,ensemble,True,resolved
2025-03-04,1327369.746171615,-0.0032851252586919566,1327369.746171615,-0.0032851252586919566,ensemble,True,resolved
2025-03-05,1347502.3552608762,0.015167295433188288,1347502.3552608762,0.015167295433188288,ensemble,True,resolved
2025-03-06,1307746.9681703043,-0.029503018629511213,1307746.9681703043,-0.029503018629511213,ensemble,True,resolved
2025-03-07,1315547.148724378,0.005964594637896337,1315547.148724378,0.005964594637896337,ensemble,True,resolved
2025-03-10,1255107.077222172,-0.045942915509194715,1255107.077222172,-0.045942915509194715,ensemble,True,resolved
2025-03-11,1269251.0790201703,0.011269159464308176,1269251.0790201703,0.011269159464308176,ensemble,True,resolved
2025-03-12,1296784.8755470924,0.021692947110336647,1296784.8755470924,0.021692947110336647,ensemble,True,resolved
2025-03-13,1278787.570721425,-0.01387840432521592,1278787.570721425,-0.01387840432521592,ensemble,True,resolved
2025-03-14,1305241.4558281584,0.020686692389267902,1305241.4558281584,0.020686692389267902,ensemble,True,resolved
2025-03-17,1318596.444336113,0.010231814541533213,1318596.444336113,0.010231814541533213,ensemble,True,resolved
2025-03-18,1312598.663368336,-0.004548609996288033,1312598.663368336,-0.004548609996288033,ensemble,True,resolved
2025-03-19,1334341.600937332,0.01656480246079206,1334341.600937332,0.01656480246079206,ensemble,True,resolved
2025-03-20,1330072.1940645946,-0.003199635587872174,1330072.1940645946,-0.003199635587872174,ensemble,True,resolved
2025-03-21,1335668.4819291933,0.004207506847802689,1335668.4819291933,0.004207506847802689,ensemble,True,resolved
2025-03-24,1358802.7269604967,0.017320349580974836,1358802.7269604967,0.017320349580974836,ensemble,True,resolved
2025-03-25,1359509.8428584759,0.0005203962900197645,1359509.8428584759,0.0005203962900197645,ensemble,True,resolved
2025-03-26,1362483.4518892309,0.002187265540132266,1362483.4518892309,0.002187265540132266,ensemble,True,resolved
2025-03-27,1357326.056060116,-0.0037852906190997127,1357326.056060116,-0.0037852906190997127,ensemble,True,resolved
2025-03-28,1334938.687768389,-0.016493729116724087,1334938.687768389,-0.016493729116724087,ensemble,True,resolved
2025-03-31,1330281.2903974615,-0.0034888474007096493,1330281.2903974615,-0.0034888474007096493,ensemble,True,resolved
2025-04-01,1354937.776370078,0.01853479121340551,1354937.776370078,0.01853479121340551,ensemble,True,resolved
2025-04-02,1369159.9445832432,0.010496547119135391,1369159.9445832432,0.010496547119135391,ensemble,True,resolved
2025-04-03,1309607.0184282414,-0.04349595997940847,1309607.0184282414,-0.04349595997940847,ensemble,True,resolved
2025-04-04,1256585.3120948467,-0.040486730436913865,1256585.3120948467,-0.040486730436913865,ensemble,True,resolved
2025-04-07,1280609.9940715898,0.019119021800988234,1280609.9940715898,0.019119021800988234,ensemble,True,resolved
2025-04-08,1284172.622179129,0.002781977435778238,1284172.622179129,0.002781977435778238,ensemble,True,resolved
2025-04-09,1379293.7818026184,0.07407194171611997,1379293.7818026184,0.07407194171611997,ensemble,True,resolved
2025-04-10,1324421.8915737437,-0.039782598133054625,1324421.8915737437,-0.039782598133054625,ensemble,True,resolved
2025-04-11,1339646.6366294348,0.011495389160020908,1339646.6366294348,0.011495389160020908,ensemble,True,resolved
2025-04-14,1360115.5122398816,0.015279309521462059,1360115.5122398816,0.015279309521462059,ensemble,True,resolved
2025-04-15,1362067.8765266207,0.0014354400557670122,1362067.8765266207,0.0014354400557670122,ensemble,True,resolved
2025-04-16,1349033.3439444797,-0.00956966448352048,1349033.3439444797,-0.00956966448352048,ensemble,True,resolved
2025-04-17,1353029.374505103,0.0029621436553519676,1353029.374505103,0.0029621436553519676,ensemble,True,resolved
2025-04-21,1328663.5689527174,-0.01800833449111039,1328663.5689527174,-0.01800833449111039,ensemble,True,resolved
2025-04-22,1371232.4110864955,0.032038841982648725,1371232.4110864955,0.032038841982648725,ensemble,True,resolved
2025-04-23,1408252.7961428864,0.026997892375558497,1408252.7961428864,0.026997892375558497,ensemble,True,resolved
2025-04-24,1423743.029317249,0.010999611161284006,1423743.029317249,0.010999611161284006,ensemble,True,resolved
2025-04-25,1416358.256653505,-0.0051868718663967694,1416358.256653505,-0.0051868718663967694,ensemble,True,resolved
2025-04-28,1422617.9968668888,0.004419602303285863,1422617.9968668888,0.004419602303285863,ensemble,True,resolved
2025-04-29,1427480.566203982,0.0034180428954240227,1427480.566203982,0.0034180428954240227,ensemble,True,resolved
2025-04-30,1430584.2103795833,0.0021742111585130175,1430584.2103795833,0.0021742111585130175,ensemble,True,resolved
2025-05-01,1423060.3494522749,-0.005259292583211228,1423060.3494522749,-0.005259292583211228,ensemble,True,resolved
2025-05-02,1441195.756890905,0.012743948241977554,1441195.756890905,0.012743948241977554,ensemble,True,resolved
2025-05-05,1436204.96659934,-0.003462951002805914,1436204.96659934,-0.003462951002805914,ensemble,True,resolved
2025-05-06,1437184.1645138282,0.0006817953824562739,1437184.1645138282,0.0006817953824562739,ensemble,True,resolved
2025-05-07,1452523.0715044322,0.01067288895142604,1452523.0715044322,0.01067288895142604,ensemble,True,resolved
2025-05-08,1460726.3469044813,0.005647604200567091,1460726.3469044813,0.005647604200567091,ensemble,True,resolved
2025-05-09,1463267.5375635969,0.0017396760621870566,1463267.5375635969,0.0017396760621870566,ensemble,True,resolved
2025-05-12,1472519.8070006631,0.006323019679963515,1472519.8070006631,0.006323019679963515,ensemble,True,resolved
2025-05-13,1467325.7620795825,-0.003527317524957607,1467325.7620795825,-0.003527317524957607,ensemble,True,resolved
2025-05-14,1471503.007360189,0.0028468424589549457,1471503.007360189,0.0028468424589549457,ensemble,True,resolved
2025-05-15,1498893.4684317522,0.018613934823483946,1498893.4684317522,0.018613934823483946,ensemble,True,resolved
2025-05-16,1511275.5596194437,0.008260821364874271,1511275.5596194437,0.008260821364874271,ensemble,True,resolved
2025-05-19,1514881.6646413442,0.002386133355328335,1514881.6646413442,0.002386133355328335,ensemble,True,resolved
2025-05-20,1511792.3839028066,-0.002039288487440394,1511792.3839028066,-0.002039288487440394,ensemble,True,resolved
2025-05-21,1490753.9159539621,-0.013916241524204565,1490753.9159539621,-0.013916241524204565,ensemble,True,resolved
2025-05-22,1487021.6412187347,-0.002503615583554608,1487021.6412187347,-0.002503615583554608,ensemble,True,resolved
2025-05-23,1477605.4312343684,-0.006332261564565345,1477605.4312343684,-0.006332261564565345,ensemble,True,resolved
2025-05-27,1493056.1191614796,0.010456572235393091,1493056.1191614796,0.010456572235393091,ensemble,True,resolved
2025-05-28,1489313.9923485564,-0.002506353756498325,1489313.9923485564,-0.002506353756498325,ensemble,True,resolved
2025-05-29,1488213.157593585,-0.0007391555848040854,1488213.157593585,-0.0007391555848040854,ensemble,True,resolved
2025-05-30,1488006.0036137511,-0.0001391964442573057,1488006.0036137511,-0.0001391964442573057,ensemble,True,resolved
2025-06-02,1491311.115545945,0.0022211684120676534,1491311.115545945,0.0022211684120676534,ensemble,True,resolved
2025-06-03,1499817.4364314547,0.0057039210643821114,1499817.4364314547,0.0057039210643821114,ensemble,True,resolved
2025-06-04,1494104.008963652,-0.003809415285500939,1494104.008963652,-0.003809415285500939,ensemble,True,resolved
2025-06-05,1489815.4680420565,-0.002870309493761436,1489815.4680420565,-0.002870309493761436,ensemble,True,resolved
2025-06-06,1499619.4969375546,0.006580700164418696,1499619.4969375546,0.006580700164418696,ensemble,True,resolved
2025-06-09,1491747.8372848711,-0.00524910463538153,1491747.8372848711,-0.00524910463538153,ensemble,True,resolved
2025-06-10,1493995.806900774,0.0015069367353628405,1493995.806900774,0.0015069367353628405,ensemble,True,resolved
2025-06-11,1497561.822841045,0.0023868982254164894,1497561.822841045,0.0023868982254164894,ensemble,True,resolved
2025-06-12,1507812.95792834,0.006845216625412709,1507812.95792834,0.006845216625412709,ensemble,True,resolved
2025-06-13,1502506.1406359384,-0.0035195461509316406,1502506.1406359384,-0.0035195461509316406,ensemble,True,resolved
2025-06-16,1512894.5422441717,0.006914049352128693,1512894.5422441717,0.006914049352128693,ensemble,True,resolved
2025-06-17,1503385.7940704087,-0.006285136146805148,1503385.7940704087,-0.006285136146805148,ensemble,True,resolved
2025-06-18,1502373.9320046604,-0.0006730554923022325,1502373.9320046604,-0.0006730554923022325,ensemble,True,resolved
2025-06-20,1505788.9709436041,0.0022730951770355556,1505788.9709436041,0.0022730951770355556,ensemble,True,resolved
2025-06-23,1521521.84187043,0.010448257511785908,1521521.84187043,0.010448257511785908,ensemble,True,resolved
2025-06-24,1529337.6206905409,0.005136816708791292,1529337.6206905409,0.005136816708791292,ensemble,True,resolved
2025-06-25,1519815.9614853677,-0.006226002078516757,1519815.9614853677,-0.006226002078516757,ensemble,True,resolved
2025-06-26,1530153.8927460557,0.006802094149994664,1530153.8927460557,0.006802094149994664,ensemble,True,resolved
2025-06-27,1535362.865896474,0.003404215206792127,1535362.865896474,0.003404215206792127,ensemble,True,resolved
2025-06-30,1543543.56954529,0.005328189075381351,1543543.56954529,0.005328189075381351,ensemble,True,resolved
2025-07-01,1537788.3961431747,-0.0037285461296118205,1537788.3961431747,-0.0037285461296118205,ensemble,True,resolved
2025-07-02,1540481.0866373116,0.001751014964666231,1540481.0866373116,0.001751014964666231,ensemble,True,resolved
2025-07-03,1552153.7100722631,0.007577258517617702,1552153.7100722631,0.007577258517617702,ensemble,True,resolved
2025-07-07,1553407.1842367582,0.0008075708973673823,1553407.1842367582,0.0008075708973673823,ensemble,True,resolved
2025-07-08,1545421.4359964489,-0.0051407952282858105,1545421.4359964489,-0.0051407952282858105,ensemble,True,resolved
2025-07-09,1546800.9519347628,0.000892647083948539,1546800.9519347628,0.000892647083948539,ensemble,True,resolved
2025-07-10,1547451.1450922063,0.0004203470114434449,1547451.1450922063,0.0004203470114434449,ensemble,True,resolved
2025-07-11,1538974.3624135277,-0.005477900032943239,1538974.3624135277,-0.005477900032943239,ensemble,True,resolved
2025-07-14,1551648.7347902893,0.008235596827542269,1551648.7347902893,0.008235596827542269,ensemble,True,resolved
2025-07-15,1537523.3011910135,-0.009103499576007423,1537523.3011910135,-0.009103499576007423,ensemble,True,resolved
2025-07-16,1543817.5431819393,0.00409375388720945,1543817.5431819393,0.00409375388720945,ensemble,True,resolved
2025-07-17,1548079.0604484982,0.002760376240948492,1548079.0604484982,0.002760376240948492,ensemble,True,resolved
2025-07-18,1555907.3611755813,0.005056783550069666,1555907.3611755813,0.005056783550069666,ensemble,True,resolved
2025-07-21,1554134.5831814946,-0.0011393853119553432,1554134.5831814946,-0.0011393853119553432,ensemble,True,resolved
2025-07-22,1561145.3753523533,0.004511058596036621,1561145.3753523533,0.004511058596036621,ensemble,True,resolved
2025-07-23,1564026.1595652895,0.0018453016986237358,1564026.1595652895,0.0018453016986237358,ensemble,True,resolved
2025-07-24,1563269.8031174645,-0.0004835957782414191,1563269.8031174645,-0.0004835957782414191,ensemble,True,resolved
2025-07-25,1570980.6489629652,0.004932511221110936,1570980.6489629652,0.004932511221110936,ensemble,True,resolved
2025-07-28,1571565.9549681272,0.00037257365681009347,1571565.9549681272,0.00037257365681009347,ensemble,True,resolved
2025-07-29,1577549.1727149712,0.003807169357372242,1577549.1727149712,0.003807169357372242,ensemble,True,resolved
2025-07-30,1581057.1246140036,0.0022236719841797203,1581057.1246140036,0.0022236719841797203,ensemble,True,resolved
2025-07-31,1588105.647489768,0.004458107658497967,1588105.647489768,0.004458107658497967,ensemble,True,resolved
2025-08-01,1574225.8528577778,-0.008739843381282086,1574225.8528577778,-0.008739843381282086,ensemble,True,resolved
2025-08-04,1591222.364078844,0.01079674253234475,1591222.364078844,0.01079674253234475,ensemble,True,resolved
2025-08-05,1581757.7345353048,-0.005948024460439405,1581757.7345353048,-0.005948024460439405,ensemble,True,resolved
2025-08-06,1588297.7164372928,0.004134629317244398,1588297.7164372928,0.004134629317244398,ensemble,True,resolved
2025-08-07,1567486.146323705,-0.013103066193578594,1567486.146323705,-0.013103066193578594,ensemble,True,resolved
2025-08-08,1569694.060042214,0.0014085698452181994,1569694.060042214,0.0014085698452181994,ensemble,True,resolved
2025-08-11,1570444.436349514,0.00047803984636329844,1570444.436349514,0.00047803984636329844,ensemble,True,resolved
2025-08-12,1584461.051210627,0.008925253601263616,1584461.051210627,0.008925253601263616,ensemble,True,resolved
2025-08-13,1595061.118763283,0.006690014591748339,1595061.118763283,0.006690014591748339,ensemble,True,resolved
2025-08-14,1588708.3696627812,-0.003982762181192867,1588708.3696627812,-0.003982762181192867,ensemble,True,resolved
2025-08-15,1583437.8163025435,-0.0033175083992013077,1583437.8163025435,-0.0033175083992013077,ensemble,True,resolved
2025-08-18,1592900.4068402385,0.005975978620866185,1592900.4068402385,0.005975978620866185,ensemble,True,resolved
2025-08-19,1581012.1250581555,-0.007463292576881941,1581012.1250581555,-0.007463292576881941,ensemble,True,resolved
2025-08-20,1588137.7839955264,0.004507023585988534,1588137.7839955264,0.004507023585988534,ensemble,True,resolved
2025-08-21,1587864.98443919,-0.00017177322968164876,1587864.98443919,-0.00017177322968164876,ensemble,True,resolved
2025-08-22,1598729.6587913996,0.00684231622882403,1598729.6587913996,0.00684231622882403,ensemble,True,resolved
2025-08-25,1594253.4842431047,-0.0027998320564582846,1594253.4842431047,-0.0027998320564582846,ensemble,True,resolved
2025-08-26,1601810.2745894424,0.00474001808434199,1601810.2745894424,0.00474001808434199,ensemble,True,resolved
2025-08-27,1605215.3908116422,0.002125792471316501,1605215.3908116422,0.002125792471316501,ensemble,True,resolved
2025-08-28,1604064.8288745128,-0.0007167648302621732,1604064.8288745128,-0.0007167648302621732,ensemble,True,resolved
2025-08-29,1598165.343518583,-0.0036778347419219592,1598165.343518583,-0.0036778347419219592,ensemble,True,resolved
2025-09-02,1601715.0331254285,0.002221102854746082,1601715.0331254285,0.002221102854746082,ensemble,True,resolved
2025-09-03,1602324.490615226,0.00038050307151604734,1602324.490615226,0.00038050307151604734,ensemble,True,resolved
2025-09-04,1616015.5517106594,0.008544499678823758,1616015.5517106594,0.008544499678823758,ensemble,True,resolved
2025-09-05,1613312.4711107388,-0.0016726822938425423,1613312.4711107388,-0.0016726822938425423,ensemble,True,resolved
2025-09-08,1612071.9766806732,-0.0007689114491327143,1612071.9766806732,-0.0007689114491327143,ensemble,True,resolved
2025-09-09,1616326.9301850703,0.002639431468288489,1616326.9301850703,0.002639431468288489,ensemble,True,resolved
2025-09-10,1631263.542283335,0.00924108348337338,1631263.542283335,0.00924108348337338,ensemble,True,resolved
2025-09-11,1644063.2851497214,0.007846520525107925,1644063.2851497214,0.007846520525107925,ensemble,True,resolved
2025-09-12,1636909.221162688,-0.004351452922557009,1636909.221162688,-0.004351452922557009,ensemble,True,resolved
2025-09-15,1638457.2153534512,0.000945681147586086,1638457.2153534512,0.000945681147586086,ensemble,True,resolved
2025-09-16,1637502.2086330233,-0.0005828694893457165,1637502.2086330233,-0.0005828694893457165,ensemble,True,resolved
2025-09-17,1643313.5483762543,0.003548904980154033,1643313.5483762543,0.003548904980154033,ensemble,True,resolved
2025-09-18,1649018.5712025282,0.003471658121428467,1649018.5712025282,0.003471658121428467,ensemble,True,resolved
2025-09-19,1649709.7868815307,0.0004191679166465345,1649709.7868815307,0.0004191679166465345,ensemble,True,resolved
2025-09-22,1650024.855779659,0.00019098443898069029,1650024.855779659,0.00019098443898069029,ensemble,True,resolved
2025-09-23,1649920.7384792315,-6.310044364654654e-05,1649920.7384792315,-6.310044364654654e-05,ensemble,True,resolved
2025-09-24,1647558.2152424816,-0.001431901049336215,1647558.2152424816,-0.001431901049336215,ensemble,True,resolved
2025-09-25,1641316.2723434144,-0.0037886023336349828,1641316.2723434144,-0.0037886023336349828,ensemble,True,resolved
2025-09-26,1654209.2107962102,0.007855243178932048,1654209.2107962102,0.007855243178932048,ensemble,True,resolved
2025-09-29,1665501.8902205643,0.006826633143288241,1665501.8902205643,0.006826633143288241,ensemble,True,resolved
2025-09-30,1663019.0956440635,-0.0014907185582191396,1663019.0956440635,-0.0014907185582191396,ensemble,True,resolved
2025-10-01,1656211.3290028274,-0.004093619044464147,1656211.3290028274,-0.004093619044464147,ensemble,True,resolved
2025-10-02,1661261.6051695165,0.003049294542460279,1661261.6051695165,0.003049294542460279,ensemble,True,resolved
2025-10-03,1662321.5345916194,0.0006380267977088572,1662321.5345916194,0.0006380267977088572,ensemble,True,resolved
2025-10-06,1660517.245168289,-0.0010854033866400936,1660517.245168289,-0.0010854033866400936,ensemble,True,resolved
2025-10-07,1659483.9424677463,-0.000622277608708588,1659483.9424677463,-0.000622277608708588,ensemble,True,resolved
2025-10-08,1664420.3027236592,0.0029746357464430773,1664420.3027236592,0.0029746357464430773,ensemble,True,resolved
2025-10-09,1663613.3223470196,-0.00048484170453766406,1663613.3223470196,-0.00048484170453766406,ensemble,True,resolved
2025-10-10,1638191.4242882,-0.015281133973461092,1638191.4242882,-0.015281133973461092,ensemble,True,resolved
2025-10-13,1656295.0117440019,0.011050959727534782,1656295.0117440019,0.011050959727534782,ensemble,True,resolved
2025-10-14,1653581.9337780385,-0.0016380402927776982,1653581.9337780385,-0.0016380402927776982,ensemble,True,resolved
2025-10-15,1646844.8618094446,-0.004074229302446053,1646844.8618094446,-0.004074229302446053,ensemble,True,resolved
2025-10-16,1645650.0807508137,-0.0007254970315285769,1645650.0807508137,-0.0007254970315285769,ensemble,True,resolved
2025-10-17,1652541.7457644818,0.004187807052228099,1652541.7457644818,0.004187807052228099,ensemble,True,resolved
2025-10-20,1670611.5010068708,0.010934522706432359,1670611.5010068708,0.010934522706432359,ensemble,True,resolved
2025-10-21,1666888.8297751178,-0.002228328506962418,1666888.8297751178,-0.002228328506962418,ensemble,True,resolved
2025-10-22,1656891.8808287224,-0.005997369931229346,1656891.8808287224,-0.005997369931229346,ensemble,True,resolved
2025-10-23,1691003.1817599088,0.020587523740007052,1691003.1817599088,0.020587523740007052,ensemble,True,resolved
2025-10-24,1722969.5611441373,0.018903796118798333,1722969.5611441373,0.018903796118798333,ensemble,True,resolved
2025-10-27,1725186.62944153,0.001286771599099179,1725186.62944153,0.001286771599099179,ensemble,True,resolved
2025-10-28,1712179.3056166833,-0.007539661856211688,1712179.3056166833,-0.007539661856211688,ensemble,True,resolved
2025-10-29,1700548.7598856308,-0.00679283162277422,1700548.7598856308,-0.00679283162277422,ensemble,True,resolved
2025-10-30,1697573.6819094892,-0.0017494811359256568,1697573.6819094892,-0.0017494811359256568,ensemble,True,resolved
2025-10-31,1694189.659858147,-0.001993446344865424,1694189.659858147,-0.001993446344865424,ensemble,True,resolved
2025-11-03,1697660.7449147147,0.0020488172834547402,1697660.7449147147,0.0020488172834547402,ensemble,True,resolved
2025-11-04,1686847.2508338096,-0.006369643707258121,1686847.2508338096,-0.006369643707258121,ensemble,True,resolved
2025-11-05,1705816.4688246092,0.011245367937982031,1705816.4688246092,0.011245367937982031,ensemble,True,resolved
2025-11-06,1662505.7811866975,-0.025390004393470833,1662505.7811866975,-0.025390004393470833,ensemble,True,resolved
2025-11-07,1682249.7383129,0.011876023139064884,1682249.7383129,0.011876023139064884,ensemble,True,resolved
2025-11-10,1708074.211099185,0.01535115280337851,1708074.211099185,0.01535115280337851,ensemble,True,resolved
2025-11-11,1700424.7189418697,-0.004478430800961997,1700424.7189418697,-0.004478430800961997,ensemble,True,resolved
2025-11-12,1702834.8201121127,0.0014173524669429671,1702834.8201121127,0.0014173524669429671,ensemble,True,resolved
2025-11-13,1675179.1180156518,-0.01624097755684839,1675179.1180156518,-0.01624097755684839,ensemble,True,resolved
2025-11-14,1695430.039837035,0.012088809849403637,1695430.039837035,0.012088809849403637,ensemble,True,resolved
2025-11-17,1684449.009635285,-0.0064768406502961895,1684449.009635285,-0.0064768406502961895,ensemble,True,resolved
2025-11-18,1673101.463364681,-0.006736651691855555,1673101.463364681,-0.006736651691855555,ensemble,True,resolved
2025-11-19,1674057.9317660844,0.0005716738777334918,1674057.9317660844,0.0005716738777334918,ensemble,True,resolved
2025-11-20,1635961.9851445023,-0.022756647723291112,1635961.9851445023,-0.022756647723291112,ensemble,True,resolved
2025-11-21,1661080.3435375607,0.0153538765699619,1661080.3435375607,0.0153538765699619,ensemble,True,resolved
2025-11-24,1702176.3827542937,0.024740548749864644,1702176.3827542937,0.024740548749864644,ensemble,True,resolved
2025-11-25,1702156.9986399934,-1.1387841176047075e-05,1702156.9986399934,-1.1387841176047075e-05,ensemble,True,resolved
2025-11-26,1711387.1204621748,0.00542260310274334,1711387.1204621748,0.00542260310274334,ensemble,True,resolved
2025-11-28,1717633.0823672304,0.0036496487734283267,1717633.0823672304,0.0036496487734283267,ensemble,True,resolved
2025-12-01,1709424.395273777,-0.004779069044327122,1709424.395273777,-0.004779069044327122,ensemble,True,resolved
2025-12-02,1704703.9873424447,-0.0027614019926140987,1704703.9873424447,-0.0027614019926140987,ensemble,True,resolved
2025-12-03,1699418.234005673,-0.0031006869087060185,1699418.234005673,-0.0031006869087060185,ensemble,True,resolved
2025-12-04,1704966.057706444,0.0032645428828277367,1704966.057706444,0.0032645428828277367,ensemble,True,resolved
2025-12-05,1708459.874867408,0.0020492004196634994,1708459.874867408,0.0020492004196634994,ensemble,True,resolved
2025-12-08,1703858.080826196,-0.0026935335789313175,1703858.080826196,-0.0026935335789313175,ensemble,True,resolved
2025-12-09,1706578.823042354,0.0015968126963008533,1706578.823042354,0.0015968126963008533,ensemble,True,resolved
2025-12-10,1715141.0966494968,0.005017215432146616,1715141.0966494968,0.005017215432146616,ensemble,True,resolved
2025-12-11,1726927.9716707906,0.006872248029225814,1726927.9716707906,0.006872248029225814,ensemble,True,resolved
2025-12-12,1727594.5504378132,0.0003859910650341192,1727594.5504378132,0.0003859910650341192,ensemble,True,resolved
2025-12-15,1727682.7141836467,5.1032660302929855e-05,1727682.7141836467,5.1032660302929855e-05,ensemble,True,resolved
2025-12-16,1719293.55254737,-0.004855730492297372,1719293.55254737,-0.004855730492297372,ensemble,True,resolved
2025-12-17,1702959.191253691,-0.009500623828593735,1702959.191253691,-0.009500623828593735,ensemble,True,resolved
2025-12-18,1703375.6787292855,0.00024456691489360693,1703375.6787292855,0.00024456691489360693,ensemble,True,resolved
2025-12-19,1724461.8593053634,0.012379054626286523,1724461.8593053634,0.012379054626286523,ensemble,True,resolved
2025-12-22,1733593.5296263206,0.005295373899794731,1733593.5296263206,0.005295373899794731,ensemble,True,resolved
2025-12-23,1735040.6625822517,0.0008347590892561207,1735040.6625822517,0.0008347590892561207,ensemble,True,resolved
2025-12-24,1739887.763583181,0.0027936526823038044,1739887.763583181,0.0027936526823038044,ensemble,True,resolved
2025-12-26,1738871.9979208487,-0.0005838110271206842,1738871.9979208487,-0.0005838110271206842,ensemble,True,resolved
2025-12-29,1733287.8213446331,-0.003211378746044824,1733287.8213446331,-0.003211378746044824,ensemble,True,resolved
2025-12-30,1724837.8351474265,-0.004875120042470149,1724837.8351474265,-0.004875120042470149,ensemble,True,resolved
2025-12-31,1709546.024289271,-0.008865651336346203,1709546.024289271,-0.008865651336346203,ensemble,True,resolved
2024-01-02,1000000.0,,1000000.0,,elastic_net,True,resolved
2024-01-03,997260.8245211001,-0.0027391754788999023,997260.8245211001,-0.0027391754788999023,elastic_net,True,resolved
2024-01-04,994455.0263582801,-0.0028135048463048262,994455.0263582801,-0.0028135048463048262,elastic_net,True,resolved
2024-01-05,993613.8946365595,-0.00084582178120296,993613.8946365595,-0.00084582178120296,elastic_net,True,resolved
2024-01-08,1011807.9320311125,0.018310973198707003,1011807.9320311125,0.018310973198707003,elastic_net,True,resolved
2024-01-09,1008658.3743766235,-0.0031128019012131025,1008658.3743766235,-0.0031128019012131025,elastic_net,True,resolved
2024-01-10,1021046.5712522547,0.012281855968615085,1021046.5712522547,0.012281855968615085,elastic_net,True,resolved
2024-01-11,1020184.7026815533,-0.0008441030947728967,1020184.7026815533,-0.0008441030947728967,elastic_net,True,resolved
2024-01-12,1017452.86520403,-0.0026777871402529074,1017452.86520403,-0.0026777871402529074,elastic_net,True,resolved
2024-01-16,1014511.6494772143,-0.002890763619035841,1014511.6494772143,-0.002890763619035841,elastic_net,True,resolved
2024-01-17,1005088.7812337999,-0.00928808284091176,1005088.7812337999,-0.00928808284091176,elastic_net,True,resolved
2024-01-18,1011136.9001740845,0.006017497213390621,1011136.9001740845,0.006017497213390621,elastic_net,True,resolved
2024-01-19,1022762.6144077828,0.01149766587659573,1022762.6144077828,0.01149766587659573,elastic_net,True,resolved
2024-01-22,1023186.3499779501,0.00041430490731486636,1023186.3499779501,0.00041430490731486636,elastic_net,True,resolved
2024-01-23,1027534.4068880168,0.004249525914961971,1027534.4068880168,0.004249525914961971,elastic_net,True,resolved
2024-01-24,1030464.4500220083,0.0028515280017389344,1030464.4500220083,0.0028515280017389344,elastic_net,True,resolved
2024-01-25,1024793.6592698209,-0.005503140600402356,1024793.6592698209,-0.005503140600402356,elastic_net,True,resolved
2024-01-26,1029166.0322329513,0.00426658861867435,1029166.0322329513,0.00426658861867435,elastic_net,True,resolved
2024-01-29,1036962.0893395483,0.007575120886648579,1036962.0893395483,0.007575120886648579,elastic_net,True,resolved
2024-01-30,1042177.9945445997,0.005029986398416453,1042177.9945445997,0.005029986398416453,elastic_net,True,resolved
2024-01-31,1036908.0175393361,-0.005056695720740412,1036908.0175393361,-0.005056695720740412,elastic_net,True,resolved
2024-02-01,1046996.4716329826,0.009729362607868719,1046996.4716329826,0.009729362607868719,elastic_net,True,resolved
2024-02-02,1057255.1582564628,0.009798205535000326,1057255.1582564628,0.009798205535000326,elastic_net,True,resolved
2024-02-05,1053468.0765581958,-0.0035819940614074675,1053468.0765581958,-0.0035819940614074675,elastic_net,True,resolved
2024-02-06,1055842.9157431333,0.0022543057903532393,1055842.9157431333,0.0022543057903532393,elastic_net,True,resolved
2024-02-07,1065944.0925348864,0.009566931445141869,1065944.0925348864,0.009566931445141869,elastic_net,True,resolved
2024-02-08,1067690.8362592005,0.0016386823066489864,1067690.8362592005,0.0016386823066489864,elastic_net,True,resolved
2024-02-09,1073372.2971637745,0.005321260342066703,1073372.2971637745,0.005321260342066703,elastic_net,True,resolved
2024-02-12,1073227.6400370218,-0.00013476882823870717,1073227.6400370218,-0.00013476882823870717,elastic_net,True,resolved
2024-02-13,1070365.026450235,-0.0026672939458474154,1070365.026450235,-0.0026672939458474154,elastic_net,True,resolved
2024-02-14,1078445.2258909093,0.0075490129451178944,1078445.2258909093,0.0075490129451178944,elastic_net,True,resolved
2024-02-15,1085068.7429095916,0.00614172779448352,1085068.7429095916,0.00614172779448352,elastic_net,True,resolved
2024-02-16,1076238.5539412708,-0.008137907414642598,1076238.5539412708,-0.008137907414642598,elastic_net,True,resolved
2024-02-20,1068230.2295595997,-0.007441030942762716,1068230.2295595997,-0.007441030942762716,elastic_net,True,resolved
2024-02-21,1056316.070622558,-0.01115317523073045,1056316.070622558,-0.01115317523073045,elastic_net,True,resolved
2024-02-22,1086574.4768802542,0.028645220023835183,1086574.4768802542,0.028645220023835183,elastic_net,True,resolved
2024-02-23,1086170.1830369718,-0.000372081115362799,1086170.1830369718,-0.000372081115362799,elastic_net,True,resolved
2024-02-26,1086432.114453713,0.0002411513599174242,1086432.114453713,0.0002411513599174242,elastic_net,True,resolved
2024-02-27,1090404.2844899758,0.0036561603651232844,1090404.2844899758,0.0036561603651232844,elastic_net,True,resolved
2024-02-28,1090522.2891693392,0.00010822103419982909,1090522.2891693392,0.00010822103419982909,elastic_net,True,resolved
2024-02-29,1102299.8454017225,0.010799922522770622,1102299.8454017225,0.010799922522770622,elastic_net,True,resolved
2024-03-01,1115405.1727769887,0.011889076669960197,1115405.1727769887,0.011889076669960197,elastic_net,True,resolved
2024-03-04,1118662.3228908964,0.0029201497298048107,1118662.3228908964,0.0029201497298048107,elastic_net,True,resolved
2024-03-05,1106249.4605815967,-0.011096165532081037,1106249.4605815967,-0.011096165532081037,elastic_net,True,resolved
2024-03-06,1112535.730833901,0.005682506953720523,1112535.730833901,0.005682506953720523,elastic_net,True,resolved
2024-03-07,1123359.0174145382,0.009728484470808318,1123359.0174145382,0.009728484470808318,elastic_net,True,resolved
2024-03-08,1124132.3455305006,0.0006884069153085814,1124132.3455305006,0.0006884069153085814,elastic_net,True,resolved
2024-03-11,1121128.4005097586,-0.0026722343082516975,1121128.4005097586,-0.0026722343082516975,elastic_net,True,resolved
2024-03-12,1131193.384830976,0.00897754825998609,1131193.384830976,0.00897754825998609,elastic_net,True,resolved
2024-03-13,1132862.6971682096,0.0014757090693942043,1132862.6971682096,0.0014757090693942043,elastic_net,True,resolved
2024-03-14,1120728.3311951784,-0.010711241532944005,1120728.3311951784,-0.010711241532944005,elastic_net,True,resolved
2024-03-15,1119121.9579943444,-0.0014333296983051191,1119121.9579943444,-0.0014333296983051191,elastic_net,True,resolved
2024-03-18,1129383.2348141023,0.009169042521645965,1129383.2348141023,0.009169042521645965,elastic_net,True,resolved
2024-03-19,1124254.6988781574,-0.004541005902915729,1124254.6988781574,-0.004541005902915729,elastic_net,True,resolved
2024-03-20,1151275.5039388444,0.024034415944758747,1151275.5039388444,0.024034415944758747,elastic_net,True,resolved
2024-03-21,1168016.1333670106,0.014540941217711767,1168016.1333670106,0.014540941217711767,elastic_net,True,resolved
2024-03-22,1159934.6384375799,-0.006918992553753944,1159934.6384375799,-0.006918992553753944,elastic_net,True,resolved
2024-03-25,1169970.9414900152,0.008652472923779797,1169970.9414900152,0.008652472923779797,elastic_net,True,resolved
2024-03-26,1172158.6000789744,0.0018698401057490877,1172158.6000789744,0.0018698401057490877,elastic_net,True,resolved
2024-03-27,1183077.2994448172,0.00931503583653881,1183077.2994448172,0.00931503583653881,elastic_net,True,resolved
2024-03-28,1182127.151150388,-0.0008031159881735084,1182127.151150388,-0.0008031159881735084,elastic_net,True,resolved
2024-04-01,1186911.7208990252,0.004047423954336216,1186911.7208990252,0.004047423954336216,elastic_net,True,resolved
2024-04-02,1173912.3556379115,-0.010952259576025858,1173912.3556379115,-0.010952259576025858,elastic_net,True,resolved
2024-04-03,1184438.697131462,0.008966888748547452,1184438.697131462,0.008966888748547452,elastic_net,True,resolved
2024-04-04,1173621.8021257827,-0.00913250726430681,1173621.8021257827,-0.00913250726430681,elastic_net,True,resolved
2024-04-05,1184722.891233402,0.009458829997459173,1184722.891233402,0.009458829997459173,elastic_net,True,resolved
2024-04-08,1191756.9201596812,0.005937277804226593,1191756.9201596812,0.005937277804226593,elastic_net,True,resolved
2024-04-09,1195959.7946234774,0.003526620565570626,1195959.7946234774,0.003526620565570626,elastic_net,True,resolved
2024-04-10,1186939.4739843342,-0.00754232765992191,1186939.4739843342,-0.00754232765992191,elastic_net,True,resolved
2024-04-11,1169856.4814664377,-0.014392471471651458,1169856.4814664377,-0.014392471471651458,elastic_net,True,resolved
2024-04-12,1164365.8788542831,-0.004693398463093468,1164365.8788542831,-0.004693398463093468,elastic_net,True,resolved
2024-04-15,1156597.5013885954,-0.006671766672973645,1156597.5013885954,-0.006671766672973645,elastic_net,True,resolved
2024-04-16,1155397.4740731486,-0.0010375496350338853,1155397.4740731486,-0.0010375496350338853,elastic_net,True,resolved
2024-04-17,1153077.2731497204,-0.002008140899987132,1153077.2731497204,-0.002008140899987132,elastic_net,True,resolved
2024-04-18,1151729.3451096509,-0.0011689832689074642,1151729.3451096509,-0.0011689832689074642,elastic_net,True,resolved
2024-04-19,1146048.075117344,-0.004932816912610605,1146048.075117344,-0.004932816912610605,elastic_net,True,resolved
2024-04-22,1152651.8347473904,0.005762201231715558,1152651.8347473904,0.005762201231715558,elastic_net,True,resolved
2024-04-23,1169257.6320975586,0.014406602973748406,1169257.6320975586,0.014406602973748406,elastic_net,True,resolved
2024-04-24,1174381.9506025827,0.004382540138593294,1174381.9506025827,0.004382540138593294,elastic_net,True,resolved
2024-04-25,1175110.644409839,0.0006204913204621576,1175110.644409839,0.0006204913204621576,elastic_net,True,resolved
2024-04-26,1177163.4453517208,0.0017469001337424572,1177163.4453517208,0.0017469001337424572,elastic_net,True,resolved
2024-04-29,1178268.8605902288,0.0009390499194252833,1178268.8605902288,0.0009390499194252833,elastic_net,True,resolved
2024-04-30,1155636.1720506265,-0.01920842457659877,1155636.1720506265,-0.01920842457659877,elastic_net,True,resolved
2024-05-01,1156675.5831363972,0.0008994276147711311,1156675.5831363972,0.0008994276147711311,elastic_net,True,resolved
2024-05-02,1163673.0746261668,0.006049657822633003,1163673.0746261668,0.006049657822633003,elastic_net,True,resolved
2024-05-03,1165505.4471793715,0.0015746454851963687,1165505.4471793715,0.0015746454851963687,elastic_net,True,resolved
2024-05-06,1174975.5671200368,0.008125333059218143,1174975.5671200368,0.008125333059218143,elastic_net,True,resolved
2024-05-07,1172814.962482972,-0.0018388506940281157,1172814.962482972,-0.0018388506940281157,elastic_net,True,resolved
2024-05-08,1175949.1705485096,0.002672380695844856,1175949.1705485096,0.002672380695844856,elastic_net,True,resolved
2024-05-09,1180926.1575731526,0.0042323147541500905,1180926.1575731526,0.0042323147541500905,elastic_net,True,resolved
2024-05-10,1180021.35806181,-0.000766177889735209,1180021.35806181,-0.000766177889735209,elastic_net,True,resolved
2024-05-13,1176274.6443870903,-0.003175123610367203,1176274.6443870903,-0.003175123610367203,elastic_net,True,resolved
2024-05-14,1185185.7261069338,0.007575681208776386,1185185.7261069338,0.007575681208776386,elastic_net,True,resolved
2024-05-15,1193392.9263602002,0.006924822053185897,1193392.9263602002,0.006924822053185897,elastic_net,True,resolved
2024-05-16,1183980.9113944457,-0.007886769527334803,1183980.9113944457,-0.007886769527334803,elastic_net,True,resolved
2024-05-17,1186425.1262575882,0.0020644039440329554,1186425.1262575882,0.0020644039440329554,elastic_net,True,resolved
2024-05-20,1196042.3276327234,0.008106033126145329,1196042.3276327234,0.008106033126145329,elastic_net,True,resolved
2024-05-21,1191207.6760481005,-0.0040422077654993505,1191207.6760481005,-0.0040422077654993505,elastic_net,True,resolved
2024-05-22,1183297.8469459792,-0.006640176403465259,1183297.8469459792,-0.006640176403465259,elastic_net,True,resolved
2024-05-23,1178338.1875939337,-0.004191387117661094,1178338.1875939337,-0.004191387117661094,elastic_net,True,resolved
2024-05-24,1184341.0408007023,0.005094338170458457,1184341.0408007023,0.005094338170458457,elastic_net,True,resolved
2024-05-28,1173547.999118501,-0.009113119709931117,1173547.999118501,-0.009113119709931117,elastic_net,True,resolved
2024-05-29,1168137.4351149173,-0.004610432643273099,1168137.4351149173,-0.004610432643273099,elastic_net,True,resolved
2024-05-30,1157603.4804239306,-0.009017735734109467,1157603.4804239306,-0.009017735734109467,elastic_net,True,resolved
2024-05-31,1150439.1411154885,-0.006188940712080759,1150439.1411154885,-0.006188940712080759,elastic_net,True,resolved
2024-06-03,1145823.208515761,-0.00401232228177828,1145823.208515761,-0.00401232228177828,elastic_net,True,resolved
2024-06-04,1141287.1952936505,-0.003958737428600534,1141287.1952936505,-0.003958737428600534,elastic_net,True,resolved
2024-06-05,1161104.888637363,0.01736433513442992,1161104.888637363,0.01736433513442992,elastic_net,True,resolved
2024-06-06,1149068.7672191353,-0.010366093137677557,1149068.7672191353,-0.010366093137677557,elastic_net,True,resolved
2024-06-07,1145228.7307645227,-0.003341868271213966,1145228.7307645227,-0.003341868271213966,elastic_net,True,resolved
2024-06-10,1157401.9164593504,0.01062947983037521,1157401.9164593504,0.01062947983037521,elastic_net,True,resolved
2024-06-11,1144862.0917502167,-0.010834459949310205,1144862.0917502167,-0.010834459949310205,elastic_net,True,resolved
2024-06-12,1147886.602183935,0.0026418120186813,1147886.602183935,0.0026418120186813,elastic_net,True,resolved
2024-06-13,1161171.356395298,0.01157322873713107,1161171.356395298,0.01157322873713107,elastic_net,True,resolved
2024-06-14,1156583.4038356717,-0.003951141693564364,1156583.4038356717,-0.003951141693564364,elastic_net,True,resolved
2024-06-17,1170933.1501096727,0.012407013818814816,1170933.1501096727,0.012407013818814816,elastic_net,True,resolved
2024-06-18,1177362.7110188247,0.005490971801891398,1177362.7110188247,0.005490971801891398,elastic_net,True,resolved
2024-06-20,1177583.4995868192,0.00018752807943389627,1177583.4995868192,0.00018752807943389627,elastic_net,True,resolved
2024-06-21,1177939.947394251,0.0003026942951873668,1177939.947394251,0.0003026942951873668,elastic_net,True,resolved
2024-06-24,1179306.943652704,0.00116049741031099,1179306.943652704,0.00116049741031099,elastic_net,True,resolved
2024-06-25,1182912.2200526544,0.003057114536088257,1182912.2200526544,0.003057114536088257,elastic_net,True,resolved
2024-06-26,1179627.9653377975,-0.00277641456329758,1179627.9653377975,-0.00277641456329758,elastic_net,True,resolved
2024-06-27,1184429.9469934888,0.004070759423133952,1184429.9469934888,0.004070759423133952,elastic_net,True,resolved
2024-06-28,1177063.9111885466,-0.006219055693112097,1177063.9111885466,-0.006219055693112097,elastic_net,True,resolved
2024-07-01,1170407.0219822275,-0.005655503616279645,1170407.0219822275,-0.005655503616279645,elastic_net,True,resolved
2024-07-02,1171664.0759063954,0.0010740314271517892,1171664.0759063954,0.0010740314271517892,elastic_net,True,resolved
2024-07-03,1179465.224985309,0.006658178943378834,1179465.224985309,0.006658178943378834,elastic_net,True,resolved
2024-07-05,1177329.6365223064,-0.0018106413124890919,1177329.6365223064,-0.0018106413124890919,elastic_net,True,resolved
2024-07-08,1187034.4675941379,0.008243087382475478,1187034.4675941379,0.008243087382475478,elastic_net,True,resolved
2024-07-09,1184281.2370755686,-0.0023194191859899904,1184281.2370755686,-0.0023194191859899904,elastic_net,True,resolved
2024-07-10,1190362.2018526318,0.005134730321388226,1190362.2018526318,0.005134730321388226,elastic_net,True,resolved
2024-07-11,1202971.0291227687,0.010592429136705661,1202971.0291227687,0.010592429136705661,elastic_net,True,resolved
2024-07-12,1208235.740685352,0.004376424232279685,1208235.740685352,0.004376424232279685,elastic_net,True,resolved
2024-07-15,1217406.6754085678,0.007590352126161992,1217406.6754085678,0.007590352126161992,elastic_net,True,resolved
2024-07-16,1224641.9121027994,0.005943155102056119,1224641.9121027994,0.005943155102056119,elastic_net,True,resolved
2024-07-17,1211606.9943252516,-0.010643860583838705,1211606.9943252516,-0.010643860583838705,elastic_net,True,resolved
2024-07-18,1205158.3398759514,-0.005322397839813919,1205158.3398759514,-0.005322397839813919,elastic_net,True,resolved
2024-07-19,1207236.9490469357,0.0017247602262771,1207236.9490469357,0.0017247602262771,elastic_net,True,resolved
2024-07-22,1219581.0206109043,0.010225061098166233,1219581.0206109043,0.010225061098166233,elastic_net,True,resolved
2024-07-23,1215612.7043332504,-0.003253835711272468,1215612.7043332504,-0.003253835711272468,elastic_net,True,resolved
2024-07-24,1198749.4722509133,-0.013872207835789685,1198749.4722509133,-0.013872207835789685,elastic_net,True,resolved
2024-07-25,1195256.8008509674,-0.0029135957769287346,1195256.8008509674,-0.0029135957769287346,elastic_net,True,resolved
2024-07-26,1204690.3958316918,0.007892525668131034,1204690.3958316918,0.007892525668131034,elastic_net,True,resolved
2024-07-29,1203355.090027735,-0.0011084223868447207,1203355.090027735,-0.0011084223868447207,elastic_net,True,resolved
2024-07-30,1186147.4580445131,-0.014299712633305428,1186147.4580445131,-0.014299712633305428,elastic_net,True,resolved
2024-07-31,1213460.3516418952,0.023026558301958655,1213460.3516418952,0.023026558301958655,elastic_net,True,resolved
2024-08-01,1185742.2289410783,-0.0228422153746618,1185742.2289410783,-0.0228422153746618,elastic_net,True,resolved
2024-08-02,1168850.5691804367,-0.01424564239035886,1168850.5691804367,-0.01424564239035886,elastic_net,True,resolved
2024-08-05,1151714.802370331,-0.014660357159359316,1151714.802370331,-0.014660357159359316,elastic_net,True,resolved
2024-08-06,1170191.4878118627,0.016042761110220294,1170191.4878118627,0.016042761110220294,elastic_net,True,resolved
2024-08-07,1157013.7936995612,-0.0112611433680333,1157013.7936995612,-0.0112611433680333,elastic_net,True,resolved
2024-08-08,1191287.8875927213,0.029622891343039637,1191287.8875927213,0.029622891343039637,elastic_net,True,resolved
2024-08-09,1199117.9340094046,0.006572757515822536,1199117.9340094046,0.006572757515822536,elastic_net,True,resolved
2024-08-12,1200632.8559487278,0.0012633635911505348,1200632.8559487278,0.0012633635911505348,elastic_net,True,resolved
2024-08-13,1217470.2311232109,0.014023750133989488,1217470.2311232109,0.014023750133989488,elastic_net,True,resolved
2024-08-14,1222740.573042432,0.004328928777469043,1222740.573042432,0.004328928777469043,elastic_net,True,resolved
2024-08-15,1234207.9939533907,0.009378457837892151,1234207.9939533907,0.009378457837892151,elastic_net,True,resolved
2024-08-16,1236254.4974132655,0.0016581511948561278,1236254.4974132655,0.0016581511948561278,elastic_net,True,resolved
2024-08-19,1241907.3259573309,0.004572544371642895,1241907.3259573309,0.004572544371642895,elastic_net,True,resolved
2024-08-20,1238668.863817344,-0.002607652014203654,1238668.863817344,-0.002607652014203654,elastic_net,True,resolved
2024-08-21,1247076.7402476696,0.0067878322253247525,1247076.7402476696,0.0067878322253247525,elastic_net,True,resolved
2024-08-22,1238138.753015096,-0.007167150941167044,1238138.753015096,-0.007167150941167044,elastic_net,True,resolved
2024-08-23,1254836.8795778484,0.01348647437299677,1254836.8795778484,0.01348647437299677,elastic_net,True,resolved
2024-08-26,1254014.0572543456,-0.0006557205457490278,1254014.0572543456,-0.0006557205457490278,elastic_net,True,resolved
2024-08-27,1258191.0640249802,0.0033309090488029547,1258191.0640249802,0.0033309090488029547,elastic_net,True,resolved
2024-08-28,1250285.1389252385,-0.006283564814433262,1250285.1389252385,-0.006283564814433262,elastic_net,True,resolved
2024-08-29,1257482.3842281336,0.005756483124387035,1257482.3842281336,0.005756483124387035,elastic_net,True,resolved
2024-08-30,1266518.636969471,0.0071859875372202175,1266518.636969471,0.0071859875372202175,elastic_net,True,resolved
2024-09-03,1248845.3315076618,-0.013954240345090962,1248845.3315076618,-0.013954240345090962,elastic_net,True,resolved
2024-09-04,1237426.3426836017,-0.009143637355215728,1237426.3426836017,-0.009143637355215728,elastic_net,True,resolved
2024-09-05,1234846.6483826342,-0.0020847255404090603,1234846.6483826342,-0.0020847255404090603,elastic_net,True,resolved
2024-09-06,1214521.7161192694,-0.016459478826772345,1214521.7161192694,-0.016459478826772345,elastic_net,True,resolved
2024-09-09,1225750.9830341195,0.009245834607824577,1225750.9830341195,0.009245834607824577,elastic_net,True,resolved
2024-09-10,1223098.9336801772,-0.002163611851550451,1223098.9336801772,-0.002163611851550451,elastic_net,True,resolved
2024-09-11,1230448.2477348968,0.006008764992220472,1230448.2477348968,0.006008764992220472,elastic_net,True,resolved
2024-09-12,1238980.6220196788,0.006934362579238185,1238980.6220196788,0.006934362579238185,elastic_net,True,resolved
2024-09-13,1247081.6699036793,0.006538478278049986,1247081.6699036793,0.006538478278049986,elastic_net,True,resolved
2024-09-16,1253768.04930784,0.00536162110752314,1253768.04930784,0.00536162110752314,elastic_net,True,resolved
2024-09-17,1254845.163959208,0.0008591020101067492,1254845.163959208,0.0008591020101067492,elastic_net,True,resolved
2024-09-18,1253441.6295837185,-0.0011184920783861019,1253441.6295837185,-0.0011184920783861019,elastic_net,True,resolved
2024-09-19,1260244.3150452375,0.005427205624069176,1260244.3150452375,0.005427205624069176,elastic_net,True,resolved
2024-09-20,1261178.4819060296,0.0007412585398240967,1261178.4819060296,0.0007412585398240967,elastic_net,True,resolved
2024-09-23,1269864.5064208019,0.006887228603555728,1269864.5064208019,0.006887228603555728,elastic_net,True,resolved
2024-09-24,1267796.6318975303,-0.0016284213889086185,1267796.6318975303,-0.0016284213889086185,elastic_net,True,resolved
2024-09-25,1261478.3748403417,-0.004983651871461325,1261478.3748403417,-0.004983651871461325,elastic_net,True,resolved
2024-09-26,1267217.4108537696,0.004549452553361588,1267217.4108537696,0.004549452553361588,elastic_net,True,resolved
2024-09-27,1274403.3396056406,0.005670636064753598,1274403.3396056406,0.005670636064753598,elastic_net,True,resolved
2024-09-30,1278346.643012153,0.0030942349913589684,1278346.643012153,0.0030942349913589684,elastic_net,True,resolved
2024-10-01,1271204.8708283622,-0.005586725809333504,1271204.8708283622,-0.005586725809333504,elastic_net,True,resolved
2024-10-02,1275808.792090326,0.003621698883960134,1275808.792090326,0.003621698883960134,elastic_net,True,resolved
2024-10-03,1273219.4226220225,-0.0020295905502117906,1273219.4226220225,-0.0020295905502117906,elastic_net,True,resolved
2024-10-04,1284428.7124294944,0.008803894763392606,1284428.7124294944,0.008803894763392606,elastic_net,True,resolved
2024-10-07,1278332.2138535266,-0.004746467061170101,1278332.2138535266,-0.004746467061170101,elastic_net,True,resolved
2024-10-08,1287028.1784926746,0.006802585857500931,1287028.1784926746,0.006802585857500931,elastic_net,True,resolved
2024-10-09,1290806.4033705618,0.0029356193912646322,1290806.4033705618,0.0029356193912646322,elastic_net,True,resolved
2024-10-10,1283041.9278991076,-0.006015213010393761,1283041.9278991076,-0.006015213010393761,elastic_net,True,resolved
2024-10-11,1300143.7599480664,0.013329129529665362,1300143.7599480664,0.013329129529665362,elastic_net,True,resolved
2024-10-14,1311866.541723566,0.009016527353842507,1311866.541723566,0.009016527353842507,elastic_net,True,resolved
2024-10-15,1311279.8347513317,-0.0004472306851147634,1311279.8347513317,-0.0004472306851147634,elastic_net,True,resolved
2024-10-16,1322553.8399965912,0.008597711141800302,1322553.8399965912,0.008597711141800302,elastic_net,True,resolved
2024-10-17,1318686.8782060405,-0.0029238596370191328,1318686.8782060405,-0.0029238596370191328,elastic_net,True,resolved
2024-10-18,1330600.3008933908,0.009034307449511836,1330600.3008933908,0.009034307449511836,elastic_net,True,resolved
2024-10-21,1327778.744141581,-0.002120514139306362,1327778.744141581,-0.002120514139306362,elastic_net,True,resolved
2024-10-22,1322444.4639700684,-0.004017446577638362,1322444.4639700684,-0.004017446577638362,elastic_net,True,resolved
2024-10-23,1313110.0983962775,-0.007058417822528806,1313110.0983962775,-0.007058417822528806,elastic_net,True,resolved
2024-10-24,1319684.4002454523,0.005006664602765554,1319684.4002454523,0.005006664602765554,elastic_net,True,resolved
2024-10-25,1325727.2059745924,0.004578977919278415,1325727.2059745924,0.004578977919278415,elastic_net,True,resolved
2024-10-28,1335142.7313899116,0.007102159005930364,1335142.7313899116,0.007102159005930364,elastic_net,True,resolved
2024-10-29,1345627.3901414769,0.00785283738215048,1345627.3901414769,0.00785283738215048,elastic_net,True,resolved
2024-10-30,1281269.574838604,-0.047827367200147686,1281269.574838604,-0.047827367200147686,elastic_net,True,resolved
2024-10-31,1269845.9496956696,-0.008915863895678222,1269845.9496956696,-0.008915863895678222,elastic_net,True,resolved
2024-11-01,1266142.0859188272,-0.002916781974797833,1266142.0859188272,-0.002916781974797833,elastic_net,True,resolved
2024-11-04,1271675.0988929637,0.004369977931916846,1271675.0988929637,0.004369977931916846,elastic_net,True,resolved
2024-11-05,1285119.7317455513,0.010572380370026613,1285119.7317455513,0.010572380370026613,elastic_net,True,resolved
2024-11-06,1281674.2439200073,-0.002681063670903372,1281674.2439200073,-0.002681063670903372,elastic_net,True,resolved
2024-11-07,1298538.7096409884,0.013158152940173862,1298538.7096409884,0.013158152940173862,elastic_net,True,resolved
2024-11-08,1314451.610892122,0.012254468144067054,1314451.610892122,0.012254468144067054,elastic_net,True,resolved
2024-11-11,1304682.887157933,-0.007431786498065751,1304682.887157933,-0.007431786498065751,elastic_net,True,resolved
2024-11-12,1296797.9312549022,-0.006043580383128355,1296797.9312549022,-0.006043580383128355,elastic_net,True,resolved
2024-11-13,1286424.5158132087,-0.007999253539566653,1286424.5158132087,-0.007999253539566653,elastic_net,True,resolved
2024-11-14,1266314.0152288158,-0.015632864841416683,1266314.0152288158,-0.015632864841416683,elastic_net,True,resolved
2024-11-15,1254852.7485857722,-0.00905088825142053,1254852.7485857722,-0.00905088825142053,elastic_net,True,resolved
2024-11-18,1284795.8289786687,0.023861827952835535,1284795.8289786687,0.023861827952835535,elastic_net,True,resolved
2024-11-19,1323354.995874497,0.03001190230083517,1323354.995874497,0.03001190230083517,elastic_net,True,resolved
2024-11-20,1325350.059775624,0.0015075802844637387,1325350.059775624,0.0015075802844637387,elastic_net,True,resolved
2024-11-21,1339504.2603272293,0.010679594004018522,1339504.2603272293,0.010679594004018522,elastic_net,True,resolved
2024-11-22,1358425.9007133874,0.014125853083539752,1358425.9007133874,0.014125853083539752,elastic_net,True,resolved
2024-11-25,1363211.044731013,0.003522565356794738,1363211.044731013,0.003522565356794738,elastic_net,True,resolved
2024-11-26,1370182.9340207195,0.005114313969692086,1370182.9340207195,0.005114313969692086,elastic_net,True,resolved
2024-11-27,1365977.1823441288,-0.003069481871482038,1365977.1823441288,-0.003069481871482038,elastic_net,True,resolved
2024-11-29,1375939.1913729464,0.0072929541998072445,1375939.1913729464,0.0072929541998072445,elastic_net,True,resolved
2024-12-02,1369353.1301221512,-0.004786593253604088,1369353.1301221512,-0.004786593253604088,elastic_net,True,resolved
2024-12-03,1386285.5243970496,0.012365250352469603,1386285.5243970496,0.012365250352469603,elastic_net,True,resolved
2024-12-04,1392011.356442088,0.004130341076401978,1392011.356442088,0.004130341076401978,elastic_net,True,resolved
2024-12-05,1394282.7730403224,0.00163175148516026,1394282.7730403224,0.00163175148516026,elastic_net,True,resolved
2024-12-06,1405171.4472618448,0.007809516428133767,1405171.4472618448,0.007809516428133767,elastic_net,True,resolved
2024-12-09,1381384.4257894293,-0.016928198703985542,1381384.4257894293,-0.016928198703985542,elastic_net,True,resolved
2024-12-10,1367381.862834211,-0.010136615625455758,1367381.862834211,-0.010136615625455758,elastic_net,True,resolved
2024-12-11,1375709.806576312,0.006090430163260718,1375709.806576312,0.006090430163260718,elastic_net,True,resolved
2024-12-12,1374625.7805639473,-0.0007879757832522927,1374625.7805639473,-0.0007879757832522927,elastic_net,True,resolved
2024-12-13,1378124.276736573,0.002545053513539175,1378124.276736573,0.002545053513539175,elastic_net,True,resolved
2024-12-16,1370689.4318964267,-0.0053949015815556445,1370689.4318964267,-0.0053949015815556445,elastic_net,True,resolved
2024-12-17,1359401.1994271465,-0.008235441381978403,1359401.1994271465,-0.008235441381978403,elastic_net,True,resolved
2024-12-18,1325142.4055311696,-0.025201385661873466,1325142.4055311696,-0.025201385661873466,elastic_net,True,resolved
2024-12-19,1305106.00529365,-0.015120186444782968,1305106.00529365,-0.015120186444782968,elastic_net,True,resolved
2024-12-20,1320650.4344931128,0.011910472510595183,1320650.4344931128,0.011910472510595183,elastic_net,True,resolved
2024-12-23,1324581.0568043266,0.002976277604241462,1324581.0568043266,0.002976277604241462,elastic_net,True,resolved
2024-12-24,1336570.8719034253,0.00905177907951149,1336570.8719034253,0.00905177907951149,elastic_net,True,resolved
2024-12-26,1337646.142129581,0.0008044992216718061,1337646.142129581,0.0008044992216718061,elastic_net,True,resolved
2024-12-27,1327417.4773655809,-0.007646764298752218,1327417.4773655809,-0.007646764298752218,elastic_net,True,resolved
2024-12-30,1319509.0763401547,-0.005957734593883268,1319509.0763401547,-0.005957734593883268,elastic_net,True,resolved
2024-12-31,1316690.6404832026,-0.002135973073235209,1316690.6404832026,-0.002135973073235209,elastic_net,True,resolved
2025-01-02,1317761.296491153,0.0008131416560821503,1317761.296491153,0.0008131416560821503,elastic_net,True,resolved
2025-01-03,1334028.8883349942,0.012344869960255522,1334028.8883349942,0.012344869960255522,elastic_net,True,resolved
2025-01-06,1352757.05706798,0.014038802980016918,1352757.05706798,0.014038802980016918,elastic_net,True,resolved
2025-01-07,1346803.6268804895,-0.004400960361939821,1346803.6268804895,-0.004400960361939821,elastic_net,True,resolved
2025-01-08,1351620.070614675,0.0035762034182678093,1351620.070614675,0.0035762034182678093,elastic_net,True,resolved
2025-01-10,1334711.476795503,-0.012509871809969986,1334711.476795503,-0.012509871809969986,elastic_net,True,resolved
2025-01-13,1336229.501072406,0.0011373426416829702,1336229.501072406,0.0011373426416829702,elastic_net,True,resolved
2025-01-14,1345210.2244012486,0.0067209437612587575,1345210.2244012486,0.0067209437612587575,elastic_net,True,resolved
2025-01-15,1362529.1430258672,0.012874507129416957,1362529.1430258672,0.012874507129416957,elastic_net,True,resolved
2025-01-16,1365907.3584106872,0.002479371103444983,1365907.3584106872,0.002479371103444983,elastic_net,True,resolved
2025-01-17,1377503.1253205917,0.00848942414615661,1377503.1253205917,0.00848942414615661,elastic_net,True,resolved
2025-01-21,1391514.6642843625,0.010171693048253383,1391514.6642843625,0.010171693048253383,elastic_net,True,resolved
2025-01-22,1390618.0008436379,-0.0006443794404320524,1390618.0008436379,-0.0006443794404320524,elastic_net,True,resolved
2025-01-23,1399953.675584671,0.0067133279846582905,1399953.675584671,0.0067133279846582905,elastic_net,True,resolved
2025-01-24,1399799.8735939786,-0.00010986219999620239,1399799.8735939786,-0.00010986219999620239,elastic_net,True,resolved
2025-01-27,1405612.728362074,0.004152632728256167,1405612.728362074,0.004152632728256167,elastic_net,True,resolved
2025-01-28,1403733.021355499,-0.0013372865574183823,1403733.021355499,-0.0013372865574183823,elastic_net,True,resolved
2025-01-29,1404677.103663825,0.0006725511859899669,1404677.103663825,0.0006725511859899669,elastic_net,True,resolved
2025-01-30,1422566.9459453078,0.012735910790330873,1422566.9459453078,0.012735910790330873,elastic_net,True,resolved
2025-01-31,1418779.5158234867,-0.002662391483660098,1418779.5158234867,-0.002662391483660098,elastic_net,True,resolved
2025-02-03,1409895.5825823243,-0.006261672897078796,1409895.5825823243,-0.006261672897078796,elastic_net,True,resolved
2025-02-04,1407347.1469117072,-0.0018075350416726366,1407347.1469117072,-0.0018075350416726366,elastic_net,True,resolved
2025-02-05,1420402.098153687,0.00927628358832977,1420402.098153687,0.00927628358832977,elastic_net,True,resolved
2025-02-06,1424240.2042767701,0.002702126480995881,1424240.2042767701,0.002702126480995881,elastic_net,True,resolved
2025-02-07,1420908.2450708752,-0.0023394643655541003,1420908.2450708752,-0.0023394643655541003,elastic_net,True,resolved
2025-02-10,1418378.554124253,-0.0017803337797479557,1418378.554124253,-0.0017803337797479557,elastic_net,True,resolved
2025-02-11,1408299.8198305727,-0.007105814075074823,1408299.8198305727,-0.007105814075074823,elastic_net,True,resolved
2025-02-12,1414129.7694726798,0.004139707724175157,1414129.7694726798,0.004139707724175157,elastic_net,True,resolved
2025-02-13,1420929.7561700083,0.004808601617844577,1420929.7561700083,0.004808601617844577,elastic_net,True,resolved
2025-02-14,1419966.7119064918,-0.0006777564192281815,1419966.7119064918,-0.0006777564192281815,elastic_net,True,resolved
2025-02-18,1431225.7042685845,0.007929053736038583,1431225.7042685845,0.007929053736038583,elastic_net,True,resolved
2025-02-19,1430535.798110499,-0.0004820386861609238,1430535.798110499,-0.0004820386861609238,elastic_net,True,resolved
2025-02-20,1421943.8069396762,-0.006006135031483617,1421943.8069396762,-0.006006135031483617,elastic_net,True,resolved
2025-02-21,1395491.0491783146,-0.018603237084518498,1395491.0491783146,-0.018603237084518498,elastic_net,True,resolved
2025-02-24,1384255.5863582848,-0.008051261114605857,1384255.5863582848,-0.008051261114605857,elastic_net,True,resolved
2025-02-25,1383154.1363562993,-0.0007956984337575967,1383154.1363562993,-0.0007956984337575967,elastic_net,True,resolved
2025-02-26,1403103.1004523593,0.01442280623084602,1403103.1004523593,0.01442280623084602,elastic_net,True,resolved
2025-02-27,1379468.7742839034,-0.016844326094665574,1379468.7742839034,-0.016844326094665574,elastic_net,True,resolved
2025-02-28,1395386.7842567237,0.01153923181848282,1395386.7842567237,0.01153923181848282,elastic_net,True,resolved
2025-03-03,1366291.916942075,-0.020850754531222426,1366291.916942075,-0.020850754531222426,elastic_net,True,resolved
2025-03-04,1355881.4568570226,-0.007619499139211894,1355881.4568570226,-0.007619499139211894,elastic_net,True,resolved
2025-03-05,1372827.8604413855,0.012498440404698163,1372827.8604413855,0.012498440404698163,elastic_net,True,resolved
2025-03-06,1313589.5824848157,-0.043150550526796394,1313589.5824848157,-0.043150550526796394,elastic_net,True,resolved
2025-03-07,1324363.5612725029,0.008201936838831303,1324363.5612725029,0.008201936838831303,elastic_net,True,resolved
2025-03-10,1255629.4815346655,-0.05189970620438611,1255629.4815346655,-0.05189970620438611,elastic_net,True,resolved
2025-03-11,1279022.8671122661,0.01863080305267184,1279022.8671122661,0.01863080305267184,elastic_net,True,resolved
2025-03-12,1316186.5466001965,0.029056305749902034,1316186.5466001965,0.029056305749902034,elastic_net,True,resolved
2025-03-13,1291523.2011785218,-0.018738487705547424,1291523.2011785218,-0.018738487705547424,elastic_net,True,resolved
2025-03-14,1335287.580307874,0.03388586367586499,1335287.580307874,0.03388586367586499,elastic_net,True,resolved
2025-03-17,1349852.3353910355,0.010907579234582077,1349852.3353910355,0.010907579234582077,elastic_net,True,resolved
2025-03-18,1336353.3975373972,-0.010000307070423209,1336353.3975373972,-0.010000307070423209,elastic_net,True,resolved
2025-03-19,1357691.9018576625,0.015967710606780594,1357691.9018576625,0.015967710606780594,elastic_net,True,resolved
2025-03-20,1352844.5714128688,-0.003570272782920325,1352844.5714128688,-0.003570272782920325,elastic_net,True,resolved
2025-03-21,1361558.9552753197,0.006441526282172871,1361558.9552753197,0.006441526282172871,elastic_net,True,resolved
2025-03-24,1390329.971788525,0.021130937005505945,1390329.971788525,0.021130937005505945,elastic_net,True,resolved
2025-03-25,1391506.9034222888,0.000846512452184145,1391506.9034222888,0.000846512452184145,elastic_net,True,resolved
2025-03-26,1396606.174241877,0.0036645673888120456,1396606.174241877,0.0036645673888120456,elastic_net,True,resolved
2025-03-27,1395944.5779229293,-0.0004737171660484929,1395944.5779229293,-0.0004737171660484929,elastic_net,True,resolved
2025-03-28,1377976.6920717466,-0.012871489409642445,1377976.6920717466,-0.012871489409642445,elastic_net,True,resolved
2025-03-31,1378500.2079645896,0.00037991636277667773,1378500.2079645896,0.00037991636277667773,elastic_net,True,resolved
2025-04-01,1401618.8101788096,0.01677083694340209,1401618.8101788096,0.01677083694340209,elastic_net,True,resolved
2025-04-02,1415407.0461547603,0.009837365106559748,1415407.0461547603,0.009837365106559748,elastic_net,True,resolved
2025-04-03,1338619.8077709256,-0.054250993445626006,1338619.8077709256,-0.054250993445626006,elastic_net,True,resolved
2025-04-04,1273340.6935905765,-0.04876598553330247,1273340.6935905765,-0.04876598553330247,elastic_net,True,resolved
2025-04-07,1290787.631986406,0.013701704880437315,1290787.631986406,0.013701704880437315,elastic_net,True,resolved
2025-04-08,1279336.3734257238,-0.008871527954648739,1279336.3734257238,-0.008871527954648739,elastic_net,True,resolved
2025-04-09,1377147.2944243487,0.07645442045606288,1377147.2944243487,0.07645442045606288,elastic_net,True,resolved
2025-04-10,1320256.3052174621,-0.041310751171803495,1320256.3052174621,-0.041310751171803495,elastic_net,True,resolved
2025-04-11,1340573.752450909,0.015389017384848103,1340573.752450909,0.015389017384848103,elastic_net,True,resolved
2025-04-14,1360952.9806445069,0.015201870211422053,1360952.9806445069,0.015201870211422053,elastic_net,True,resolved
2025-04-15,1359456.6371336682,-0.001099482151198261,1359456.6371336682,-0.001099482151198261,elastic_net,True,resolved
2025-04-16,1348546.1778113644,-0.008025603041894591,1348546.1778113644,-0.008025603041894591,elastic_net,True,resolved
2025-04-17,1353204.7610763507,0.0034545226123046113,1353204.7610763507,0.0034545226123046113,elastic_net,True,resolved
2025-04-21,1329862.7669216902,-0.017249417697949965,1329862.7669216902,-0.017249417697949965,elastic_net,True,resolved
2025-04-22,1372383.8791602748,0.031974060253608494,1372383.8791602748,0.031974060253608494,elastic_net,True,resolved
2025-04-23,1419497.3407986849,0.0343296524783121,1419497.3407986849,0.0343296524783121,elastic_net,True,resolved
2025-04-24,1441605.5447983718,0.015574670951653768,1441605.5447983718,0.015574670951653768,elastic_net,True,resolved
2025-04-25,1453339.73087531,0.008139664916854361,1453339.73087531,0.008139664916854361,elastic_net,True,resolved
2025-04-28,1458746.320219413,0.0037201139067783995,1458746.320219413,0.0037201139067783995,elastic_net,True,resolved
2025-04-29,1463064.6277226754,0.0029602868184874787,1463064.6277226754,0.0029602868184874787,elastic_net,True,resolved
2025-04-30,1468106.2339060474,0.0034459217233755446,1468106.2339060474,0.0034459217233755446,elastic_net,True,resolved
2025-05-01,1460216.5875611242,-0.005374029591804108,1460216.5875611242,-0.005374029591804108,elastic_net,True,resolved
2025-05-02,1490466.655831658,0.020716151650528758,1490466.655831658,0.020716151650528758,elastic_net,True,resolved
2025-05-05,1490272.8989350446,-0.00012999747150010954,1490272.8989350446,-0.00012999747150010954,elastic_net,True,resolved
2025-05-06,1478810.8087240276,-0.007691269309941795,1478810.8087240276,-0.007691269309941795,elastic_net,True,resolved
2025-05-07,1484106.3974886602,0.003580977859636958,1484106.3974886602,0.003580977859636958,elastic_net,True,resolved
2025-05-08,1505311.032318192,0.014287813101145241,1505311.032318192,0.014287813101145241,elastic_net,True,resolved
2025-05-09,1506221.9476844284,0.0006051343188746561,1506221.9476844284,0.0006051343188746561,elastic_net,True,resolved
2025-05-12,1539915.9799455728,0.022369898614837957,1539915.9799455728,0.022369898614837957,elastic_net,True,resolved
2025-05-13,1516370.064612412,-0.015290389631512968,1516370.064612412,-0.015290389631512968,elastic_net,True,resolved
2025-05-14,1531834.5728110184,0.010198373444255004,1531834.5728110184,0.010198373444255004,elastic_net,True,resolved
2025-05-15,1544636.4298595646,0.008357205977570947,1544636.4298595646,0.008357205977570947,elastic_net,True,resolved
2025-05-16,1565566.0185128015,0.01354984787918001,1565566.0185128015,0.01354984787918001,elastic_net,True,resolved
2025-05-19,1571722.9214655678,0.0039327009400822455,1571722.9214655678,0.0039327009400822455,elastic_net,True,resolved
2025-05-20,1571145.5409975033,-0.00036735512359009626,1571145.5409975033,-0.00036735512359009626,elastic_net,True,resolved
2025-05-21,1545989.4175600626,-0.01601132599177879,1545989.4175600626,-0.01601132599177879,elastic_net,True,resolved
2025-05-22,1549338.436508628,0.0021662625309888384,1549338.436508628,0.0021662625309888384,elastic_net,True,resolved
2025-05-23,1537895.7820637086,-0.007385509953980796,1537895.7820637086,-0.007385509953980796,elastic_net,True,resolved
2025-05-27,1564786.8312152477,0.01748561213650901,1564786.8312152477,0.01748561213650901,elastic_net,True,resolved
2025-05-28,1560614.5829030764,-0.00266633654434012,1560614.5829030764,-0.00266633654434012,elastic_net,True,resolved
2025-05-29,1557951.8273769256,-0.0017062223788768538,1557951.8273769256,-0.0017062223788768538,elastic_net,True,resolved
2025-05-30,1554589.092535071,-0.0021584331317331396,1554589.092535071,-0.0021584331317331396,elastic_net,True,resolved
2025-06-02,1555612.679423735,0.0006584292232456601,1555612.679423735,0.0006584292232456601,elastic_net,True,resolved
2025-06-03,1562677.8080903124,0.004541701645935703,1562677.8080903124,0.004541701645935703,elastic_net,True,resolved
2025-06-04,1553854.0389171825,-0.005646569707106197,1553854.0389171825,-0.005646569707106197,elastic_net,True,resolved
2025-06-05,1557634.4372964485,0.002432917304060478,1557634.4372964485,0.002432917304060478,elastic_net,True,resolved
2025-06-06,1559706.5845263356,0.0013303167805429617,1559706.5845263356,0.0013303167805429617,elastic_net,True,resolved
2025-06-09,1553389.0609254562,-0.004050456453511653,1553389.0609254562,-0.004050456453511653,elastic_net,True,resolved
2025-06-10,1545515.9507613587,-0.005068344024134586,1545515.9507613587,-0.005068344024134586,elastic_net,True,resolved
2025-06-11,1555372.9325160906,0.006377793609879001,1555372.9325160906,0.006377793609879001,elastic_net,True,resolved
2025-06-12,1558297.6655291747,0.0018804062690951362,1558297.6655291747,0.0018804062690951362,elastic_net,True,resolved
2025-06-13,1556964.505163827,-0.0008555235593548094,1556964.505163827,-0.0008555235593548094,elastic_net,True,resolved
2025-06-16,1562376.646348768,0.003476085143232943,1562376.646348768,0.003476085143232943,elastic_net,True,resolved
2025-06-17,1549602.4414193365,-0.008176136630872244,1549602.4414193365,-0.008176136630872244,elastic_net,True,resolved
2025-06-18,1550800.4509083135,0.000773107641647508,1550800.4509083135,0.000773107641647508,elastic_net,True,resolved
2025-06-20,1554955.4016590705,0.0026792297799007603,1554955.4016590705,0.0026792297799007603,elastic_net,True,resolved
2025-06-23,1559285.4004676137,0.0027846450154926927,1559285.4004676137,0.0027846450154926927,elastic_net,True,resolved
2025-06-24,1569791.8993879799,0.006738021735607447,1569791.8993879799,0.006738021735607447,elastic_net,True,resolved
2025-06-25,1554952.0736444944,-0.009453371334933736,1554952.0736444944,-0.009453371334933736,elastic_net,True,resolved
2025-06-26,1571285.5079065207,0.010504139991751593,1571285.5079065207,0.010504139991751593,elastic_net,True,resolved
2025-06-27,1578701.5737214254,0.004719744297002615,1578701.5737214254,0.004719744297002615,elastic_net,True,resolved
2025-06-30,1587203.2811264533,0.005385253012060387,1587203.2811264533,0.005385253012060387,elastic_net,True,resolved
2025-07-01,1585651.8626566685,-0.0009774541725264818,1585651.8626566685,-0.0009774541725264818,elastic_net,True,resolved
2025-07-02,1590664.7538927123,0.003161407213084555,1590664.7538927123,0.003161407213084555,elastic_net,True,resolved
2025-07-03,1603462.066055323,0.008045260405307175,1603462.066055323,0.008045260405307175,elastic_net,True,resolved
2025-07-07,1605788.44517944,0.0014508476211352317,1605788.44517944,0.0014508476211352317,elastic_net,True,resolved
2025-07-08,1596032.2725701658,-0.006075627607461165,1596032.2725701658,-0.006075627607461165,elastic_net,True,resolved
2025-07-09,1598926.0420832792,0.0018131021301051042,1598926.0420832792,0.0018131021301051042,elastic_net,True,resolved
2025-07-10,1598073.1858023435,-0.0005333932017421716,1598073.1858023435,-0.0005333932017421716,elastic_net,True,resolved
2025-07-11,1588937.6099788214,-0.0057166191790744,1588937.6099788214,-0.0057166191790744,elastic_net,True,resolved
2025-07-14,1601133.3344024594,0.007675395400704721,1601133.3344024594,0.007675395400704721,elastic_net,True,resolved
2025-07-15,1586354.037942099,-0.00923052199514418,1586354.037942099,-0.00923052199514418,elastic_net,True,resolved
2025-07-16,1590120.8307777336,0.0023744969568844088,1590120.8307777336,0.0023744969568844088,elastic_net,True,resolved
2025-07-17,1584732.1248177497,-0.0033888657111348364,1584732.1248177497,-0.0033888657111348364,elastic_net,True,resolved
2025-07-18,1587741.0740707696,0.0018987115903679186,1587741.0740707696,0.0018987115903679186,elastic_net,True,resolved
2025-07-21,1590637.1284469813,0.0018240092314212308,1590637.1284469813,0.0018240092314212308,elastic_net,True,resolved
2025-07-22,1594541.7033234541,0.002454723837790107,1594541.7033234541,0.002454723837790107,elastic_net,True,resolved
2025-07-23,1604073.2409472782,0.005977603222266259,1604073.2409472782,0.005977603222266259,elastic_net,True,resolved
2025-07-24,1600414.3394178916,-0.0022810065251296363,1600414.3394178916,-0.0022810065251296363,elastic_net,True,resolved
2025-07-25,1603910.3765244223,0.002184457499801118,1603910.3765244223,0.002184457499801118,elastic_net,True,resolved
2025-07-28,1603152.4538770318,-0.0004725467572775921,1603152.4538770318,-0.0004725467572775921,elastic_net,True,resolved
2025-07-29,1606723.465149263,0.0022274932515589096,1606723.465149263,0.0022274932515589096,elastic_net,True,resolved
2025-07-30,1607953.9153148234,0.0007658132791670269,1607953.9153148234,0.0007658132791670269,elastic_net,True,resolved
2025-07-31,1610574.7320795702,0.0016299078846633286,1610574.7320795702,0.0016299078846633286,elastic_net,True,resolved
2025-08-01,1596992.0724445754,-0.008433424022154412,1596992.0724445754,-0.008433424022154412,elastic_net,True,resolved
2025-08-04,1611308.3613309546,0.008964533471017555,1611308.3613309546,0.008964533471017555,elastic_net,True,resolved
2025-08-05,1604237.0531833093,-0.00438855052040088,1604237.0531833093,-0.00438855052040088,elastic_net,True,resolved
2025-08-06,1611936.8023821882,0.004799633061460584,1611936.8023821882,0.004799633061460584,elastic_net,True,resolved
2025-08-07,1568692.50777822,-0.026827537245914246,1568692.50777822,-0.026827537245914246,elastic_net,True,resolved
2025-08-08,1576984.4926392538,0.005285921122156534,1576984.4926392538,0.005285921122156534,elastic_net,True,resolved
2025-08-11,1578843.125493207,0.001178599322078755,1578843.125493207,0.001178599322078755,elastic_net,True,resolved
2025-08-12,1599568.1933547757,0.01312674294673477,1599568.1933547757,0.01312674294673477,elastic_net,True,resolved
2025-08-13,1602632.39108739,0.0019156405743401272,1602632.39108739,0.0019156405743401272,elastic_net,True,resolved
2025-08-14,1590292.0157686407,-0.007700066083386914,1590292.0157686407,-0.007700066083386914,elastic_net,True,resolved
2025-08-15,1589554.6862109345,-0.00046364412975419267,1589554.6862109345,-0.00046364412975419267,elastic_net,True,resolved
2025-08-18,1598578.121193119,0.005676706224995609,1598578.121193119,0.005676706224995609,elastic_net,True,resolved
2025-08-19,1586895.376722367,-0.0073082099122140365,1586895.376722367,-0.0073082099122140365,elastic_net,True,resolved
2025-08-20,1593056.190381895,0.0038823061368120637,1593056.190381895,0.0038823061368120637,elastic_net,True,resolved
2025-08-21,1596042.75785414,0.0018747408222485884,1596042.75785414,0.0018747408222485884,elastic_net,True,resolved
2025-08-22,1606217.7457090989,0.006375134879618827,1606217.7457090989,0.006375134879618827,elastic_net,True,resolved
2025-08-25,1603672.6454007453,-0.0015845300645896954,1603672.6454007453,-0.0015845300645896954,elastic_net,True,resolved
2025-08-26,1608586.689936302,0.0030642441583386137,1608586.689936302,0.0030642441583386137,elastic_net,True,resolved
2025-08-27,1609319.458369907,0.00045553555688937486,1609319.458369907,0.00045553555688937486,elastic_net,True,resolved
2025-08-28,1611666.314427233,0.0014582909845028968,1611666.314427233,0.0014582909845028968,elastic_net,True,resolved
2025-08-29,1608417.125296127,-0.0020160433347896634,1608417.125296127,-0.0020160433347896634,elastic_net,True,resolved
2025-09-02,1601424.2574505615,-0.00434767059837049,1601424.2574505615,-0.00434767059837049,elastic_net,True,resolved
2025-09-03,1598611.6340600112,-0.001756326206165948,1598611.6340600112,-0.001756326206165948,elastic_net,True,resolved
2025-09-04,1607508.0528029872,0.005565090703350872,1607508.0528029872,0.005565090703350872,elastic_net,True,resolved
2025-09-05,1613030.2745763017,0.0034352684975267334,1613030.2745763017,0.0034352684975267334,elastic_net,True,resolved
2025-09-08,1621102.1365208048,0.005004160226703469,1621102.1365208048,0.005004160226703469,elastic_net,True,resolved
2025-09-09,1626545.6870450308,0.0033579318672103398,1626545.6870450308,0.0033579318672103398,elastic_net,True,resolved
2025-09-10,1628150.7652354636,0.0009868017868890355,1628150.7652354636,0.0009868017868890355,elastic_net,True,resolved
2025-09-11,1637989.0582148805,0.006042617913209147,1637989.0582148805,0.006042617913209147,elastic_net,True,resolved
2025-09-12,1630268.1730948472,-0.004713636566319734,1630268.1730948472,-0.004713636566319734,elastic_net,True,resolved
2025-09-15,1626689.6363549945,-0.002195060174093544,1626689.6363549945,-0.002195060174093544,elastic_net,True,resolved
2025-09-16,1618449.6361293208,-0.005065502380735332,1618449.6361293208,-0.005065502380735332,elastic_net,True,resolved
2025-09-17,1630434.3485493048,0.007405057378644608,1630434.3485493048,0.007405057378644608,elastic_net,True,resolved
2025-09-18,1625892.8637006003,-0.00278544478208842,1625892.8637006003,-0.00278544478208842,elastic_net,True,resolved
2025-09-19,1631499.8038143485,0.003448529874832351,1631499.8038143485,0.003448529874832351,elastic_net,True,resolved
2025-09-22,1631561.1995797954,3.7631488096545596e-05,1631561.1995797954,3.7631488096545596e-05,elastic_net,True,resolved
2025-09-23,1639204.8482987403,0.0046848679172522,1639204.8482987403,0.0046848679172522,elastic_net,True,resolved
2025-09-24,1636303.9640793037,-0.0017696898727742605,1636303.9640793037,-0.0017696898727742605,elastic_net,True,resolved
2025-09-25,1626516.5778758512,-0.005981398577714514,1626516.5778758512,-0.005981398577714514,elastic_net,True,resolved
2025-09-26,1639564.4802345356,0.00802199162072137,1639564.4802345356,0.00802199162072137,elastic_net,True,resolved
2025-09-29,1661630.831365772,0.013458666247807338,1661630.831365772,0.013458666247807338,elastic_net,True,resolved
2025-09-30,1678018.266273755,0.009862259774340743,1678018.266273755,0.009862259774340743,elastic_net,True,resolved
2025-10-01,1683251.8229557755,0.003118891365611942,1683251.8229557755,0.003118891365611942,elastic_net,True,resolved
2025-10-02,1689200.3798737808,0.003533967310701991,1689200.3798737808,0.003533967310701991,elastic_net,True,resolved
2025-10-03,1687454.4887725995,-0.001033560684678303,1687454.4887725995,-0.001033560684678303,elastic_net,True,resolved
2025-10-06,1687655.2827606448,0.00011899223912781309,1687655.2827606448,0.00011899223912781309,elastic_net,True,resolved
2025-10-07,1682264.6428830964,-0.003194159336100011,1682264.6428830964,-0.003194159336100011,elastic_net,True,resolved
2025-10-08,1687853.177516256,0.003322030607254556,1687853.177516256,0.003322030607254556,elastic_net,True,resolved
2025-10-09,1691983.0526746113,0.002446821331007376,1691983.0526746113,0.002446821331007376,elastic_net,True,resolved
2025-10-10,1670610.226855975,-0.01263182026844245,1670610.226855975,-0.01263182026844245,elastic_net,True,resolved
2025-10-13,1686273.8572649774,0.009375993368890612,1686273.8572649774,0.009375993368890612,elastic_net,True,resolved
2025-10-14,1685832.2146815008,-0.0002619044241087831,1685832.2146815008,-0.0002619044241087831,elastic_net,True,resolved
2025-10-15,1695947.184431645,0.005999986037789284,1695947.184431645,0.005999986037789284,elastic_net,True,resolved
2025-10-16,1683511.4240786768,-0.007332634215926781,1683511.4240786768,-0.007332634215926781,elastic_net,True,resolved
2025-10-17,1691146.2030952421,0.004535032496582936,1691146.2030952421,0.004535032496582936,elastic_net,True,resolved
2025-10-20,1705729.8538617904,0.008623530443350402,1705729.8538617904,0.008623530443350402,elastic_net,True,resolved
2025-10-21,1708270.5972142126,0.0014895344339960204,1708270.5972142126,0.0014895344339960204,elastic_net,True,resolved
2025-10-22,1693907.1802984073,-0.008408162582221212,1693907.1802984073,-0.008408162582221212,elastic_net,True,resolved
2025-10-23,1718348.0423358674,0.014428690262210608,1718348.0423358674,0.014428690262210608,elastic_net,True,resolved
2025-10-24,1760538.5337797857,0.024552937125918772,1760538.5337797857,0.024552937125918772,elastic_net,True,resolved
2025-10-27,1765696.5627939263,0.0029298018277774673,1765696.5627939263,0.0029298018277774673,elastic_net,True,resolved
2025-10-28,1757070.646285573,-0.004885276830750684,1757070.646285573,-0.004885276830750684,elastic_net,True,resolved
2025-10-29,1764898.7205194249,0.004455184685032698,1764898.7205194249,0.004455184685032698,elastic_net,True,resolved
2025-10-30,1755908.9245198898,-0.005093661123449222,1755908.9245198898,-0.005093661123449222,elastic_net,True,resolved
2025-10-31,1753108.607635254,-0.001594796202429083,1753108.607635254,-0.001594796202429083,elastic_net,True,resolved
2025-11-03,1747346.1432341463,-0.003286997950960213,1747346.1432341463,-0.003286997950960213,elastic_net,True,resolved
2025-11-04,1746122.9737594454,-0.0007000155518339657,1746122.9737594454,-0.0007000155518339657,elastic_net,True,resolved
2025-11-05,1759583.5331502939,0.007708826693842541,1759583.5331502939,0.007708826693842541,elastic_net,True,resolved
2025-11-06,1717416.9977577927,-0.023963929303775555,1717416.9977577927,-0.023963929303775555,elastic_net,True,resolved
2025-11-07,1739098.8394842427,0.012624680991720316,1739098.8394842427,0.012624680991720316,elastic_net,True,resolved
2025-11-10,1750651.7420207525,0.006643039644564475,1750651.7420207525,0.006643039644564475,elastic_net,True,resolved
2025-11-11,1732982.106245816,-0.010093175787516007,1732982.106245816,-0.010093175787516007,elastic_net,True,resolved
2025-11-12,1726001.443153441,-0.0040281218526239115,1726001.443153441,-0.0040281218526239115,elastic_net,True,resolved
2025-11-13,1681340.7631081175,-0.025875227522247912,1681340.7631081175,-0.025875227522247912,elastic_net,True,resolved
2025-11-14,1708780.5049641696,0.016320154996615432,1708780.5049641696,0.016320154996615432,elastic_net,True,resolved
2025-11-17,1685851.8237952546,-0.01341815470290364,1685851.8237952546,-0.01341815470290364,elastic_net,True,resolved
2025-11-18,1686076.5382151199,0.00013329428879416128,1686076.5382151199,0.00013329428879416128,elastic_net,True,resolved
2025-11-19,1691547.6933731334,0.0032449032022030533,1691547.6933731334,0.0032449032022030533,elastic_net,True,resolved
2025-11-20,1645098.6003036262,-0.027459523164187427,1645098.6003036262,-0.027459523164187427,elastic_net,True,resolved
2025-11-21,1678265.9243335421,0.020161298553043938,1678265.9243335421,0.020161298553043938,elastic_net,True,resolved
2025-11-24,1714589.797623929,0.021643693507518158,1714589.797623929,0.021643693507518158,elastic_net,True,resolved
2025-11-25,1720361.6617616524,0.003366323621966094,1720361.6617616524,0.003366323621966094,elastic_net,True,resolved
2025-11-26,1733450.9218361885,0.007608435113075407,1733450.9218361885,0.007608435113075407,elastic_net,True,resolved
2025-11-28,1746627.6866424435,0.007601464016239623,1746627.6866424435,0.007601464016239623,elastic_net,True,resolved
2025-12-01,1737256.0459173657,-0.005365562905448429,1737256.0459173657,-0.005365562905448429,elastic_net,True,resolved
2025-12-02,1731030.8904509256,-0.003583326407796683,1731030.8904509256,-0.003583326407796683,elastic_net,True,resolved
2025-12-03,1725045.654395262,-0.003457613661709047,1725045.654395262,-0.003457613661709047,elastic_net,True,resolved
2025-12-04,1723611.8145388414,-0.0008311895124440971,1723611.8145388414,-0.0008311895124440971,elastic_net,True,resolved
2025-12-05,1713883.024485068,-0.005644420612408219,1713883.024485068,-0.005644420612408219,elastic_net,True,resolved
2025-12-08,1710685.321249714,-0.001865765159973387,1710685.321249714,-0.001865765159973387,elastic_net,True,resolved
2025-12-09,1707807.3758646292,-0.0016823347633463381,1707807.3758646292,-0.0016823347633463381,elastic_net,True,resolved
2025-12-10,1711611.269406221,0.0022273551428282357,1711611.269406221,0.0022273551428282357,elastic_net,True,resolved
2025-12-11,1727852.5193255022,0.009488865964825788,1727852.5193255022,0.009488865964825788,elastic_net,True,resolved
2025-12-12,1731550.0056713605,0.0021399316808021762,1731550.0056713605,0.0021399316808021762,elastic_net,True,resolved
2025-12-15,1742552.174780894,0.006353942463976248,1742552.174780894,0.006353942463976248,elastic_net,True,resolved
2025-12-16,1732466.64194667,-0.005787793892307547,1732466.64194667,-0.005787793892307547,elastic_net,True,resolved
2025-12-17,1715580.1877565638,-0.009747058778073692,1715580.1877565638,-0.009747058778073692,elastic_net,True,resolved
2025-12-18,1717486.1287153165,0.0011109599961312,1717486.1287153165,0.0011109599961312,elastic_net,True,resolved
2025-12-19,1740849.1158268584,0.013603013567869304,1740849.1158268584,0.013603013567869304,elastic_net,True,resolved
2025-12-22,1750068.0072623815,0.005295629214335573,1750068.0072623815,0.005295629214335573,elastic_net,True,resolved
2025-12-23,1749509.582771651,-0.0003190873088435575,1749509.582771651,-0.0003190873088435575,elastic_net,True,resolved
2025-12-24,1754841.8406878985,0.0030478586506510474,1754841.8406878985,0.0030478586506510474,elastic_net,True,resolved
2025-12-26,1751239.7332811886,-0.00205266783774527,1751239.7332811886,-0.00205266783774527,elastic_net,True,resolved
2025-12-29,1749586.836474149,-0.000943843824250501,1749586.836474149,-0.000943843824250501,elastic_net,True,resolved
2025-12-30,1749426.8448359622,-9.14453829049533e-05,1749426.8448359622,-9.14453829049533e-05,elastic_net,True,resolved
2025-12-31,1737623.2401472554,-0.006747126765288436,1737623.2401472554,-0.006747126765288436,elastic_net,True,resolved
2024-01-02,1000000.0,,1000000.0,,xgb_regression,True,resolved
2024-01-03,1000427.0037732898,0.00042700377328985795,1000427.0037732898,0.00042700377328985795,xgb_regression,True,resolved
2024-01-04,999951.0671588897,-0.00047573347441143277,999951.0671588897,-0.00047573347441143277,xgb_regression,True,resolved
2024-01-05,999244.8871805274,-0.0007062145354459481,999244.8871805274,-0.0007062145354459481,xgb_regression,True,resolved
2024-01-08,1023703.0425751251,0.024476638017742358,1023703.0425751251,0.024476638017742358,xgb_regression,True,resolved
2024-01-09,1020261.4471316593,-0.003361907995123814,1020261.4471316593,-0.003361907995123814,xgb_regression,True,resolved
2024-01-10,1023660.3047653573,0.00333135946992158,1023660.3047653573,0.00333135946992158,xgb_regression,True,resolved
2024-01-11,1022413.5929711452,-0.0012178960035945652,1022413.5929711452,-0.0012178960035945652,xgb_regression,True,resolved
2024-01-12,1016560.2440919623,-0.005725030378531004,1016560.2440919623,-0.005725030378531004,xgb_regression,True,resolved
2024-01-16,1020533.1352134406,0.00390817085811479,1020533.1352134406,0.00390817085811479,xgb_regression,True,resolved
2024-01-17,1014268.817790522,-0.0061382793039919115,1014268.817790522,-0.0061382793039919115,xgb_regression,True,resolved
2024-01-18,1017942.2594868568,0.0036217634140987,1017942.2594868568,0.0036217634140987,xgb_regression,True,resolved
2024-01-19,1035994.8656724165,0.01773441078540161,1035994.8656724165,0.01773441078540161,xgb_regression,True,resolved
2024-01-22,1042391.3478923796,0.006174241236042599,1042391.3478923796,0.006174241236042599,xgb_regression,True,resolved
2024-01-23,1044301.3177549099,0.0018322963504944223,1044301.3177549099,0.0018322963504944223,xgb_regression,True,resolved
2024-01-24,1045619.7980483286,0.0012625477637557836,1045619.7980483286,0.0012625477637557836,xgb_regression,True,resolved
2024-01-25,1033655.4470133887,-0.011442353193074184,1033655.4470133887,-0.011442353193074184,xgb_regression,True,resolved
2024-01-26,1033864.641269337,0.00020238296673502632,1033864.641269337,0.00020238296673502632,xgb_regression,True,resolved
2024-01-29,1044066.0416251317,0.009867249491451568,1044066.0416251317,0.009867249491451568,xgb_regression,True,resolved
2024-01-30,1044089.5589603002,2.252475823438793e-05,1044089.5589603002,2.252475823438793e-05,xgb_regression,True,resolved
2024-01-31,1033910.6536287506,-0.009749073002593422,1033910.6536287506,-0.009749073002593422,xgb_regression,True,resolved
2024-02-01,1043503.9966988949,0.00927869641005663,1043503.9966988949,0.00927869641005663,xgb_regression,True,resolved
2024-02-02,1053043.4127007248,0.009141714868373896,1053043.4127007248,0.009141714868373896,xgb_regression,True,resolved
2024-02-05,1043469.1857949637,-0.00909195840388588,1043469.1857949637,-0.00909195840388588,xgb_regression,True,resolved
2024-02-06,1047978.3903895124,0.004321358652400686,1047978.3903895124,0.004321358652400686,xgb_regression,True,resolved
2024-02-07,1054404.229181475,0.006131651998639187,1054404.229181475,0.006131651998639187,xgb_regression,True,resolved
2024-02-08,1058447.731681737,0.0038348693872376494,1058447.731681737,0.0038348693872376494,xgb_regression,True,resolved
2024-02-09,1058582.0215868752,0.0001268743851194909,1058582.0215868752,0.0001268743851194909,xgb_regression,True,resolved
2024-02-12,1061891.260125996,0.003126104989162881,1061891.260125996,0.003126104989162881,xgb_regression,True,resolved
2024-02-13,1054799.643110512,-0.00667828927666525,1054799.643110512,-0.00667828927666525,xgb_regression,True,resolved
2024-02-14,1071766.57360418,0.016085453388696713,1071766.57360418,0.016085453388696713,xgb_regression,True,resolved
2024-02-15,1074386.691202077,0.0024446718739192796,1074386.691202077,0.0024446718739192796,xgb_regression,True,resolved
2024-02-16,1067743.9194392106,-0.006182850008533025,1067743.9194392106,-0.006182850008533025,xgb_regression,True,resolved
2024-02-20,1059762.8342843724,-0.007474718431578542,1059762.8342843724,-0.007474718431578542,xgb_regression,True,resolved
2024-02-21,1034353.3160814765,-0.023976608143702505,1034353.3160814765,-0.023976608143702505,xgb_regression,True,resolved
2024-02-22,1067342.7011834627,0.03189372972376847,1067342.7011834627,0.03189372972376847,xgb_regression,True,resolved
2024-02-23,1069554.3313688664,0.002072090044698216,1069554.3313688664,0.002072090044698216,xgb_regression,True,resolved
2024-02-26,1076568.0642622737,0.0065576218876424175,1076568.0642622737,0.0065576218876424175,xgb_regression,True,resolved
2024-02-27,1078995.5671013226,0.0022548531018449225,1078995.5671013226,0.0022548531018449225,xgb_regression,True,resolved
2024-02-28,1079531.903486228,0.0004970700540933848,1079531.903486228,0.0004970700540933848,xgb_regression,True,resolved
2024-02-29,1087631.5806120853,0.007502952992588963,1087631.5806120853,0.007502952992588963,xgb_regression,True,resolved
2024-03-01,1094324.9280909733,0.006154057677436375,1094324.9280909733,0.006154057677436375,xgb_regression,True,resolved
2024-03-04,1090114.5203205324,-0.003847493246622702,1090114.5203205324,-0.003847493246622702,xgb_regression,True,resolved
2024-03-05,1078794.157459998,-0.010384562951427978,1078794.157459998,-0.010384562951427978,xgb_regression,True,resolved
2024-03-06,1082567.3750517084,0.0034976251638165756,1082567.3750517084,0.0034976251638165756,xgb_regression,True,resolved
2024-03-07,1092159.44393002,0.00886048212736279,1092159.44393002,0.00886048212736279,xgb_regression,True,resolved
2024-03-08,1088356.410889212,-0.0034821225618150153,1088356.410889212,-0.0034821225618150153,xgb_regression,True,resolved
2024-03-11,1085996.741680176,-0.002168103376271824,1085996.741680176,-0.002168103376271824,xgb_regression,True,resolved
2024-03-12,1104377.8198609948,0.016925537135941138,1104377.8198609948,0.016925537135941138,xgb_regression,True,resolved
2024-03-13,1098589.4296132089,-0.00524131338359779,1098589.4296132089,-0.00524131338359779,xgb_regression,True,resolved
2024-03-14,1089433.1838821745,-0.008334547451688157,1089433.1838821745,-0.008334547451688157,xgb_regression,True,resolved
2024-03-15,1086139.2931678658,-0.003023490346210078,1086139.2931678658,-0.003023490346210078,xgb_regression,True,resolved
2024-03-18,1088434.2293187713,0.0021129298657558415,1088434.2293187713,0.0021129298657558415,xgb_regression,True,resolved
2024-03-19,1082840.5976969774,-0.005139154457954542,1082840.5976969774,-0.005139154457954542,xgb_regression,True,resolved
2024-03-20,1102301.5989217698,0.017972175467176443,1102301.5989217698,0.017972175467176443,xgb_regression,True,resolved
2024-03-21,1118154.6209515454,0.014381746379831473,1118154.6209515454,0.014381746379831473,xgb_regression,True,resolved
2024-03-22,1112216.328419214,-0.005310797291413816,1112216.328419214,-0.005310797291413816,xgb_regression,True,resolved
2024-03-25,1109337.86451053,-0.0025880432026882394,1109337.86451053,-0.0025880432026882394,xgb_regression,True,resolved
2024-03-26,1108187.8446078964,-0.0010366723605355066,1108187.8446078964,-0.0010366723605355066,xgb_regression,True,resolved
2024-03-27,1116649.7440670012,0.007635798840672781,1116649.7440670012,0.007635798840672781,xgb_regression,True,resolved
2024-03-28,1115681.9187191604,-0.0008667224015256325,1115681.9187191604,-0.0008667224015256325,xgb_regression,True,resolved
2024-04-01,1117597.452142718,0.0017169171530149185,1117597.452142718,0.0017169171530149185,xgb_regression,True,resolved
2024-04-02,1106300.7215420348,-0.010108049708796751,1106300.7215420348,-0.010108049708796751,xgb_regression,True,resolved
2024-04-03,1112432.6458338036,0.005542728276649589,1112432.6458338036,0.005542728276649589,xgb_regression,True,resolved
2024-04-04,1103940.163735102,-0.0076341539692376115,1103940.163735102,-0.0076341539692376115,xgb_regression,True,resolved
2024-04-05,1114385.1415974416,0.00946154348347994,1114385.1415974416,0.00946154348347994,xgb_regression,True,resolved
2024-04-08,1118388.1560092308,0.0035921283067816834,1118388.1560092308,0.0035921283067816834,xgb_regression,True,resolved
2024-04-09,1111446.7352435621,-0.0062066293606307665,1111446.7352435621,-0.0062066293606307665,xgb_regression,True,resolved
2024-04-10,1111194.5685520098,-0.00022688149018412762,1111194.5685520098,-0.00022688149018412762,xgb_regression,True,resolved
2024-04-11,1118661.1451013074,0.00671941418776667,1118661.1451013074,0.00671941418776667,xgb_regression,True,resolved
2024-04-12,1107779.5909341085,-0.00972730143962719,1107779.5909341085,-0.00972730143962719,xgb_regression,True,resolved
2024-04-15,1096926.4632449434,-0.009797190504307274,1096926.4632449434,-0.009797190504307274,xgb_regression,True,resolved
2024-04-16,1101980.4055318427,0.00460736654301197,1101980.4055318427,0.00460736654301197,xgb_regression,True,resolved
2024-04-17,1096707.3291043697,-0.00478509091541246,1096707.3291043697,-0.00478509091541246,xgb_regression,True,resolved
2024-04-18,1092891.021596849,-0.0034797866360912755,1092891.021596849,-0.0034797866360912755,xgb_regression,True,resolved
2024-04-19,1080512.4560035528,-0.011326440924740666,1080512.4560035528,-0.011326440924740666,xgb_regression,True,resolved
2024-04-22,1086389.272920139,0.005438916399281846,1086389.272920139,0.005438916399281846,xgb_regression,True,resolved
2024-04-23,1110231.9786799466,0.02194674262174945,1110231.9786799466,0.02194674262174945,xgb_regression,True,resolved
2024-04-24,1109575.6027832546,-0.000591206080617912,1109575.6027832546,-0.000591206080617912,xgb_regression,True,resolved
2024-04-25,1112021.9981361579,0.002204802761314184,1112021.9981361579,0.002204802761314184,xgb_regression,True,resolved
2024-04-26,1116724.4095427431,0.004228703581823812,1116724.4095427431,0.004228703581823812,xgb_regression,True,resolved
2024-04-29,1117411.5740947057,0.0006153394213386232,1117411.5740947057,0.0006153394213386232,xgb_regression,True,resolved
2024-04-30,1101660.448010318,-0.014096082812770971,1101660.448010318,-0.014096082812770971,xgb_regression,True,resolved
2024-05-01,1101414.074116686,-0.00022363868474817306,1101414.074116686,-0.00022363868474817306,xgb_regression,True,resolved
2024-05-02,1112491.0647647537,0.010057062923361837,1112491.0647647537,0.010057062923361837,xgb_regression,True,resolved
2024-05-03,1118676.85568512,0.00556030616000891,1118676.85568512,0.00556030616000891,xgb_regression,True,resolved
2024-05-06,1131661.7553114332,0.01160737308573423,1131661.7553114332,0.01160737308573423,xgb_regression,True,resolved
2024-05-07,1125752.5177336677,-0.005221734807269618,1125752.5177336677,-0.005221734807269618,xgb_regression,True,resolved
2024-05-08,1128814.579865137,0.0027200135760157007,1128814.579865137,0.0027200135760157007,xgb_regression,True,resolved
2024-05-09,1145315.6632798011,0.0146180636829083,1145315.6632798011,0.0146180636829083,xgb_regression,True,resolved
2024-05-10,1139673.669464745,-0.0049261474333628374,1139673.669464745,-0.0049261474333628374,xgb_regression,True,resolved
2024-05-13,1138081.7166040712,-0.0013968497328025187,1138081.7166040712,-0.0013968497328025187,xgb_regression,True,resolved
2024-05-14,1153117.539470851,0.013211549440971027,1153117.539470851,0.013211549440971027,xgb_regression,True,resolved
2024-05-15,1170767.326306453,0.015306147232571954,1170767.326306453,0.015306147232571954,xgb_regression,True,resolved
2024-05-16,1165470.826414669,-0.0045239560182239735,1165470.826414669,-0.0045239560182239735,xgb_regression,True,resolved
2024-05-17,1168310.8767163318,0.0024368265917042997,1168310.8767163318,0.0024368265917042997,xgb_regression,True,resolved
2024-05-20,1175783.1321274657,0.006395776637923234,1175783.1321274657,0.006395776637923234,xgb_regression,True,resolved
2024-05-21,1171967.6864395274,-0.0032450250251800927,1171967.6864395274,-0.0032450250251800927,xgb_regression,True,resolved
2024-05-22,1166352.001448036,-0.004791672207748454,1166352.001448036,-0.004791672207748454,xgb_regression,True,resolved
2024-05-23,1159407.0605151032,-0.0059544124966652845,1159407.0605151032,-0.0059544124966652845,xgb_regression,True,resolved
2024-05-24,1171289.8713571557,0.010249041295964822,1171289.8713571557,0.010249041295964822,xgb_regression,True,resolved
2024-05-28,1162224.6348832932,-0.007739532882119815,1162224.6348832932,-0.007739532882119815,xgb_regression,True,resolved
2024-05-29,1157777.305186661,-0.003826566365183637,1157777.305186661,-0.003826566365183637,xgb_regression,True,resolved
2024-05-30,1147537.4416835487,-0.008844415465080635,1147537.4416835487,-0.008844415465080635,xgb_regression,True,resolved
2024-05-31,1141799.7921353015,-0.004999967181750109,1141799.7921353015,-0.004999967181750109,xgb_regression,True,resolved
2024-06-03,1132074.270779639,-0.008517711618667101,1132074.270779639,-0.008517711618667101,xgb_regression,True,resolved
2024-06-04,1127874.1360558681,-0.0037101229417380033,1127874.1360558681,-0.0037101229417380033,xgb_regression,True,resolved
2024-06-05,1154905.6665236081,0.023966797006506724,1154905.6665236081,0.023966797006506724,xgb_regression,True,resolved
2024-06-06,1140631.788488399,-0.012359345398464505,1140631.788488399,-0.012359345398464505,xgb_regression,True,resolved
2024-06-07,1140421.786885408,-0.00018410989866357585,1140421.786885408,-0.00018410989866357585,xgb_regression,True,resolved
2024-06-10,1161260.3932321696,0.018272718555889522,1161260.3932321696,0.018272718555889522,xgb_regression,True,resolved
2024-06-11,1154480.807309623,-0.005838127229739309,1154480.807309623,-0.005838127229739309,xgb_regression,True,resolved
2024-06-12,1161065.693757735,0.005703764329748395,1161065.693757735,0.005703764329748395,xgb_regression,True,resolved
2024-06-13,1170882.6154480092,0.008455095816759739,1170882.6154480092,0.008455095816759739,xgb_regression,True,resolved
2024-06-14,1167121.9284619838,-0.0032118394588910304,1167121.9284619838,-0.0032118394588910304,xgb_regression,True,resolved
2024-06-17,1176500.36277682,0.00803552232729876,1176500.36277682,0.00803552232729876,xgb_regression,True,resolved
2024-06-18,1179978.876947314,0.0029566622166472545,1179978.876947314,0.0029566622166472545,xgb_regression,True,resolved
2024-06-20,1178479.4681559077,-0.001270708163255807,1178479.4681559077,-0.001270708163255807,xgb_regression,True,resolved
2024-06-21,1179747.0482868194,0.0010756064616850303,1179747.0482868194,0.0010756064616850303,xgb_regression,True,resolved
2024-06-24,1165288.656955182,-0.012255501170893468,1165288.656955182,-0.012255501170893468,xgb_regression,True,resolved
2024-06-25,1179991.9552581236,0.012617730564167928,1179991.9552581236,0.012617730564167928,xgb_regression,True,resolved
2024-06-26,1174173.8732454816,-0.004930611591643652,1174173.8732454816,-0.004930611591643652,xgb_regression,True,resolved
2024-06-27,1180551.6432663712,0.0054317083408277345,1180551.6432663712,0.0054317083408277345,xgb_regression,True,resolved
2024-06-28,1174837.3580107228,-0.004840351786591923,1174837.3580107228,-0.004840351786591923,xgb_regression,True,resolved
2024-07-01,1171015.6241682847,-0.003252989715026744,1171015.6241682847,-0.003252989715026744,xgb_regression,True,resolved
2024-07-02,1178168.3850230067,0.00610816859066432,1178168.3850230067,0.00610816859066432,xgb_regression,True,resolved
2024-07-03,1191209.1170790722,0.0110686487787659,1191209.1170790722,0.0110686487787659,xgb_regression,True,resolved
2024-07-05,1190163.2848607106,-0.0008779585409202095,1190163.2848607106,-0.0008779585409202095,xgb_regression,True,resolved
2024-07-08,1197038.7325393998,0.005776894453179082,1197038.7325393998,0.005776894453179082,xgb_regression,True,resolved
2024-07-09,1197799.3966895137,0.0006354549184053315,1197799.3966895137,0.0006354549184053315,xgb_regression,True,resolved
2024-07-10,1203673.2168061074,0.0049038429413370554,1203673.2168061074,0.0049038429413370554,xgb_regression,True,resolved
2024-07-11,1206192.0035673883,0.0020925835402105797,1206192.0035673883,0.0020925835402105797,xgb_regression,True,resolved
2024-07-12,1214101.3211329647,0.006557262477436598,1214101.3211329647,0.006557262477436598,xgb_regression,True,resolved
2024-07-15,1225797.1868877527,0.0096333523003449,1225797.1868877527,0.0096333523003449,xgb_regression,True,resolved
2024-07-16,1227233.3819014197,0.001171641629651221,1227233.3819014197,0.001171641629651221,xgb_regression,True,resolved
2024-07-17,1187149.8903553777,-0.03266166984794572,1187149.8903553777,-0.03266166984794572,xgb_regression,True,resolved
2024-07-18,1183764.3746734508,-0.0028518013684972754,1183764.3746734508,-0.0028518013684972754,xgb_regression,True,resolved
2024-07-19,1178552.1505943409,-0.004403092533129982,1178552.1505943409,-0.004403092533129982,xgb_regression,True,resolved
2024-07-22,1193813.6629549824,0.012949373816801613,1193813.6629549824,0.012949373816801613,xgb_regression,True,resolved
2024-07-23,1190065.8972206386,-0.0031393221996364185,1190065.8972206386,-0.0031393221996364185,xgb_regression,True,resolved
2024-07-24,1163278.1571203268,-0.022509459486969363,1163278.1571203268,-0.022509459486969363,xgb_regression,True,resolved
2024-07-25,1146850.209724845,-0.014122114556117005,1146850.209724845,-0.014122114556117005,xgb_regression,True,resolved
2024-07-26,1163323.9679869604,0.014364350394170389,1163323.9679869604,0.014364350394170389,xgb_regression,True,resolved
2024-07-29,1165429.8071993273,0.001810191546221418,1165429.8071993273,0.001810191546221418,xgb_regression,True,resolved
2024-07-30,1148447.2026698452,-0.01457196686113027,1148447.2026698452,-0.01457196686113027,xgb_regression,True,resolved
2024-07-31,1184001.0463528913,0.030958187368468115,1184001.0463528913,0.030958187368468115,xgb_regression,True,resolved
2024-08-01,1151350.026060282,-0.02757685087625983,1151350.026060282,-0.02757685087625983,xgb_regression,True,resolved
2024-08-02,1144255.8867508867,-0.006161583487925282,1144255.8867508867,-0.006161583487925282,xgb_regression,True,resolved
2024-08-05,1121253.6668216016,-0.020102339166984673,1121253.6668216016,-0.020102339166984673,xgb_regression,True,resolved
2024-08-06,1138542.1392225255,0.015418877023547495,1138542.1392225255,0.015418877023547495,xgb_regression,True,resolved
2024-08-07,1106286.833227425,-0.028330357642385118,1106286.833227425,-0.028330357642385118,xgb_regression,True,resolved
2024-08-08,1139943.6701943679,0.030423246445728802,1139943.6701943679,0.030423246445728802,xgb_regression,True,resolved
2024-08-09,1145418.6876854408,0.004802884242639305,1145418.6876854408,0.004802884242639305,xgb_regression,True,resolved
2024-08-12,1147480.4455555165,0.0018000036949301634,1147480.4455555165,0.0018000036949301634,xgb_regression,True,resolved
2024-08-13,1176594.1072478704,0.025371815097258166,1176594.1072478704,0.025371815097258166,xgb_regression,True,resolved
2024-08-14,1179278.0879531177,0.0022811440994934262,1179278.0879531177,0.0022811440994934262,xgb_regression,True,resolved
2024-08-15,1190923.6817316776,0.009875188810446911,1190923.6817316776,0.009875188810446911,xgb_regression,True,resolved
2024-08-16,1192670.6399959726,0.0014668935474981826,1192670.6399959726,0.0014668935474981826,xgb_regression,True,resolved
2024-08-19,1201596.7769481963,0.007484159207820973,1201596.7769481963,0.007484159207820973,xgb_regression,True,resolved
2024-08-20,1196648.453407532,-0.0041181231804166,1196648.453407532,-0.0041181231804166,xgb_regression,True,resolved
2024-08-21,1208924.1019414961,0.0102583582496667,1208924.1019414961,0.0102583582496667,xgb_regression,True,resolved
2024-08-22,1198136.5729860892,-0.00892324748764839,1198136.5729860892,-0.00892324748764839,xgb_regression,True,resolved
2024-08-23,1211916.138755078,0.011500830606185675,1211916.138755078,0.011500830606185675,xgb_regression,True,resolved
2024-08-26,1201972.546373968,-0.00820485185660147,1201972.546373968,-0.00820485185660147,xgb_regression,True,resolved
2024-08-27,1206213.4073457704,0.0035282511107228576,1206213.4073457704,0.0035282511107228576,xgb_regression,True,resolved
2024-08-28,1184015.0509781402,-0.01840334076245831,1184015.0509781402,-0.01840334076245831,xgb_regression,True,resolved
2024-08-29,1176987.5631711893,-0.0059353027659111435,1176987.5631711893,-0.0059353027659111435,xgb_regression,True,resolved
2024-08-30,1186987.1821401909,0.008495942762606123,1186987.1821401909,0.008495942762606123,xgb_regression,True,resolved
2024-09-03,1160929.8480573117,-0.02195249828721535,1160929.8480573117,-0.02195249828721535,xgb_regression,True,resolved
2024-09-04,1156325.049107983,-0.003966474767647998,1156325.049107983,-0.003966474767647998,xgb_regression,True,resolved
2024-09-05,1149344.7486302652,-0.006036624808138935,1149344.7486302652,-0.006036624808138935,xgb_regression,True,resolved
2024-09-06,1122376.5658757156,-0.023463963085653017,1122376.5658757156,-0.023463963085653017,xgb_regression,True,resolved
2024-09-09,1143922.5702920335,0.019196769668392788,1143922.5702920335,0.019196769668392788,xgb_regression,True,resolved
2024-09-10,1144476.6876123752,0.0004844010728806136,1144476.6876123752,0.0004844010728806136,xgb_regression,True,resolved
2024-09-11,1168070.782878281,0.020615618929843205,1168070.782878281,0.020615618929843205,xgb_regression,True,resolved
2024-09-12,1171205.1575497694,0.0026833773410244177,1171205.1575497694,0.0026833773410244177,xgb_regression,True,resolved
2024-09-13,1178671.6362350755,0.006375039110079195,1178671.6362350755,0.006375039110079195,xgb_regression,True,resolved
2024-09-16,1181192.9692560453,0.0021391309873404207,1181192.9692560453,0.0021391309873404207,xgb_regression,True,resolved
2024-09-17,1183738.980823155,0.0021554577730964475,1183738.980823155,0.0021554577730964475,xgb_regression,True,resolved
2024-09-18,1184382.8494078142,0.0005439278380539037,1184382.8494078142,0.0005439278380539037,xgb_regression,True,resolved
2024-09-19,1191891.7629083677,0.006339937718878641,1191891.7629083677,0.006339937718878641,xgb_regression,True,resolved
2024-09-20,1190889.074332483,-0.0008412580798762281,1190889.074332483,-0.0008412580798762281,xgb_regression,True,resolved
2024-09-23,1200996.1959738557,0.008487038683294479,1200996.1959738557,0.008487038683294479,xgb_regression,True,resolved
2024-09-24,1204250.547178091,0.0027097098351727134,1204250.547178091,0.0027097098351727134,xgb_regression,True,resolved
2024-09-25,1206459.1727627232,0.001834024979110449,1206459.1727627232,0.001834024979110449,xgb_regression,True,resolved
2024-09-26,1207105.0642268043,0.0005353612278500286,1207105.0642268043,0.0005353612278500286,xgb_regression,True,resolved
2024-09-27,1210980.9814121868,0.003210919496775544,1210980.9814121868,0.003210919496775544,xgb_regression,True,resolved
2024-09-30,1217567.734387011,0.005439187795619249,1217567.734387011,0.005439187795619249,xgb_regression,True,resolved
2024-10-01,1208656.3813694748,-0.007318979277996962,1208656.3813694748,-0.007318979277996962,xgb_regression,True,resolved
2024-10-02,1216895.44579836,0.006816713630014348,1216895.44579836,0.006816713630014348,xgb_regression,True,resolved
2024-10-03,1212025.6090935776,-0.004001853011774137,1212025.6090935776,-0.004001853011774137,xgb_regression,True,resolved
2024-10-04,1215156.692423634,0.002583347502366662,1215156.692423634,0.002583347502366662,xgb_regression,True,resolved
2024-10-07,1206652.0463663177,-0.006998806088417964,1206652.0463663177,-0.006998806088417964,xgb_regression,True,resolved
2024-10-08,1211445.4477915657,0.003972480252018684,1211445.4477915657,0.003972480252018684,xgb_regression,True,resolved
2024-10-09,1214604.0320835514,0.0026072856171475145,1214604.0320835514,0.0026072856171475145,xgb_regression,True,resolved
2024-10-10,1206793.100636898,-0.0064308459714680355,1206793.100636898,-0.0064308459714680355,xgb_regression,True,resolved
2024-10-11,1221035.809427063,0.011802113206189402,1221035.809427063,0.011802113206189402,xgb_regression,True,resolved
2024-10-14,1232226.756698955,0.00916512618671117,1232226.756698955,0.00916512618671117,xgb_regression,True,resolved
2024-10-15,1230131.4546363982,-0.0017004192216779623,1230131.4546363982,-0.0017004192216779623,xgb_regression,True,resolved
2024-10-16,1233396.799216692,0.0026544679985107678,1233396.799216692,0.0026544679985107678,xgb_regression,True,resolved
2024-10-17,1231972.573248427,-0.00115471839165604,1231972.573248427,-0.00115471839165604,xgb_regression,True,resolved
2024-10-18,1243426.6692738032,0.009297362842400458,1243426.6692738032,0.009297362842400458,xgb_regression,True,resolved
2024-10-21,1238041.2557713548,-0.004331106639037796,1238041.2557713548,-0.004331106639037796,xgb_regression,True,resolved
2024-10-22,1232227.0818664595,-0.004696268301069506,1232227.0818664595,-0.004696268301069506,xgb_regression,True,resolved
2024-10-23,1225353.7264881392,-0.005577994088483362,1225353.7264881392,-0.005577994088483362,xgb_regression,True,resolved
2024-10-24,1226787.5561799915,0.0011701353338693377,1226787.5561799915,0.0011701353338693377,xgb_regression,True,resolved
2024-10-25,1220115.843943774,-0.0054383598876662775,1220115.843943774,-0.0054383598876662775,xgb_regression,True,resolved
2024-10-28,1233509.2082410348,0.010977125134257193,1233509.2082410348,0.010977125134257193,xgb_regression,True,resolved
2024-10-29,1232395.146307772,-0.0009031646669678262,1232395.146307772,-0.0009031646669678262,xgb_regression,True,resolved
2024-10-30,1228066.67976917,-0.0035122391966326827,1228066.67976917,-0.0035122391966326827,xgb_regression,True,resolved
2024-10-31,1230191.5479879468,0.0017302547604143292,1230191.5479879468,0.0017302547604143292,xgb_regression,True,resolved
2024-11-01,1227251.7711116716,-0.002389690354386964,1227251.7711116716,-0.002389690354386964,xgb_regression,True,resolved
2024-11-04,1231161.1745045772,0.003185494195184102,1231161.1745045772,0.003185494195184102,xgb_regression,True,resolved
2024-11-05,1245757.7163515233,0.01185591468381042,1245757.7163515233,0.01185591468381042,xgb_regression,True,resolved
2024-11-06,1265367.736055477,0.015741439484225017,1265367.736055477,0.015741439484225017,xgb_regression,True,resolved
2024-11-07,1269292.1844067057,0.003101429125625055,1269292.1844067057,0.003101429125625055,xgb_regression,True,resolved
2024-11-08,1275717.9249388762,0.00506245970085617,1275717.9249388762,0.00506245970085617,xgb_regression,True,resolved
2024-11-11,1270312.685449121,-0.0042370177482723426,1270312.685449121,-0.0042370177482723426,xgb_regression,True,resolved
2024-11-12,1264158.4305567,-0.0048446771908328135,1264158.4305567,-0.0048446771908328135,xgb_regression,True,resolved
2024-11-13,1253324.2947418857,-0.00857023578131999,1253324.2947418857,-0.00857023578131999,xgb_regression,True,resolved
2024-11-14,1236476.9622531938,-0.01344211754242064,1236476.9622531938,-0.01344211754242064,xgb_regression,True,resolved
2024-11-15,1221372.2882420318,-0.012215896027401252,1221372.2882420318,-0.012215896027401252,xgb_regression,True,resolved
2024-11-18,1240388.8346646852,0.015569819788546768,1240388.8346646852,0.015569819788546768,xgb_regression,True,resolved
2024-11-19,1267467.0974504123,0.02183046318136772,1267467.0974504123,0.02183046318136772,xgb_regression,True,resolved
2024-11-20,1266159.260030859,-0.0010318511795566199,1266159.260030859,-0.0010318511795566199,xgb_regression,True,resolved
2024-11-21,1275747.8637912609,0.007572983954773793,1275747.8637912609,0.007572983954773793,xgb_regression,True,resolved
2024-11-22,1287577.324094788,0.009272569164546551,1287577.324094788,0.009272569164546551,xgb_regression,True,resolved
2024-11-25,1294313.9448463232,0.005232012575455469,1294313.9448463232,0.005232012575455469,xgb_regression,True,resolved
2024-11-26,1298701.5113508021,0.0033898781064278793,1298701.5113508021,0.0033898781064278793,xgb_regression,True,resolved
2024-11-27,1292499.2535619223,-0.004775737715457584,1292499.2535619223,-0.004775737715457584,xgb_regression,True,resolved
2024-11-29,1297465.1252817903,0.0038420693135279294,1297465.1252817903,0.0038420693135279294,xgb_regression,True,resolved
2024-12-02,1294012.0345393848,-0.002661413147159175,1294012.0345393848,-0.002661413147159175,xgb_regression,True,resolved
2024-12-03,1291575.0259458525,-0.0018832966993229672,1291575.0259458525,-0.0018832966993229672,xgb_regression,True,resolved
2024-12-04,1290258.061942818,-0.0010196573769069017,1290258.061942818,-0.0010196573769069017,xgb_regression,True,resolved
2024-12-05,1283760.9392587063,-0.00503552186632239,1283760.9392587063,-0.00503552186632239,xgb_regression,True,resolved
2024-12-06,1287650.9161192318,0.003030141159125588,1287650.9161192318,0.003030141159125588,xgb_regression,True,resolved
2024-12-09,1273088.0209495923,-0.01130966086175722,1273088.0209495923,-0.01130966086175722,xgb_regression,True,resolved
2024-12-10,1261151.469523287,-0.009376061379795297,1261151.469523287,-0.009376061379795297,xgb_regression,True,resolved
2024-12-11,1273347.147733715,0.009670272370247535,1273347.147733715,0.009670272370247535,xgb_regression,True,resolved
2024-12-12,1272215.1402404816,-0.0008890014755583708,1272215.1402404816,-0.0008890014755583708,xgb_regression,True,resolved
2024-12-13,1272034.6057533803,-0.00014190562695792774,1272034.6057533803,-0.00014190562695792774,xgb_regression,True,resolved
2024-12-16,1274149.990767321,0.0016629932899410171,1274149.990767321,0.0016629932899410171,xgb_regression,True,resolved
2024-12-17,1262397.7159105751,-0.009223619622418577,1262397.7159105751,-0.009223619622418577,xgb_regression,True,resolved
2024-12-18,1239474.4268201396,-0.018158531817289325,1239474.4268201396,-0.018158531817289325,xgb_regression,True,resolved
2024-12-19,1231801.4224334084,-0.006190530615799994,1231801.4224334084,-0.006190530615799994,xgb_regression,True,resolved
2024-12-20,1248480.1837895743,0.013540138087531295,1248480.1837895743,0.013540138087531295,xgb_regression,True,resolved
2024-12-23,1252457.5930605854,0.003185800882268053,1252457.5930605854,0.003185800882268053,xgb_regression,True,resolved
2024-12-24,1261854.7204850963,0.007502950580184908,1261854.7204850963,0.007502950580184908,xgb_regression,True,resolved
2024-12-26,1261988.4405826284,0.00010597107207455103,1261988.4405826284,0.00010597107207455103,xgb_regression,True,resolved
2024-12-27,1250713.7551758229,-0.00893406392977758,1250713.7551758229,-0.00893406392977758,xgb_regression,True,resolved
2024-12-30,1242587.6715470408,-0.0064971569994763945,1242587.6715470408,-0.0064971569994763945,xgb_regression,True,resolved
2024-12-31,1229142.8404736714,-0.010820026128724014,1229142.8404736714,-0.010820026128724014,xgb_regression,True,resolved
2025-01-02,1239127.4232946585,0.00812320789106935,1239127.4232946585,0.00812320789106935,xgb_regression,True,resolved
2025-01-03,1238331.725697576,-0.0006421434810689464,1238331.725697576,-0.0006421434810689464,xgb_regression,True,resolved
2025-01-06,1250215.0718499334,0.009596254303880558,1250215.0718499334,0.009596254303880558,xgb_regression,True,resolved
2025-01-07,1258954.3843190218,0.006990247250944659,1258954.3843190218,0.006990247250944659,xgb_regression,True,resolved
2025-01-08,1266858.8828084194,0.006278621837178866,1266858.8828084194,0.006278621837178866,xgb_regression,True,resolved
2025-01-10,1251355.5426284086,-0.012237622035409679,1251355.5426284086,-0.012237622035409679,xgb_regression,True,resolved
2025-01-13,1251560.0400234032,0.00016342069701869022,1251560.0400234032,0.00016342069701869022,xgb_regression,True,resolved
2025-01-14,1267117.4693939774,0.012430429921910235,1267117.4693939774,0.012430429921910235,xgb_regression,True,resolved
2025-01-15,1299359.7532346197,0.025445378679896713,1299359.7532346197,0.025445378679896713,xgb_regression,True,resolved
2025-01-16,1309396.8031043895,0.0077246119442930805,1309396.8031043895,0.0077246119442930805,xgb_regression,True,resolved
2025-01-17,1313801.3451272366,0.003363794697225808,1313801.3451272366,0.003363794697225808,xgb_regression,True,resolved
2025-01-21,1325016.8034334136,0.008536646995966457,1325016.8034334136,0.008536646995966457,xgb_regression,True,resolved
2025-01-22,1331079.5372410777,0.004575590129841656,1331079.5372410777,0.004575590129841656,xgb_regression,True,resolved
2025-01-23,1335565.7711408325,0.003370372524134302,1335565.7711408325,0.003370372524134302,xgb_regression,True,resolved
2025-01-24,1332717.5861558132,-0.0021325681194916957,1332717.5861558132,-0.0021325681194916957,xgb_regression,True,resolved
2025-01-27,1282026.1499802796,-0.038036142617245416,1282026.1499802796,-0.038036142617245416,xgb_regression,True,resolved
2025-01-28,1303281.0943180826,0.01657918158543792,1303281.0943180826,0.01657918158543792,xgb_regression,True,resolved
2025-01-29,1308467.7892718632,0.0039797208571450415,1308467.7892718632,0.0039797208571450415,xgb_regression,True,resolved
2025-01-30,1319384.3627478047,0.008343020413224211,1319384.3627478047,0.008343020413224211,xgb_regression,True,resolved
2025-01-31,1316203.1132470497,-0.0024111620469182693,1316203.1132470497,-0.0024111620469182693,xgb_regression,True,resolved
2025-02-03,1314304.5285368445,-0.0014424709158462612,1314304.5285368445,-0.0014424709158462612,xgb_regression,True,resolved
2025-02-04,1314059.8074159692,-0.00018619818737730665,1314059.8074159692,-0.00018619818737730665,xgb_regression,True,resolved
2025-02-05,1327886.996870909,0.010522496294997463,1327886.996870909,0.010522496294997463,xgb_regression,True,resolved
2025-02-06,1340234.220072861,0.009298399058841333,1340234.220072861,0.009298399058841333,xgb_regression,True,resolved
2025-02-07,1335323.3307003924,-0.0036642023453197226,1335323.3307003924,-0.0036642023453197226,xgb_regression,True,resolved
2025-02-10,1333853.3761627874,-0.00110082292715874,1333853.3761627874,-0.00110082292715874,xgb_regression,True,resolved
2025-02-11,1317989.9990764253,-0.01189289420400741,1317989.9990764253,-0.01189289420400741,xgb_regression,True,resolved
2025-02-12,1319012.9993008892,0.0007761820842198119,1319012.9993008892,0.0007761820842198119,xgb_regression,True,resolved
2025-02-13,1328834.809074663,0.007446332810199463,1328834.809074663,0.007446332810199463,xgb_regression,True,resolved
2025-02-14,1329792.1630356614,0.0007204461792094108,1329792.1630356614,0.0007204461792094108,xgb_regression,True,resolved
2025-02-18,1343740.8197131157,0.01048935094158776,1343740.8197131157,0.01048935094158776,xgb_regression,True,resolved
2025-02-19,1336066.5640151259,-0.005711113025224757,1336066.5640151259,-0.005711113025224757,xgb_regression,True,resolved
2025-02-20,1321068.5138320103,-0.011225526172920275,1321068.5138320103,-0.011225526172920275,xgb_regression,True,resolved
2025-02-21,1274706.213174115,-0.035094546704025786,1274706.213174115,-0.035094546704025786,xgb_regression,True,resolved
2025-02-24,1253786.9571611143,-0.01641104106718838,1253786.9571611143,-0.01641104106718838,xgb_regression,True,resolved
2025-02-25,1250387.7655258873,-0.0027111397321628594,1250387.7655258873,-0.0027111397321628594,xgb_regression,True,resolved
2025-02-26,1285279.579956588,0.027904795130513804,1285279.579956588,0.027904795130513804,xgb_regression,True,resolved
2025-02-27,1266430.562634903,-0.014665305211121304,1266430.562634903,-0.014665305211121304,xgb_regression,True,resolved
2025-02-28,1283276.0722395778,0.013301565914223046,1283276.0722395778,0.013301565914223046,xgb_regression,True,resolved
2025-03-03,1265279.8402474835,-0.0140236636382437,1265279.8402474835,-0.0140236636382437,xgb_regression,True,resolved
2025-03-04,1260517.3322418614,-0.0037639958008740537,1260517.3322418614,-0.0037639958008740537,xgb_regression,True,resolved
2025-03-05,1281015.3896384067,0.01626162280536758,1281015.3896384067,0.01626162280536758,xgb_regression,True,resolved
2025-03-06,1239686.339625575,-0.032262727167155725,1239686.339625575,-0.032262727167155725,xgb_regression,True,resolved
2025-03-07,1248435.304927089,0.007057402362081744,1248435.304927089,0.007057402362081744,xgb_regression,True,resolved
2025-03-10,1183456.410199325,-0.05204826751640035,1183456.410199325,-0.05204826751640035,xgb_regression,True,resolved
2025-03-11,1198721.99756697,0.012899154743750918,1198721.99756697,0.012899154743750918,xgb_regression,True,resolved
2025-03-12,1225428.4700806378,0.02227912107050134,1225428.4700806378,0.02227912107050134,xgb_regression,True,resolved
2025-03-13,1206200.9453601781,-0.015690450475003614,1206200.9453601781,-0.015690450475003614,xgb_regression,True,resolved
2025-03-14,1234629.2400540018,0.023568456651586134,1234629.2400540018,0.023568456651586134,xgb_regression,True,resolved
2025-03-17,1246235.6116599564,0.009400693932574367,1246235.6116599564,0.009400693932574367,xgb_regression,True,resolved
2025-03-18,1238652.54188122,-0.006084780203508999,1238652.54188122,-0.006084780203508999,xgb_regression,True,resolved
2025-03-19,1261965.1983407987,0.01882098140627253,1261965.1983407987,0.01882098140627253,xgb_regression,True,resolved
2025-03-20,1259442.251662827,-0.0019992204866574603,1259442.251662827,-0.0019992204866574603,xgb_regression,True,resolved
2025-03-21,1260342.3261786452,0.0007146612039017342,1260342.3261786452,0.0007146612039017342,xgb_regression,True,resolved
2025-03-24,1286316.2654491877,0.020608638408023072,1286316.2654491877,0.020608638408023072,xgb_regression,True,resolved
2025-03-25,1286739.2928376752,0.000328867324351112,1286739.2928376752,0.000328867324351112,xgb_regression,True,resolved
2025-03-26,1275120.3900330719,-0.009029725655598786,1275120.3900330719,-0.009029725655598786,xgb_regression,True,resolved
2025-03-27,1254416.8531749616,-0.016236535012645548,1254416.8531749616,-0.016236535012645548,xgb_regression,True,resolved
2025-03-28,1219336.4879350592,-0.02796547666839222,1219336.4879350592,-0.02796547666839222,xgb_regression,True,resolved
2025-03-31,1209312.16420422,-0.008221129958814966,1209312.16420422,-0.008221129958814966,xgb_regression,True,resolved
2025-04-01,1231446.8686490296,0.01830354899255915,1231446.8686490296,0.01830354899255915,xgb_regression,True,resolved
2025-04-02,1247265.7014313505,0.012845729024164143,1247265.7014313505,0.012845729024164143,xgb_regression,True,resolved
2025-04-03,1164357.537242263,-0.06647193464387169,1164357.537242263,-0.06647193464387169,xgb_regression,True,resolved
2025-04-04,1093441.1693059613,-0.06090600667580548,1093441.1693059613,-0.06090600667580548,xgb_regression,True,resolved
2025-04-07,1121607.5815886701,0.025759421790005232,1121607.5815886701,0.025759421790005232,xgb_regression,True,resolved
2025-04-08,1120140.0089798248,-0.0013084546083101944,1120140.0089798248,-0.0013084546083101944,xgb_regression,True,resolved
2025-04-09,1215532.7421206564,0.0851614372989955,1215532.7421206564,0.0851614372989955,xgb_regression,True,resolved
2025-04-10,1155659.8913386022,-0.04925646895993785,1155659.8913386022,-0.04925646895993785,xgb_regression,True,resolved
2025-04-11,1168010.3194533358,0.010686905556987147,1168010.3194533358,0.010686905556987147,xgb_regression,True,resolved
2025-04-14,1179575.853165398,0.009901910556299853,1179575.853165398,0.009901910556299853,xgb_regression,True,resolved
2025-04-15,1183760.068132137,0.003547219922746647,1183760.068132137,0.003547219922746647,xgb_regression,True,resolved
2025-04-16,1171265.772829319,-0.010554753145654683,1171265.772829319,-0.010554753145654683,xgb_regression,True,resolved
2025-04-17,1174909.979443836,0.0031113404822837865,1174909.979443836,0.0031113404822837865,xgb_regression,True,resolved
2025-04-21,1153624.7906854083,-0.018116442221814744,1153624.7906854083,-0.018116442221814744,xgb_regression,True,resolved
2025-04-22,1188143.9388941154,0.0299223356566376,1188143.9388941154,0.0299223356566376,xgb_regression,True,resolved
2025-04-23,1216804.0513273682,0.024121751157463844,1216804.0513273682,0.024121751157463844,xgb_regression,True,resolved
2025-04-24,1245537.4100765376,0.02361379280240339,1245537.4100765376,0.02361379280240339,xgb_regression,True,resolved
2025-04-25,1244822.069607913,-0.0005743227484276137,1244822.069607913,-0.0005743227484276137,xgb_regression,True,resolved
2025-04-28,1254432.6695539826,0.007720460763598558,1254432.6695539826,0.007720460763598558,xgb_regression,True,resolved
2025-04-29,1252266.1947921047,-0.0017270554366606294,1252266.1947921047,-0.0017270554366606294,xgb_regression,True,resolved
2025-04-30,1258960.1911044668,0.0053455058838136615,1258960.1911044668,0.0053455058838136615,xgb_regression,True,resolved
2025-05-01,1251004.97187367,-0.006318880681856931,1251004.97187367,-0.006318880681856931,xgb_regression,True,resolved
2025-05-02,1262705.4430955588,0.009352857490537936,1262705.4430955588,0.009352857490537936,xgb_regression,True,resolved
2025-05-05,1258352.9742603162,-0.0034469391567460983,1258352.9742603162,-0.0034469391567460983,xgb_regression,True,resolved
2025-05-06,1254493.2690858156,-0.003067267494455961,1254493.2690858156,-0.003067267494455961,xgb_regression,True,resolved
2025-05-07,1269047.1500813663,0.011601402218886836,1269047.1500813663,0.011601402218886836,xgb_regression,True,resolved
2025-05-08,1278938.3927335595,0.007794227859507785,1278938.3927335595,0.007794227859507785,xgb_regression,True,resolved
2025-05-09,1278570.3106153016,-0.00028780285301399644,1278570.3106153016,-0.00028780285301399644,xgb_regression,True,resolved
2025-05-12,1292242.6554991438,0.010693463449235274,1292242.6554991438,0.010693463449235274,xgb_regression,True,resolved
2025-05-13,1269367.7198980064,-0.01770173388395202,1269367.7198980064,-0.01770173388395202,xgb_regression,True,resolved
2025-05-14,1269254.1914333617,-8.943701881269916e-05,1269254.1914333617,-8.943701881269916e-05,xgb_regression,True,resolved
2025-05-15,1291697.0229021446,0.017681904554861738,1291697.0229021446,0.017681904554861738,xgb_regression,True,resolved
2025-05-16,1302918.9909190254,0.008687771062340532,1302918.9909190254,0.008687771062340532,xgb_regression,True,resolved
2025-05-19,1304274.0053093038,0.001039983605828576,1304274.0053093038,0.001039983605828576,xgb_regression,True,resolved
2025-05-20,1301897.535239573,-0.0018220635081713787,1301897.535239573,-0.0018220635081713787,xgb_regression,True,resolved
2025-05-21,1282586.963145878,-0.014832635880320355,1282586.963145878,-0.014832635880320355,xgb_regression,True,resolved
2025-05-22,1280048.5303941078,-0.0019791505954059874,1280048.5303941078,-0.0019791505954059874,xgb_regression,True,resolved
2025-05-23,1278913.213894206,-0.0008869323880651425,1278913.213894206,-0.0008869323880651425,xgb_regression,True,resolved
2025-05-27,1288146.9433283147,0.007219981257361896,1288146.9433283147,0.007219981257361896,xgb_regression,True,resolved
2025-05-28,1285054.196425499,-0.0024009270982895403,1285054.196425499,-0.0024009270982895403,xgb_regression,True,resolved
2025-05-29,1283662.08780104,-0.0010833073253496694,1283662.08780104,-0.0010833073253496694,xgb_regression,True,resolved
2025-05-30,1280938.8680406308,-0.0021214459679759212,1280938.8680406308,-0.0021214459679759212,xgb_regression,True,resolved
2025-06-02,1285829.8969590482,0.003818315643664416,1285829.8969590482,0.003818315643664416,xgb_regression,True,resolved
2025-06-03,1291217.26516075,0.004189798521906152,1291217.26516075,0.004189798521906152,xgb_regression,True,resolved
2025-06-04,1285888.29768644,-0.00412708815014684,1285888.29768644,-0.00412708815014684,xgb_regression,True,resolved
2025-06-05,1280814.600469996,-0.003945674928041987,1280814.600469996,-0.003945674928041987,xgb_regression,True,resolved
2025-06-06,1287698.171556798,0.005374369627170195,1287698.171556798,0.005374369627170195,xgb_regression,True,resolved
2025-06-09,1282253.3499559849,-0.004228336826968215,1282253.3499559849,-0.004228336826968215,xgb_regression,True,resolved
2025-06-10,1281818.2195155134,-0.0003393482578823992,1281818.2195155134,-0.0003393482578823992,xgb_regression,True,resolved
2025-06-11,1285753.8863297114,0.0030703782753889186,1285753.8863297114,0.0030703782753889186,xgb_regression,True,resolved
2025-06-12,1296188.9331630594,0.008115897563518715,1296188.9331630594,0.008115897563518715,xgb_regression,True,resolved
2025-06-13,1292671.7813121788,-0.0027134561643709088,1292671.7813121788,-0.0027134561643709088,xgb_regression,True,resolved
2025-06-16,1299089.0913262803,0.004964376964728956,1299089.0913262803,0.004964376964728956,xgb_regression,True,resolved
2025-06-17,1296087.211598339,-0.00231075739761355,1296087.211598339,-0.00231075739761355,xgb_regression,True,resolved
2025-06-18,1295543.3332039479,-0.00041963101674347136,1295543.3332039479,-0.00041963101674347136,xgb_regression,True,resolved
2025-06-20,1299139.2698752936,0.0027756205286106894,1299139.2698752936,0.0027756205286106894,xgb_regression,True,resolved
2025-06-23,1306220.6233109501,0.005450803928308767,1306220.6233109501,0.005450803928308767,xgb_regression,True,resolved
2025-06-24,1320474.8596020085,0.01091257941933832,1320474.8596020085,0.01091257941933832,xgb_regression,True,resolved
2025-06-25,1311373.0266772013,-0.006892848325450562,1311373.0266772013,-0.006892848325450562,xgb_regression,True,resolved
2025-06-26,1320559.840918026,0.007005492757543141,1320559.840918026,0.007005492757543141,xgb_regression,True,resolved
2025-06-27,1323994.0858174656,0.0026005977109315737,1323994.0858174656,0.0026005977109315737,xgb_regression,True,resolved
2025-06-30,1331205.257915027,0.0054465289345375645,1331205.257915027,0.0054465289345375645,xgb_regression,True,resolved
2025-07-01,1315373.502005885,-0.011892798510981129,1315373.502005885,-0.011892798510981129,xgb_regression,True,resolved
2025-07-02,1316867.8751212126,0.0011360827271105212,1316867.8751212126,0.0011360827271105212,xgb_regression,True,resolved
2025-07-03,1325039.3838767472,0.006205260914867727,1325039.3838767472,0.006205260914867727,xgb_regression,True,resolved
2025-07-07,1331371.2419492677,0.004778618771311471,1331371.2419492677,0.004778618771311471,xgb_regression,True,resolved
2025-07-08,1319907.6452613128,-0.008610368263002988,1319907.6452613128,-0.008610368263002988,xgb_regression,True,resolved
2025-07-09,1319722.6199226156,-0.00014018051896402817,1319722.6199226156,-0.00014018051896402817,xgb_regression,True,resolved
2025-07-10,1320310.9753211644,0.0004458174692674177,1320310.9753211644,0.0004458174692674177,xgb_regression,True,resolved
2025-07-11,1314757.266496938,-0.0042063642036115345,1314757.266496938,-0.0042063642036115345,xgb_regression,True,resolved
2025-07-14,1329231.958235936,0.011009402349655417,1329231.958235936,0.011009402349655417,xgb_regression,True,resolved
2025-07-15,1316513.8863015284,-0.00956798537351311,1316513.8863015284,-0.00956798537351311,xgb_regression,True,resolved
2025-07-16,1321183.108095032,0.003546655938905907,1321183.108095032,0.003546655938905907,xgb_regression,True,resolved
2025-07-17,1320730.4248893238,-0.0003426347210575553,1320730.4248893238,-0.0003426347210575553,xgb_regression,True,resolved
2025-07-18,1326856.5303120862,0.0046384222755191384,1326856.5303120862,0.0046384222755191384,xgb_regression,True,resolved
2025-07-21,1320879.4448612435,-0.00450469611016413,1320879.4448612435,-0.00450469611016413,xgb_regression,True,resolved
2025-07-22,1317844.7998710996,-0.002297442815050066,1317844.7998710996,-0.002297442815050066,xgb_regression,True,resolved
2025-07-23,1322919.7674820004,0.003850960000295389,1322919.7674820004,0.003850960000295389,xgb_regression,True,resolved
2025-07-24,1329129.328064048,0.004693830067916016,1329129.328064048,0.004693830067916016,xgb_regression,True,resolved
2025-07-25,1336671.2226820765,0.005674312091972,1336671.2226820765,0.005674312091972,xgb_regression,True,resolved
2025-07-28,1336704.1355940388,2.462304222894396e-05,1336704.1355940388,2.462304222894396e-05,xgb_regression,True,resolved
2025-07-29,1338288.6282439632,0.0011853727445978457,1338288.6282439632,0.0011853727445978457,xgb_regression,True,resolved
2025-07-30,1341470.912838212,0.002377876137544588,1341470.912838212,0.002377876137544588,xgb_regression,True,resolved
2025-07-31,1352766.4277059152,0.008420245835822682,1352766.4277059152,0.008420245835822682,xgb_regression,True,resolved
2025-08-01,1341090.6251723408,-0.00863105580863266,1341090.6251723408,-0.00863105580863266,xgb_regression,True,resolved
2025-08-04,1351443.9620769357,0.007720087449917479,1351443.9620769357,0.007720087449917479,xgb_regression,True,resolved
2025-08-05,1338095.5234175238,-0.009877167706530465,1338095.5234175238,-0.009877167706530465,xgb_regression,True,resolved
2025-08-06,1338778.6340284585,0.0005105096003834575,1338778.6340284585,0.0005105096003834575,xgb_regression,True,resolved
2025-08-07,1326301.833093976,-0.009319539927926113,1326301.833093976,-0.009319539927926113,xgb_regression,True,resolved
2025-08-08,1323606.0718842898,-0.0020325397601218542,1323606.0718842898,-0.0020325397601218542,xgb_regression,True,resolved
2025-08-11,1323702.88770715,7.314549616888044e-05,1323702.88770715,7.314549616888044e-05,xgb_regression,True,resolved
2025-08-12,1336606.7394619435,0.00974829916488651,1336606.7394619435,0.00974829916488651,xgb_regression,True,resolved
2025-08-13,1346446.3947766447,0.007361668188701653,1346446.3947766447,0.007361668188701653,xgb_regression,True,resolved
2025-08-14,1342560.286308045,-0.002886196200365121,1342560.286308045,-0.002886196200365121,xgb_regression,True,resolved
2025-08-15,1335561.2236324926,-0.005213220402041974,1335561.2236324926,-0.005213220402041974,xgb_regression,True,resolved
2025-08-18,1345801.095702216,0.0076670929707534086,1345801.095702216,0.0076670929707534086,xgb_regression,True,resolved
2025-08-19,1330201.474118866,-0.011591327747589864,1330201.474118866,-0.011591327747589864,xgb_regression,True,resolved
2025-08-20,1335246.0343982952,0.003792327987585997,1335246.0343982952,0.003792327987585997,xgb_regression,True,resolved
2025-08-21,1335795.4389674538,0.00041146317233309304,1335795.4389674538,0.00041146317233309304,xgb_regression,True,resolved
2025-08-22,1348740.2569342838,0.009690718795114295,1348740.2569342838,0.009690718795114295,xgb_regression,True,resolved
2025-08-25,1345893.450073456,-0.0021107154221812197,1345893.450073456,-0.0021107154221812197,xgb_regression,True,resolved
2025-08-26,1357125.7794285151,0.00834563044678327,1357125.7794285151,0.00834563044678327,xgb_regression,True,resolved
2025-08-27,1354995.9317129806,-0.0015693812230369586,1354995.9317129806,-0.0015693812230369586,xgb_regression,True,resolved
2025-08-28,1360270.5505200725,0.003892719294310787,1360270.5505200725,0.003892719294310787,xgb_regression,True,resolved
2025-08-29,1353199.414811832,-0.0051983303656298885,1353199.414811832,-0.0051983303656298885,xgb_regression,True,resolved
2025-09-02,1361605.7906789996,0.006212222511444709,1361605.7906789996,0.006212222511444709,xgb_regression,True,resolved
2025-09-03,1360503.2488664244,-0.000809736430413821,1360503.2488664244,-0.000809736430413821,xgb_regression,True,resolved
2025-09-04,1370111.1376313814,0.007062010894102855,1370111.1376313814,0.007062010894102855,xgb_regression,True,resolved
2025-09-05,1362342.8924535085,-0.005669792007750973,1362342.8924535085,-0.005669792007750973,xgb_regression,True,resolved
2025-09-08,1372362.21911423,0.007354482279184005,1372362.21911423,0.007354482279184005,xgb_regression,True,resolved
2025-09-09,1377487.977392605,0.0037349893541105406,1377487.977392605,0.0037349893541105406,xgb_regression,True,resolved
2025-09-10,1389518.2704163075,0.008733501287230272,1389518.2704163075,0.008733501287230272,xgb_regression,True,resolved
2025-09-11,1402772.3979817964,0.009538649363363794,1402772.3979817964,0.009538649363363794,xgb_regression,True,resolved
2025-09-12,1399709.4590176423,-0.002183489615678824,1399709.4590176423,-0.002183489615678824,xgb_regression,True,resolved
2025-09-15,1405162.0415843858,0.003895510265802038,1405162.0415843858,0.003895510265802038,xgb_regression,True,resolved
2025-09-16,1404696.740100834,-0.00033113724238320597,1404696.740100834,-0.00033113724238320597,xgb_regression,True,resolved
2025-09-17,1407389.7522133344,0.0019171484033679853,1407389.7522133344,0.0019171484033679853,xgb_regression,True,resolved
2025-09-18,1416817.240022398,0.006698562210103898,1416817.240022398,0.006698562210103898,xgb_regression,True,resolved
2025-09-19,1420496.4877495447,0.0025968400321614293,1420496.4877495447,0.0025968400321614293,xgb_regression,True,resolved
2025-09-22,1426017.6806284077,0.0038868050195675075,1426017.6806284077,0.0038868050195675075,xgb_regression,True,resolved
2025-09-23,1423809.8407904555,-0.001548255584726932,1423809.8407904555,-0.001548255584726932,xgb_regression,True,resolved
2025-09-24,1415753.6157496218,-0.005658216996422216,1415753.6157496218,-0.005658216996422216,xgb_regression,True,resolved
2025-09-25,1410837.2875530391,-0.00347258742050216,1410837.2875530391,-0.00347258742050216,xgb_regression,True,resolved
2025-09-26,1420278.855798841,0.006692173739026419,1420278.855798841,0.006692173739026419,xgb_regression,True,resolved
2025-09-29,1433611.9313059694,0.00938764627290678,1433611.9313059694,0.00938764627290678,xgb_regression,True,resolved
2025-09-30,1433727.416473021,8.055538917450811e-05,1433727.416473021,8.055538917450811e-05,xgb_regression,True,resolved
2025-10-01,1432846.0069422955,-0.0006147678565663339,1432846.0069422955,-0.0006147678565663339,xgb_regression,True,resolved
2025-10-02,1437503.7448636396,0.003250689815079033,1437503.7448636396,0.003250689815079033,xgb_regression,True,resolved
2025-10-03,1437622.3830703127,8.253071137875878e-05,1437622.3830703127,8.253071137875878e-05,xgb_regression,True,resolved
2025-10-06,1436289.0954708736,-0.0009274254596617348,1436289.0954708736,-0.0009274254596617348,xgb_regression,True,resolved
2025-10-07,1433239.817891672,-0.0021230249458950023,1433239.817891672,-0.0021230249458950023,xgb_regression,True,resolved
2025-10-08,1438351.1497660135,0.003566278169595094,1438351.1497660135,0.003566278169595094,xgb_regression,True,resolved
2025-10-09,1438187.8921812486,-0.00011350328797765652,1438187.8921812486,-0.00011350328797765652,xgb_regression,True,resolved
2025-10-10,1412917.3774907505,-0.017571080126513428,1412917.3774907505,-0.017571080126513428,xgb_regression,True,resolved
2025-10-13,1435573.797953362,0.016035205471708336,1435573.797953362,0.016035205471708336,xgb_regression,True,resolved
2025-10-14,1429297.4336327345,-0.004372024851370004,1429297.4336327345,-0.004372024851370004,xgb_regression,True,resolved
2025-10-15,1427245.2535156058,-0.0014357964051699978,1427245.2535156058,-0.0014357964051699978,xgb_regression,True,resolved
2025-10-16,1425464.9563163426,-0.0012473659974542306,1425464.9563163426,-0.0012473659974542306,xgb_regression,True,resolved
2025-10-17,1428806.416232466,0.002344119300384806,1428806.416232466,0.002344119300384806,xgb_regression,True,resolved
2025-10-20,1447137.0350120766,0.0128293228329317,1447137.0350120766,0.0128293228329317,xgb_regression,True,resolved
2025-10-21,1444155.0505713006,-0.002060609581974515,1444155.0505713006,-0.002060609581974515,xgb_regression,True,resolved
2025-10-22,1433803.4671633223,-0.007167916910226002,1433803.4671633223,-0.007167916910226002,xgb_regression,True,resolved
2025-10-23,1467833.3844832554,0.023734018015215907,1467833.3844832554,0.023734018015215907,xgb_regression,True,resolved
2025-10-24,1499131.1334211477,0.02132241252225664,1499131.1334211477,0.02132241252225664,xgb_regression,True,resolved
2025-10-27,1502568.343280704,0.0022928013320038243,1502568.343280704,0.0022928013320038243,xgb_regression,True,resolved
2025-10-28,1494298.083046304,-0.005504082573936531,1494298.083046304,-0.005504082573936531,xgb_regression,True,resolved
2025-10-29,1508428.7147106642,0.009456367390603404,1508428.7147106642,0.009456367390603404,xgb_regression,True,resolved
2025-10-30,1502919.1976171043,-0.0036524875453705086,1502919.1976171043,-0.0036524875453705086,xgb_regression,True,resolved
2025-10-31,1506328.9416534659,0.0022687474095532956,1506328.9416534659,0.0022687474095532956,xgb_regression,True,resolved
2025-11-03,1506584.2035441324,0.00016945959385639142,1506584.2035441324,0.00016945959385639142,xgb_regression,True,resolved
2025-11-04,1490888.8085998655,-0.010417867721793872,1490888.8085998655,-0.010417867721793872,xgb_regression,True,resolved
2025-11-05,1513183.2653674115,0.014953802482750689,1513183.2653674115,0.014953802482750689,xgb_regression,True,resolved
2025-11-06,1477692.5746706994,-0.023454324078911015,1477692.5746706994,-0.023454324078911015,xgb_regression,True,resolved
2025-11-07,1501056.9370380086,0.015811382399695484,1501056.9370380086,0.015811382399695484,xgb_regression,True,resolved
2025-11-10,1523309.7559896524,0.014824766737732586,1523309.7559896524,0.014824766737732586,xgb_regression,True,resolved
2025-11-11,1517298.2165233586,-0.003946367075150947,1517298.2165233586,-0.003946367075150947,xgb_regression,True,resolved
2025-11-12,1519384.4454789022,0.0013749630315416095,1519384.4454789022,0.0013749630315416095,xgb_regression,True,resolved
2025-11-13,1492099.2185184404,-0.017958079695795215,1492099.2185184404,-0.017958079695795215,xgb_regression,True,resolved
2025-11-14,1505488.1740564331,0.008973234066355973,1505488.1740564331,0.008973234066355973,xgb_regression,True,resolved
2025-11-17,1492190.5864687907,-0.008832741310622838,1492190.5864687907,-0.008832741310622838,xgb_regression,True,resolved
2025-11-18,1479009.5208977265,-0.008833365985947306,1479009.5208977265,-0.008833365985947306,xgb_regression,True,resolved
2025-11-19,1491527.876145145,0.008464012618269123,1491527.876145145,0.008464012618269123,xgb_regression,True,resolved
2025-11-20,1463983.3340133512,-0.01846733311011428,1463983.3340133512,-0.01846733311011428,xgb_regression,True,resolved
2025-11-21,1480687.2092360167,0.011409880723760368,1480687.2092360167,0.011409880723760368,xgb_regression,True,resolved
2025-11-24,1527782.8719661613,0.03180662494845499,1527782.8719661613,0.03180662494845499,xgb_regression,True,resolved
2025-11-25,1530162.982325815,0.0015578852226498796,1530162.982325815,0.0015578852226498796,xgb_regression,True,resolved
2025-11-26,1543511.696629113,0.008723720582371142,1543511.696629113,0.008723720582371142,xgb_regression,True,resolved
2025-11-28,1558253.4063163912,0.009550759945307075,1558253.4063163912,0.009550759945307075,xgb_regression,True,resolved
2025-12-01,1555063.0129619485,-0.0020474162556041176,1555063.0129619485,-0.0020474162556041176,xgb_regression,True,resolved
2025-12-02,1551614.4473474335,-0.002217637218408619,1551614.4473474335,-0.002217637218408619,xgb_regression,True,resolved
2025-12-03,1544969.4941706106,-0.004282605893611624,1544969.4941706106,-0.004282605893611624,xgb_regression,True,resolved
2025-12-04,1560321.712078523,0.0099369068229751,1560321.712078523,0.0099369068229751,xgb_regression,True,resolved
2025-12-05,1574672.6996845058,0.00919745427810903,1574672.6996845058,0.00919745427810903,xgb_regression,True,resolved
2025-12-08,1580976.2238013113,0.004003069411229632,1580976.2238013113,0.004003069411229632,xgb_regression,True,resolved
2025-12-09,1578975.3768181957,-0.0012655768967257952,1578975.3768181957,-0.0012655768967257952,xgb_regression,True,resolved
2025-12-10,1594222.6447150894,0.00965643170928887,1594222.6447150894,0.00965643170928887,xgb_regression,True,resolved
2025-12-11,1608045.0472706624,0.008670308756054235,1608045.0472706624,0.008670308756054235,xgb_regression,True,resolved
2025-12-12,1586929.7091554862,-0.01313106131635755,1586929.7091554862,-0.01313106131635755,xgb_regression,True,resolved
2025-12-15,1579825.480412685,-0.0044767129267381245,1579825.480412685,-0.0044767129267381245,xgb_regression,True,resolved
2025-12-16,1573544.1545160003,-0.0039759618860204515,1573544.1545160003,-0.0039759618860204515,xgb_regression,True,resolved
2025-12-17,1540465.2577009439,-0.02102190568985407,1540465.2577009439,-0.02102190568985407,xgb_regression,True,resolved
2025-12-18,1554865.6701909548,0.009348092998541668,1554865.6701909548,0.009348092998541668,xgb_regression,True,resolved
2025-12-19,1582841.0728868463,0.01799216693263017,1582841.0728868463,0.01799216693263017,xgb_regression,True,resolved
2025-12-22,1589461.0852487779,0.0041823607406508145,1589461.0852487779,0.0041823607406508145,xgb_regression,True,resolved
2025-12-23,1590827.7640065225,0.0008598378220316949,1590827.7640065225,0.0008598378220316949,xgb_regression,True,resolved
2025-12-24,1597070.6356033613,0.003924291326872442,1597070.6356033613,0.003924291326872442,xgb_regression,True,resolved
2025-12-26,1594047.894222768,-0.0018926785786473888,1594047.894222768,-0.0018926785786473888,xgb_regression,True,resolved
2025-12-29,1588829.5090137043,-0.0032736690208471364,1588829.5090137043,-0.0032736690208471364,xgb_regression,True,resolved
2025-12-30,1580048.8463379722,-0.0055264977305102825,1580048.8463379722,-0.0055264977305102825,xgb_regression,True,resolved
2025-12-31,1564215.0094508403,-0.010021105944812758,1564215.0094508403,-0.010021105944812758,xgb_regression,True,resolved
2024-01-02,1000000.0,,1000000.0,,xgb_ranker,True,resolved
2024-01-03,999462.575856129,-0.0005374241438709237,999462.575856129,-0.0005374241438709237,xgb_ranker,True,resolved
2024-01-04,999774.2405893493,0.00031183231943754386,999774.2405893493,0.00031183231943754386,xgb_ranker,True,resolved
2024-01-05,999824.442427778,5.0213174525470805e-05,999824.442427778,5.0213174525470805e-05,xgb_ranker,True,resolved
2024-01-08,1013603.7735763895,0.013781750639294765,1013603.7735763895,0.013781750639294765,xgb_ranker,True,resolved
2024-01-09,1009535.9661638252,-0.004013212577348102,1009535.9661638252,-0.004013212577348102,xgb_ranker,True,resolved
2024-01-10,1018614.2463203052,0.00899252771644865,1018614.2463203052,0.00899252771644865,xgb_ranker,True,resolved
2024-01-11,1016067.0156247322,-0.0025006823778233045,1016067.0156247322,-0.0025006823778233045,xgb_ranker,True,resolved
2024-01-12,1015590.4122440798,-0.0004690668758294825,1015590.4122440798,-0.0004690668758294825,xgb_ranker,True,resolved
2024-01-16,1017642.4982331267,0.0020205842476521685,1017642.4982331267,0.0020205842476521685,xgb_ranker,True,resolved
2024-01-17,1014292.5507229462,-0.003291870687394449,1014292.5507229462,-0.003291870687394449,xgb_ranker,True,resolved
2024-01-18,1020416.4319752285,0.006037588709408848,1020416.4319752285,0.006037588709408848,xgb_ranker,True,resolved
2024-01-19,1031409.2885778958,0.010772912174090044,1031409.2885778958,0.010772912174090044,xgb_ranker,True,resolved
2024-01-22,1036221.2770500018,0.004665450006505756,1036221.2770500018,0.004665450006505756,xgb_ranker,True,resolved
2024-01-23,1039926.1240046719,0.003575343449053081,1039926.1240046719,0.003575343449053081,xgb_ranker,True,resolved
2024-01-24,1041622.9765688338,0.0016317049115253113,1041622.9765688338,0.0016317049115253113,xgb_ranker,True,resolved
2024-01-25,1051944.573833107,0.009909148988123562,1051944.573833107,0.009909148988123562,xgb_ranker,True,resolved
2024-01-26,1049359.2555820537,-0.0024576563398515106,1049359.2555820537,-0.0024576563398515106,xgb_ranker,True,resolved
2024-01-29,1058930.1555212722,0.009120708554583468,1058930.1555212722,0.009120708554583468,xgb_ranker,True,resolved
2024-01-30,1061299.1617543926,0.002237169487306012,1061299.1617543926,0.002237169487306012,xgb_ranker,True,resolved
2024-01-31,1054930.4536516299,-0.006000860390989904,1054930.4536516299,-0.006000860390989904,xgb_ranker,True,resolved
2024-02-01,1064156.256186607,0.008745413029875193,1064156.256186607,0.008745413029875193,xgb_ranker,True,resolved
2024-02-02,1079905.8450777854,0.014800071699636375,1079905.8450777854,0.014800071699636375,xgb_ranker,True,resolved
2024-02-05,1075731.530925093,-0.0038654426881000736,1075731.530925093,-0.0038654426881000736,xgb_ranker,True,resolved
2024-02-06,1079920.0859354003,0.0038936806163014648,1079920.0859354003,0.0038936806163014648,xgb_ranker,True,resolved
2024-02-07,1079915.2276874045,-4.4987106537774935e-06,1079915.2276874045,-4.4987106537774935e-06,xgb_ranker,True,resolved
2024-02-08,1084693.5638389224,0.0044247326354962535,1084693.5638389224,0.0044247326354962535,xgb_ranker,True,resolved
2024-02-09,1083036.6132324277,-0.0015275748485410467,1083036.6132324277,-0.0015275748485410467,xgb_ranker,True,resolved
2024-02-12,1085437.0827344388,0.0022164250706599997,1085437.0827344388,0.0022164250706599997,xgb_ranker,True,resolved
2024-02-13,1078494.1463018637,-0.006396443002559371,1078494.1463018637,-0.006396443002559371,xgb_ranker,True,resolved
2024-02-14,1087594.2374925793,0.008437775227542632,1087594.2374925793,0.008437775227542632,xgb_ranker,True,resolved
2024-02-15,1091763.2812455404,0.0038332712782414013,1091763.2812455404,0.0038332712782414013,xgb_ranker,True,resolved
2024-02-16,1087032.1696803386,-0.0043334591357608865,1087032.1696803386,-0.0043334591357608865,xgb_ranker,True,resolved
2024-02-20,1080183.3157029,-0.006300507168479297,1080183.3157029,-0.006300507168479297,xgb_ranker,True,resolved
2024-02-21,1075329.531641233,-0.004493481792494203,1075329.531641233,-0.004493481792494203,xgb_ranker,True,resolved
2024-02-22,1116467.2022553834,0.0382558735752041,1116467.2022553834,0.0382558735752041,xgb_ranker,True,resolved
2024-02-23,1118877.1077449373,0.0021585098824987714,1118877.1077449373,0.0021585098824987714,xgb_ranker,True,resolved
2024-02-26,1119035.161087399,0.00014126068123809787,1119035.161087399,0.00014126068123809787,xgb_ranker,True,resolved
2024-02-27,1122578.2166593648,0.003166170014285097,1122578.2166593648,0.003166170014285097,xgb_ranker,True,resolved
2024-02-28,1123834.590966356,0.0011191864302604326,1123834.590966356,0.0011191864302604326,xgb_ranker,True,resolved
2024-02-29,1129516.9697723323,0.005056241240172454,1129516.9697723323,0.005056241240172454,xgb_ranker,True,resolved
2024-03-01,1134440.8281795222,0.00435926023155031,1134440.8281795222,0.00435926023155031,xgb_ranker,True,resolved
2024-03-04,1133029.108497309,-0.0012444189658429305,1133029.108497309,-0.0012444189658429305,xgb_ranker,True,resolved
2024-03-05,1128024.1634230898,-0.004417313762447916,1128024.1634230898,-0.004417313762447916,xgb_ranker,True,resolved
2024-03-06,1132219.511672313,0.0037192006920243603,1132219.511672313,0.0037192006920243603,xgb_ranker,True,resolved
2024-03-07,1142320.978701559,0.008921827371024316,1142320.978701559,0.008921827371024316,xgb_ranker,True,resolved
2024-03-08,1139714.5135282078,-0.0022817274846109736,1139714.5135282078,-0.0022817274846109736,xgb_ranker,True,resolved
2024-03-11,1137973.8027820606,-0.0015273217331930322,1137973.8027820606,-0.0015273217331930322,xgb_ranker,True,resolved
2024-03-12,1156225.4831526359,0.016038752672473233,1156225.4831526359,0.016038752672473233,xgb_ranker,True,resolved
2024-03-13,1146629.782094541,-0.008299160672302963,1146629.782094541,-0.008299160672302963,xgb_ranker,True,resolved
2024-03-14,1135065.5715573637,-0.010085391743491101,1135065.5715573637,-0.010085391743491101,xgb_ranker,True,resolved
2024-03-15,1131769.995051574,-0.002903423897588686,1131769.995051574,-0.002903423897588686,xgb_ranker,True,resolved
2024-03-18,1134302.6106097423,0.002237747571716575,1134302.6106097423,0.002237747571716575,xgb_ranker,True,resolved
2024-03-19,1136462.080729499,0.0019037866082278754,1136462.080729499,0.0019037866082278754,xgb_ranker,True,resolved
2024-03-20,1145887.721140779,0.008293845057487204,1145887.721140779,0.008293845057487204,xgb_ranker,True,resolved
2024-03-21,1152623.3844928397,0.0058781180981282155,1152623.3844928397,0.0058781180981282155,xgb_ranker,True,resolved
2024-03-22,1149430.762693972,-0.002769874220686863,1149430.762693972,-0.002769874220686863,xgb_ranker,True,resolved
2024-03-25,1144808.7438368932,-0.004021137250795337,1144808.7438368932,-0.004021137250795337,xgb_ranker,True,resolved
2024-03-26,1145131.163722419,0.00028163646308732027,1145131.163722419,0.00028163646308732027,xgb_ranker,True,resolved
2024-03-27,1154930.7935905284,0.008557648397458983,1154930.7935905284,0.008557648397458983,xgb_ranker,True,resolved
2024-03-28,1156876.016788167,0.0016842768488241067,1156876.016788167,0.0016842768488241067,xgb_ranker,True,resolved
2024-04-01,1152069.451439236,-0.00415478001028613,1152069.451439236,-0.00415478001028613,xgb_ranker,True,resolved
2024-04-02,1143830.8446795782,-0.007151137242086936,1143830.8446795782,-0.007151137242086936,xgb_ranker,True,resolved
2024-04-03,1147491.0345588843,0.0031999398305537774,1147491.0345588843,0.0031999398305537774,xgb_ranker,True,resolved
2024-04-04,1141104.8296523716,-0.005565363662268341,1141104.8296523716,-0.005565363662268341,xgb_ranker,True,resolved
2024-04-05,1149441.9038663423,0.007306142255580905,1149441.9038663423,0.007306142255580905,xgb_ranker,True,resolved
2024-04-08,1152355.3103077034,0.002534626962495068,1152355.3103077034,0.002534626962495068,xgb_ranker,True,resolved
2024-04-09,1152145.4425345187,-0.00018212071511936045,1152145.4425345187,-0.00018212071511936045,xgb_ranker,True,resolved
2024-04-10,1147352.9089140098,-0.004159660268208909,1147352.9089140098,-0.004159660268208909,xgb_ranker,True,resolved
2024-04-11,1150386.1929959632,0.0026437237038292594,1150386.1929959632,0.0026437237038292594,xgb_ranker,True,resolved
2024-04-12,1144757.7579331305,-0.004892648309846703,1144757.7579331305,-0.004892648309846703,xgb_ranker,True,resolved
2024-04-15,1137385.294147647,-0.006440195521185688,1137385.294147647,-0.006440195521185688,xgb_ranker,True,resolved
2024-04-16,1135711.0647979046,-0.0014719984145715737,1135711.0647979046,-0.0014719984145715737,xgb_ranker,True,resolved
2024-04-17,1130475.8114456977,-0.004609670112827979,1130475.8114456977,-0.004609670112827979,xgb_ranker,True,resolved
2024-04-18,1124049.956752633,-0.005684203614093275,1124049.956752633,-0.005684203614093275,xgb_ranker,True,resolved
2024-04-19,1112640.037180978,-0.010150722842086068,1112640.037180978,-0.010150722842086068,xgb_ranker,True,resolved
2024-04-22,1120012.2474233743,0.0066258717968434855,1120012.2474233743,0.0066258717968434855,xgb_ranker,True,resolved
2024-04-23,1142151.81108423,0.019767251395498953,1142151.81108423,0.019767251395498953,xgb_ranker,True,resolved
2024-04-24,1144432.1440674397,0.0019965235453640595,1144432.1440674397,0.0019965235453640595,xgb_ranker,True,resolved
2024-04-25,1148388.7568471814,0.003457271626152947,1148388.7568471814,0.003457271626152947,xgb_ranker,True,resolved
2024-04-26,1152441.649642025,0.003529199298302421,1152441.649642025,0.003529199298302421,xgb_ranker,True,resolved
2024-04-29,1154542.8473591409,0.0018232573577747768,1154542.8473591409,0.0018232573577747768,xgb_ranker,True,resolved
2024-04-30,1141448.8110968154,-0.011341316861713913,1141448.8110968154,-0.011341316861713913,xgb_ranker,True,resolved
2024-05-01,1136428.5981362332,-0.004398106083932318,1136428.5981362332,-0.004398106083932318,xgb_ranker,True,resolved
2024-05-02,1147988.794042957,0.010172390879359172,1147988.794042957,0.010172390879359172,xgb_ranker,True,resolved
2024-05-03,1155384.8042773,0.006442580513609242,1155384.8042773,0.006442580513609242,xgb_ranker,True,resolved
2024-05-06,1170831.9561313814,0.013369703147293688,1170831.9561313814,0.013369703147293688,xgb_ranker,True,resolved
2024-05-07,1166285.0864701266,-0.0038834519654540323,1166285.0864701266,-0.0038834519654540323,xgb_ranker,True,resolved
2024-05-08,1170553.7094966788,0.0036600168141320832,1170553.7094966788,0.0036600168141320832,xgb_ranker,True,resolved
2024-05-09,1181060.737038082,0.00897611741875659,1181060.737038082,0.00897611741875659,xgb_ranker,True,resolved
2024-05-10,1175870.2190734209,-0.0043947934275405665,1175870.2190734209,-0.0043947934275405665,xgb_ranker,True,resolved
2024-05-13,1179212.867275387,0.0028427016415129014,1179212.867275387,0.0028427016415129014,xgb_ranker,True,resolved
2024-05-14,1188118.3059581788,0.007552019597079296,1188118.3059581788,0.007552019597079296,xgb_ranker,True,resolved
2024-05-15,1194672.4008851491,0.00551636557917079,1194672.4008851491,0.00551636557917079,xgb_ranker,True,resolved
2024-05-16,1191939.0727159716,-0.0022879311241745803,1191939.0727159716,-0.0022879311241745803,xgb_ranker,True,resolved
2024-05-17,1193511.3960725414,0.0013191306439741535,1193511.3960725414,0.0013191306439741535,xgb_ranker,True,resolved
2024-05-20,1199365.6350399628,0.00490505493846638,1199365.6350399628,0.00490505493846638,xgb_ranker,True,resolved
2024-05-21,1198474.9468405494,-0.0007426327496733443,1198474.9468405494,-0.0007426327496733443,xgb_ranker,True,resolved
2024-05-22,1188372.23475153,-0.00842963978150102,1188372.23475153,-0.00842963978150102,xgb_ranker,True,resolved
2024-05-23,1185823.1396056563,-0.0021450308845415433,1185823.1396056563,-0.0021450308845415433,xgb_ranker,True,resolved
2024-05-24,1202521.5714485308,0.014081722041979772,1202521.5714485308,0.014081722041979772,xgb_ranker,True,resolved
2024-05-28,1197679.1253359574,-0.004026909976126425,1197679.1253359574,-0.004026909976126425,xgb_ranker,True,resolved
2024-05-29,1188415.9877433637,-0.0077342398282138625,1188415.9877433637,-0.0077342398282138625,xgb_ranker,True,resolved
2024-05-30,1187125.6671975208,-0.001085748222129701,1187125.6671975208,-0.001085748222129701,xgb_ranker,True,resolved
2024-05-31,1188152.1081088493,0.000864643853377034,1188152.1081088493,0.000864643853377034,xgb_ranker,True,resolved
2024-06-03,1182253.6918523256,-0.004964361226368563,1182253.6918523256,-0.004964361226368563,xgb_ranker,True,resolved
2024-06-04,1173099.7521991504,-0.0077427879618908735,1173099.7521991504,-0.0077427879618908735,xgb_ranker,True,resolved
2024-06-05,1203292.810633338,0.02573784401333845,1203292.810633338,0.02573784401333845,xgb_ranker,True,resolved
2024-06-06,1188408.3921229788,-0.012369739417395054,1188408.3921229788,-0.012369739417395054,xgb_ranker,True,resolved
2024-06-07,1188389.5767369966,-1.5832424364314868e-05,1188389.5767369966,-1.5832424364314868e-05,xgb_ranker,True,resolved
2024-06-10,1208971.0549345359,0.017318797303869315,1208971.0549345359,0.017318797303869315,xgb_ranker,True,resolved
2024-06-11,1206023.91532965,-0.002437725529372048,1206023.91532965,-0.002437725529372048,xgb_ranker,True,resolved
2024-06-12,1214256.4980347035,0.006826218452561372,1214256.4980347035,0.006826218452561372,xgb_ranker,True,resolved
2024-06-13,1209674.5746969595,-0.003773439421703717,1209674.5746969595,-0.003773439421703717,xgb_ranker,True,resolved
2024-06-14,1209161.0502944107,-0.0004245145043884069,1209161.0502944107,-0.0004245145043884069,xgb_ranker,True,resolved
2024-06-17,1216761.028264097,0.006285331443512732,1216761.028264097,0.006285331443512732,xgb_ranker,True,resolved
2024-06-18,1220503.7104124045,0.0030759385461638367,1220503.7104124045,0.0030759385461638367,xgb_ranker,True,resolved
2024-06-20,1224125.3263878399,0.002967312548530998,1224125.3263878399,0.002967312548530998,xgb_ranker,True,resolved
2024-06-21,1227569.898436026,0.0028139047317568,1227569.898436026,0.0028139047317568,xgb_ranker,True,resolved
2024-06-24,1218173.5255235983,-0.007654450410032876,1218173.5255235983,-0.007654450410032876,xgb_ranker,True,resolved
2024-06-25,1229496.6226352109,0.009295142994300232,1229496.6226352109,0.009295142994300232,xgb_ranker,True,resolved
2024-06-26,1222085.8913800053,-0.0060274514941911495,1222085.8913800053,-0.0060274514941911495,xgb_ranker,True,resolved
2024-06-27,1222455.6518208971,0.0003025650189565354,1222455.6518208971,0.0003025650189565354,xgb_ranker,True,resolved
2024-06-28,1220467.636112596,-0.001626247713231943,1220467.636112596,-0.001626247713231943,xgb_ranker,True,resolved
2024-07-01,1217130.5472550371,-0.002734270667092864,1217130.5472550371,-0.002734270667092864,xgb_ranker,True,resolved
2024-07-02,1221317.8856171127,0.0034403362659158887,1221317.8856171127,0.0034403362659158887,xgb_ranker,True,resolved
2024-07-03,1231162.255412022,0.008060448398276687,1231162.255412022,0.008060448398276687,xgb_ranker,True,resolved
2024-07-05,1229215.0017361045,-0.0015816385430575952,1229215.0017361045,-0.0015816385430575952,xgb_ranker,True,resolved
2024-07-08,1229890.5105873877,0.000549544913077904,1229890.5105873877,0.000549544913077904,xgb_ranker,True,resolved
2024-07-09,1230765.1838858267,0.0007111798090231325,1230765.1838858267,0.0007111798090231325,xgb_ranker,True,resolved
2024-07-10,1237862.5174664902,0.0057666024954130535,1237862.5174664902,0.0057666024954130535,xgb_ranker,True,resolved
2024-07-11,1245018.5746374233,0.005780978961685834,1245018.5746374233,0.005780978961685834,xgb_ranker,True,resolved
2024-07-12,1251256.1048985245,0.005009989720770047,1251256.1048985245,0.005009989720770047,xgb_ranker,True,resolved
2024-07-15,1261842.3070840393,0.008460459968244072,1261842.3070840393,0.008460459968244072,xgb_ranker,True,resolved
2024-07-16,1270959.6272795214,0.007225403795939611,1270959.6272795214,0.007225403795939611,xgb_ranker,True,resolved
2024-07-17,1242957.8959726193,-0.022031959714440053,1242957.8959726193,-0.022031959714440053,xgb_ranker,True,resolved
2024-07-18,1241337.9255997338,-0.0013033187834715632,1241337.9255997338,-0.0013033187834715632,xgb_ranker,True,resolved
2024-07-19,1237283.8041153983,-0.0032659289632005484,1237283.8041153983,-0.0032659289632005484,xgb_ranker,True,resolved
2024-07-22,1258400.045791537,0.01706661123818387,1258400.045791537,0.01706661123818387,xgb_ranker,True,resolved
2024-07-23,1252241.3865281348,-0.004894039287425822,1252241.3865281348,-0.004894039287425822,xgb_ranker,True,resolved
2024-07-24,1234543.0358817368,-0.014133337898587617,1234543.0358817368,-0.014133337898587617,xgb_ranker,True,resolved
2024-07-25,1228744.1593489265,-0.004697184597269755,1228744.1593489265,-0.004697184597269755,xgb_ranker,True,resolved
2024-07-26,1241230.3642309813,0.01016176132928348,1241230.3642309813,0.01016176132928348,xgb_ranker,True,resolved
2024-07-29,1246369.900615993,0.0041406789046736225,1246369.900615993,0.0041406789046736225,xgb_ranker,True,resolved
2024-07-30,1236672.9752572137,-0.007780134415944051,1236672.9752572137,-0.007780134415944051,xgb_ranker,True,resolved
2024-07-31,1252712.0650624943,0.012969548236424044,1252712.0650624943,0.012969548236424044,xgb_ranker,True,resolved
2024-08-01,1232215.5978691583,-0.016361674613801558,1232215.5978691583,-0.016361674613801558,xgb_ranker,True,resolved
2024-08-02,1221263.5612027706,-0.008888084751829783,1221263.5612027706,-0.008888084751829783,xgb_ranker,True,resolved
2024-08-05,1215482.5761098075,-0.004733609743722833,1215482.5761098075,-0.004733609743722833,xgb_ranker,True,resolved
2024-08-06,1237871.0663009097,0.01841942503425864,1237871.0663009097,0.01841942503425864,xgb_ranker,True,resolved
2024-08-07,1224692.4585796888,-0.010646187700793508,1224692.4585796888,-0.010646187700793508,xgb_ranker,True,resolved
2024-08-08,1256394.3716859638,0.025885611431820665,1256394.3716859638,0.025885611431820665,xgb_ranker,True,resolved
2024-08-09,1259186.3695979957,0.002222230515316115,1259186.3695979957,0.002222230515316115,xgb_ranker,True,resolved
2024-08-12,1256490.9243559896,-0.0021406245390558354,1256490.9243559896,-0.0021406245390558354,xgb_ranker,True,resolved
2024-08-13,1265483.3176089157,0.007156751456470101,1265483.3176089157,0.007156751456470101,xgb_ranker,True,resolved
2024-08-14,1269422.0020674225,0.0031123954015837008,1269422.0020674225,0.0031123954015837008,xgb_ranker,True,resolved
2024-08-15,1281861.0729712178,0.009799003706834064,1281861.0729712178,0.009799003706834064,xgb_ranker,True,resolved
2024-08-16,1282719.7238700895,0.0006698470816977053,1282719.7238700895,0.0006698470816977053,xgb_ranker,True,resolved
2024-08-19,1288441.784492801,0.00446088145074075,1288441.784492801,0.00446088145074075,xgb_ranker,True,resolved
2024-08-20,1281702.8313748192,-0.005230312458885833,1281702.8313748192,-0.005230312458885833,xgb_ranker,True,resolved
2024-08-21,1289534.1964458176,0.006110125435704994,1289534.1964458176,0.006110125435704994,xgb_ranker,True,resolved
2024-08-22,1285950.9846971612,-0.0027786868766507267,1285950.9846971612,-0.0027786868766507267,xgb_ranker,True,resolved
2024-08-23,1295397.9592739358,0.007346294446050949,1295397.9592739358,0.007346294446050949,xgb_ranker,True,resolved
2024-08-26,1294056.1248723504,-0.0010358472405942454,1294056.1248723504,-0.0010358472405942454,xgb_ranker,True,resolved
2024-08-27,1297986.6097719949,0.0030373372716212543,1297986.6097719949,0.0030373372716212543,xgb_ranker,True,resolved
2024-08-28,1289023.471959529,-0.006905416238492945,1289023.471959529,-0.006905416238492945,xgb_ranker,True,resolved
2024-08-29,1295776.8181060152,0.005239118055949676,1295776.8181060152,0.005239118055949676,xgb_ranker,True,resolved
2024-08-30,1303705.264463217,0.006118682049575774,1303705.264463217,0.006118682049575774,xgb_ranker,True,resolved
2024-09-03,1290238.2685074536,-0.010329785667704816,1290238.2685074536,-0.010329785667704816,xgb_ranker,True,resolved
2024-09-04,1280631.0032784122,-0.007446117095995852,1280631.0032784122,-0.007446117095995852,xgb_ranker,True,resolved
2024-09-05,1277696.5029750091,-0.002291448743541813,1277696.5029750091,-0.002291448743541813,xgb_ranker,True,resolved
2024-09-06,1257748.0958051737,-0.015612789988379228,1257748.0958051737,-0.015612789988379228,xgb_ranker,True,resolved
2024-09-09,1271487.3999724085,0.010923732830968369,1271487.3999724085,0.010923732830968369,xgb_ranker,True,resolved
2024-09-10,1270586.7172767846,-0.0007083693441582994,1270586.7172767846,-0.0007083693441582994,xgb_ranker,True,resolved
2024-09-11,1275546.6553027332,0.0039036595916719374,1275546.6553027332,0.0039036595916719374,xgb_ranker,True,resolved
2024-09-12,1280899.765501083,0.0041967184627045295,1280899.765501083,0.0041967184627045295,xgb_ranker,True,resolved
2024-09-13,1285352.415809332,0.003476189494426851,1285352.415809332,0.003476189494426851,xgb_ranker,True,resolved
2024-09-16,1292924.6737841996,0.0058911920822117825,1292924.6737841996,0.0058911920822117825,xgb_ranker,True,resolved
2024-09-17,1292640.045970976,-0.00022014261077618613,1292640.045970976,-0.00022014261077618613,xgb_ranker,True,resolved
2024-09-18,1291527.4365757196,-0.0008607263860687109,1291527.4365757196,-0.0008607263860687109,xgb_ranker,True,resolved
2024-09-19,1298890.3742452594,0.005700953352614446,1298890.3742452594,0.005700953352614446,xgb_ranker,True,resolved
2024-09-20,1300743.8841451472,0.0014269948693435008,1300743.8841451472,0.0014269948693435008,xgb_ranker,True,resolved
2024-09-23,1310808.6559605706,0.00773770450747735,1310808.6559605706,0.00773770450747735,xgb_ranker,True,resolved
2024-09-24,1311677.6076691628,0.000662912702506846,1311677.6076691628,0.000662912702506846,xgb_ranker,True,resolved
2024-09-25,1306426.6295931528,-0.004003253577943511,1306426.6295931528,-0.004003253577943511,xgb_ranker,True,resolved
2024-09-26,1312053.9636992447,0.004307424526277748,1312053.9636992447,0.004307424526277748,xgb_ranker,True,resolved
2024-09-27,1315638.3929634485,0.0027319221338257815,1315638.3929634485,0.0027319221338257815,xgb_ranker,True,resolved
2024-09-30,1321939.0734761,0.004789067076751641,1321939.0734761,0.004789067076751641,xgb_ranker,True,resolved
2024-10-01,1316507.0421348359,-0.004109138953719338,1316507.0421348359,-0.004109138953719338,xgb_ranker,True,resolved
2024-10-02,1319353.629734204,0.002162227400433814,1319353.629734204,0.002162227400433814,xgb_ranker,True,resolved
2024-10-03,1310043.4845736362,-0.007056595707735536,1310043.4845736362,-0.007056595707735536,xgb_ranker,True,resolved
2024-10-04,1310843.9363096505,0.0006110115774322633,1310843.9363096505,0.0006110115774322633,xgb_ranker,True,resolved
2024-10-07,1301580.5285020503,-0.007066751083793399,1301580.5285020503,-0.007066751083793399,xgb_ranker,True,resolved
2024-10-08,1308741.6335138401,0.005501853212287466,1308741.6335138401,0.005501853212287466,xgb_ranker,True,resolved
2024-10-09,1311800.9871417542,0.0023376299412896095,1311800.9871417542,0.0023376299412896095,xgb_ranker,True,resolved
2024-10-10,1308294.9840847687,-0.0026726638349500176,1308294.9840847687,-0.0026726638349500176,xgb_ranker,True,resolved
2024-10-11,1318347.4728443392,0.007683656118733007,1318347.4728443392,0.007683656118733007,xgb_ranker,True,resolved
2024-10-14,1324336.123631517,0.004542543533122778,1324336.123631517,0.004542543533122778,xgb_ranker,True,resolved
2024-10-15,1323106.297420193,-0.0009286360081696143,1323106.297420193,-0.0009286360081696143,xgb_ranker,True,resolved
2024-10-16,1325555.516275774,0.001851112688645351,1325555.516275774,0.001851112688645351,xgb_ranker,True,resolved
2024-10-17,1323581.8933828932,-0.0014889024779782822,1323581.8933828932,-0.0014889024779782822,xgb_ranker,True,resolved
2024-10-18,1337548.4337931862,0.010552078779648921,1337548.4337931862,0.010552078779648921,xgb_ranker,True,resolved
2024-10-21,1333975.576480085,-0.0026711984574411263,1333975.576480085,-0.0026711984574411263,xgb_ranker,True,resolved
2024-10-22,1330472.288597656,-0.0026262009171660328,1330472.288597656,-0.0026262009171660328,xgb_ranker,True,resolved
2024-10-23,1327566.9828726475,-0.002183664966123211,1327566.9828726475,-0.002183664966123211,xgb_ranker,True,resolved
2024-10-24,1327509.9543653552,-4.29571599986911e-05,1327509.9543653552,-4.29571599986911e-05,xgb_ranker,True,resolved
2024-10-25,1317094.0212431701,-0.007846218469348187,1317094.0212431701,-0.007846218469348187,xgb_ranker,True,resolved
2024-10-28,1324162.8370215318,0.005366978867377803,1324162.8370215318,0.005366978867377803,xgb_ranker,True,resolved
2024-10-29,1324953.7869608775,0.0005973207503124911,1324953.7869608775,0.0005973207503124911,xgb_ranker,True,resolved
2024-10-30,1321857.0627033245,-0.0023372319004847375,1321857.0627033245,-0.0023372319004847375,xgb_ranker,True,resolved
2024-10-31,1324534.5442767725,0.0020255454609989787,1324534.5442767725,0.0020255454609989787,xgb_ranker,True,resolved
2024-11-01,1324443.1142331096,-6.902805521979971e-05,1324443.1142331096,-6.902805521979971e-05,xgb_ranker,True,resolved
2024-11-04,1326767.7158749332,0.0017551540091396145,1326767.7158749332,0.0017551540091396145,xgb_ranker,True,resolved
2024-11-05,1340775.9205008573,0.010558144020474947,1340775.9205008573,0.010558144020474947,xgb_ranker,True,resolved
2024-11-06,1356458.9853479052,0.011697006641638863,1356458.9853479052,0.011697006641638863,xgb_ranker,True,resolved
2024-11-07,1364274.6349039285,0.005761803077310779,1364274.6349039285,0.005761803077310779,xgb_ranker,True,resolved
2024-11-08,1374758.4359271424,0.007684523889101014,1374758.4359271424,0.007684523889101014,xgb_ranker,True,resolved
2024-11-11,1371465.3893689616,-0.0023953637760076862,1371465.3893689616,-0.0023953637760076862,xgb_ranker,True,resolved
2024-11-12,1361279.4468595323,-0.007427050356783704,1361279.4468595323,-0.007427050356783704,xgb_ranker,True,resolved
2024-11-13,1350694.1910597961,-0.007775960934513715,1350694.1910597961,-0.007775960934513715,xgb_ranker,True,resolved
2024-11-14,1339344.6999560934,-0.00840270964280787,1339344.6999560934,-0.00840270964280787,xgb_ranker,True,resolved
2024-11-15,1335207.210462663,-0.0030891894323887836,1335207.210462663,-0.0030891894323887836,xgb_ranker,True,resolved
2024-11-18,1337085.285143103,0.0014065791928947746,1337085.285143103,0.0014065791928947746,xgb_ranker,True,resolved
2024-11-19,1345156.9430553112,0.006036756220336725,1345156.9430553112,0.006036756220336725,xgb_ranker,True,resolved
2024-11-20,1346040.7383720852,0.0006570202245446133,1346040.7383720852,0.0006570202245446133,xgb_ranker,True,resolved
2024-11-21,1356993.524790725,0.008137039323108608,1356993.524790725,0.008137039323108608,xgb_ranker,True,resolved
2024-11-22,1369156.0510436036,0.008962847670739071,1369156.0510436036,0.008962847670739071,xgb_ranker,True,resolved
2024-11-25,1375950.3646676433,0.004962409959669012,1375950.3646676433,0.004962409959669012,xgb_ranker,True,resolved
2024-11-26,1381000.485144623,0.003670278090445178,1381000.485144623,0.003670278090445178,xgb_ranker,True,resolved
2024-11-27,1372348.4565475914,-0.006265043850528174,1372348.4565475914,-0.006265043850528174,xgb_ranker,True,resolved
2024-11-29,1377708.57830722,0.003905802301197747,1377708.57830722,0.003905802301197747,xgb_ranker,True,resolved
2024-12-02,1374179.4849547404,-0.002561567379376961,1374179.4849547404,-0.002561567379376961,xgb_ranker,True,resolved
2024-12-03,1373935.7596683651,-0.00017736059157025252,1373935.7596683651,-0.00017736059157025252,xgb_ranker,True,resolved
2024-12-04,1372731.1646251497,-0.0008767477189079997,1372731.1646251497,-0.0008767477189079997,xgb_ranker,True,resolved
2024-12-05,1370795.795939104,-0.001409867231049744,1370795.795939104,-0.001409867231049744,xgb_ranker,True,resolved
2024-12-06,1373467.5168987238,0.001949029146087744,1373467.5168987238,0.001949029146087744,xgb_ranker,True,resolved
2024-12-09,1362657.4678619814,-0.007870625918515617,1362657.4678619814,-0.007870625918515617,xgb_ranker,True,resolved
2024-12-10,1353770.0537655319,-0.006522118952163369,1353770.0537655319,-0.006522118952163369,xgb_ranker,True,resolved
2024-12-11,1363976.3697325992,0.007539179891502545,1363976.3697325992,0.007539179891502545,xgb_ranker,True,resolved
2024-12-12,1369533.3324424296,0.004074090162514921,1369533.3324424296,0.004074090162514921,xgb_ranker,True,resolved
2024-12-13,1369079.099084203,-0.0003316701736763017,1369079.099084203,-0.0003316701736763017,xgb_ranker,True,resolved
2024-12-16,1368838.4689764096,-0.0001757605590168021,1368838.4689764096,-0.0001757605590168021,xgb_ranker,True,resolved
2024-12-17,1361547.9463533196,-0.005326064972839162,1361547.9463533196,-0.005326064972839162,xgb_ranker,True,resolved
2024-12-18,1336937.458135011,-0.01807537390381575,1336937.458135011,-0.01807537390381575,xgb_ranker,True,resolved
2024-12-19,1330672.056427307,-0.004686383547397921,1330672.056427307,-0.004686383547397921,xgb_ranker,True,resolved
2024-12-20,1346773.2438481594,0.012100041736866629,1346773.2438481594,0.012100041736866629,xgb_ranker,True,resolved
2024-12-23,1346985.9788321517,0.00015795902165716136,1346985.9788321517,0.00015795902165716136,xgb_ranker,True,resolved
2024-12-24,1355913.6182775223,0.006627863679108836,1355913.6182775223,0.006627863679108836,xgb_ranker,True,resolved
2024-12-26,1359322.6438408974,0.0025141908137966684,1359322.6438408974,0.0025141908137966684,xgb_ranker,True,resolved
2024-12-27,1347345.230373072,-0.008811310193422517,1347345.230373072,-0.008811310193422517,xgb_ranker,True,resolved
2024-12-30,1337851.9345271504,-0.0070459267839564355,1337851.9345271504,-0.0070459267839564355,xgb_ranker,True,resolved
2024-12-31,1330656.350263455,-0.0053784608580310644,1330656.350263455,-0.0053784608580310644,xgb_ranker,True,resolved
2025-01-02,1332160.2644677274,0.001130204807555879,1332160.2644677274,0.001130204807555879,xgb_ranker,True,resolved
2025-01-03,1330868.584280434,-0.0009696132077693376,1330868.584280434,-0.0009696132077693376,xgb_ranker,True,resolved
2025-01-06,1341652.272976474,0.008102744946729912,1341652.272976474,0.008102744946729912,xgb_ranker,True,resolved
2025-01-07,1349300.8330815972,0.0057008513004304096,1349300.8330815972,0.0057008513004304096,xgb_ranker,True,resolved
2025-01-08,1355537.5149427871,0.004622158163903434,1355537.5149427871,0.004622158163903434,xgb_ranker,True,resolved
2025-01-10,1341471.3027277202,-0.010376852031026673,1341471.3027277202,-0.010376852031026673,xgb_ranker,True,resolved
2025-01-13,1342202.363908576,0.0005449696757353628,1342202.363908576,0.0005449696757353628,xgb_ranker,True,resolved
2025-01-14,1354606.06667975,0.009241306009217354,1354606.06667975,0.009241306009217354,xgb_ranker,True,resolved
2025-01-15,1372550.3984757902,0.01324690051036237,1372550.3984757902,0.01324690051036237,xgb_ranker,True,resolved
2025-01-16,1381596.0908105099,0.0065904263659570805,1381596.0908105099,0.0065904263659570805,xgb_ranker,True,resolved
2025-01-17,1385805.1673734304,0.0030465318995303026,1385805.1673734304,0.0030465318995303026,xgb_ranker,True,resolved
2025-01-21,1400199.6323135183,0.010387076970834297,1400199.6323135183,0.010387076970834297,xgb_ranker,True,resolved
2025-01-22,1404120.805105895,0.00280043838170263,1404120.805105895,0.00280043838170263,xgb_ranker,True,resolved
2025-01-23,1406298.6220881282,0.0015510182416740292,1406298.6220881282,0.0015510182416740292,xgb_ranker,True,resolved
2025-01-24,1404331.4602392924,-0.0013988222827915342,1404331.4602392924,-0.0013988222827915342,xgb_ranker,True,resolved
2025-01-27,1351674.8081529378,-0.037495885819849195,1351674.8081529378,-0.037495885819849195,xgb_ranker,True,resolved
2025-01-28,1370211.87082278,0.013714143785200195,1370211.87082278,0.013714143785200195,xgb_ranker,True,resolved
2025-01-29,1376918.3849719772,0.00489450886538445,1376918.3849719772,0.00489450886538445,xgb_ranker,True,resolved
2025-01-30,1382390.0662468788,0.003973860277138419,1382390.0662468788,0.003973860277138419,xgb_ranker,True,resolved
2025-01-31,1376225.610506232,-0.004459273754319648,1376225.610506232,-0.004459273754319648,xgb_ranker,True,resolved
2025-02-03,1369510.2480597135,-0.004879550558609447,1369510.2480597135,-0.004879550558609447,xgb_ranker,True,resolved
2025-02-04,1369634.5243454457,9.074505715322978e-05,1369634.5243454457,9.074505715322978e-05,xgb_ranker,True,resolved
2025-02-05,1381973.4176529744,0.009008894773169907,1381973.4176529744,0.009008894773169907,xgb_ranker,True,resolved
2025-02-06,1392910.655102262,0.007914216952061626,1392910.655102262,0.007914216952061626,xgb_ranker,True,resolved
2025-02-07,1387796.5227296678,-0.003671543723110293,1387796.5227296678,-0.003671543723110293,xgb_ranker,True,resolved
2025-02-10,1385719.599830708,-0.0014965615383404351,1385719.599830708,-0.0014965615383404351,xgb_ranker,True,resolved
2025-02-11,1373926.9195456547,-0.00851014901318714,1373926.9195456547,-0.00851014901318714,xgb_ranker,True,resolved
2025-02-12,1378240.1345751418,0.0031393336633316338,1378240.1345751418,0.0031393336633316338,xgb_ranker,True,resolved
2025-02-13,1383475.2308071635,0.0037983919497710517,1383475.2308071635,0.0037983919497710517,xgb_ranker,True,resolved
2025-02-14,1385169.2077316367,0.0012244360338022897,1385169.2077316367,0.0012244360338022897,xgb_ranker,True,resolved
2025-02-18,1399215.6505761663,0.010140597095377402,1399215.6505761663,0.010140597095377402,xgb_ranker,True,resolved
2025-02-19,1392915.557823848,-0.004502588825192277,1392915.557823848,-0.004502588825192277,xgb_ranker,True,resolved
2025-02-20,1375946.0296529653,-0.012182740063148012,1375946.0296529653,-0.012182740063148012,xgb_ranker,True,resolved
2025-02-21,1337322.9403812448,-0.028070206562870625,1337322.9403812448,-0.028070206562870625,xgb_ranker,True,resolved
2025-02-24,1329814.2773751451,-0.0056146969287456105,1329814.2773751451,-0.0056146969287456105,xgb_ranker,True,resolved
2025-02-25,1321704.7358910772,-0.006098251178408898,1321704.7358910772,-0.006098251178408898,xgb_ranker,True,resolved
2025-02-26,1352482.3062022948,0.023286267708247044,1352482.3062022948,0.023286267708247044,xgb_ranker,True,resolved
2025-02-27,1342083.6853928482,-0.007688544805177777,1342083.6853928482,-0.007688544805177777,xgb_ranker,True,resolved
2025-02-28,1360593.5835249028,0.01379191054441331,1360593.5835249028,0.01379191054441331,xgb_ranker,True,resolved
2025-03-03,1346841.572552262,-0.010107361330496056,1346841.572552262,-0.010107361330496056,xgb_ranker,True,resolved
2025-03-04,1344666.1275777936,-0.0016152196507760452,1344666.1275777936,-0.0016152196507760452,xgb_ranker,True,resolved
2025-03-05,1360442.3665749093,0.011732458097635234,1360442.3665749093,0.011732458097635234,xgb_ranker,True,resolved
2025-03-06,1313295.5387510674,-0.03465551278187562,1313295.5387510674,-0.03465551278187562,xgb_ranker,True,resolved
2025-03-07,1321843.988166413,0.006509158954027372,1321843.988166413,0.006509158954027372,xgb_ranker,True,resolved
2025-03-10,1260575.1462759683,-0.04635103872994373,1260575.1462759683,-0.04635103872994373,xgb_ranker,True,resolved
2025-03-11,1268731.471767742,0.006470320722940848,1268731.471767742,0.006470320722940848,xgb_ranker,True,resolved
2025-03-12,1290804.7922093924,0.017397945059954623,1290804.7922093924,0.017397945059954623,xgb_ranker,True,resolved
2025-03-13,1275702.4230233245,-0.011699963679417502,1275702.4230233245,-0.011699963679417502,xgb_ranker,True,resolved
2025-03-14,1304104.660372686,0.022263998905050597,1304104.660372686,0.022263998905050597,xgb_ranker,True,resolved
2025-03-17,1315673.4645784828,0.008871070365234823,1315673.4645784828,0.008871070365234823,xgb_ranker,True,resolved
2025-03-18,1309282.4826310263,-0.004857574557456057,1309282.4826310263,-0.004857574557456057,xgb_ranker,True,resolved
2025-03-19,1325570.0384503691,0.012440062427637955,1325570.0384503691,0.012440062427637955,xgb_ranker,True,resolved
2025-03-20,1321593.3802423417,-0.002999960841508109,1321593.3802423417,-0.002999960841508109,xgb_ranker,True,resolved
2025-03-21,1323482.1433967825,0.0014291560344334986,1323482.1433967825,0.0014291560344334986,xgb_ranker,True,resolved
2025-03-24,1338872.9950598027,0.011629058797513414,1338872.9950598027,0.011629058797513414,xgb_ranker,True,resolved
2025-03-25,1338391.3160454608,-0.0003597645304066477,1338391.3160454608,-0.0003597645304066477,xgb_ranker,True,resolved
2025-03-26,1338103.31262966,-0.00021518625558014648,1338103.31262966,-0.00021518625558014648,xgb_ranker,True,resolved
2025-03-27,1332429.6490054755,-0.004240078901706412,1332429.6490054755,-0.004240078901706412,xgb_ranker,True,resolved
2025-03-28,1312788.0616005352,-0.014741181584784435,1312788.0616005352,-0.014741181584784435,xgb_ranker,True,resolved
2025-03-31,1312682.6902753077,-8.026529819216144e-05,1312682.6902753077,-8.026529819216144e-05,xgb_ranker,True,resolved
2025-04-01,1326953.3478227323,0.010871368726917296,1326953.3478227323,0.010871368726917296,xgb_ranker,True,resolved
2025-04-02,1343933.727418682,0.012796515886418502,1343933.727418682,0.012796515886418502,xgb_ranker,True,resolved
2025-04-03,1286163.3929147131,-0.042985999477019976,1286163.3929147131,-0.042985999477019976,xgb_ranker,True,resolved
2025-04-04,1243883.039014988,-0.03287323689403798,1243883.039014988,-0.03287323689403798,xgb_ranker,True,resolved
2025-04-07,1263770.071684955,0.015987863847484407,1263770.071684955,0.015987863847484407,xgb_ranker,True,resolved
2025-04-08,1269966.7654029985,0.004903339505248461,1269966.7654029985,0.004903339505248461,xgb_ranker,True,resolved
2025-04-09,1339464.1503649391,0.054723782428973244,1339464.1503649391,0.054723782428973244,xgb_ranker,True,resolved
2025-04-10,1308172.8111724183,-0.023361087479642828,1308172.8111724183,-0.023361087479642828,xgb_ranker,True,resolved
2025-04-11,1323151.748792228,0.011450274376506364,1323151.748792228,0.011450274376506364,xgb_ranker,True,resolved
2025-04-14,1339822.8542418294,0.012599541560383232,1339822.8542418294,0.012599541560383232,xgb_ranker,True,resolved
2025-04-15,1347200.2128282008,0.00550621939535878,1347200.2128282008,0.00550621939535878,xgb_ranker,True,resolved
2025-04-16,1332875.5494566734,-0.010632913530688404,1332875.5494566734,-0.010632913530688404,xgb_ranker,True,resolved
2025-04-17,1335467.6988109287,0.001944779732295343,1335467.6988109287,0.001944779732295343,xgb_ranker,True,resolved
2025-04-21,1312043.8583298577,-0.01753980309814096,1312043.8583298577,-0.01753980309814096,xgb_ranker,True,resolved
2025-04-22,1343043.5943781189,0.02362705777817653,1343043.5943781189,0.02362705777817653,xgb_ranker,True,resolved
2025-04-23,1369289.2701624543,0.019541938842639217,1369289.2701624543,0.019541938842639217,xgb_ranker,True,resolved
2025-04-24,1376752.0901978482,0.005450141323687152,1376752.0901978482,0.005450141323687152,xgb_ranker,True,resolved
2025-04-25,1366547.3728701798,-0.00741216766644015,1366547.3728701798,-0.00741216766644015,xgb_ranker,True,resolved
2025-04-28,1374022.9661604618,0.005470423813102698,1374022.9661604618,0.005470423813102698,xgb_ranker,True,resolved
2025-04-29,1376271.1773694025,0.0016362253501649437,1376271.1773694025,0.0016362253501649437,xgb_ranker,True,resolved
2025-04-30,1378754.5311376092,0.0018044073065262012,1378754.5311376092,0.0018044073065262012,xgb_ranker,True,resolved
2025-05-01,1373850.3976962273,-0.003556930063058794,1373850.3976962273,-0.003556930063058794,xgb_ranker,True,resolved
2025-05-02,1386626.2863779082,0.009299330336916212,1386626.2863779082,0.009299330336916212,xgb_ranker,True,resolved
2025-05-05,1381450.2848541625,-0.0037328021072399187,1381450.2848541625,-0.0037328021072399187,xgb_ranker,True,resolved
2025-05-06,1380066.0632793317,-0.0010020060728982427,1380066.0632793317,-0.0010020060728982427,xgb_ranker,True,resolved
2025-05-07,1390137.5318720497,0.007297816286262471,1390137.5318720497,0.007297816286262471,xgb_ranker,True,resolved
2025-05-08,1396764.8043700564,0.0047673502412972635,1396764.8043700564,0.0047673502412972635,xgb_ranker,True,resolved
2025-05-09,1396583.3980242666,-0.0001298760859539394,1396583.3980242666,-0.0001298760859539394,xgb_ranker,True,resolved
2025-05-12,1406686.2072300492,0.007233946229115329,1406686.2072300492,0.007233946229115329,xgb_ranker,True,resolved
2025-05-13,1406550.9898462757,-9.612476690146199e-05,1406550.9898462757,-9.612476690146199e-05,xgb_ranker,True,resolved
2025-05-14,1408134.5571545048,0.0011258513339797993,1408134.5571545048,0.0011258513339797993,xgb_ranker,True,resolved
2025-05-15,1430771.9965648833,0.0160761905141531,1430771.9965648833,0.0160761905141531,xgb_ranker,True,resolved
2025-05-16,1440611.9320411342,0.006877360963085222,1440611.9320411342,0.006877360963085222,xgb_ranker,True,resolved
2025-05-19,1443582.2119924503,0.0020618182351910264,1443582.2119924503,0.0020618182351910264,xgb_ranker,True,resolved
2025-05-20,1440453.776098574,-0.0021671338617829106,1440453.776098574,-0.0021671338617829106,xgb_ranker,True,resolved
2025-05-21,1416528.4909411725,-0.01660954732070785,1416528.4909411725,-0.01660954732070785,xgb_ranker,True,resolved
2025-05-22,1413241.6681484291,-0.0023203365225358263,1413241.6681484291,-0.0023203365225358263,xgb_ranker,True,resolved
2025-05-23,1409404.210461966,-0.0027153584365303685,1409404.210461966,-0.0027153584365303685,xgb_ranker,True,resolved
2025-05-27,1408702.2535581887,-0.0004980522255906283,1408702.2535581887,-0.0004980522255906283,xgb_ranker,True,resolved
2025-05-28,1409421.1100456836,0.0005102969670696123,1409421.1100456836,0.0005102969670696123,xgb_ranker,True,resolved
2025-05-29,1411457.8757063171,0.0014451079568174041,1411457.8757063171,0.0014451079568174041,xgb_ranker,True,resolved
2025-05-30,1407910.7925981188,-0.0025130633859146156,1407910.7925981188,-0.0025130633859146156,xgb_ranker,True,resolved
2025-06-02,1406280.6145517332,-0.0011578702677441655,1406280.6145517332,-0.0011578702677441655,xgb_ranker,True,resolved
2025-06-03,1415274.9277693098,0.006395816826674894,1415274.9277693098,0.006395816826674894,xgb_ranker,True,resolved
2025-06-04,1410010.599428283,-0.003719650675451547,1410010.599428283,-0.003719650675451547,xgb_ranker,True,resolved
2025-06-05,1406083.6535135088,-0.0027850470885584233,1406083.6535135088,-0.0027850470885584233,xgb_ranker,True,resolved
2025-06-06,1417650.6275797305,0.008226376885413833,1417650.6275797305,0.008226376885413833,xgb_ranker,True,resolved
2025-06-09,1411305.748096501,-0.004475629862388364,1411305.748096501,-0.004475629862388364,xgb_ranker,True,resolved
2025-06-10,1411727.3076012072,0.00029870175564350454,1411727.3076012072,0.00029870175564350454,xgb_ranker,True,resolved
2025-06-11,1415742.2145301434,0.002843967745979503,1415742.2145301434,0.002843967745979503,xgb_ranker,True,resolved
2025-06-12,1421723.628992532,0.004224931912744978,1421723.628992532,0.004224931912744978,xgb_ranker,True,resolved
2025-06-13,1410035.4525274832,-0.008221131186608499,1410035.4525274832,-0.008221131186608499,xgb_ranker,True,resolved
2025-06-16,1417826.8293400535,0.005525660222659212,1417826.8293400535,0.005525660222659212,xgb_ranker,True,resolved
2025-06-17,1415006.871287107,-0.001988929814693341,1415006.871287107,-0.001988929814693341,xgb_ranker,True,resolved
2025-06-18,1417731.1295312685,0.0019252614947964375,1417731.1295312685,0.0019252614947964375,xgb_ranker,True,resolved
2025-06-20,1421248.0656929053,0.0024806792263916133,1421248.0656929053,0.0024806792263916133,xgb_ranker,True,resolved
2025-06-23,1431396.1728154821,0.0071402785815783965,1431396.1728154821,0.0071402785815783965,xgb_ranker,True,resolved
2025-06-24,1438746.0265151577,0.00513474455169094,1438746.0265151577,0.00513474455169094,xgb_ranker,True,resolved
2025-06-25,1428053.4578288193,-0.0074318667014756645,1428053.4578288193,-0.0074318667014756645,xgb_ranker,True,resolved
2025-06-26,1434941.9321094821,0.0048236809643917855,1434941.9321094821,0.0048236809643917855,xgb_ranker,True,resolved
2025-06-27,1439965.889311891,0.00350115714788779,1439965.889311891,0.00350115714788779,xgb_ranker,True,resolved
2025-06-30,1446378.0892993326,0.004453022141035268,1446378.0892993326,0.004453022141035268,xgb_ranker,True,resolved
2025-07-01,1442684.7766409535,-0.0025534904640102107,1442684.7766409535,-0.0025534904640102107,xgb_ranker,True,resolved
2025-07-02,1447032.1317051277,0.0030133783447110485,1447032.1317051277,0.0030133783447110485,xgb_ranker,True,resolved
2025-07-03,1455815.199273534,0.006069711498428498,1455815.199273534,0.006069711498428498,xgb_ranker,True,resolved
2025-07-07,1456959.0818524375,0.0007857333674454736,1456959.0818524375,0.0007857333674454736,xgb_ranker,True,resolved
2025-07-08,1451405.0190331615,-0.0038120925209610412,1451405.0190331615,-0.0038120925209610412,xgb_ranker,True,resolved
2025-07-09,1456874.3846885692,0.003768324887736041,1456874.3846885692,0.003768324887736041,xgb_ranker,True,resolved
2025-07-10,1457985.5798268828,0.0007627254278008699,1457985.5798268828,0.0007627254278008699,xgb_ranker,True,resolved
2025-07-11,1449277.5336828288,-0.005972655878453859,1449277.5336828288,-0.005972655878453859,xgb_ranker,True,resolved
2025-07-14,1459670.4112169438,0.007171074754540152,1459670.4112169438,0.007171074754540152,xgb_ranker,True,resolved
2025-07-15,1448939.9352858295,-0.007351300573509745,1448939.9352858295,-0.007351300573509745,xgb_ranker,True,resolved
2025-07-16,1453987.094277188,0.0034833459058210003,1453987.094277188,0.0034833459058210003,xgb_ranker,True,resolved
2025-07-17,1459666.8610879907,0.003906339219349242,1459666.8610879907,0.003906339219349242,xgb_ranker,True,resolved
2025-07-18,1465830.7425431628,0.004222800160426754,1465830.7425431628,0.004222800160426754,xgb_ranker,True,resolved
2025-07-21,1459839.904428523,-0.0040869917247374765,1459839.904428523,-0.0040869917247374765,xgb_ranker,True,resolved
2025-07-22,1465943.7709787204,0.0041811890000271745,1465943.7709787204,0.0041811890000271745,xgb_ranker,True,resolved
2025-07-23,1464198.2515386725,-0.0011907137740232443,1464198.2515386725,-0.0011907137740232443,xgb_ranker,True,resolved
2025-07-24,1465951.7578446637,0.001197588034371977,1465951.7578446637,0.001197588034371977,xgb_ranker,True,resolved
2025-07-25,1470532.7191904662,0.0031249059331515117,1470532.7191904662,0.0031249059331515117,xgb_ranker,True,resolved
2025-07-28,1465792.913447628,-0.00322318958360035,1465792.913447628,-0.00322318958360035,xgb_ranker,True,resolved
2025-07-29,1476980.836785283,0.007632676645529912,1476980.836785283,0.007632676645529912,xgb_ranker,True,resolved
2025-07-30,1475241.0967512934,-0.0011779029156371301,1475241.0967512934,-0.0011779029156371301,xgb_ranker,True,resolved
2025-07-31,1491180.7176486878,0.010804756546232142,1491180.7176486878,0.010804756546232142,xgb_ranker,True,resolved
2025-08-01,1481191.5848677156,-0.006698807637965709,1481191.5848677156,-0.006698807637965709,xgb_ranker,True,resolved
2025-08-04,1503654.7943942752,0.015165634044947529,1503654.7943942752,0.015165634044947529,xgb_ranker,True,resolved
2025-08-05,1494982.3278639596,-0.0057675914462861355,1494982.3278639596,-0.0057675914462861355,xgb_ranker,True,resolved
2025-08-06,1499840.7024664916,0.003249787313187591,1499840.7024664916,0.003249787313187591,xgb_ranker,True,resolved
2025-08-07,1506220.352428488,0.0042535516948600804,1506220.352428488,0.0042535516948600804,xgb_ranker,True,resolved
2025-08-08,1505287.8216912106,-0.0006191197295759565,1505287.8216912106,-0.0006191197295759565,xgb_ranker,True,resolved
2025-08-11,1503750.125906019,-0.0010215294132015496,1503750.125906019,-0.0010215294132015496,xgb_ranker,True,resolved
2025-08-12,1519530.0276793034,0.010493699386244115,1519530.0276793034,0.010493699386244115,xgb_ranker,True,resolved
2025-08-13,1527710.3263980872,0.005383439991164307,1527710.3263980872,0.005383439991164307,xgb_ranker,True,resolved
2025-08-14,1521060.7985645724,-0.00435261038602297,1521060.7985645724,-0.00435261038602297,xgb_ranker,True,resolved
2025-08-15,1518685.8565514737,-0.001561372178771503,1518685.8565514737,-0.001561372178771503,xgb_ranker,True,resolved
2025-08-18,1520971.5325349048,0.0015050354051635573,1520971.5325349048,0.0015050354051635573,xgb_ranker,True,resolved
2025-08-19,1517546.8999376805,-0.002251608609345035,1517546.8999376805,-0.002251608609345035,xgb_ranker,True,resolved
2025-08-20,1522837.4061626997,0.003486222551168927,1522837.4061626997,0.003486222551168927,xgb_ranker,True,resolved
2025-08-21,1523205.733635519,0.00024186920503055376,1523205.733635519,0.00024186920503055376,xgb_ranker,True,resolved
2025-08-22,1536018.777298939,0.008411893009907745,1536018.777298939,0.008411893009907745,xgb_ranker,True,resolved
2025-08-25,1531361.6722997064,-0.0030319323357634875,1531361.6722997064,-0.0030319323357634875,xgb_ranker,True,resolved
2025-08-26,1538101.780131938,0.004401382086381744,1538101.780131938,0.004401382086381744,xgb_ranker,True,resolved
2025-08-27,1543058.1817776673,0.0032224146085471084,1543058.1817776673,0.0032224146085471084,xgb_ranker,True,resolved
2025-08-28,1542934.6474588695,-8.005810814948333e-05,1542934.6474588695,-8.005810814948333e-05,xgb_ranker,True,resolved
2025-08-29,1537204.9552107365,-0.0037135028742594223,1537204.9552107365,-0.0037135028742594223,xgb_ranker,True,resolved
2025-09-02,1537581.0613171163,0.00024466880952012104,1537581.0613171163,0.00024466880952012104,xgb_ranker,True,resolved
2025-09-03,1534869.6332474002,-0.0017634374784725182,1534869.6332474002,-0.0017634374784725182,xgb_ranker,True,resolved
2025-09-04,1554832.77117725,0.013006406210286814,1554832.77117725,0.013006406210286814,xgb_ranker,True,resolved
2025-09-05,1550799.4342321618,-0.0025940647893819557,1550799.4342321618,-0.0025940647893819557,xgb_ranker,True,resolved
2025-09-08,1548961.1668419377,-0.0011853675914799133,1548961.1668419377,-0.0011853675914799133,xgb_ranker,True,resolved
2025-09-09,1554945.2436630493,0.0038632839539238795,1554945.2436630493,0.0038632839539238795,xgb_ranker,True,resolved
2025-09-10,1572816.7031748502,0.011493304722229647,1572816.7031748502,0.011493304722229647,xgb_ranker,True,resolved
2025-09-11,1586297.7440846749,0.00857127272530378,1586297.7440846749,0.00857127272530378,xgb_ranker,True,resolved
2025-09-12,1579379.1127842607,-0.004361496021925149,1579379.1127842607,-0.004361496021925149,xgb_ranker,True,resolved
2025-09-15,1588380.6458296352,0.005699412492232936,1588380.6458296352,0.005699412492232936,xgb_ranker,True,resolved
2025-09-16,1589787.236782142,0.0008855502969014051,1589787.236782142,0.0008855502969014051,xgb_ranker,True,resolved
2025-09-17,1593927.2526715642,0.002604132045871843,1593927.2526715642,0.002604132045871843,xgb_ranker,True,resolved
2025-09-18,1606756.325199003,0.008048718977567093,1606756.325199003,0.008048718977567093,xgb_ranker,True,resolved
2025-09-19,1610403.657814547,0.002269997359488851,1610403.657814547,0.002269997359488851,xgb_ranker,True,resolved
2025-09-22,1617793.2011454972,0.004588628009562834,1617793.2011454972,0.004588628009562834,xgb_ranker,True,resolved
2025-09-23,1614348.0798346833,-0.0021295189696523,1614348.0798346833,-0.0021295189696523,xgb_ranker,True,resolved
2025-09-24,1605524.9514016046,-0.005465443632195033,1605524.9514016046,-0.005465443632195033,xgb_ranker,True,resolved
2025-09-25,1599842.837450338,-0.0035391003710693036,1599842.837450338,-0.0035391003710693036,xgb_ranker,True,resolved
2025-09-26,1607298.099924896,0.00465999678220852,1607298.099924896,0.00465999678220852,xgb_ranker,True,resolved
2025-09-29,1626123.5220291046,0.011712464604473949,1626123.5220291046,0.011712464604473949,xgb_ranker,True,resolved
2025-09-30,1625943.90053287,-0.00011045993357894357,1625943.90053287,-0.00011045993357894357,xgb_ranker,True,resolved
2025-10-01,1621077.1917761883,-0.0029931590844474165,1621077.1917761883,-0.0029931590844474165,xgb_ranker,True,resolved
2025-10-02,1626736.0631352381,0.003490809313558607,1626736.0631352381,0.003490809313558607,xgb_ranker,True,resolved
2025-10-03,1630672.4322435441,0.0024197958092349037,1630672.4322435441,0.0024197958092349037,xgb_ranker,True,resolved
2025-10-06,1629233.4262846066,-0.0008824616952393116,1629233.4262846066,-0.0008824616952393116,xgb_ranker,True,resolved
2025-10-07,1625328.5347154336,-0.0023967661761505887,1625328.5347154336,-0.0023967661761505887,xgb_ranker,True,resolved
2025-10-08,1627492.2692675835,0.001331259807438645,1627492.2692675835,0.001331259807438645,xgb_ranker,True,resolved
2025-10-09,1626150.5811268045,-0.0008243898703019781,1626150.5811268045,-0.0008243898703019781,xgb_ranker,True,resolved
2025-10-10,1598666.910784011,-0.016901061108221094,1598666.910784011,-0.016901061108221094,xgb_ranker,True,resolved
2025-10-13,1613063.9500887338,0.009005652902180916,1613063.9500887338,0.009005652902180916,xgb_ranker,True,resolved
2025-10-14,1609779.5262235776,-0.00203613989698026,1609779.5262235776,-0.00203613989698026,xgb_ranker,True,resolved
2025-10-15,1604785.9477456207,-0.0031020263313147334,1604785.9477456207,-0.0031020263313147334,xgb_ranker,True,resolved
2025-10-16,1599191.8245576092,-0.0034858999082526543,1599191.8245576092,-0.0034858999082526543,xgb_ranker,True,resolved
2025-10-17,1602489.3752597542,0.0020620107303621626,1602489.3752597542,0.0020620107303621626,xgb_ranker,True,resolved
2025-10-20,1613593.0914104567,0.006929041978142703,1613593.0914104567,0.006929041978142703,xgb_ranker,True,resolved
2025-10-21,1610413.20349273,-0.0019706876130383133,1610413.20349273,-0.0019706876130383133,xgb_ranker,True,resolved
2025-10-22,1594617.6407004572,-0.009808391261332594,1594617.6407004572,-0.009808391261332594,xgb_ranker,True,resolved
2025-10-23,1626844.6877653452,0.02020988997132367,1626844.6877653452,0.02020988997132367,xgb_ranker,True,resolved
2025-10-24,1661865.8252931428,0.021527031923313622,1661865.8252931428,0.021527031923313622,xgb_ranker,True,resolved
2025-10-27,1661460.1318482046,-0.00024411925365075415,1661460.1318482046,-0.00024411925365075415,xgb_ranker,True,resolved
2025-10-28,1639305.7401504973,-0.013334290286618478,1639305.7401504973,-0.013334290286618478,xgb_ranker,True,resolved
2025-10-29,1638089.2004719113,-0.0007421066423364264,1638089.2004719113,-0.0007421066423364264,xgb_ranker,True,resolved
2025-10-30,1638853.74043075,0.0004667266951141613,1638853.74043075,0.0004667266951141613,xgb_ranker,True,resolved
2025-10-31,1635768.8221084662,-0.0018823634142439705,1635768.8221084662,-0.0018823634142439705,xgb_ranker,True,resolved
2025-11-03,1633973.909800285,-0.0010972897171787066,1633973.909800285,-0.0010972897171787066,xgb_ranker,True,resolved
2025-11-04,1614063.656829174,-0.012185171900048641,1614063.656829174,-0.012185171900048641,xgb_ranker,True,resolved
2025-11-05,1627172.241652137,0.008121479451879132,1627172.241652137,0.008121479451879132,xgb_ranker,True,resolved
2025-11-06,1597006.3436114318,-0.01853884749783863,1597006.3436114318,-0.01853884749783863,xgb_ranker,True,resolved
2025-11-07,1619019.0005759948,0.013783700392062448,1619019.0005759948,0.013783700392062448,xgb_ranker,True,resolved
2025-11-10,1647794.991809254,0.017773720520279035,1647794.991809254,0.017773720520279035,xgb_ranker,True,resolved
2025-11-11,1639094.4798302911,-0.0052800937144552584,1639094.4798302911,-0.0052800937144552584,xgb_ranker,True,resolved
2025-11-12,1640105.4586666329,0.0006167910689605094,1640105.4586666329,0.0006167910689605094,xgb_ranker,True,resolved
2025-11-13,1620206.4684175674,-0.012132750454499908,1620206.4684175674,-0.012132750454499908,xgb_ranker,True,resolved
2025-11-14,1632391.556551598,0.007520700831377125,1632391.556551598,0.007520700831377125,xgb_ranker,True,resolved
2025-11-17,1616319.816357804,-0.009845517841163831,1616319.816357804,-0.009845517841163831,xgb_ranker,True,resolved
2025-11-18,1613041.4308155566,-0.002028302511092761,1613041.4308155566,-0.002028302511092761,xgb_ranker,True,resolved
2025-11-19,1610952.2815839555,-0.0012951615449484644,1610952.2815839555,-0.0012951615449484644,xgb_ranker,True,resolved
2025-11-20,1574255.3960365928,-0.02277962293909841,1574255.3960365928,-0.02277962293909841,xgb_ranker,True,resolved
2025-11-21,1593070.0628432939,0.011951470424728772,1593070.0628432939,0.011951470424728772,xgb_ranker,True,resolved
2025-11-24,1631697.2002557106,0.02424697966106737,1631697.2002557106,0.02424697966106737,xgb_ranker,True,resolved
2025-11-25,1629624.5904894588,-0.001270217149313635,1629624.5904894588,-0.001270217149313635,xgb_ranker,True,resolved
2025-11-26,1640197.6594896177,0.00648803967604783,1640197.6594896177,0.00648803967604783,xgb_ranker,True,resolved
2025-11-28,1650233.8576471645,0.006118895548643755,1650233.8576471645,0.006118895548643755,xgb_ranker,True,resolved
2025-12-01,1643302.7645485802,-0.004200067200455071,1643302.7645485802,-0.004200067200455071,xgb_ranker,True,resolved
2025-12-02,1644334.6360539617,0.0006279253754344349,1644334.6360539617,0.0006279253754344349,xgb_ranker,True,resolved
2025-12-03,1636446.362510786,-0.0047972434382979046,1636446.362510786,-0.0047972434382979046,xgb_ranker,True,resolved
2025-12-04,1643060.567993323,0.004041810128374124,1643060.567993323,0.004041810128374124,xgb_ranker,True,resolved
2025-12-05,1645026.4909064872,0.0011965005742697876,1645026.4909064872,0.0011965005742697876,xgb_ranker,True,resolved
2025-12-08,1643847.3301433013,-0.0007168035102803616,1643847.3301433013,-0.0007168035102803616,xgb_ranker,True,resolved
2025-12-09,1643438.6107334394,-0.000248635869260605,1643438.6107334394,-0.000248635869260605,xgb_ranker,True,resolved
2025-12-10,1653586.400022611,0.006174729754367059,1653586.400022611,0.006174729754367059,xgb_ranker,True,resolved
2025-12-11,1662316.504210595,0.005279496848706877,1662316.504210595,0.005279496848706877,xgb_ranker,True,resolved
2025-12-12,1658064.2825570025,-0.002558009646671855,1658064.2825570025,-0.002558009646671855,xgb_ranker,True,resolved
2025-12-15,1658373.6648162012,0.00018659243942065196,1658373.6648162012,0.00018659243942065196,xgb_ranker,True,resolved
2025-12-16,1654453.959119942,-0.0023635841423552684,1654453.959119942,-0.0023635841423552684,xgb_ranker,True,resolved
2025-12-17,1641286.6939124633,-0.00795867732365474,1641286.6939124633,-0.00795867732365474,xgb_ranker,True,resolved
2025-12-18,1649669.193387688,0.005107273157282766,1649669.193387688,0.005107273157282766,xgb_ranker,True,resolved
2025-12-19,1668824.524495464,0.011611619580795818,1668824.524495464,0.011611619580795818,xgb_ranker,True,resolved
2025-12-22,1676943.7341913788,0.004865226736986861,1676943.7341913788,0.004865226736986861,xgb_ranker,True,resolved
2025-12-23,1675975.611154778,-0.0005773139651985559,1675975.611154778,-0.0005773139651985559,xgb_ranker,True,resolved
2025-12-24,1681964.3214956631,0.0035732681913902553,1681964.3214956631,0.0035732681913902553,xgb_ranker,True,resolved
2025-12-26,1682144.0271674232,0.00010684273706851322,1682144.0271674232,0.00010684273706851322,xgb_ranker,True,resolved
2025-12-29,1679234.2009748993,-0.001729831777498636,1679234.2009748993,-0.001729831777498636,xgb_ranker,True,resolved
2025-12-30,1673739.0837167383,-0.0032723947945859644,1673739.0837167383,-0.0032723947945859644,xgb_ranker,True,resolved
2025-12-31,1662283.7029655203,-0.006844185490237797,1662283.7029655203,-0.006844185490237797,xgb_ranker,True,resolved
2024-01-02,1000000.0,,1000000.0,,catboost,True,resolved
2024-01-03,999176.5975665372,-0.0008234024334627943,999176.5975665372,-0.0008234024334627943,catboost,True,resolved
2024-01-04,998843.8722630505,-0.0003329994960821203,998843.8722630505,-0.0003329994960821203,catboost,True,resolved
2024-01-05,1000983.346522335,0.0021419506278164135,1000983.346522335,0.0021419506278164135,catboost,True,resolved
2024-01-08,1021230.3695490641,0.02022713274608634,1021230.3695490641,0.02022713274608634,catboost,True,resolved
2024-01-09,1014260.3913903502,-0.006825079204990314,1014260.3913903502,-0.006825079204990314,catboost,True,resolved
2024-01-10,1018892.9184393128,0.004567394219754828,1018892.9184393128,0.004567394219754828,catboost,True,resolved
2024-01-11,1014598.5059385914,-0.0042147829502038325,1014598.5059385914,-0.0042147829502038325,catboost,True,resolved
2024-01-12,1007301.3070941234,-0.0071922034201277185,1007301.3070941234,-0.0071922034201277185,catboost,True,resolved
2024-01-16,1011074.4391056919,0.003745782900305361,1011074.4391056919,0.003745782900305361,catboost,True,resolved
2024-01-17,1007613.105890522,-0.0034234207505349223,1007613.105890522,-0.0034234207505349223,catboost,True,resolved
2024-01-18,1010693.5901886522,0.0030572094389420545,1010693.5901886522,0.0030572094389420545,catboost,True,resolved
2024-01-19,1026158.7493582577,0.015301530869231028,1026158.7493582577,0.015301530869231028,catboost,True,resolved
2024-01-22,1032248.6291113257,0.0059346370694364214,1032248.6291113257,0.0059346370694364214,catboost,True,resolved
2024-01-23,1033741.5780620717,0.001446307516079104,1033741.5780620717,0.001446307516079104,catboost,True,resolved
2024-01-24,1035404.2808837793,0.0016084317947475668,1035404.2808837793,0.0016084317947475668,catboost,True,resolved
2024-01-25,1023777.5710778811,-0.011229149831188723,1023777.5710778811,-0.011229149831188723,catboost,True,resolved
2024-01-26,1024555.1989681046,0.0007595672265066078,1024555.1989681046,0.0007595672265066078,catboost,True,resolved
2024-01-29,1036480.4089867107,0.011639402182153535,1036480.4089867107,0.011639402182153535,catboost,True,resolved
2024-01-30,1032804.3658615581,-0.0035466595347869445,1032804.3658615581,-0.0035466595347869445,catboost,True,resolved
2024-01-31,1023932.2821598633,-0.008590284854473662,1023932.2821598633,-0.008590284854473662,catboost,True,resolved
2024-02-01,1029204.7121848367,0.005149197966345831,1029204.7121848367,0.005149197966345831,catboost,True,resolved
2024-02-02,1040429.6587690713,0.010906427507901606,1040429.6587690713,0.010906427507901606,catboost,True,resolved
2024-02-05,1035469.2618154311,-0.004767642782798842,1035469.2618154311,-0.004767642782798842,catboost,True,resolved
2024-02-06,1038546.3570321596,0.002971691512439145,1038546.3570321596,0.002971691512439145,catboost,True,resolved
2024-02-07,1045291.382451284,0.006494679196024977,1045291.382451284,0.006494679196024977,catboost,True,resolved
2024-02-08,1048691.9367257664,0.0032532118140187194,1048691.9367257664,0.0032532118140187194,catboost,True,resolved
2024-02-09,1049627.0369065432,0.0008916824360225561,1049627.0369065432,0.0008916824360225561,catboost,True,resolved
2024-02-12,1052283.9699513167,0.002531311552915083,1052283.9699513167,0.002531311552915083,catboost,True,resolved
2024-02-13,1044841.5158343702,-0.007072667007643307,1044841.5158343702,-0.007072667007643307,catboost,True,resolved
2024-02-14,1054706.0454649655,0.009441173116784052,1054706.0454649655,0.009441173116784052,catboost,True,resolved
2024-02-15,1060138.560306763,0.005150738317236669,1060138.560306763,0.005150738317236669,catboost,True,resolved
2024-02-16,1051270.1589313813,-0.00836532289969305,1051270.1589313813,-0.00836532289969305,catboost,True,resolved
2024-02-20,1045752.5286863499,-0.005248536922840219,1045752.5286863499,-0.005248536922840219,catboost,True,resolved
2024-02-21,1040651.3097375027,-0.004878036446400169,1040651.3097375027,-0.004878036446400169,catboost,True,resolved
2024-02-22,1076304.0483978416,0.03426002382040161,1076304.0483978416,0.03426002382040161,catboost,True,resolved
2024-02-23,1078419.2035950676,0.001965202305402869,1078419.2035950676,0.001965202305402869,catboost,True,resolved
2024-02-26,1081791.8492845155,0.003127397655943609,1081791.8492845155,0.003127397655943609,catboost,True,resolved
2024-02-27,1087410.2866110776,0.005193639913517734,1087410.2866110776,0.005193639913517734,catboost,True,resolved
2024-02-28,1088751.9287384073,0.0012337956922505722,1088751.9287384073,0.0012337956922505722,catboost,True,resolved
2024-02-29,1095571.367996461,0.006263538165168336,1095571.367996461,0.006263538165168336,catboost,True,resolved
2024-03-01,1104266.7312836968,0.007936829622644748,1104266.7312836968,0.007936829622644748,catboost,True,resolved
2024-03-04,1100392.5272276765,-0.0035083951605755503,1100392.5272276765,-0.0035083951605755503,catboost,True,resolved
2024-03-05,1089433.7715158327,-0.009958951411141559,1089433.7715158327,-0.009958951411141559,catboost,True,resolved
2024-03-06,1092560.7747008067,0.002870301313151913,1092560.7747008067,0.002870301313151913,catboost,True,resolved
2024-03-07,1102501.1105185812,0.009098199430138454,1102501.1105185812,0.009098199430138454,catboost,True,resolved
2024-03-08,1100612.9914441863,-0.0017125779342814784,1100612.9914441863,-0.0017125779342814784,catboost,True,resolved
2024-03-11,1098419.041197174,-0.0019933893785257784,1098419.041197174,-0.0019933893785257784,catboost,True,resolved
2024-03-12,1113058.0017832094,0.013327300453641389,1113058.0017832094,0.013327300453641389,catboost,True,resolved
2024-03-13,1106961.5986008192,-0.005477165765506609,1106961.5986008192,-0.005477165765506609,catboost,True,resolved
2024-03-14,1095359.2577616726,-0.010481249624026523,1095359.2577616726,-0.010481249624026523,catboost,True,resolved
2024-03-15,1096544.7435977184,0.0010822803821171068,1096544.7435977184,0.0010822803821171068,catboost,True,resolved
2024-03-18,1099280.084486243,0.0024945091429193766,1099280.084486243,0.0024945091429193766,catboost,True,resolved
2024-03-19,1097361.6876759976,-0.0017451392391431009,1097361.6876759976,-0.0017451392391431009,catboost,True,resolved
2024-03-20,1109917.4116603183,0.011441737145855058,1109917.4116603183,0.011441737145855058,catboost,True,resolved
2024-03-21,1125229.8365293469,0.013796003836107795,1125229.8365293469,0.013796003836107795,catboost,True,resolved
2024-03-22,1123731.3543370161,-0.001331712103326943,1123731.3543370161,-0.001331712103326943,catboost,True,resolved
2024-03-25,1120785.8651555618,-0.002621168458178391,1120785.8651555618,-0.002621168458178391,catboost,True,resolved
2024-03-26,1121378.2167512449,0.0005285145129849678,1121378.2167512449,0.0005285145129849678,catboost,True,resolved
2024-03-27,1131082.9598935978,0.00865429967996767,1131082.9598935978,0.00865429967996767,catboost,True,resolved
2024-03-28,1131683.7166469318,0.0005311341206930553,1131683.7166469318,0.0005311341206930553,catboost,True,resolved
2024-04-01,1133429.222971305,0.0015423976670310147,1133429.222971305,0.0015423976670310147,catboost,True,resolved
2024-04-02,1122440.3564193551,-0.009695238422688934,1122440.3564193551,-0.009695238422688934,catboost,True,resolved
2024-04-03,1128778.8066037288,0.005647026274602007,1128778.8066037288,0.005647026274602007,catboost,True,resolved
2024-04-04,1117554.3995798696,-0.009943849900611812,1117554.3995798696,-0.009943849900611812,catboost,True,resolved
2024-04-05,1127347.201618936,0.008762707249640567,1127347.201618936,0.008762707249640567,catboost,True,resolved
2024-04-08,1130631.8087258318,0.0029135718811197364,1130631.8087258318,0.0029135718811197364,catboost,True,resolved
2024-04-09,1124122.5938397828,-0.005757148203166751,1124122.5938397828,-0.005757148203166751,catboost,True,resolved
2024-04-10,1119293.3979452609,-0.004295969070443051,1119293.3979452609,-0.004295969070443051,catboost,True,resolved
2024-04-11,1126340.8328038023,0.006296324870207259,1126340.8328038023,0.006296324870207259,catboost,True,resolved
2024-04-12,1113037.1055297297,-0.011811457852376361,1113037.1055297297,-0.011811457852376361,catboost,True,resolved
2024-04-15,1102621.5962701887,-0.009357737678101885,1102621.5962701887,-0.009357737678101885,catboost,True,resolved
2024-04-16,1108930.9993933775,0.005722183516567725,1108930.9993933775,0.005722183516567725,catboost,True,resolved
2024-04-17,1101655.9454935957,-0.006560420714869952,1101655.9454935957,-0.006560420714869952,catboost,True,resolved
2024-04-18,1097554.3237752193,-0.0037231421798742392,1097554.3237752193,-0.0037231421798742392,catboost,True,resolved
2024-04-19,1082551.856124285,-0.013668997812637529,1082551.856124285,-0.013668997812637529,catboost,True,resolved
2024-04-22,1091792.3395120115,0.008535834413336163,1091792.3395120115,0.008535834413336163,catboost,True,resolved
2024-04-23,1113507.708397944,0.019889651264304087,1113507.708397944,0.019889651264304087,catboost,True,resolved
2024-04-24,1117935.6153650405,0.003976539123799361,1117935.6153650405,0.003976539123799361,catboost,True,resolved
2024-04-25,1123685.4355013878,0.005143248016541424,1123685.4355013878,0.005143248016541424,catboost,True,resolved
2024-04-26,1127240.7900438344,0.0031640123028382483,1127240.7900438344,0.0031640123028382483,catboost,True,resolved
2024-04-29,1128700.3149383438,0.0012947765086221974,1128700.3149383438,0.0012947765086221974,catboost,True,resolved
2024-04-30,1112468.6327435991,-0.014380860871498369,1112468.6327435991,-0.014380860871498369,catboost,True,resolved
2024-05-01,1112103.0796134127,-0.00032859634818183103,1112103.0796134127,-0.00032859634818183103,catboost,True,resolved
2024-05-02,1124245.1263645724,0.010918094710591575,1124245.1263645724,0.010918094710591575,catboost,True,resolved
2024-05-03,1130668.5466832002,0.005713540728790045,1130668.5466832002,0.005713540728790045,catboost,True,resolved
2024-05-06,1142906.8006104068,0.010823909414573674,1142906.8006104068,0.010823909414573674,catboost,True,resolved
2024-05-07,1137941.6178260762,-0.004344346172127755,1137941.6178260762,-0.004344346172127755,catboost,True,resolved
2024-05-08,1140961.5549558615,0.002653859462100172,1140961.5549558615,0.002653859462100172,catboost,True,resolved
2024-05-09,1147802.937743858,0.005996155399172087,1147802.937743858,0.005996155399172087,catboost,True,resolved
2024-05-10,1141973.126799619,-0.005079104393736822,1141973.126799619,-0.005079104393736822,catboost,True,resolved
2024-05-13,1141188.4317862075,-0.0006871396489080972,1141188.4317862075,-0.0006871396489080972,catboost,True,resolved
2024-05-14,1152712.4130739279,0.01009822827390816,1152712.4130739279,0.01009822827390816,catboost,True,resolved
2024-05-15,1170676.7736282998,0.015584425352431541,1170676.7736282998,0.015584425352431541,catboost,True,resolved
2024-05-16,1168330.7926591106,-0.0020039527750416175,1168330.7926591106,-0.0020039527750416175,catboost,True,resolved
2024-05-17,1171852.4582454036,0.0030142709653981914,1171852.4582454036,0.0030142709653981914,catboost,True,resolved
2024-05-20,1176535.295794367,0.003996098242585067,1176535.295794367,0.003996098242585067,catboost,True,resolved
2024-05-21,1173370.1570203034,-0.0026902199920204595,1173370.1570203034,-0.0026902199920204595,catboost,True,resolved
2024-05-22,1165434.7316003873,-0.006762934417956945,1165434.7316003873,-0.006762934417956945,catboost,True,resolved
2024-05-23,1160034.138657386,-0.004633972882878812,1160034.138657386,-0.004633972882878812,catboost,True,resolved
2024-05-24,1171585.2887816192,0.009957594987335838,1171585.2887816192,0.009957594987335838,catboost,True,resolved
2024-05-28,1166804.6884212228,-0.0040804544117892805,1166804.6884212228,-0.0040804544117892805,catboost,True,resolved
2024-05-29,1161063.5907665202,-0.004920358746990261,1161063.5907665202,-0.004920358746990261,catboost,True,resolved
2024-05-30,1150961.0412468784,-0.008701116459066793,1150961.0412468784,-0.008701116459066793,catboost,True,resolved
2024-05-31,1151624.5503020268,0.0005764826361365216,1151624.5503020268,0.0005764826361365216,catboost,True,resolved
2024-06-03,1145654.2564525218,-0.005184236345030402,1145654.2564525218,-0.005184236345030402,catboost,True,resolved
2024-06-04,1143611.4823052315,-0.0017830633769175819,1143611.4823052315,-0.0017830633769175819,catboost,True,resolved
2024-06-05,1167551.264115975,0.020933491995452025,1167551.264115975,0.020933491995452025,catboost,True,resolved
2024-06-06,1156802.827532032,-0.00920596543748442,1156802.827532032,-0.00920596543748442,catboost,True,resolved
2024-06-07,1155351.4096196378,-0.001254680467449032,1155351.4096196378,-0.001254680467449032,catboost,True,resolved
2024-06-10,1173698.2474258272,0.015879876592896913,1173698.2474258272,0.015879876592896913,catboost,True,resolved
2024-06-11,1168893.5265603121,-0.004093659401854688,1168893.5265603121,-0.004093659401854688,catboost,True,resolved
2024-06-12,1173042.7766811904,0.003549724612718297,1173042.7766811904,0.003549724612718297,catboost,True,resolved
2024-06-13,1169872.810988904,-0.002702344496979814,1169872.810988904,-0.002702344496979814,catboost,True,resolved
2024-06-14,1168580.3463864473,-0.0011047907005925506,1168580.3463864473,-0.0011047907005925506,catboost,True,resolved
2024-06-17,1177159.7784543948,0.007341756255337728,1177159.7784543948,0.007341756255337728,catboost,True,resolved
2024-06-18,1183160.111323515,0.005097296882670133,1183160.111323515,0.005097296882670133,catboost,True,resolved
2024-06-20,1184714.5575724419,0.0013138088700337391,1184714.5575724419,0.0013138088700337391,catboost,True,resolved
2024-06-21,1187547.008806788,0.0023908301086044137,1187547.008806788,0.0023908301086044137,catboost,True,resolved
2024-06-24,1176201.854832937,-0.009553435686937672,1176201.854832937,-0.009553435686937672,catboost,True,resolved
2024-06-25,1187390.2129062254,0.00951227718891623,1187390.2129062254,0.00951227718891623,catboost,True,resolved
2024-06-26,1181947.6257641362,-0.004583655046952129,1181947.6257641362,-0.004583655046952129,catboost,True,resolved
2024-06-27,1186294.7006648008,0.0036778913091468635,1186294.7006648008,0.0036778913091468635,catboost,True,resolved
2024-06-28,1184252.410466975,-0.0017215706996593916,1184252.410466975,-0.0017215706996593916,catboost,True,resolved
2024-07-01,1179408.4888582388,-0.0040902780234377545,1179408.4888582388,-0.0040902780234377545,catboost,True,resolved
2024-07-02,1184840.7723866166,0.004605938976780299,1184840.7723866166,0.004605938976780299,catboost,True,resolved
2024-07-03,1198395.8220687471,0.011440397729415297,1198395.8220687471,0.011440397729415297,catboost,True,resolved
2024-07-05,1196664.3762722316,-0.0014448029312440491,1196664.3762722316,-0.0014448029312440491,catboost,True,resolved
2024-07-08,1202496.0943228977,0.004873311319613993,1202496.0943228977,0.004873311319613993,catboost,True,resolved
2024-07-09,1202852.3892215155,0.0002962960963448502,1202852.3892215155,0.0002962960963448502,catboost,True,resolved
2024-07-10,1209232.9200825412,0.005304500301283932,1209232.9200825412,0.005304500301283932,catboost,True,resolved
2024-07-11,1211615.7897147764,0.001970562984733082,1211615.7897147764,0.001970562984733082,catboost,True,resolved
2024-07-12,1216818.6487329688,0.004294149236382161,1216818.6487329688,0.004294149236382161,catboost,True,resolved
2024-07-15,1227210.18665651,0.008539923294536456,1227210.18665651,0.008539923294536456,catboost,True,resolved
2024-07-16,1233810.7307631453,0.005378495206773248,1233810.7307631453,0.005378495206773248,catboost,True,resolved
2024-07-17,1196206.5279174089,-0.03047809676811386,1196206.5279174089,-0.03047809676811386,catboost,True,resolved
2024-07-18,1193524.6229562676,-0.002242008297522413,1193524.6229562676,-0.002242008297522413,catboost,True,resolved
2024-07-19,1188383.4171204697,-0.004307582547449673,1188383.4171204697,-0.004307582547449673,catboost,True,resolved
2024-07-22,1207120.455254982,0.015766829008699412,1207120.455254982,0.015766829008699412,catboost,True,resolved
2024-07-23,1200548.8821769566,-0.005444007720536215,1200548.8821769566,-0.005444007720536215,catboost,True,resolved
2024-07-24,1176189.0656834345,-0.020290566136174748,1176189.0656834345,-0.020290566136174748,catboost,True,resolved
2024-07-25,1158328.7197218393,-0.01518492773202007,1158328.7197218393,-0.01518492773202007,catboost,True,resolved
2024-07-26,1174258.78678386,0.013752630657250853,1174258.78678386,0.013752630657250853,catboost,True,resolved
2024-07-29,1177169.3661162467,0.002478652376413759,1177169.3661162467,0.002478652376413759,catboost,True,resolved
2024-07-30,1163156.4426193705,-0.011903914509012403,1163156.4426193705,-0.011903914509012403,catboost,True,resolved
2024-07-31,1191770.708110123,0.02460053045514199,1191770.708110123,0.02460053045514199,catboost,True,resolved
2024-08-01,1164576.3559920937,-0.02281844312246384,1164576.3559920937,-0.02281844312246384,catboost,True,resolved
2024-08-02,1154677.656200733,-0.008499828920988217,1154677.656200733,-0.008499828920988217,catboost,True,resolved
2024-08-05,1141443.547467352,-0.0114613014829833,1141443.547467352,-0.0114613014829833,catboost,True,resolved
2024-08-06,1163419.3174557362,0.019252612218225273,1163419.3174557362,0.019252612218225273,catboost,True,resolved
2024-08-07,1151508.9782282987,-0.010237357287039117,1151508.9782282987,-0.010237357287039117,catboost,True,resolved
2024-08-08,1178019.8651795555,0.023022735777576075,1178019.8651795555,0.023022735777576075,catboost,True,resolved
2024-08-09,1181607.3773131291,0.003045374903781317,1181607.3773131291,0.003045374903781317,catboost,True,resolved
2024-08-12,1190003.5707555495,0.007105738846614695,1190003.5707555495,0.007105738846614695,catboost,True,resolved
2024-08-13,1217848.4234840223,0.023398965694526153,1217848.4234840223,0.023398965694526153,catboost,True,resolved
2024-08-14,1219278.4072105638,0.0011741885927400997,1219278.4072105638,0.0011741885927400997,catboost,True,resolved
2024-08-15,1233981.88137777,0.0120591606316105,1233981.88137777,0.0120591606316105,catboost,True,resolved
2024-08-16,1236302.6623602796,0.0018807253311678984,1236302.6623602796,0.0018807253311678984,catboost,True,resolved
2024-08-19,1245993.122639737,0.007838258845901835,1245993.122639737,0.007838258845901835,catboost,True,resolved
2024-08-20,1241134.0701102903,-0.00389974265600479,1241134.0701102903,-0.00389974265600479,catboost,True,resolved
2024-08-21,1251132.7720237444,0.00805610139488433,1251132.7720237444,0.00805610139488433,catboost,True,resolved
2024-08-22,1242207.9129473767,-0.007133422827643954,1242207.9129473767,-0.007133422827643954,catboost,True,resolved
2024-08-23,1256139.9379792977,0.011215533959097579,1256139.9379792977,0.011215533959097579,catboost,True,resolved
2024-08-26,1244661.1798200347,-0.009138120532755645,1244661.1798200347,-0.009138120532755645,catboost,True,resolved
2024-08-27,1250784.413971464,0.00491959920555618,1250784.413971464,0.00491959920555618,catboost,True,resolved
2024-08-28,1225462.119422539,-0.020245131188133536,1225462.119422539,-0.020245131188133536,catboost,True,resolved
2024-08-29,1223716.4173600508,-0.0014245255196551065,1223716.4173600508,-0.0014245255196551065,catboost,True,resolved
2024-08-30,1232799.4539240054,0.007422501189899622,1232799.4539240054,0.007422501189899622,catboost,True,resolved
2024-09-03,1195976.1156559885,-0.029869690606049604,1195976.1156559885,-0.029869690606049604,catboost,True,resolved
2024-09-04,1195256.4078921727,-0.0006017743618742522,1195256.4078921727,-0.0006017743618742522,catboost,True,resolved
2024-09-05,1189725.6420867804,-0.004627263044877372,1189725.6420867804,-0.004627263044877372,catboost,True,resolved
2024-09-06,1162584.3184581054,-0.02281309460647507,1162584.3184581054,-0.02281309460647507,catboost,True,resolved
2024-09-09,1188748.0345034737,0.022504790087026327,1188748.0345034737,0.022504790087026327,catboost,True,resolved
2024-09-10,1187545.4748061514,-0.001011618663011804,1187545.4748061514,-0.001011618663011804,catboost,True,resolved
2024-09-11,1200169.5027928697,0.01063035332502027,1200169.5027928697,0.01063035332502027,catboost,True,resolved
2024-09-12,1204971.9982166835,0.004001514296637421,1204971.9982166835,0.004001514296637421,catboost,True,resolved
2024-09-13,1213108.1237535854,0.006752128305838712,1213108.1237535854,0.006752128305838712,catboost,True,resolved
2024-09-16,1214584.7782352054,0.0012172488607617993,1214584.7782352054,0.0012172488607617993,catboost,True,resolved
2024-09-17,1216869.8736615835,0.0018813799310890555,1216869.8736615835,0.0018813799310890555,catboost,True,resolved
2024-09-18,1218995.3424263583,0.0017466689009064673,1218995.3424263583,0.0017466689009064673,catboost,True,resolved
2024-09-19,1225126.8169366913,0.005029940884046846,1225126.8169366913,0.005029940884046846,catboost,True,resolved
2024-09-20,1222700.2481675548,-0.001980667417928128,1222700.2481675548,-0.001980667417928128,catboost,True,resolved
2024-09-23,1232348.7177702808,0.007891116090952055,1232348.7177702808,0.007891116090952055,catboost,True,resolved
2024-09-24,1236281.398995064,0.0031912081118554703,1236281.398995064,0.0031912081118554703,catboost,True,resolved
2024-09-25,1233259.8096483008,-0.002444095130137325,1233259.8096483008,-0.002444095130137325,catboost,True,resolved
2024-09-26,1234833.0419572638,0.0012756698115474752,1234833.0419572638,0.0012756698115474752,catboost,True,resolved
2024-09-27,1240511.4256310153,0.004598503182868363,1240511.4256310153,0.004598503182868363,catboost,True,resolved
2024-09-30,1246217.0015879148,0.004599373967069331,1246217.0015879148,0.004599373967069331,catboost,True,resolved
2024-10-01,1239412.7231133177,-0.005459946755602796,1239412.7231133177,-0.005459946755602796,catboost,True,resolved
2024-10-02,1243601.6070169338,0.003379732856940487,1243601.6070169338,0.003379732856940487,catboost,True,resolved
2024-10-03,1237931.2102795416,-0.004559656971651949,1237931.2102795416,-0.004559656971651949,catboost,True,resolved
2024-10-04,1244641.831225994,0.0054208350922320125,1244641.831225994,0.0054208350922320125,catboost,True,resolved
2024-10-07,1237499.3563267314,-0.0057385785372705556,1237499.3563267314,-0.0057385785372705556,catboost,True,resolved
2024-10-08,1241816.4095016015,0.003488529632600601,1241816.4095016015,0.003488529632600601,catboost,True,resolved
2024-10-09,1244199.9244287368,0.0019193778636665826,1244199.9244287368,0.0019193778636665826,catboost,True,resolved
2024-10-10,1234177.864996278,-0.008055023341253076,1234177.864996278,-0.008055023341253076,catboost,True,resolved
2024-10-11,1244753.6178590225,0.008569067038628475,1244753.6178590225,0.008569067038628475,catboost,True,resolved
2024-10-14,1256440.232252848,0.00938869686832211,1256440.232252848,0.00938869686832211,catboost,True,resolved
2024-10-15,1257998.8561138914,0.0012405077623538485,1257998.8561138914,0.0012405077623538485,catboost,True,resolved
2024-10-16,1261940.889176501,0.0031335744412257505,1261940.889176501,0.0031335744412257505,catboost,True,resolved
2024-10-17,1262426.0501144053,0.0003844561516830325,1262426.0501144053,0.0003844561516830325,catboost,True,resolved
2024-10-18,1276995.83382633,0.011541098752362089,1276995.83382633,0.011541098752362089,catboost,True,resolved
2024-10-21,1271576.8089539194,-0.004243572867558387,1271576.8089539194,-0.004243572867558387,catboost,True,resolved
2024-10-22,1267530.1745658072,-0.003182375110663771,1267530.1745658072,-0.003182375110663771,catboost,True,resolved
2024-10-23,1261092.020652834,-0.005079290451746821,1261092.020652834,-0.005079290451746821,catboost,True,resolved
2024-10-24,1264536.5750573683,0.0027314060735639245,1264536.5750573683,0.0027314060735639245,catboost,True,resolved
2024-10-25,1255759.342521984,-0.00694106656028215,1255759.342521984,-0.00694106656028215,catboost,True,resolved
2024-10-28,1267426.4260113034,0.009290859398177531,1267426.4260113034,0.009290859398177531,catboost,True,resolved
2024-10-29,1268283.7176308488,0.0006764034597599444,1268283.7176308488,0.0006764034597599444,catboost,True,resolved
2024-10-30,1264179.0516553887,-0.0032363941272758323,1264179.0516553887,-0.0032363941272758323,catboost,True,resolved
2024-10-31,1264435.17267861,0.0002025986927136625,1264435.17267861,0.0002025986927136625,catboost,True,resolved
2024-11-01,1261505.0257050856,-0.0023173564266779634,1261505.0257050856,-0.0023173564266779634,catboost,True,resolved
2024-11-04,1264078.1355718002,0.0020397143208179536,1264078.1355718002,0.0020397143208179536,catboost,True,resolved
2024-11-05,1281686.8473553825,0.013930081763195101,1281686.8473553825,0.013930081763195101,catboost,True,resolved
2024-11-06,1290201.3583187894,0.006643206943236946,1290201.3583187894,0.006643206943236946,catboost,True,resolved
2024-11-07,1296513.3276578162,0.004892235850109339,1296513.3276578162,0.004892235850109339,catboost,True,resolved
2024-11-08,1298394.530671466,0.0014509708257670617,1298394.530671466,0.0014509708257670617,catboost,True,resolved
2024-11-11,1293751.3818462596,-0.0035760693036847035,1293751.3818462596,-0.0035760693036847035,catboost,True,resolved
2024-11-12,1287779.7422726615,-0.004615755126828325,1287779.7422726615,-0.004615755126828325,catboost,True,resolved
2024-11-13,1273992.913285255,-0.010705890560971043,1273992.913285255,-0.010705890560971043,catboost,True,resolved
2024-11-14,1266717.5233403477,-0.005710698912874013,1266717.5233403477,-0.005710698912874013,catboost,True,resolved
2024-11-15,1253052.0352572962,-0.010788110080782287,1253052.0352572962,-0.010788110080782287,catboost,True,resolved
2024-11-18,1267952.9206150381,0.01189167324139273,1267952.9206150381,0.01189167324139273,catboost,True,resolved
2024-11-19,1299176.188843479,0.024624942867196964,1299176.188843479,0.024624942867196964,catboost,True,resolved
2024-11-20,1303068.6004364414,0.0029960613705732886,1303068.6004364414,0.0029960613705732886,catboost,True,resolved
2024-11-21,1312196.7002755112,0.007005080036471378,1312196.7002755112,0.007005080036471378,catboost,True,resolved
2024-11-22,1324247.4356007297,0.009183634833625387,1324247.4356007297,0.009183634833625387,catboost,True,resolved
2024-11-25,1331529.851886968,0.005499286681974747,1331529.851886968,0.005499286681974747,catboost,True,resolved
2024-11-26,1337421.138452294,0.004424449483409809,1337421.138452294,0.004424449483409809,catboost,True,resolved
2024-11-27,1331925.5708660642,-0.0041090778575472164,1331925.5708660642,-0.0041090778575472164,catboost,True,resolved
2024-11-29,1338051.281997745,0.0045991392204427495,1338051.281997745,0.0045991392204427495,catboost,True,resolved
2024-12-02,1338772.877362473,0.0005392882727563997,1338772.877362473,0.0005392882727563997,catboost,True,resolved
2024-12-03,1335096.203266382,-0.002746301600712431,1335096.203266382,-0.002746301600712431,catboost,True,resolved
2024-12-04,1334741.197113888,-0.0002659030500014037,1334741.197113888,-0.0002659030500014037,catboost,True,resolved
2024-12-05,1331258.6246036103,-0.00260917436114827,1331258.6246036103,-0.00260917436114827,catboost,True,resolved
2024-12-06,1333990.508419721,0.0020521060037632655,1333990.508419721,0.0020521060037632655,catboost,True,resolved
2024-12-09,1318394.5859771543,-0.011691179468017343,1318394.5859771543,-0.011691179468017343,catboost,True,resolved
2024-12-10,1303521.041828337,-0.011281557363036043,1303521.041828337,-0.011281557363036043,catboost,True,resolved
2024-12-11,1311136.9271939415,0.005842548851319185,1311136.9271939415,0.005842548851319185,catboost,True,resolved
2024-12-12,1310256.552712591,-0.0006714588408662792,1310256.552712591,-0.0006714588408662792,catboost,True,resolved
2024-12-13,1307511.7893478435,-0.0020948289547302323,1307511.7893478435,-0.0020948289547302323,catboost,True,resolved
2024-12-16,1309397.1086175956,0.0014419137824313033,1309397.1086175956,0.0014419137824313033,catboost,True,resolved
2024-12-17,1295059.9149099141,-0.010949461865558896,1295059.9149099141,-0.010949461865558896,catboost,True,resolved
2024-12-18,1277250.9612769342,-0.013751451518147495,1277250.9612769342,-0.013751451518147495,catboost,True,resolved
2024-12-19,1273668.6031701867,-0.0028047409752317565,1273668.6031701867,-0.0028047409752317565,catboost,True,resolved
2024-12-20,1287800.866796601,0.011095714843907478,1287800.866796601,0.011095714843907478,catboost,True,resolved
2024-12-23,1290006.331944121,0.0017125824375363585,1290006.331944121,0.0017125824375363585,catboost,True,resolved
2024-12-24,1299419.5951465736,0.0072970674401777735,1299419.5951465736,0.0072970674401777735,catboost,True,resolved
2024-12-26,1300116.1585575582,0.0005360573394355139,1300116.1585575582,0.0005360573394355139,catboost,True,resolved
2024-12-27,1292946.9436967813,-0.005514287945417862,1292946.9436967813,-0.005514287945417862,catboost,True,resolved
2024-12-30,1288658.323843488,-0.0033169341357746074,1288658.323843488,-0.0033169341357746074,catboost,True,resolved
2024-12-31,1278461.297561563,-0.007912901421000207,1278461.297561563,-0.007912901421000207,catboost,True,resolved
2025-01-02,1282235.3015260687,0.0029519892168061723,1282235.3015260687,0.0029519892168061723,catboost,True,resolved
2025-01-03,1294032.5456741014,0.009200529835664328,1294032.5456741014,0.009200529835664328,catboost,True,resolved
2025-01-06,1300753.4937682396,0.0051938014361432305,1300753.4937682396,0.0051938014361432305,catboost,True,resolved
2025-01-07,1302780.5461203982,0.0015583677936441553,1302780.5461203982,0.0015583677936441553,catboost,True,resolved
2025-01-08,1309010.7558825866,0.004782240401686622,1309010.7558825866,0.004782240401686622,catboost,True,resolved
2025-01-10,1293087.604762866,-0.012164263011715803,1293087.604762866,-0.012164263011715803,catboost,True,resolved
2025-01-13,1294311.2265903123,0.0009462791406702475,1294311.2265903123,0.0009462791406702475,catboost,True,resolved
2025-01-14,1301014.1757468542,0.005178776957841746,1301014.1757468542,0.005178776957841746,catboost,True,resolved
2025-01-15,1330141.3414398232,0.022388046368709613,1330141.3414398232,0.022388046368709613,catboost,True,resolved
2025-01-16,1339507.4405648836,0.007041431487966543,1339507.4405648836,0.007041431487966543,catboost,True,resolved
2025-01-17,1344116.2427924678,0.003440669374438654,1344116.2427924678,0.003440669374438654,catboost,True,resolved
2025-01-21,1356084.6336947067,0.008904282621697845,1356084.6336947067,0.008904282621697845,catboost,True,resolved
2025-01-22,1359941.4662423297,0.0028440942783305445,1359941.4662423297,0.0028440942783305445,catboost,True,resolved
2025-01-23,1363724.7135351151,0.0027819192124782788,1363724.7135351151,0.0027819192124782788,catboost,True,resolved
2025-01-24,1357375.0657491444,-0.004656106707570662,1357375.0657491444,-0.004656106707570662,catboost,True,resolved
2025-01-27,1323935.8762977226,-0.024635187646508405,1323935.8762977226,-0.024635187646508405,catboost,True,resolved
2025-01-28,1338745.7484756112,0.011186245831862562,1338745.7484756112,0.011186245831862562,catboost,True,resolved
2025-01-29,1345046.6650460965,0.004706581946318122,1345046.6650460965,0.004706581946318122,catboost,True,resolved
2025-01-30,1359068.1604516776,0.010424541965687428,1359068.1604516776,0.010424541965687428,catboost,True,resolved
2025-01-31,1354500.92921636,-0.003360560837360582,1354500.92921636,-0.003360560837360582,catboost,True,resolved
2025-02-03,1352793.2809558166,-0.0012607213651240068,1352793.2809558166,-0.0012607213651240068,catboost,True,resolved
2025-02-04,1349713.0919923373,-0.0022769103061356377,1349713.0919923373,-0.0022769103061356377,catboost,True,resolved
2025-02-05,1364104.3701219452,0.010662472057942907,1364104.3701219452,0.010662472057942907,catboost,True,resolved
2025-02-06,1368403.5624195118,0.0031516593537357362,1368403.5624195118,0.0031516593537357362,catboost,True,resolved
2025-02-07,1363572.8732857876,-0.003530164102454436,1363572.8732857876,-0.003530164102454436,catboost,True,resolved
2025-02-10,1361790.8160799267,-0.001306902799823817,1361790.8160799267,-0.001306902799823817,catboost,True,resolved
2025-02-11,1344311.2286737124,-0.01283573600278154,1344311.2286737124,-0.01283573600278154,catboost,True,resolved
2025-02-12,1344626.09400835,0.00023422056434685423,1344626.09400835,0.00023422056434685423,catboost,True,resolved
2025-02-13,1352727.7260098858,0.006025193202509271,1352727.7260098858,0.006025193202509271,catboost,True,resolved
2025-02-14,1355299.1759347708,0.001900936807490483,1355299.1759347708,0.001900936807490483,catboost,True,resolved
2025-02-18,1371376.609890815,0.011862645710645658,1371376.609890815,0.011862645710645658,catboost,True,resolved
2025-02-19,1362112.7152903993,-0.006755179090558783,1362112.7152903993,-0.006755179090558783,catboost,True,resolved
2025-02-20,1348062.6739630718,-0.010314888899874974,1348062.6739630718,-0.010314888899874974,catboost,True,resolved
2025-02-21,1297503.5326832067,-0.03750503760424573,1297503.5326832067,-0.03750503760424573,catboost,True,resolved
2025-02-24,1274814.5982854231,-0.01748660703132221,1274814.5982854231,-0.01748660703132221,catboost,True,resolved
2025-02-25,1264768.4266450743,-0.007880496233617529,1264768.4266450743,-0.007880496233617529,catboost,True,resolved
2025-02-26,1298330.055856322,0.02653578987599592,1298330.055856322,0.02653578987599592,catboost,True,resolved
2025-02-27,1282561.7813666759,-0.012145043102499864,1282561.7813666759,-0.012145043102499864,catboost,True,resolved
2025-02-28,1302116.2713800399,0.015246431242109004,1302116.2713800399,0.015246431242109004,catboost,True,resolved
2025-03-03,1283514.7177368246,-0.014285631822648637,1283514.7177368246,-0.014285631822648637,catboost,True,resolved
2025-03-04,1289037.9837490513,0.004303235433065877,1289037.9837490513,0.004303235433065877,catboost,True,resolved
2025-03-05,1311674.352642226,0.017560668637039534,1311674.352642226,0.017560668637039534,catboost,True,resolved
2025-03-06,1269955.7782416746,-0.03180558826702207,1269955.7782416746,-0.03180558826702207,catboost,True,resolved
2025-03-07,1281045.196492087,0.008732129449236625,1281045.196492087,0.008732129449236625,catboost,True,resolved
2025-03-10,1220638.885459127,-0.04715392649562411,1220638.885459127,-0.04715392649562411,catboost,True,resolved
2025-03-11,1229566.381635768,0.007313789756323574,1229566.381635768,0.007313789756323574,catboost,True,resolved
2025-03-12,1254946.9017529034,0.020641846179439316,1254946.9017529034,0.020641846179439316,catboost,True,resolved
2025-03-13,1237615.769757399,-0.01381025123158297,1237615.769757399,-0.01381025123158297,catboost,True,resolved
2025-03-14,1260019.2360656413,0.018102117681187746,1260019.2360656413,0.018102117681187746,catboost,True,resolved
2025-03-17,1274497.5298418077,0.011490533923413926,1274497.5298418077,0.011490533923413926,catboost,True,resolved
2025-03-18,1268142.437018504,-0.004986351620542284,1268142.437018504,-0.004986351620542284,catboost,True,resolved
2025-03-19,1289983.6543382588,0.017223000100134778,1289983.6543382588,0.017223000100134778,catboost,True,resolved
2025-03-20,1288358.1231163272,-0.001260117689448892,1288358.1231163272,-0.001260117689448892,catboost,True,resolved
2025-03-21,1292368.7256886156,0.003112956328157779,1292368.7256886156,0.003112956328157779,catboost,True,resolved
2025-03-24,1319667.1573366025,0.0211227888027401,1319667.1573366025,0.0211227888027401,catboost,True,resolved
2025-03-25,1319938.4138242267,0.000205549169058461,1319938.4138242267,0.000205549169058461,catboost,True,resolved
2025-03-26,1313475.5605105853,-0.00489632943927798,1313475.5605105853,-0.00489632943927798,catboost,True,resolved
2025-03-27,1298797.298022111,-0.011175131787582337,1298797.298022111,-0.011175131787582337,catboost,True,resolved
2025-03-28,1272464.9339034758,-0.02027442169670024,1272464.9339034758,-0.02027442169670024,catboost,True,resolved
2025-03-31,1265225.882784012,-0.005688998515076427,1265225.882784012,-0.005688998515076427,catboost,True,resolved
2025-04-01,1286799.1193333396,0.017050897268918952,1286799.1193333396,0.017050897268918952,catboost,True,resolved
2025-04-02,1300484.0899506225,0.01063489274407714,1300484.0899506225,0.01063489274407714,catboost,True,resolved
2025-04-03,1251049.9622950149,-0.03801209721641774,1251049.9622950149,-0.03801209721641774,catboost,True,resolved
2025-04-04,1195700.5187764387,-0.044242392539654674,1195700.5187764387,-0.044242392539654674,catboost,True,resolved
2025-04-07,1218709.7898677844,0.019243339557041494,1218709.7898677844,0.019243339557041494,catboost,True,resolved
2025-04-08,1223304.5119460742,0.0037701527603124507,1223304.5119460742,0.0037701527603124507,catboost,True,resolved
2025-04-09,1331399.3052451299,0.08836294826305746,1331399.3052451299,0.08836294826305746,catboost,True,resolved
2025-04-10,1265657.4334565394,-0.04937802771084243,1265657.4334565394,-0.04937802771084243,catboost,True,resolved
2025-04-11,1281923.041379102,0.01285150902021015,1281923.041379102,0.01285150902021015,catboost,True,resolved
2025-04-14,1296604.492959632,0.011452677818112766,1296604.492959632,0.011452677818112766,catboost,True,resolved
2025-04-15,1302825.294125315,0.004797763079999351,1302825.294125315,0.004797763079999351,catboost,True,resolved
2025-04-16,1283360.2207839596,-0.014940662749738709,1283360.2207839596,-0.014940662749738709,catboost,True,resolved
2025-04-17,1286705.714330326,0.0026068234718408245,1286705.714330326,0.0026068234718408245,catboost,True,resolved
2025-04-21,1259033.3769088145,-0.021506345323035858,1259033.3769088145,-0.021506345323035858,catboost,True,resolved
2025-04-22,1295646.5386040362,0.02908037417174314,1295646.5386040362,0.02908037417174314,catboost,True,resolved
2025-04-23,1330177.4674233869,0.026651503932974885,1330177.4674233869,0.026651503932974885,catboost,True,resolved
2025-04-24,1349995.9734901548,0.014899144326325997,1349995.9734901548,0.014899144326325997,catboost,True,resolved
2025-04-25,1347241.8850891802,-0.0020400715669206537,1347241.8850891802,-0.0020400715669206537,catboost,True,resolved
2025-04-28,1353695.642922194,0.00479034826963276,1353695.642922194,0.00479034826963276,catboost,True,resolved
2025-04-29,1354149.520960969,0.00033528809902594325,1354149.520960969,0.00033528809902594325,catboost,True,resolved
2025-04-30,1358678.1507328586,0.0033442612516496606,1358678.1507328586,0.0033442612516496606,catboost,True,resolved
2025-05-01,1352032.1300691937,-0.004891534216606153,1352032.1300691937,-0.004891534216606153,catboost,True,resolved
2025-05-02,1369572.8697160361,0.01297361154127663,1369572.8697160361,0.01297361154127663,catboost,True,resolved
2025-05-05,1361995.77596688,-0.005532450238100339,1361995.77596688,-0.005532450238100339,catboost,True,resolved
2025-05-06,1359472.2094169315,-0.0018528446229262308,1359472.2094169315,-0.0018528446229262308,catboost,True,resolved
2025-05-07,1375370.0353188373,0.0116941161369708,1375370.0353188373,0.0116941161369708,catboost,True,resolved
2025-05-08,1378551.6401885797,0.0023132719108605038,1378551.6401885797,0.0023132719108605038,catboost,True,resolved
2025-05-09,1378648.500959686,7.026270781773647e-05,1378648.500959686,7.026270781773647e-05,catboost,True,resolved
2025-05-12,1390774.529529214,0.008795591161261829,1390774.529529214,0.008795591161261829,catboost,True,resolved
2025-05-13,1389823.9262002003,-0.0006835064266925706,1389823.9262002003,-0.0006835064266925706,catboost,True,resolved
2025-05-14,1395971.6145069767,0.0044233576576742095,1395971.6145069767,0.0044233576576742095,catboost,True,resolved
2025-05-15,1423068.7658577296,0.01941096156193911,1423068.7658577296,0.01941096156193911,catboost,True,resolved
2025-05-16,1433735.5580805938,0.007495626689856483,1433735.5580805938,0.007495626689856483,catboost,True,resolved
2025-05-19,1436066.3089218477,0.001625649045333244,1436066.3089218477,0.001625649045333244,catboost,True,resolved
2025-05-20,1432139.2884060736,-0.002734567680737876,1432139.2884060736,-0.002734567680737876,catboost,True,resolved
2025-05-21,1407731.280238769,-0.017043040690874367,1407731.280238769,-0.017043040690874367,catboost,True,resolved
2025-05-22,1401764.5909116976,-0.004238514417367667,1401764.5909116976,-0.004238514417367667,catboost,True,resolved
2025-05-23,1393993.5938822655,-0.005543724730825095,1393993.5938822655,-0.005543724730825095,catboost,True,resolved
2025-05-27,1413217.583889665,0.013790587052743053,1413217.583889665,0.013790587052743053,catboost,True,resolved
2025-05-28,1406332.8772941912,-0.0048716536462311,1406332.8772941912,-0.0048716536462311,catboost,True,resolved
2025-05-29,1404040.2440915196,-0.0016302208671126195,1404040.2440915196,-0.0016302208671126195,catboost,True,resolved
2025-05-30,1399822.3740667568,-0.003004094820296288,1399822.3740667568,-0.003004094820296288,catboost,True,resolved
2025-06-02,1406470.14491155,0.004749010280125754,1406470.14491155,0.004749010280125754,catboost,True,resolved
2025-06-03,1410586.3974954432,0.0029266547880772986,1410586.3974954432,0.0029266547880772986,catboost,True,resolved
2025-06-04,1409353.9184854545,-0.0008737352154940536,1409353.9184854545,-0.0008737352154940536,catboost,True,resolved
2025-06-05,1400237.0157025666,-0.00646885261630048,1400237.0157025666,-0.00646885261630048,catboost,True,resolved
2025-06-06,1406706.6361988308,0.004620375281979117,1406706.6361988308,0.004620375281979117,catboost,True,resolved
2025-06-09,1396748.2387851276,-0.007079228289284645,1396748.2387851276,-0.007079228289284645,catboost,True,resolved
2025-06-10,1398515.1613332815,0.0012650257928306097,1398515.1613332815,0.0012650257928306097,catboost,True,resolved
2025-06-11,1402872.4019576786,0.0031156191544201572,1402872.4019576786,0.0031156191544201572,catboost,True,resolved
2025-06-12,1410997.7509838114,0.005791937324302721,1410997.7509838114,0.005791937324302721,catboost,True,resolved
2025-06-13,1402643.6603212282,-0.00592069736238654,1402643.6603212282,-0.00592069736238654,catboost,True,resolved
2025-06-16,1413421.2847380377,0.007683793626059865,1413421.2847380377,0.007683793626059865,catboost,True,resolved
2025-06-17,1405569.7788111581,-0.005554965113133137,1405569.7788111581,-0.005554965113133137,catboost,True,resolved
2025-06-18,1407972.0020620744,0.001709074346311068,1407972.0020620744,0.001709074346311068,catboost,True,resolved
2025-06-20,1411612.5029284065,0.0025856344167358714,1411612.5029284065,0.0025856344167358714,catboost,True,resolved
2025-06-23,1421057.3589506408,0.006690827690064349,1421057.3589506408,0.006690827690064349,catboost,True,resolved
2025-06-24,1433420.5466347493,0.008699992020897662,1433420.5466347493,0.008699992020897662,catboost,True,resolved
2025-06-25,1427167.1136312105,-0.004362594786449736,1427167.1136312105,-0.004362594786449736,catboost,True,resolved
2025-06-26,1433738.1014741464,0.00460421753008089,1433738.1014741464,0.00460421753008089,catboost,True,resolved
2025-06-27,1439092.7729022903,0.003734762592023211,1439092.7729022903,0.003734762592023211,catboost,True,resolved
2025-06-30,1446969.8213165263,0.005473620994114192,1446969.8213165263,0.005473620994114192,catboost,True,resolved
2025-07-01,1439224.0581396155,-0.005353092416166216,1439224.0581396155,-0.005353092416166216,catboost,True,resolved
2025-07-02,1442478.1951497707,0.0022610357239036816,1442478.1951497707,0.0022610357239036816,catboost,True,resolved
2025-07-03,1456414.4758636192,0.009661345842667313,1456414.4758636192,0.009661345842667313,catboost,True,resolved
2025-07-07,1456639.8674940933,0.00015475788946717195,1456639.8674940933,0.00015475788946717195,catboost,True,resolved
2025-07-08,1448259.604272917,-0.0057531469570396565,1448259.604272917,-0.0057531469570396565,catboost,True,resolved
2025-07-09,1449930.2024873388,0.001153521239902755,1449930.2024873388,0.001153521239902755,catboost,True,resolved
2025-07-10,1457937.6939381408,0.005522673737718753,1457937.6939381408,0.005522673737718753,catboost,True,resolved
2025-07-11,1448460.788853393,-0.006500212679973361,1448460.788853393,-0.006500212679973361,catboost,True,resolved
2025-07-14,1462868.1218899619,0.009946650366679188,1462868.1218899619,0.009946650366679188,catboost,True,resolved
2025-07-15,1448690.296190771,-0.009691800297673914,1448690.296190771,-0.009691800297673914,catboost,True,resolved
2025-07-16,1454164.5774976024,0.0037787795785100275,1454164.5774976024,0.0037787795785100275,catboost,True,resolved
2025-07-17,1458819.0900299458,0.003200815509034838,1458819.0900299458,0.003200815509034838,catboost,True,resolved
2025-07-18,1468098.1009798772,0.00636063170090595,1468098.1009798772,0.00636063170090595,catboost,True,resolved
2025-07-21,1462419.100323344,-0.0038682705554503594,1462419.100323344,-0.0038682705554503594,catboost,True,resolved
2025-07-22,1458003.9151288003,-0.0030190970519788918,1458003.9151288003,-0.0030190970519788918,catboost,True,resolved
2025-07-23,1477486.4004970242,0.013362436935913768,1477486.4004970242,0.013362436935913768,catboost,True,resolved
2025-07-24,1477788.7549754377,0.0002046411244880364,1477788.7549754377,0.0002046411244880364,catboost,True,resolved
2025-07-25,1482213.9776493646,0.002994489340257811,1482213.9776493646,0.002994489340257811,catboost,True,resolved
2025-07-28,1482397.5313070896,0.0001238374893859362,1482397.5313070896,0.0001238374893859362,catboost,True,resolved
2025-07-29,1485554.8628229331,0.002129881795647437,1485554.8628229331,0.002129881795647437,catboost,True,resolved
2025-07-30,1487543.3621304096,0.0013385566277221983,1487543.3621304096,0.0013385566277221983,catboost,True,resolved
2025-07-31,1507069.7835311084,0.013126623329308362,1507069.7835311084,0.013126623329308362,catboost,True,resolved
2025-08-01,1494521.952067492,-0.008325979062639322,1494521.952067492,-0.008325979062639322,catboost,True,resolved
2025-08-04,1506295.9031231725,0.007878071673281584,1506295.9031231725,0.007878071673281584,catboost,True,resolved
2025-08-05,1503331.288803224,-0.001968148697610861,1503331.288803224,-0.001968148697610861,catboost,True,resolved
2025-08-06,1505060.707651573,0.0011503910423669161,1505060.707651573,0.0011503910423669161,catboost,True,resolved
2025-08-07,1492459.0876411935,-0.008372831704604455,1492459.0876411935,-0.008372831704604455,catboost,True,resolved
2025-08-08,1491406.9408618864,-0.0007049752907933859,1491406.9408618864,-0.0007049752907933859,catboost,True,resolved
2025-08-11,1490817.2611492262,-0.0003953848520507064,1490817.2611492262,-0.0003953848520507064,catboost,True,resolved
2025-08-12,1505799.770835394,0.010049863304251172,1505799.770835394,0.010049863304251172,catboost,True,resolved
2025-08-13,1513744.758485694,0.005276257709809773,1513744.758485694,0.005276257709809773,catboost,True,resolved
2025-08-14,1509147.8415896525,-0.0030367846826701017,1509147.8415896525,-0.0030367846826701017,catboost,True,resolved
2025-08-15,1505424.1465741836,-0.002467415658592209,1505424.1465741836,-0.002467415658592209,catboost,True,resolved
2025-08-18,1515800.3438979194,0.006892540781512135,1515800.3438979194,0.006892540781512135,catboost,True,resolved
2025-08-19,1497644.3048110039,-0.01197785655611272,1497644.3048110039,-0.01197785655611272,catboost,True,resolved
2025-08-20,1503697.1460059104,0.004041574608511844,1503697.1460059104,0.004041574608511844,catboost,True,resolved
2025-08-21,1505102.1064080375,0.0009343373470243055,1505102.1064080375,0.0009343373470243055,catboost,True,resolved
2025-08-22,1518625.1112975376,0.00898477573842027,1518625.1112975376,0.00898477573842027,catboost,True,resolved
2025-08-25,1514789.6516718632,-0.0025256131991636677,1514789.6516718632,-0.0025256131991636677,catboost,True,resolved
2025-08-26,1527283.707441459,0.008248046688070554,1527283.707441459,0.008248046688070554,catboost,True,resolved
2025-08-27,1525585.5960483993,-0.0011118506566827335,1525585.5960483993,-0.0011118506566827335,catboost,True,resolved
2025-08-28,1533464.3945060906,0.005164442085779486,1533464.3945060906,0.005164442085779486,catboost,True,resolved
2025-08-29,1522665.5873572028,-0.007042098393400198,1522665.5873572028,-0.007042098393400198,catboost,True,resolved
2025-09-02,1529855.2890151087,0.004721786397225092,1529855.2890151087,0.004721786397225092,catboost,True,resolved
2025-09-03,1533470.7574873988,0.0023632748131476866,1533470.7574873988,0.0023632748131476866,catboost,True,resolved
2025-09-04,1556566.8883001925,0.015061344143684208,1556566.8883001925,0.015061344143684208,catboost,True,resolved
2025-09-05,1547805.9286897504,-0.005628386210893455,1547805.9286897504,-0.005628386210893455,catboost,True,resolved
2025-09-08,1553984.3968547906,0.003991758947628821,1553984.3968547906,0.003991758947628821,catboost,True,resolved
2025-09-09,1565876.2895137947,0.0076525174146360175,1565876.2895137947,0.0076525174146360175,catboost,True,resolved
2025-09-10,1589455.8606612068,0.015058386990924655,1589455.8606612068,0.015058386990924655,catboost,True,resolved
2025-09-11,1604896.0894717127,0.009714160168048158,1604896.0894717127,0.009714160168048158,catboost,True,resolved
2025-09-12,1598395.5916331876,-0.004050416647637833,1598395.5916331876,-0.004050416647637833,catboost,True,resolved
2025-09-15,1606098.7647048745,0.004819315763888055,1606098.7647048745,0.004819315763888055,catboost,True,resolved
2025-09-16,1603378.0387383979,-0.0016939966745921353,1603378.0387383979,-0.0016939966745921353,catboost,True,resolved
2025-09-17,1610360.7381127223,0.004354992525542389,1610360.7381127223,0.004354992525542389,catboost,True,resolved
2025-09-18,1619353.4984449546,0.005584314197060847,1619353.4984449546,0.005584314197060847,catboost,True,resolved
2025-09-19,1619952.9229673948,0.00037016286006474886,1619952.9229673948,0.00037016286006474886,catboost,True,resolved
2025-09-22,1622329.9038954312,0.0014673148178172557,1622329.9038954312,0.0014673148178172557,catboost,True,resolved
2025-09-23,1621805.4635043058,-0.00032326371465274395,1621805.4635043058,-0.00032326371465274395,catboost,True,resolved
2025-09-24,1619109.7317604676,-0.0016621794688084224,1619109.7317604676,-0.0016621794688084224,catboost,True,resolved
2025-09-25,1613571.8188153955,-0.003420344425359434,1613571.8188153955,-0.003420344425359434,catboost,True,resolved
2025-09-26,1622971.1396547307,0.005825164228658641,1622971.1396547307,0.005825164228658641,catboost,True,resolved
2025-09-29,1631688.7395428042,0.005371383184255674,1631688.7395428042,0.005371383184255674,catboost,True,resolved
2025-09-30,1628990.5446058572,-0.0016536211052746719,1628990.5446058572,-0.0016536211052746719,catboost,True,resolved
2025-10-01,1621559.4528442216,-0.004561777099469699,1621559.4528442216,-0.004561777099469699,catboost,True,resolved
2025-10-02,1627499.6366807232,0.003663253805515687,1627499.6366807232,0.003663253805515687,catboost,True,resolved
2025-10-03,1629213.249994706,0.0010529116414905726,1629213.249994706,0.0010529116414905726,catboost,True,resolved
2025-10-06,1627418.750386781,-0.001101451641109974,1627418.750386781,-0.001101451641109974,catboost,True,resolved
2025-10-07,1625512.4043284426,-0.0011713924629941364,1625512.4043284426,-0.0011713924629941364,catboost,True,resolved
2025-10-08,1632953.0443668508,0.0045774120324120204,1632953.0443668508,0.0045774120324120204,catboost,True,resolved
2025-10-09,1632776.0802884204,-0.00010837058606238958,1632776.0802884204,-0.00010837058606238958,catboost,True,resolved
2025-10-10,1606008.445856005,-0.016393940819911523,1606008.445856005,-0.016393940819911523,catboost,True,resolved
2025-10-13,1636804.527667261,0.019175541629758763,1636804.527667261,0.019175541629758763,catboost,True,resolved
2025-10-14,1631370.9886085887,-0.0033196016792647054,1631370.9886085887,-0.0033196016792647054,catboost,True,resolved
2025-10-15,1628250.1043479168,-0.0019130438646171033,1628250.1043479168,-0.0019130438646171033,catboost,True,resolved
2025-10-16,1633070.7874924242,0.002960652747163728,1633070.7874924242,0.002960652747163728,catboost,True,resolved
2025-10-17,1639257.9754877002,0.0037886832846825147,1639257.9754877002,0.0037886832846825147,catboost,True,resolved
2025-10-20,1658798.7520598595,0.01192050114402865,1658798.7520598595,0.01192050114402865,catboost,True,resolved
2025-10-21,1655711.581227738,-0.0018610882292309228,1655711.581227738,-0.0018610882292309228,catboost,True,resolved
2025-10-22,1646004.4952730366,-0.005862787978751283,1646004.4952730366,-0.005862787978751283,catboost,True,resolved
2025-10-23,1682026.6653071262,0.021884612185165464,1682026.6653071262,0.021884612185165464,catboost,True,resolved
2025-10-24,1718368.5340588125,0.021606000369233547,1718368.5340588125,0.021606000369233547,catboost,True,resolved
2025-10-27,1722632.302600992,0.002481288767612888,1722632.302600992,0.002481288767612888,catboost,True,resolved
2025-10-28,1712565.5249024096,-0.005843834278146609,1712565.5249024096,-0.005843834278146609,catboost,True,resolved
2025-10-29,1706127.9453011875,-0.0037590267394813637,1706127.9453011875,-0.0037590267394813637,catboost,True,resolved
2025-10-30,1708689.5492636333,0.001501413753582037,1708689.5492636333,0.001501413753582037,catboost,True,resolved
2025-10-31,1707542.3876971616,-0.0006713692179870501,1707542.3876971616,-0.0006713692179870501,catboost,True,resolved
2025-11-03,1711638.6980954192,0.0023989509295765377,1711638.6980954192,0.0023989509295765377,catboost,True,resolved
2025-11-04,1690995.1333937214,-0.012060702252565503,1690995.1333937214,-0.012060702252565503,catboost,True,resolved
2025-11-05,1712077.9019805682,0.012467669581363694,1712077.9019805682,0.012467669581363694,catboost,True,resolved
2025-11-06,1669374.4043861222,-0.024942496801720115,1669374.4043861222,-0.024942496801720115,catboost,True,resolved
2025-11-07,1690216.6529638893,0.012485065377189297,1690216.6529638893,0.012485065377189297,catboost,True,resolved
2025-11-10,1711599.093304283,0.012650709779067792,1711599.093304283,0.012650709779067792,catboost,True,resolved
2025-11-11,1703365.1480452914,-0.0048106740014074445,1703365.1480452914,-0.0048106740014074445,catboost,True,resolved
2025-11-12,1700059.2315356391,-0.0019408149294624089,1700059.2315356391,-0.0019408149294624089,catboost,True,resolved
2025-11-13,1659657.3938954899,-0.02376495882655505,1659657.3938954899,-0.02376495882655505,catboost,True,resolved
2025-11-14,1683570.8345886273,0.014408660956830799,1683570.8345886273,0.014408660956830799,catboost,True,resolved
2025-11-17,1666237.2450416673,-0.010295729286136868,1666237.2450416673,-0.010295729286136868,catboost,True,resolved
2025-11-18,1651763.599841468,-0.008686425203415338,1651763.599841468,-0.008686425203415338,catboost,True,resolved
2025-11-19,1664984.2601702097,0.0080039663847844,1664984.2601702097,0.0080039663847844,catboost,True,resolved
2025-11-20,1623506.27986206,-0.024911935386049522,1623506.27986206,-0.024911935386049522,catboost,True,resolved
2025-11-21,1637691.6144253525,0.008737468243422919,1637691.6144253525,0.008737468243422919,catboost,True,resolved
2025-11-24,1685960.0736206463,0.02947347276503609,1685960.0736206463,0.02947347276503609,catboost,True,resolved
2025-11-25,1680934.5965926233,-0.002980780569275643,1680934.5965926233,-0.002980780569275643,catboost,True,resolved
2025-11-26,1693845.3577177257,0.007680704026958196,1693845.3577177257,0.007680704026958196,catboost,True,resolved
2025-11-28,1711103.6788424177,0.010188841056863573,1711103.6788424177,0.010188841056863573,catboost,True,resolved
2025-12-01,1704437.6461888817,-0.0038957502902721153,1704437.6461888817,-0.0038957502902721153,catboost,True,resolved
2025-12-02,1703212.4435277812,-0.0007188310254939712,1703212.4435277812,-0.0007188310254939712,catboost,True,resolved
2025-12-03,1694286.580484414,-0.005240604645231128,1694286.580484414,-0.005240604645231128,catboost,True,resolved
2025-12-04,1708291.417227887,0.00826591965301926,1708291.417227887,0.00826591965301926,catboost,True,resolved
2025-12-05,1716378.5286279032,0.004734035023801431,1716378.5286279032,0.004734035023801431,catboost,True,resolved
2025-12-08,1719279.2858900675,0.0016900451816319606,1719279.2858900675,0.0016900451816319606,catboost,True,resolved
2025-12-09,1715134.660869644,-0.0024106758305284526,1715134.660869644,-0.0024106758305284526,catboost,True,resolved
2025-12-10,1725582.8107646336,0.006091737362296623,1725582.8107646336,0.006091737362296623,catboost,True,resolved
2025-12-11,1744750.405490513,0.011107896188062849,1744750.405490513,0.011107896188062849,catboost,True,resolved
2025-12-12,1727926.333623407,-0.009642681161822764,1727926.333623407,-0.009642681161822764,catboost,True,resolved
2025-12-15,1717471.794514552,-0.006050338434817504,1717471.794514552,-0.006050338434817504,catboost,True,resolved
2025-12-16,1710658.5621913204,-0.0039670126432308495,1710658.5621913204,-0.0039670126432308495,catboost,True,resolved
2025-12-17,1679437.0103756594,-0.018251188463738077,1679437.0103756594,-0.018251188463738077,catboost,True,resolved
2025-12-18,1693889.8895638026,0.008605788189049335,1693889.8895638026,0.008605788189049335,catboost,True,resolved
2025-12-19,1726651.43185726,0.019341010590655294,1726651.43185726,0.019341010590655294,catboost,True,resolved
2025-12-22,1734977.9683769078,0.004822360996562747,1734977.9683769078,0.004822360996562747,catboost,True,resolved
2025-12-23,1733963.280870449,-0.000584841724190821,1733963.280870449,-0.000584841724190821,catboost,True,resolved
2025-12-24,1738928.0637712306,0.002863257230158567,1738928.0637712306,0.002863257230158567,catboost,True,resolved
2025-12-26,1738199.4100337927,-0.00041902465813203893,1738199.4100337927,-0.00041902465813203893,catboost,True,resolved
2025-12-29,1735097.1203052031,-0.001784772052436323,1735097.1203052031,-0.001784772052436323,catboost,True,resolved
2025-12-30,1727873.47298392,-0.004163252440885001,1727873.47298392,-0.004163252440885001,catboost,True,resolved
2025-12-31,1713805.4889069921,-0.008141790644330849,1713805.4889069921,-0.008141790644330849,catboost,True,resolved
2024-01-02,1000000.0,,1000000.0,,reversal,True,resolved
2024-01-03,994574.9951124964,-0.005425004887503526,994574.9951124964,-0.005425004887503526,reversal,True,resolved
2024-01-04,992625.6748464161,-0.0019599530207974336,992625.6748464161,-0.0019599530207974336,reversal,True,resolved
2024-01-05,987234.7106295817,-0.005431014282064051,987234.7106295817,-0.005431014282064051,reversal,True,resolved
2024-01-08,992935.9997278112,0.0057750087561181385,992935.9997278112,0.0057750087561181385,reversal,True,resolved
2024-01-09,983874.533329957,-0.009125931983872237,983874.533329957,-0.009125931983872237,reversal,True,resolved
2024-01-10,983492.4983988383,-0.00038829639164017493,983492.4983988383,-0.00038829639164017493,reversal,True,resolved
2024-01-11,980282.9126636703,-0.0032634572611315305,980282.9126636703,-0.0032634572611315305,reversal,True,resolved
2024-01-12,980178.7170461202,-0.00010629137385143039,980178.7170461202,-0.00010629137385143039,reversal,True,resolved
2024-01-16,978103.0745598684,-0.002117616359297192,978103.0745598684,-0.002117616359297192,reversal,True,resolved
2024-01-17,970968.7767517806,-0.007294014295270546,970968.7767517806,-0.007294014295270546,reversal,True,resolved
2024-01-18,974138.8665886484,0.0032648730966127193,974138.8665886484,0.0032648730966127193,reversal,True,resolved
2024-01-19,985449.8236180033,0.011611236772602007,985449.8236180033,0.011611236772602007,reversal,True,resolved
2024-01-22,992281.3909793668,0.006932435520950131,992281.3909793668,0.006932435520950131,reversal,True,resolved
2024-01-23,998126.8845689042,0.0058909636345874095,998126.8845689042,0.0058909636345874095,reversal,True,resolved
2024-01-24,995542.2860912875,-0.002589448814148465,995542.2860912875,-0.002589448814148465,reversal,True,resolved
2024-01-25,1002571.3935812605,0.007060581542518651,1002571.3935812605,0.007060581542518651,reversal,True,resolved
2024-01-26,1005914.380391147,0.003334412722414859,1005914.380391147,0.003334412722414859,reversal,True,resolved
2024-01-29,1018214.4227796136,0.012227722983425116,1018214.4227796136,0.012227722983425116,reversal,True,resolved
2024-01-30,1014114.3547664073,-0.004026723567727153,1014114.3547664073,-0.004026723567727153,reversal,True,resolved
2024-01-31,1006869.899796575,-0.007143627280082221,1006869.899796575,-0.007143627280082221,reversal,True,resolved
2024-02-01,1010836.6036595416,0.003939638938226242,1010836.6036595416,0.003939638938226242,reversal,True,resolved
2024-02-02,1016870.149566609,0.005968863696886428,1016870.149566609,0.005968863696886428,reversal,True,resolved
2024-02-05,1009884.8985623444,-0.006869363809372975,1009884.8985623444,-0.006869363809372975,reversal,True,resolved
2024-02-06,1015471.503777425,0.005531922720137361,1015471.503777425,0.005531922720137361,reversal,True,resolved
2024-02-07,1017675.7214221272,0.0021706346623246997,1017675.7214221272,0.0021706346623246997,reversal,True,resolved
2024-02-08,1018381.9929195554,0.0006940044677898882,1018381.9929195554,0.0006940044677898882,reversal,True,resolved
2024-02-09,1023361.1260887508,0.004889258847675437,1023361.1260887508,0.004889258847675437,reversal,True,resolved
2024-02-12,1029599.8961178779,0.006096352372667813,1029599.8961178779,0.006096352372667813,reversal,True,resolved
2024-02-13,1021519.890618087,-0.007847713981185,1021519.890618087,-0.007847713981185,reversal,True,resolved
2024-02-14,1030860.7573509903,0.009144086981264232,1030860.7573509903,0.009144086981264232,reversal,True,resolved
2024-02-15,1042607.3802722156,0.011394965651239541,1042607.3802722156,0.011394965651239541,reversal,True,resolved
2024-02-16,1035838.9164862878,-0.0064918625304192235,1035838.9164862878,-0.0064918625304192235,reversal,True,resolved
2024-02-20,1030525.8000388525,-0.00512928831198789,1030525.8000388525,-0.00512928831198789,reversal,True,resolved
2024-02-21,1028027.9060855908,-0.002423902393484445,1028027.9060855908,-0.002423902393484445,reversal,True,resolved
2024-02-22,1056727.580542482,0.0279172134209571,1056727.580542482,0.0279172134209571,reversal,True,resolved
2024-02-23,1066726.5841633622,0.009462233980632062,1066726.5841633622,0.009462233980632062,reversal,True,resolved
2024-02-26,1062488.4474995001,-0.0039730299467375385,1062488.4474995001,-0.0039730299467375385,reversal,True,resolved
2024-02-27,1069856.8272745414,0.00693502107470656,1069856.8272745414,0.00693502107470656,reversal,True,resolved
2024-02-28,1067124.624116994,-0.002553802609745137,1067124.624116994,-0.002553802609745137,reversal,True,resolved
2024-02-29,1076098.9390720164,0.00840980964378768,1076098.9390720164,0.00840980964378768,reversal,True,resolved
2024-03-01,1083407.686982547,0.006791892125489252,1083407.686982547,0.006791892125489252,reversal,True,resolved
2024-03-04,1083417.8561492683,9.386278908340984e-06,1083417.8561492683,9.386278908340984e-06,reversal,True,resolved
2024-03-05,1076473.0307390632,-0.00641010794753627,1076473.0307390632,-0.00641010794753627,reversal,True,resolved
2024-03-06,1081511.75182415,0.004680768529451651,1081511.75182415,0.004680768529451651,reversal,True,resolved
2024-03-07,1089684.3404628562,0.007556634151151487,1089684.3404628562,0.007556634151151487,reversal,True,resolved
2024-03-08,1090635.782585907,0.0008731355381748074,1090635.782585907,0.0008731355381748074,reversal,True,resolved
2024-03-11,1091499.3081908925,0.0007917635004950352,1091499.3081908925,0.0007917635004950352,reversal,True,resolved
2024-03-12,1102524.3843691885,0.01010085493922075,1102524.3843691885,0.01010085493922075,reversal,True,resolved
2024-03-13,1094278.346478866,-0.007479234026230186,1094278.346478866,-0.007479234026230186,reversal,True,resolved
2024-03-14,1084108.7395032013,-0.00929343709339403,1084108.7395032013,-0.00929343709339403,reversal,True,resolved
2024-03-15,1086300.7026691302,0.002021903418040205,1086300.7026691302,0.002021903418040205,reversal,True,resolved
2024-03-18,1090300.8125543054,0.003682322836896512,1090300.8125543054,0.003682322836896512,reversal,True,resolved
2024-03-19,1089521.3605689374,-0.0007148962711877038,1089521.3605689374,-0.0007148962711877038,reversal,True,resolved
2024-03-20,1099072.3166694331,0.008766194446622189,1099072.3166694331,0.008766194446622189,reversal,True,resolved
2024-03-21,1111979.561589894,0.011743763103390759,1111979.561589894,0.011743763103390759,reversal,True,resolved
2024-03-22,1109384.1535863054,-0.0023340429026209586,1109384.1535863054,-0.0023340429026209586,reversal,True,resolved
2024-03-25,1107764.588980501,-0.001459877176511748,1107764.588980501,-0.001459877176511748,reversal,True,resolved
2024-03-26,1107644.7117584655,-0.00010821543063210814,1107644.7117584655,-0.00010821543063210814,reversal,True,resolved
2024-03-27,1120274.7149957113,0.011402576208028758,1120274.7149957113,0.011402576208028758,reversal,True,resolved
2024-03-28,1123578.2462251773,0.002948858155277234,1123578.2462251773,0.002948858155277234,reversal,True,resolved
2024-04-01,1124377.899767391,0.0007117025849336933,1124377.899767391,0.0007117025849336933,reversal,True,resolved
2024-04-02,1112170.679066841,-0.010856866453062941,1112170.679066841,-0.010856866453062941,reversal,True,resolved
2024-04-03,1115286.2944088825,0.0028013823783374914,1115286.2944088825,0.0028013823783374914,reversal,True,resolved
2024-04-04,1110032.6498642205,-0.0047105793113385586,1110032.6498642205,-0.0047105793113385586,reversal,True,resolved
2024-04-05,1116806.7491451388,0.006102612640940697,1116806.7491451388,0.006102612640940697,reversal,True,resolved
2024-04-08,1118882.5581797112,0.0018587002954284504,1118882.5581797112,0.0018587002954284504,reversal,True,resolved
2024-04-09,1117375.0784240523,-0.0013473082984789553,1117375.0784240523,-0.0013473082984789553,reversal,True,resolved
2024-04-10,1116532.2759677456,-0.0007542699605359582,1116532.2759677456,-0.0007542699605359582,reversal,True,resolved
2024-04-11,1119628.557847072,0.0027731234877581556,1119628.557847072,0.0027731234877581556,reversal,True,resolved
2024-04-12,1112768.50141551,-0.006127082400214201,1112768.50141551,-0.006127082400214201,reversal,True,resolved
2024-04-15,1106725.4479318743,-0.005430647503005814,1106725.4479318743,-0.005430647503005814,reversal,True,resolved
2024-04-16,1107501.8226116314,0.0007015061244031173,1107501.8226116314,0.0007015061244031173,reversal,True,resolved
2024-04-17,1105858.707347686,-0.0014836230788954907,1105858.707347686,-0.0014836230788954907,reversal,True,resolved
2024-04-18,1100997.7980054077,-0.0043955971137911165,1100997.7980054077,-0.0043955971137911165,reversal,True,resolved
2024-04-19,1092455.3929612902,-0.007758784858237777,1092455.3929612902,-0.007758784858237777,reversal,True,resolved
2024-04-22,1099712.7011341006,0.006643116249477332,1099712.7011341006,0.006643116249477332,reversal,True,resolved
2024-04-23,1115556.6123101432,0.014407318529378932,1115556.6123101432,0.014407318529378932,reversal,True,resolved
2024-04-24,1124659.551033638,0.008159997101934602,1124659.551033638,0.008159997101934602,reversal,True,resolved
2024-04-25,1128018.2918445491,0.0029864511512165404,1128018.2918445491,0.0029864511512165404,reversal,True,resolved
2024-04-26,1127713.956953423,-0.0002697960603355032,1127713.956953423,-0.0002697960603355032,reversal,True,resolved
2024-04-29,1130864.8857223215,0.0027940851041790005,1130864.8857223215,0.0027940851041790005,reversal,True,resolved
2024-04-30,1121317.9316367598,-0.008442170418496708,1121317.9316367598,-0.008442170418496708,reversal,True,resolved
2024-05-01,1124033.5433659945,0.002421803533696032,1124033.5433659945,0.002421803533696032,reversal,True,resolved
2024-05-02,1136590.6460386368,0.011171466142406494,1136590.6460386368,0.011171466142406494,reversal,True,resolved
2024-05-03,1143044.6062659256,0.005678350644343855,1143044.6062659256,0.005678350644343855,reversal,True,resolved
2024-05-06,1151638.6409086236,0.007518547041460488,1151638.6409086236,0.007518547041460488,reversal,True,resolved
2024-05-07,1151798.99619121,0.0001392409709872755,1151798.99619121,0.0001392409709872755,reversal,True,resolved
2024-05-08,1153587.1769628609,0.0015525111391518909,1153587.1769628609,0.0015525111391518909,reversal,True,resolved
2024-05-09,1160566.1649452364,0.006049814111794838,1160566.1649452364,0.006049814111794838,reversal,True,resolved
2024-05-10,1154899.7961315403,-0.004882417724079935,1154899.7961315403,-0.004882417724079935,reversal,True,resolved
2024-05-13,1157725.1217537425,0.0024463816096131907,1157725.1217537425,0.0024463816096131907,reversal,True,resolved
2024-05-14,1177276.7371225704,0.016887959845952816,1177276.7371225704,0.016887959845952816,reversal,True,resolved
2024-05-15,1182228.9529734026,0.004206501066976065,1182228.9529734026,0.004206501066976065,reversal,True,resolved
2024-05-16,1189095.1010702061,0.005807798971201539,1189095.1010702061,0.005807798971201539,reversal,True,resolved
2024-05-17,1189469.3701975802,0.0003147512146313147,1189469.3701975802,0.0003147512146313147,reversal,True,resolved
2024-05-20,1193238.4614594923,0.003168716535580929,1193238.4614594923,0.003168716535580929,reversal,True,resolved
2024-05-21,1192257.301637743,-0.0008222663394116259,1192257.301637743,-0.0008222663394116259,reversal,True,resolved
2024-05-22,1187953.5115304699,-0.0036097829733239273,1187953.5115304699,-0.0036097829733239273,reversal,True,resolved
2024-05-23,1180184.116332056,-0.006540150875436468,1180184.116332056,-0.006540150875436468,reversal,True,resolved
2024-05-24,1189754.4541831776,0.008109190522632703,1189754.4541831776,0.008109190522632703,reversal,True,resolved
2024-05-28,1190890.665875367,0.0009549967963511374,1190890.665875367,0.0009549967963511374,reversal,True,resolved
2024-05-29,1186722.1885006384,-0.003500302331838734,1186722.1885006384,-0.003500302331838734,reversal,True,resolved
2024-05-30,1186771.2656572815,4.1355219543959265e-05,1186771.2656572815,4.1355219543959265e-05,reversal,True,resolved
2024-05-31,1187801.153957012,0.0008678069056216042,1187801.153957012,0.0008678069056216042,reversal,True,resolved
2024-06-03,1187247.7260710483,-0.0004659263750671494,1187247.7260710483,-0.0004659263750671494,reversal,True,resolved
2024-06-04,1185970.850948539,-0.0010754917398198005,1185970.850948539,-0.0010754917398198005,reversal,True,resolved
2024-06-05,1201915.6054657316,0.01344447420814765,1201915.6054657316,0.01344447420814765,reversal,True,resolved
2024-06-06,1192939.8925848089,-0.007467839538903953,1192939.8925848089,-0.007467839538903953,reversal,True,resolved
2024-06-07,1189887.4064845939,-0.0025587928773184165,1189887.4064845939,-0.0025587928773184165,reversal,True,resolved
2024-06-10,1204273.463878757,0.01209026779824951,1204273.463878757,0.01209026779824951,reversal,True,resolved
2024-06-11,1201181.7560941726,-0.002567280503405489,1201181.7560941726,-0.002567280503405489,reversal,True,resolved
2024-06-12,1205206.3948733194,0.003350566022775503,1205206.3948733194,0.003350566022775503,reversal,True,resolved
2024-06-13,1202146.6434253405,-0.0025387779727973347,1202146.6434253405,-0.0025387779727973347,reversal,True,resolved
2024-06-14,1197703.9482330205,-0.003695634984814511,1197703.9482330205,-0.003695634984814511,reversal,True,resolved
2024-06-17,1199125.7381186457,0.001187096266755061,1199125.7381186457,0.001187096266755061,reversal,True,resolved
2024-06-18,1200701.3816009564,0.001313993547317871,1200701.3816009564,0.001313993547317871,reversal,True,resolved
2024-06-20,1197234.7654674943,-0.002887159277554896,1197234.7654674943,-0.002887159277554896,reversal,True,resolved
2024-06-21,1197627.285094274,0.00032785518605149555,1197627.285094274,0.00032785518605149555,reversal,True,resolved
2024-06-24,1189861.966661652,-0.006483919103438485,1189861.966661652,-0.006483919103438485,reversal,True,resolved
2024-06-25,1199701.8502011274,0.008269768943941047,1199701.8502011274,0.008269768943941047,reversal,True,resolved
2024-06-26,1196473.9469951254,-0.0026905878368536085,1196473.9469951254,-0.0026905878368536085,reversal,True,resolved
2024-06-27,1199665.8795554203,0.0026677827530730003,1199665.8795554203,0.0026677827530730003,reversal,True,resolved
2024-06-28,1193318.6904106773,-0.005290797423608606,1193318.6904106773,-0.005290797423608606,reversal,True,resolved
2024-07-01,1187291.0545209032,-0.0050511535084561965,1187291.0545209032,-0.0050511535084561965,reversal,True,resolved
2024-07-02,1188836.3978310209,0.0013015707515300345,1188836.3978310209,0.0013015707515300345,reversal,True,resolved
2024-07-03,1196535.3730952314,0.006476059513535137,1196535.3730952314,0.006476059513535137,reversal,True,resolved
2024-07-05,1196708.3700296637,0.0001445815462894906,1196708.3700296637,0.0001445815462894906,reversal,True,resolved
2024-07-08,1200581.3555323957,0.003236365349927217,1200581.3555323957,0.003236365349927217,reversal,True,resolved
2024-07-09,1199224.8614284145,-0.001129864375896128,1199224.8614284145,-0.001129864375896128,reversal,True,resolved
2024-07-10,1202444.9716442288,0.002685159655528402,1202444.9716442288,0.002685159655528402,reversal,True,resolved
2024-07-11,1212178.9829171416,0.008095182318075267,1212178.9829171416,0.008095182318075267,reversal,True,resolved
2024-07-12,1218306.6113713034,0.005055052546296013,1218306.6113713034,0.005055052546296013,reversal,True,resolved
2024-07-15,1219891.2964231516,0.0013007276140974966,1219891.2964231516,0.0013007276140974966,reversal,True,resolved
2024-07-16,1234270.146561144,0.011786992972367738,1234270.146561144,0.011786992972367738,reversal,True,resolved
2024-07-17,1217631.3407438698,-0.013480684000688359,1217631.3407438698,-0.013480684000688359,reversal,True,resolved
2024-07-18,1211491.1358311386,-0.005042745457734421,1211491.1358311386,-0.005042745457734421,reversal,True,resolved
2024-07-19,1207083.5033460679,-0.003638187977369589,1207083.5033460679,-0.003638187977369589,reversal,True,resolved
2024-07-22,1213612.582312556,0.005408970422004167,1213612.582312556,0.005408970422004167,reversal,True,resolved
2024-07-23,1207705.4659601145,-0.00486738225899519,1207705.4659601145,-0.00486738225899519,reversal,True,resolved
2024-07-24,1204157.644947134,-0.0029376541822306868,1204157.644947134,-0.0029376541822306868,reversal,True,resolved
2024-07-25,1201333.5061746351,-0.0023453231263775853,1201333.5061746351,-0.0023453231263775853,reversal,True,resolved
2024-07-26,1211137.0107849147,0.008160518756774371,1211137.0107849147,0.008160518756774371,reversal,True,resolved
2024-07-29,1220376.6560643343,0.007628901765153406,1220376.6560643343,0.007628901765153406,reversal,True,resolved
2024-07-30,1216395.509328159,-0.0032622278674309113,1216395.509328159,-0.0032622278674309113,reversal,True,resolved
2024-07-31,1229398.891777306,0.010690094093103841,1229398.891777306,0.010690094093103841,reversal,True,resolved
2024-08-01,1206602.8143262924,-0.01854245810979882,1206602.8143262924,-0.01854245810979882,reversal,True,resolved
2024-08-02,1194567.7397850533,-0.009974346486137486,1194567.7397850533,-0.009974346486137486,reversal,True,resolved
2024-08-05,1180793.0621235135,-0.011531097988648487,1180793.0621235135,-0.011531097988648487,reversal,True,resolved
2024-08-06,1190329.6468837354,0.008076423436187419,1190329.6468837354,0.008076423436187419,reversal,True,resolved
2024-08-07,1183338.2330973344,-0.005873510589864295,1183338.2330973344,-0.005873510589864295,reversal,True,resolved
2024-08-08,1206300.2307028282,0.01940442467188075,1206300.2307028282,0.01940442467188075,reversal,True,resolved
2024-08-09,1216765.8269034997,0.008675780650869935,1216765.8269034997,0.008675780650869935,reversal,True,resolved
2024-08-12,1216410.0198128908,-0.00029242035134591227,1216410.0198128908,-0.00029242035134591227,reversal,True,resolved
2024-08-13,1236147.1763282476,0.016225743124339553,1236147.1763282476,0.016225743124339553,reversal,True,resolved
2024-08-14,1233134.5712036612,-0.0024370925908150376,1233134.5712036612,-0.0024370925908150376,reversal,True,resolved
2024-08-15,1245107.7727996,0.009709566072948261,1245107.7727996,0.009709566072948261,reversal,True,resolved
2024-08-16,1245297.0411958243,0.00015200964957329255,1245297.0411958243,0.00015200964957329255,reversal,True,resolved
2024-08-19,1251913.369960352,0.005313052665871787,1251913.369960352,0.005313052665871787,reversal,True,resolved
2024-08-20,1247321.3121063993,-0.003668031641916425,1247321.3121063993,-0.003668031641916425,reversal,True,resolved
2024-08-21,1255445.7850206806,0.006513536516554286,1255445.7850206806,0.006513536516554286,reversal,True,resolved
2024-08-22,1249459.7386010252,-0.004768064452545739,1249459.7386010252,-0.004768064452545739,reversal,True,resolved
2024-08-23,1260859.3327133844,0.009123618601046601,1260859.3327133844,0.009123618601046601,reversal,True,resolved
2024-08-26,1246904.61441139,-0.011067625023612915,1246904.61441139,-0.011067625023612915,reversal,True,resolved
2024-08-27,1252069.0304860494,0.004141789207426472,1252069.0304860494,0.004141789207426472,reversal,True,resolved
2024-08-28,1231049.314207504,-0.01678798514039237,1231049.314207504,-0.01678798514039237,reversal,True,resolved
2024-08-29,1232207.2181690629,0.0009405829223863016,1232207.2181690629,0.0009405829223863016,reversal,True,resolved
2024-08-30,1235913.4058700972,0.003007763342387726,1235913.4058700972,0.003007763342387726,reversal,True,resolved
2024-09-03,1217927.0515773804,-0.014553086168730633,1217927.0515773804,-0.014553086168730633,reversal,True,resolved
2024-09-04,1207021.6476774914,-0.008954069856454083,1207021.6476774914,-0.008954069856454083,reversal,True,resolved
2024-09-05,1205746.688671746,-0.0010562851198224754,1205746.688671746,-0.0010562851198224754,reversal,True,resolved
2024-09-06,1185388.3468589196,-0.016884426890073634,1185388.3468589196,-0.016884426890073634,reversal,True,resolved
2024-09-09,1197312.8017768129,0.010059534455093111,1197312.8017768129,0.010059534455093111,reversal,True,resolved
2024-09-10,1201391.756145327,0.003406757501014601,1201391.756145327,0.003406757501014601,reversal,True,resolved
2024-09-11,1212197.1928805443,0.008994099285221324,1212197.1928805443,0.008994099285221324,reversal,True,resolved
2024-09-12,1222746.1345236565,0.008702331357528292,1222746.1345236565,0.008702331357528292,reversal,True,resolved
2024-09-13,1230112.927472332,0.006024793487934721,1230112.927472332,0.006024793487934721,reversal,True,resolved
2024-09-16,1226460.5621710597,-0.0029691300852981994,1226460.5621710597,-0.0029691300852981994,reversal,True,resolved
2024-09-17,1228302.9267409511,0.0015021800347416736,1228302.9267409511,0.0015021800347416736,reversal,True,resolved
2024-09-18,1229030.310598635,0.0005921860494251252,1229030.310598635,0.0005921860494251252,reversal,True,resolved
2024-09-19,1236096.0866343202,0.005749065726656788,1236096.0866343202,0.005749065726656788,reversal,True,resolved
2024-09-20,1234895.711487069,-0.0009711018101510316,1234895.711487069,-0.0009711018101510316,reversal,True,resolved
2024-09-23,1240043.273388437,0.004168418315396938,1240043.273388437,0.004168418315396938,reversal,True,resolved
2024-09-24,1241253.6531843562,0.0009760786755543815,1241253.6531843562,0.0009760786755543815,reversal,True,resolved
2024-09-25,1234141.348730485,-0.005729936371687616,1234141.348730485,-0.005729936371687616,reversal,True,resolved
2024-09-26,1243785.5066933697,0.007814467907428346,1243785.5066933697,0.007814467907428346,reversal,True,resolved
2024-09-27,1255355.3138724933,0.009302091973946602,1255355.3138724933,0.009302091973946602,reversal,True,resolved
2024-09-30,1259337.915686027,0.003172489708310744,1259337.915686027,0.003172489708310744,reversal,True,resolved
2024-10-01,1247358.2835161004,-0.009512643128354203,1247358.2835161004,-0.009512643128354203,reversal,True,resolved
2024-10-02,1248307.9629457379,0.0007613525658085596,1248307.9629457379,0.0007613525658085596,reversal,True,resolved
2024-10-03,1243042.6230102316,-0.004217981533243709,1243042.6230102316,-0.004217981533243709,reversal,True,resolved
2024-10-04,1248767.6882500728,0.004605686992435576,1248767.6882500728,0.004605686992435576,reversal,True,resolved
2024-10-07,1244703.0529859466,-0.003254917069340557,1244703.0529859466,-0.003254917069340557,reversal,True,resolved
2024-10-08,1248956.527566888,0.003417260503007169,1248956.527566888,0.003417260503007169,reversal,True,resolved
2024-10-09,1253968.1934490488,0.0040126824045063625,1253968.1934490488,0.0040126824045063625,reversal,True,resolved
2024-10-10,1251362.617991177,-0.0020778640730154674,1251362.617991177,-0.0020778640730154674,reversal,True,resolved
2024-10-11,1253242.5649754647,0.001502319916912409,1253242.5649754647,0.001502319916912409,reversal,True,resolved
2024-10-14,1254980.9281235975,0.0013870923289034387,1254980.9281235975,0.0013870923289034387,reversal,True,resolved
2024-10-15,1251117.1022695946,-0.003078792487930526,1251117.1022695946,-0.003078792487930526,reversal,True,resolved
2024-10-16,1251912.7652360592,0.0006359620254741127,1251912.7652360592,0.0006359620254741127,reversal,True,resolved
2024-10-17,1242622.1321930795,-0.007421150499434259,1242622.1321930795,-0.007421150499434259,reversal,True,resolved
2024-10-18,1246890.0959846573,0.0034346433086986927,1246890.0959846573,0.0034346433086986927,reversal,True,resolved
2024-10-21,1238846.8671742957,-0.006450631724690958,1238846.8671742957,-0.006450631724690958,reversal,True,resolved
2024-10-22,1238735.4667378599,-8.992268486740507e-05,1238735.4667378599,-8.992268486740507e-05,reversal,True,resolved
2024-10-23,1236081.362066548,-0.002142591975913377,1236081.362066548,-0.002142591975913377,reversal,True,resolved
2024-10-24,1238113.9629498743,0.0016443908513659178,1238113.9629498743,0.0016443908513659178,reversal,True,resolved
2024-10-25,1243372.4886899819,0.004247206555670235,1243372.4886899819,0.004247206555670235,reversal,True,resolved
2024-10-28,1246255.2094418816,0.0023184691459090523,1246255.2094418816,0.0023184691459090523,reversal,True,resolved
2024-10-29,1244723.8638825293,-0.0012287575993669142,1244723.8638825293,-0.0012287575993669142,reversal,True,resolved
2024-10-30,1244650.3354605548,-5.907207542821258e-05,1244650.3354605548,-5.907207542821258e-05,reversal,True,resolved
2024-10-31,1242595.036314288,-0.001651306465527469,1242595.036314288,-0.001651306465527469,reversal,True,resolved
2024-11-01,1237773.934448981,-0.0038798657039601503,1237773.934448981,-0.0038798657039601503,reversal,True,resolved
2024-11-04,1238553.5828865059,0.0006298795085486475,1238553.5828865059,0.0006298795085486475,reversal,True,resolved
2024-11-05,1251535.1546264612,0.010481235466374583,1251535.1546264612,0.010481235466374583,reversal,True,resolved
2024-11-06,1279684.5610439503,0.02249190229569753,1279684.5610439503,0.02249190229569753,reversal,True,resolved
2024-11-07,1288558.1381979142,0.006934190990571132,1288558.1381979142,0.006934190990571132,reversal,True,resolved
2024-11-08,1288746.2706651627,0.00014600231194195068,1288746.2706651627,0.00014600231194195068,reversal,True,resolved
2024-11-11,1288689.2770239245,-4.422409789694992e-05,1288689.2770239245,-4.422409789694992e-05,reversal,True,resolved
2024-11-12,1275714.2426760443,-0.010068396299412474,1275714.2426760443,-0.010068396299412474,reversal,True,resolved
2024-11-13,1264405.075822541,-0.008864968717273491,1264405.075822541,-0.008864968717273491,reversal,True,resolved
2024-11-14,1249739.2939203396,-0.01159895842134362,1249739.2939203396,-0.01159895842134362,reversal,True,resolved
2024-11-15,1246076.501860137,-0.0029308449194331843,1246076.501860137,-0.0029308449194331843,reversal,True,resolved
2024-11-18,1268847.0019391691,0.018273757706722238,1268847.0019391691,0.018273757706722238,reversal,True,resolved
2024-11-19,1264842.549562633,-0.0031559773325042784,1264842.549562633,-0.0031559773325042784,reversal,True,resolved
2024-11-20,1270223.2952541648,0.0042540833982793735,1270223.2952541648,0.0042540833982793735,reversal,True,resolved
2024-11-21,1280662.0771622653,0.008218068387741084,1280662.0771622653,0.008218068387741084,reversal,True,resolved
2024-11-22,1295518.2330819294,0.011600371545773314,1295518.2330819294,0.011600371545773314,reversal,True,resolved
2024-11-25,1304684.114566775,0.007075069459301142,1304684.114566775,0.007075069459301142,reversal,True,resolved
2024-11-26,1312810.2115471284,0.006228401871093192,1312810.2115471284,0.006228401871093192,reversal,True,resolved
2024-11-27,1309529.4866282623,-0.0024990092932014596,1309529.4866282623,-0.0024990092932014596,reversal,True,resolved
2024-11-29,1312541.9935037405,0.002300449822809858,1312541.9935037405,0.002300449822809858,reversal,True,resolved
2024-12-02,1317237.9189818064,0.003577733513523862,1317237.9189818064,0.003577733513523862,reversal,True,resolved
2024-12-03,1315550.4717086037,-0.0012810497244925,1315550.4717086037,-0.0012810497244925,reversal,True,resolved
2024-12-04,1310908.0822171145,-0.0035288570004157194,1310908.0822171145,-0.0035288570004157194,reversal,True,resolved
2024-12-05,1302397.1405025593,-0.006492401587883112,1302397.1405025593,-0.006492401587883112,reversal,True,resolved
2024-12-06,1301580.7337574866,-0.0006268493070843428,1301580.7337574866,-0.0006268493070843428,reversal,True,resolved
2024-12-09,1306484.9285608614,0.0037678759958417185,1306484.9285608614,0.0037678759958417185,reversal,True,resolved
2024-12-10,1297542.622591468,-0.006844553483861149,1297542.622591468,-0.006844553483861149,reversal,True,resolved
2024-12-11,1311429.4174670158,0.010702380510485998,1311429.4174670158,0.010702380510485998,reversal,True,resolved
2024-12-12,1309724.5564613384,-0.0013000021068386713,1309724.5564613384,-0.0013000021068386713,reversal,True,resolved
2024-12-13,1302840.877244923,-0.005255822060032167,1302840.877244923,-0.005255822060032167,reversal,True,resolved
2024-12-16,1298598.6626858613,-0.0032561263874623103,1298598.6626858613,-0.0032561263874623103,reversal,True,resolved
2024-12-17,1291850.1148277477,-0.005196792551869556,1291850.1148277477,-0.005196792551869556,reversal,True,resolved
2024-12-18,1273334.3555138814,-0.014332745804907177,1273334.3555138814,-0.014332745804907177,reversal,True,resolved
2024-12-19,1264903.1853154022,-0.006621332536870583,1264903.1853154022,-0.006621332536870583,reversal,True,resolved
2024-12-20,1276347.4294162719,0.009047525718749894,1276347.4294162719,0.009047525718749894,reversal,True,resolved
2024-12-23,1279533.6471504043,0.0024963561336819318,1279533.6471504043,0.0024963561336819318,reversal,True,resolved
2024-12-24,1287862.0286588543,0.006508919501255539,1287862.0286588543,0.006508919501255539,reversal,True,resolved
2024-12-26,1289641.378252143,0.001381630604593287,1289641.378252143,0.001381630604593287,reversal,True,resolved
2024-12-27,1282270.1264098133,-0.005715737697808754,1282270.1264098133,-0.005715737697808754,reversal,True,resolved
2024-12-30,1273129.8265700312,-0.007128217098353318,1273129.8265700312,-0.007128217098353318,reversal,True,resolved
2024-12-31,1261122.8901271648,-0.00943103852590954,1261122.8901271648,-0.00943103852590954,reversal,True,resolved
2025-01-02,1265870.5842014658,0.003764656173850245,1265870.5842014658,0.003764656173850245,reversal,True,resolved
2025-01-03,1295580.4050825709,0.023469872238042866,1295580.4050825709,0.023469872238042866,reversal,True,resolved
2025-01-06,1310929.6199333954,0.011847365698500534,1310929.6199333954,0.011847365698500534,reversal,True,resolved
2025-01-07,1310701.3611335917,-0.0001741197973811337,1310701.3611335917,-0.0001741197973811337,reversal,True,resolved
2025-01-08,1309851.338125728,-0.0006485253110048994,1309851.338125728,-0.0006485253110048994,reversal,True,resolved
2025-01-10,1301470.9790679035,-0.006397946708834978,1301470.9790679035,-0.006397946708834978,reversal,True,resolved
2025-01-13,1287836.8623088214,-0.010475928375173305,1287836.8623088214,-0.010475928375173305,reversal,True,resolved
2025-01-14,1291463.091169296,0.0028157517202711535,1291463.091169296,0.0028157517202711535,reversal,True,resolved
2025-01-15,1307015.3301077783,0.012042341004419477,1307015.3301077783,0.012042341004419477,reversal,True,resolved
2025-01-16,1311853.4851281133,0.00370168192284015,1311853.4851281133,0.00370168192284015,reversal,True,resolved
2025-01-17,1312234.7664204186,0.0002906431980611579,1312234.7664204186,0.0002906431980611579,reversal,True,resolved
2025-01-21,1323580.8579715365,0.008646388467566934,1323580.8579715365,0.008646388467566934,reversal,True,resolved
2025-01-22,1318539.244274253,-0.0038090711775705666,1318539.244274253,-0.0038090711775705666,reversal,True,resolved
2025-01-23,1321682.6721801613,0.0023840230160450115,1321682.6721801613,0.0023840230160450115,reversal,True,resolved
2025-01-24,1320625.59190045,-0.0007997988488172014,1320625.59190045,-0.0007997988488172014,reversal,True,resolved
2025-01-27,1305369.4780214117,-0.011552187063923136,1305369.4780214117,-0.011552187063923136,reversal,True,resolved
2025-01-28,1309133.7032708456,0.002883647360239605,1309133.7032708456,0.002883647360239605,reversal,True,resolved
2025-01-29,1320242.4097299036,0.00848554004171076,1320242.4097299036,0.00848554004171076,reversal,True,resolved
2025-01-30,1329672.6829487938,0.0071428346411166466,1329672.6829487938,0.0071428346411166466,reversal,True,resolved
2025-01-31,1327884.5479501667,-0.001344793362725527,1327884.5479501667,-0.001344793362725527,reversal,True,resolved
2025-02-03,1321114.4767857473,-0.005098388391423181,1321114.4767857473,-0.005098388391423181,reversal,True,resolved
2025-02-04,1321766.023733897,0.0004931797808580551,1321766.023733897,0.0004931797808580551,reversal,True,resolved
2025-02-05,1326685.180378717,0.0037216546321290345,1326685.180378717,0.0037216546321290345,reversal,True,resolved
2025-02-06,1322794.676229008,-0.002932499893153473,1322794.676229008,-0.002932499893153473,reversal,True,resolved
2025-02-07,1318625.3840681002,-0.003151881570005566,1318625.3840681002,-0.003151881570005566,reversal,True,resolved
2025-02-10,1324644.4449557227,0.004564648125499504,1324644.4449557227,0.004564648125499504,reversal,True,resolved
2025-02-11,1311106.8932799413,-0.010219762538794974,1311106.8932799413,-0.010219762538794974,reversal,True,resolved
2025-02-12,1313862.6064338395,0.0021018218789197185,1313862.6064338395,0.0021018218789197185,reversal,True,resolved
2025-02-13,1323257.2977880414,0.007150436665293025,1323257.2977880414,0.007150436665293025,reversal,True,resolved
2025-02-14,1323385.3605647709,9.677843979671863e-05,1323385.3605647709,9.677843979671863e-05,reversal,True,resolved
2025-02-18,1329727.036208601,0.004792009820271614,1329727.036208601,0.004792009820271614,reversal,True,resolved
2025-02-19,1330308.468021338,0.00043725651724346726,1330308.468021338,0.00043725651724346726,reversal,True,resolved
2025-02-20,1321361.6151111708,-0.006725397248259712,1321361.6151111708,-0.006725397248259712,reversal,True,resolved
2025-02-21,1294758.750102944,-0.020132917971882103,1294758.750102944,-0.020132917971882103,reversal,True,resolved
2025-02-24,1278993.3057313305,-0.012176356692209955,1278993.3057313305,-0.012176356692209955,reversal,True,resolved
2025-02-25,1261218.3699458553,-0.013897598764452845,1261218.3699458553,-0.013897598764452845,reversal,True,resolved
2025-02-26,1296424.5452676732,0.027914416853386914,1296424.5452676732,0.027914416853386914,reversal,True,resolved
2025-02-27,1282529.1717453608,-0.010718227738771624,1282529.1717453608,-0.010718227738771624,reversal,True,resolved
2025-02-28,1291670.6729350814,0.007127714044336431,1291670.6729350814,0.007127714044336431,reversal,True,resolved
2025-03-03,1259459.3437814857,-0.024937725868159122,1259459.3437814857,-0.024937725868159122,reversal,True,resolved
2025-03-04,1271231.9017865655,0.0093473108625588,1271231.9017865655,0.0093473108625588,reversal,True,resolved
2025-03-05,1280493.7979774834,0.007285764444631582,1280493.7979774834,0.007285764444631582,reversal,True,resolved
2025-03-06,1271150.60863039,-0.0072965518160656995,1271150.60863039,-0.0072965518160656995,reversal,True,resolved
2025-03-07,1282741.6685833652,0.009118557529122384,1282741.6685833652,0.009118557529122384,reversal,True,resolved
2025-03-10,1250967.482679422,-0.0247705260397707,1250967.482679422,-0.0247705260397707,reversal,True,resolved
2025-03-11,1263035.972380695,0.00964732486525044,1263035.972380695,0.00964732486525044,reversal,True,resolved
2025-03-12,1277243.2775040714,0.011248535618979316,1277243.2775040714,0.011248535618979316,reversal,True,resolved
2025-03-13,1271504.8403424823,-0.004492830193479569,1271504.8403424823,-0.004492830193479569,reversal,True,resolved
2025-03-14,1287561.8998090872,0.012628390358529584,1287561.8998090872,0.012628390358529584,reversal,True,resolved
2025-03-17,1296579.3627080373,0.007003517967009598,1296579.3627080373,0.007003517967009598,reversal,True,resolved
2025-03-18,1292381.6550344126,-0.003237524670188563,1292381.6550344126,-0.003237524670188563,reversal,True,resolved
2025-03-19,1307408.8032714918,0.011627484944978672,1307408.8032714918,0.011627484944978672,reversal,True,resolved
2025-03-20,1308184.9698050239,0.000593667819575483,1308184.9698050239,0.000593667819575483,reversal,True,resolved
2025-03-21,1317013.3879397642,0.006748600800738469,1317013.3879397642,0.006748600800738469,reversal,True,resolved
2025-03-24,1338270.1836782512,0.016140151598412755,1338270.1836782512,0.016140151598412755,reversal,True,resolved
2025-03-25,1332788.8614886652,-0.004095826281147907,1332788.8614886652,-0.004095826281147907,reversal,True,resolved
2025-03-26,1332825.173899188,2.724543367071952e-05,1332825.173899188,2.724543367071952e-05,reversal,True,resolved
2025-03-27,1327230.9846087357,-0.004197241618783654,1327230.9846087357,-0.004197241618783654,reversal,True,resolved
2025-03-28,1307544.51297498,-0.014832739637674397,1307544.51297498,-0.014832739637674397,reversal,True,resolved
2025-03-31,1283190.266224207,-0.018625940844921085,1283190.266224207,-0.018625940844921085,reversal,True,resolved
2025-04-01,1290747.3263996143,0.005889274859950611,1290747.3263996143,0.005889274859950611,reversal,True,resolved
2025-04-02,1303616.4052120305,0.00997025409172303,1303616.4052120305,0.00997025409172303,reversal,True,resolved
2025-04-03,1261158.2484597282,-0.032569517062342124,1261158.2484597282,-0.032569517062342124,reversal,True,resolved
2025-04-04,1229532.1747131431,-0.025077006620866538,1229532.1747131431,-0.025077006620866538,reversal,True,resolved
2025-04-07,1248388.3632088916,0.01533606755768524,1248388.3632088916,0.01533606755768524,reversal,True,resolved
2025-04-08,1242800.6567916784,-0.004475936000276737,1242800.6567916784,-0.004475936000276737,reversal,True,resolved
2025-04-09,1334139.760920109,0.07349457342919719,1334139.760920109,0.07349457342919719,reversal,True,resolved
2025-04-10,1253405.5188724874,-0.060514081367263994,1253405.5188724874,-0.060514081367263994,reversal,True,resolved
2025-04-11,1276963.5509472121,0.01879521967951492,1276963.5509472121,0.01879521967951492,reversal,True,resolved
2025-04-14,1291646.4540849542,0.011498294627791728,1291646.4540849542,0.011498294627791728,reversal,True,resolved
2025-04-15,1291015.969546273,-0.0004881247006000011,1291015.969546273,-0.0004881247006000011,reversal,True,resolved
2025-04-16,1273011.1464862302,-0.013946243489436072,1273011.1464862302,-0.013946243489436072,reversal,True,resolved
2025-04-17,1279699.9619311374,0.005254325905448498,1279699.9619311374,0.005254325905448498,reversal,True,resolved
2025-04-21,1257561.35875247,-0.017299838897595232,1257561.35875247,-0.017299838897595232,reversal,True,resolved
2025-04-22,1278862.8702678564,0.01693874526847572,1278862.8702678564,0.01693874526847572,reversal,True,resolved
2025-04-23,1307336.3795940082,0.022264708740967754,1307336.3795940082,0.022264708740967754,reversal,True,resolved
2025-04-24,1315397.4000957904,0.006165988056023863,1315397.4000957904,0.006165988056023863,reversal,True,resolved
2025-04-25,1311340.9838784453,-0.0030837952219228137,1311340.9838784453,-0.0030837952219228137,reversal,True,resolved
2025-04-28,1313841.2780005177,0.0019066697013292444,1313841.2780005177,0.0019066697013292444,reversal,True,resolved
2025-04-29,1315912.9384734982,0.0015767966098105823,1315912.9384734982,0.0015767966098105823,reversal,True,resolved
2025-04-30,1318888.066087172,0.0022608848402425608,1318888.066087172,0.0022608848402425608,reversal,True,resolved
2025-05-01,1320403.09473659,0.0011487166260537585,1320403.09473659,0.0011487166260537585,reversal,True,resolved
2025-05-02,1336742.2576223398,0.012374374879066119,1336742.2576223398,0.012374374879066119,reversal,True,resolved
2025-05-05,1332544.4465992558,-0.0031403294084161315,1332544.4465992558,-0.0031403294084161315,reversal,True,resolved
2025-05-06,1328434.629184673,-0.003084187867107402,1328434.629184673,-0.003084187867107402,reversal,True,resolved
2025-05-07,1325916.5303319576,-0.001895538400907948,1325916.5303319576,-0.001895538400907948,reversal,True,resolved
2025-05-08,1330959.179046351,0.00380314190149722,1330959.179046351,0.00380314190149722,reversal,True,resolved
2025-05-09,1332319.1398582011,0.0010217900242623923,1332319.1398582011,0.0010217900242623923,reversal,True,resolved
2025-05-12,1336419.3933969783,0.0030775310630255515,1336419.3933969783,0.0030775310630255515,reversal,True,resolved
2025-05-13,1344037.5653939603,0.005700435083943134,1344037.5653939603,0.005700435083943134,reversal,True,resolved
2025-05-14,1336499.4496020793,-0.005608560345313984,1336499.4496020793,-0.005608560345313984,reversal,True,resolved
2025-05-15,1344722.847039117,0.006152937391396662,1344722.847039117,0.006152937391396662,reversal,True,resolved
2025-05-16,1352348.1260484965,0.005670520900399101,1352348.1260484965,0.005670520900399101,reversal,True,resolved
2025-05-19,1346949.7776780422,-0.003991833364851094,1346949.7776780422,-0.003991833364851094,reversal,True,resolved
2025-05-20,1339030.2151668794,-0.005879627171263224,1339030.2151668794,-0.005879627171263224,reversal,True,resolved
2025-05-21,1298221.1496642723,-0.03047658300789058,1298221.1496642723,-0.03047658300789058,reversal,True,resolved
2025-05-22,1300696.4131851804,0.0019066578306385917,1300696.4131851804,0.0019066578306385917,reversal,True,resolved
2025-05-23,1295365.2890078058,-0.004098669084755646,1295365.2890078058,-0.004098669084755646,reversal,True,resolved
2025-05-27,1305779.3937634972,0.00803951197709507,1305779.3937634972,0.00803951197709507,reversal,True,resolved
2025-05-28,1298326.1774222006,-0.00570786794223721,1298326.1774222006,-0.00570786794223721,reversal,True,resolved
2025-05-29,1297770.1411115825,-0.0004282716626126115,1297770.1411115825,-0.0004282716626126115,reversal,True,resolved
2025-05-30,1294520.830226651,-0.002503764558913657,1294520.830226651,-0.002503764558913657,reversal,True,resolved
2025-06-02,1296862.3777813325,0.0018088141187126983,1296862.3777813325,0.0018088141187126983,reversal,True,resolved
2025-06-03,1310877.3513441863,0.010806831783362059,1310877.3513441863,0.010806831783362059,reversal,True,resolved
2025-06-04,1309463.8870257838,-0.001078258249677777,1309463.8870257838,-0.001078258249677777,reversal,True,resolved
2025-06-05,1306072.966965755,-0.0025895483591614754,1306072.966965755,-0.0025895483591614754,reversal,True,resolved
2025-06-06,1315540.4927458582,0.0072488490456226184,1315540.4927458582,0.0072488490456226184,reversal,True,resolved
2025-06-09,1314487.606870838,-0.000800344710653933,1314487.606870838,-0.000800344710653933,reversal,True,resolved
2025-06-10,1320906.710439516,0.004883350390772367,1320906.710439516,0.004883350390772367,reversal,True,resolved
2025-06-11,1323326.797307653,0.0018321406417352026,1323326.797307653,0.0018321406417352026,reversal,True,resolved
2025-06-12,1329490.2533497873,0.004657546461444229,1329490.2533497873,0.004657546461444229,reversal,True,resolved
2025-06-13,1316406.4715450115,-0.009841201747669781,1316406.4715450115,-0.009841201747669781,reversal,True,resolved
2025-06-16,1338200.5067165825,0.016555703456845094,1338200.5067165825,0.016555703456845094,reversal,True,resolved
2025-06-17,1328325.2087026301,-0.007379535401748183,1328325.2087026301,-0.007379535401748183,reversal,True,resolved
2025-06-18,1328247.8366035605,-5.824785870411908e-05,1328247.8366035605,-5.824785870411908e-05,reversal,True,resolved
2025-06-20,1327561.8128076396,-0.0005164877946838287,1327561.8128076396,-0.0005164877946838287,reversal,True,resolved
2025-06-23,1328230.1263292101,0.0005034142403939068,1328230.1263292101,0.0005034142403939068,reversal,True,resolved
2025-06-24,1347413.9579888158,0.014443153546459309,1347413.9579888158,0.014443153546459309,reversal,True,resolved
2025-06-25,1346320.2432180736,-0.0008117139979570975,1346320.2432180736,-0.0008117139979570975,reversal,True,resolved
2025-06-26,1353105.5760979345,0.005039910016982452,1353105.5760979345,0.005039910016982452,reversal,True,resolved
2025-06-27,1361795.2659449405,0.006422033875630895,1361795.2659449405,0.006422033875630895,reversal,True,resolved
2025-06-30,1367359.2331635812,0.004085758966697384,1367359.2331635812,0.004085758966697384,reversal,True,resolved
2025-07-01,1372213.610253506,0.0035501841595011463,1372213.610253506,0.0035501841595011463,reversal,True,resolved
2025-07-02,1390646.6076296796,0.013433037858273433,1390646.6076296796,0.013433037858273433,reversal,True,resolved
2025-07-03,1393837.5025006197,0.0022945404342364917,1393837.5025006197,0.0022945404342364917,reversal,True,resolved
2025-07-07,1387797.5634558576,-0.004333316497745376,1387797.5634558576,-0.004333316497745376,reversal,True,resolved
2025-07-08,1390613.262086304,0.0020288972286670592,1390613.262086304,0.0020288972286670592,reversal,True,resolved
2025-07-09,1389554.9204419062,-0.0007610610895583125,1389554.9204419062,-0.0007610610895583125,reversal,True,resolved
2025-07-10,1390076.6626834404,0.00037547435791029926,1390076.6626834404,0.00037547435791029926,reversal,True,resolved
2025-07-11,1380469.8997349227,-0.0069109590905386264,1380469.8997349227,-0.0069109590905386264,reversal,True,resolved
2025-07-14,1388725.381644289,0.005980196968403018,1388725.381644289,0.005980196968403018,reversal,True,resolved
2025-07-15,1373223.3617935744,-0.011162768431840608,1373223.3617935744,-0.011162768431840608,reversal,True,resolved
2025-07-16,1375012.8561585995,0.0013031342276961233,1375012.8561585995,0.0013031342276961233,reversal,True,resolved
2025-07-17,1385833.4154870352,0.007869424114815393,1385833.4154870352,0.007869424114815393,reversal,True,resolved
2025-07-18,1386118.7737200446,0.00020591091961019714,1386118.7737200446,0.00020591091961019714,reversal,True,resolved
2025-07-21,1382947.0553217933,-0.002288201024605696,1382947.0553217933,-0.002288201024605696,reversal,True,resolved
2025-07-22,1393895.1718084826,0.00791651165860574,1393895.1718084826,0.00791651165860574,reversal,True,resolved
2025-07-23,1409831.12475846,0.011432676769589367,1409831.12475846,0.011432676769589367,reversal,True,resolved
2025-07-24,1408122.268026131,-0.00121210030217056,1408122.268026131,-0.00121210030217056,reversal,True,resolved
2025-07-25,1413639.0065821677,0.003917797964923864,1413639.0065821677,0.003917797964923864,reversal,True,resolved
2025-07-28,1411194.3289098109,-0.001729350747237457,1411194.3289098109,-0.001729350747237457,reversal,True,resolved
2025-07-29,1407189.5659045181,-0.002837853669938273,1407189.5659045181,-0.002837853669938273,reversal,True,resolved
2025-07-30,1402327.503118767,-0.0034551583550336273,1402327.503118767,-0.0034551583550336273,reversal,True,resolved
2025-07-31,1395426.4180329577,-0.00492116504201856,1395426.4180329577,-0.00492116504201856,reversal,True,resolved
2025-08-01,1386469.6638187428,-0.006418650312526419,1386469.6638187428,-0.006418650312526419,reversal,True,resolved
2025-08-04,1397372.430601092,0.00786368938813986,1397372.430601092,0.00786368938813986,reversal,True,resolved
2025-08-05,1397540.15673203,0.00012002965513335795,1397540.15673203,0.00012002965513335795,reversal,True,resolved
2025-08-06,1399080.687265396,0.0011023157552541019,1399080.687265396,0.0011023157552541019,reversal,True,resolved
2025-08-07,1406632.9606213314,0.005398025592574518,1406632.9606213314,0.005398025592574518,reversal,True,resolved
2025-08-08,1403481.6080792514,-0.0022403516982055782,1403481.6080792514,-0.0022403516982055782,reversal,True,resolved
2025-08-11,1401297.9917718556,-0.0015558567314495342,1401297.9917718556,-0.0015558567314495342,reversal,True,resolved
2025-08-12,1416947.204224091,0.011167654948572414,1416947.204224091,0.011167654948572414,reversal,True,resolved
2025-08-13,1427591.271597735,0.007511971753014324,1427591.271597735,0.007511971753014324,reversal,True,resolved
2025-08-14,1423641.8662338683,-0.0027664818652516354,1423641.8662338683,-0.0027664818652516354,reversal,True,resolved
2025-08-15,1426022.7802595245,0.001672410795247714,1426022.7802595245,0.001672410795247714,reversal,True,resolved
2025-08-18,1431346.8382971385,0.003733501393746952,1431346.8382971385,0.003733501393746952,reversal,True,resolved
2025-08-19,1429122.1013578041,-0.001554296191397686,1429122.1013578041,-0.001554296191397686,reversal,True,resolved
2025-08-20,1432860.9063306693,0.0026161550292398417,1432860.9063306693,0.0026161550292398417,reversal,True,resolved
2025-08-21,1432514.9490407775,-0.00024144513145918367,1432514.9490407775,-0.00024144513145918367,reversal,True,resolved
2025-08-22,1460065.1409155629,0.019232044938332526,1460065.1409155629,0.019232044938332526,reversal,True,resolved
2025-08-25,1448693.4883405801,-0.00778845563551489,1448693.4883405801,-0.00778845563551489,reversal,True,resolved
2025-08-26,1449512.4307839214,0.0005652972488192631,1449512.4307839214,0.0005652972488192631,reversal,True,resolved
2025-08-27,1453538.1809014305,0.002777313275838633,1453538.1809014305,0.002777313275838633,reversal,True,resolved
2025-08-28,1453402.5896257726,-9.328360096738653e-05,1453402.5896257726,-9.328360096738653e-05,reversal,True,resolved
2025-08-29,1456015.9026064414,0.001798065449533759,1456015.9026064414,0.001798065449533759,reversal,True,resolved
2025-09-02,1454310.9011003014,-0.0011710047280993896,1454310.9011003014,-0.0011710047280993896,reversal,True,resolved
2025-09-03,1455450.153008736,0.0007833620084760629,1455450.153008736,0.0007833620084760629,reversal,True,resolved
2025-09-04,1466265.5482392472,0.0074309623096011634,1466265.5482392472,0.0074309623096011634,reversal,True,resolved
2025-09-05,1467964.6916781336,0.0011588238166864162,1467964.6916781336,0.0011588238166864162,reversal,True,resolved
2025-09-08,1462222.4338834325,-0.003911713835662245,1462222.4338834325,-0.003911713835662245,reversal,True,resolved
2025-09-09,1465069.9933544693,0.0019474188092396538,1465069.9933544693,0.0019474188092396538,reversal,True,resolved
2025-09-10,1473162.6475004817,0.0055237320965690895,1473162.6475004817,0.0055237320965690895,reversal,True,resolved
2025-09-11,1486578.8692225083,0.0091070879001649,1486578.8692225083,0.0091070879001649,reversal,True,resolved
2025-09-12,1477778.93807462,-0.005919585788603854,1477778.93807462,-0.005919585788603854,reversal,True,resolved
2025-09-15,1481865.6506404073,0.002765442422066222,1481865.6506404073,0.002765442422066222,reversal,True,resolved
2025-09-16,1484965.289954831,0.0020917141260976546,1484965.289954831,0.0020917141260976546,reversal,True,resolved
2025-09-17,1489274.1689787097,0.002901669859239453,1489274.1689787097,0.002901669859239453,reversal,True,resolved
2025-09-18,1497795.8101793232,0.005722009672978645,1497795.8101793232,0.005722009672978645,reversal,True,resolved
2025-09-19,1492721.0106610176,-0.0033881784712016527,1492721.0106610176,-0.0033881784712016527,reversal,True,resolved
2025-09-22,1494748.29054124,0.0013581103674051853,1494748.29054124,0.0013581103674051853,reversal,True,resolved
2025-09-23,1497480.4177632236,0.0018278175926158546,1497480.4177632236,0.0018278175926158546,reversal,True,resolved
2025-09-24,1495247.1970588583,-0.001491318803154007,1495247.1970588583,-0.001491318803154007,reversal,True,resolved
2025-09-25,1484986.5404381966,-0.0068621808091962055,1484986.5404381966,-0.0068621808091962055,reversal,True,resolved
2025-09-26,1489310.5121965646,0.002911791885394477,1489310.5121965646,0.002911791885394477,reversal,True,resolved
2025-09-29,1495161.5787790832,0.003928708308040374,1495161.5787790832,0.003928708308040374,reversal,True,resolved
2025-09-30,1495666.937148384,0.0003379958236444658,1495666.937148384,0.0003379958236444658,reversal,True,resolved
2025-10-01,1495768.1518850743,6.767197574286676e-05,1495768.1518850743,6.767197574286676e-05,reversal,True,resolved
2025-10-02,1499374.575431026,0.0024110845931615277,1499374.575431026,0.0024110845931615277,reversal,True,resolved
2025-10-03,1505870.778147256,0.004332608290601669,1505870.778147256,0.004332608290601669,reversal,True,resolved
2025-10-06,1502667.6928831171,-0.0021270651576623667,1502667.6928831171,-0.0021270651576623667,reversal,True,resolved
2025-10-07,1497173.0765877878,-0.003656574451791794,1497173.0765877878,-0.003656574451791794,reversal,True,resolved
2025-10-08,1499762.422300974,0.0017294898991153662,1499762.422300974,0.0017294898991153662,reversal,True,resolved
2025-10-09,1488908.416663289,-0.0072371500154220225,1488908.416663289,-0.0072371500154220225,reversal,True,resolved
2025-10-10,1470415.2273422794,-0.01242063589273934,1470415.2273422794,-0.01242063589273934,reversal,True,resolved
2025-10-13,1478694.2262476517,0.005630381644194715,1478694.2262476517,0.005630381644194715,reversal,True,resolved
2025-10-14,1472349.302267427,-0.004290896567795244,1472349.302267427,-0.004290896567795244,reversal,True,resolved
2025-10-15,1474404.8590448129,0.001396106735147784,1474404.8590448129,0.001396106735147784,reversal,True,resolved
2025-10-16,1481795.8412989767,0.005012858041550494,1481795.8412989767,0.005012858041550494,reversal,True,resolved
2025-10-17,1487486.5362000563,0.0038404041518236287,1487486.5362000563,0.0038404041518236287,reversal,True,resolved
2025-10-20,1493592.7956411082,0.004105085520068608,1493592.7956411082,0.004105085520068608,reversal,True,resolved
2025-10-21,1487926.269895714,-0.003793889313025156,1487926.269895714,-0.003793889313025156,reversal,True,resolved
2025-10-22,1474585.6931967968,-0.008965885587766564,1474585.6931967968,-0.008965885587766564,reversal,True,resolved
2025-10-23,1500419.3392460728,0.017519257218121087,1500419.3392460728,0.017519257218121087,reversal,True,resolved
2025-10-24,1525854.1571265901,0.01695180621525294,1525854.1571265901,0.01695180621525294,reversal,True,resolved
2025-10-27,1529299.4372179955,0.0022579353834795146,1529299.4372179955,0.0022579353834795146,reversal,True,resolved
2025-10-28,1530061.6334121628,0.0004983956546493751,1530061.6334121628,0.0004983956546493751,reversal,True,resolved
2025-10-29,1527476.802526336,-0.001689363898408791,1527476.802526336,-0.001689363898408791,reversal,True,resolved
2025-10-30,1522469.435985789,-0.003278194819237301,1522469.435985789,-0.003278194819237301,reversal,True,resolved
2025-10-31,1523843.7334726667,0.0009026765689965632,1523843.7334726667,0.0009026765689965632,reversal,True,resolved
2025-11-03,1516081.3198429677,-0.005093969584406999,1516081.3198429677,-0.005093969584406999,reversal,True,resolved
2025-11-04,1511176.3634477,-0.0032352858194808487,1511176.3634477,-0.0032352858194808487,reversal,True,resolved
2025-11-05,1518790.317612146,0.005038428570359077,1518790.317612146,0.005038428570359077,reversal,True,resolved
2025-11-06,1503919.673827231,-0.009791110472902487,1503919.673827231,-0.009791110472902487,reversal,True,resolved
2025-11-07,1513084.8098363932,0.006094165911028071,1513084.8098363932,0.006094165911028071,reversal,True,resolved
2025-11-10,1525821.5400636327,0.0084177239401515,1525821.5400636327,0.0084177239401515,reversal,True,resolved
2025-11-11,1524288.9334303793,-0.0010044468458542122,1524288.9334303793,-0.0010044468458542122,reversal,True,resolved
2025-11-12,1528041.007098661,0.0024615239184593296,1528041.007098661,0.0024615239184593296,reversal,True,resolved
2025-11-13,1492891.6209130504,-0.02300290765910129,1492891.6209130504,-0.02300290765910129,reversal,True,resolved
2025-11-14,1510880.54617478,0.012049719490506261,1510880.54617478,0.012049719490506261,reversal,True,resolved
2025-11-17,1493456.8007898992,-0.011532179316885105,1493456.8007898992,-0.011532179316885105,reversal,True,resolved
2025-11-18,1492711.9209230302,-0.0004987622450646212,1492711.9209230302,-0.0004987622450646212,reversal,True,resolved
2025-11-19,1491654.4177318425,-0.000708444259314156,1491654.4177318425,-0.000708444259314156,reversal,True,resolved
2025-11-20,1466298.2629893047,-0.01699867907815633,1466298.2629893047,-0.01699867907815633,reversal,True,resolved
2025-11-21,1486134.203919341,0.013527903176804745,1486134.203919341,0.013527903176804745,reversal,True,resolved
2025-11-24,1515146.724207315,0.0195221402020489,1515146.724207315,0.0195221402020489,reversal,True,resolved
2025-11-25,1512635.9880612502,-0.001657091096163188,1512635.9880612502,-0.001657091096163188,reversal,True,resolved
2025-11-26,1518064.3285846093,0.0035886628152466127,1518064.3285846093,0.0035886628152466127,reversal,True,resolved
2025-11-28,1526029.201770885,0.0052467296914233685,1526029.201770885,0.0052467296914233685,reversal,True,resolved
2025-12-01,1520970.092639984,-0.003315211219438008,1520970.092639984,-0.003315211219438008,reversal,True,resolved
2025-12-02,1517915.305002666,-0.0020084468801195854,1517915.305002666,-0.0020084468801195854,reversal,True,resolved
2025-12-03,1520673.9436787497,0.0018173864292638786,1520673.9436787497,0.0018173864292638786,reversal,True,resolved
2025-12-04,1528410.0051588474,0.005087258522614713,1528410.0051588474,0.005087258522614713,reversal,True,resolved
2025-12-05,1525729.4012247156,-0.0017538513390280563,1525729.4012247156,-0.0017538513390280563,reversal,True,resolved
2025-12-08,1520428.0761845391,-0.0034746168199426553,1520428.0761845391,-0.0034746168199426553,reversal,True,resolved
2025-12-09,1515866.574467236,-0.003000143044418202,1515866.574467236,-0.003000143044418202,reversal,True,resolved
2025-12-10,1522672.8197204904,0.004490002859022457,1522672.8197204904,0.004490002859022457,reversal,True,resolved
2025-12-11,1527615.6049318267,0.0032461242804897594,1527615.6049318267,0.0032461242804897594,reversal,True,resolved
2025-12-12,1516150.521039124,-0.007505215222787798,1516150.521039124,-0.007505215222787798,reversal,True,resolved
2025-12-15,1505357.9472071356,-0.007118405252132587,1505357.9472071356,-0.007118405252132587,reversal,True,resolved
2025-12-16,1502105.388082868,-0.0021606549660179164,1502105.388082868,-0.0021606549660179164,reversal,True,resolved
2025-12-17,1490898.4287568277,-0.0074608342496818025,1490898.4287568277,-0.0074608342496818025,reversal,True,resolved
2025-12-18,1489833.5315433051,-0.0007142654341721899,1489833.5315433051,-0.0007142654341721899,reversal,True,resolved
2025-12-19,1510614.729752849,0.013948671290823222,1510614.729752849,0.013948671290823222,reversal,True,resolved
2025-12-22,1516697.2608606655,0.004026527074055153,1516697.2608606655,0.004026527074055153,reversal,True,resolved
2025-12-23,1513667.4179678792,-0.0019976583138726633,1513667.4179678792,-0.0019976583138726633,reversal,True,resolved
2025-12-24,1523044.6306386208,0.0061950284186804705,1523044.6306386208,0.0061950284186804705,reversal,True,resolved
2025-12-26,1520648.7881219722,-0.0015730612671829292,1520648.7881219722,-0.0015730612671829292,reversal,True,resolved
2025-12-29,1519551.070783286,-0.0007218743389405535,1519551.070783286,-0.0007218743389405535,reversal,True,resolved
2025-12-30,1514736.742049145,-0.0031682572746035698,1514736.742049145,-0.0031682572746035698,reversal,True,resolved
2025-12-31,1501903.3376156134,-0.008472366238486129,1501903.3376156134,-0.008472366238486129,reversal,True,resolved
2024-01-02,1000000.0,,1000000.0,,momentum,True,resolved
2024-01-03,990269.2571155212,-0.009730742884478727,990269.2571155212,-0.009730742884478727,momentum,True,resolved
2024-01-04,994045.1931165864,0.003813039710092392,994045.1931165864,0.003813039710092392,momentum,True,resolved
2024-01-05,996074.2175706081,0.002041179282463279,996074.2175706081,0.002041179282463279,momentum,True,resolved
2024-01-08,1011734.828289139,0.01572233317786953,1011734.828289139,0.01572233317786953,momentum,True,resolved
2024-01-09,1004225.952476661,-0.007421782469597904,1004225.952476661,-0.007421782469597904,momentum,True,resolved
2024-01-10,1005038.9210135275,0.000809547427908619,1005038.9210135275,0.000809547427908619,momentum,True,resolved
2024-01-11,997749.5750420562,-0.007252799686723099,997749.5750420562,-0.007252799686723099,momentum,True,resolved
2024-01-12,983518.0150292943,-0.014263659307659382,983518.0150292943,-0.014263659307659382,momentum,True,resolved
2024-01-16,976369.73070103,-0.007268076658515921,976369.73070103,-0.007268076658515921,momentum,True,resolved
2024-01-17,961606.6556967711,-0.015120373502012452,961606.6556967711,-0.015120373502012452,momentum,True,resolved
2024-01-18,966285.2982504334,0.00486544318921367,966285.2982504334,0.00486544318921367,momentum,True,resolved
2024-01-19,980533.2892876463,0.014745118303062688,980533.2892876463,0.014745118303062688,momentum,True,resolved
2024-01-22,983016.7160141974,0.002532730661653826,983016.7160141974,0.002532730661653826,momentum,True,resolved
2024-01-23,987922.1128917709,0.004990145943258417,987922.1128917709,0.004990145943258417,momentum,True,resolved
2024-01-24,990773.5481717524,0.0028862956327952993,990773.5481717524,0.0028862956327952993,momentum,True,resolved
2024-01-25,994083.9569875557,0.003341236574101014,994083.9569875557,0.003341236574101014,momentum,True,resolved
2024-01-26,992192.6180001177,-0.0019025948202296972,992192.6180001177,-0.0019025948202296972,momentum,True,resolved
2024-01-29,1002234.2239883181,0.010120621546691577,1002234.2239883181,0.010120621546691577,momentum,True,resolved
2024-01-30,1001870.8273797319,-0.0003625865091096969,1001870.8273797319,-0.0003625865091096969,momentum,True,resolved
2024-01-31,990913.2969762726,-0.010937069035254154,990913.2969762726,-0.010937069035254154,momentum,True,resolved
2024-02-01,1004433.5304032227,0.013644214350747363,1004433.5304032227,0.013644214350747363,momentum,True,resolved
2024-02-02,1021806.6392040468,0.017296424576596747,1021806.6392040468,0.017296424576596747,momentum,True,resolved
2024-02-05,1024982.1370384699,0.003107728715578517,1024982.1370384699,0.003107728715578517,momentum,True,resolved
2024-02-06,1023402.0191990713,-0.0015416052458866458,1023402.0191990713,-0.0015416052458866458,momentum,True,resolved
2024-02-07,1043353.945998763,0.01949568832716042,1043353.945998763,0.01949568832716042,momentum,True,resolved
2024-02-08,1043478.8594120379,0.00011972295092577134,1043478.8594120379,0.00011972295092577134,momentum,True,resolved
2024-02-09,1060540.9506551162,0.016351161395538272,1060540.9506551162,0.016351161395538272,momentum,True,resolved
2024-02-12,1059431.689006565,-0.0010459394782126319,1059431.689006565,-0.0010459394782126319,momentum,True,resolved
2024-02-13,1047719.9945319712,-0.011054695263623682,1047719.9945319712,-0.011054695263623682,momentum,True,resolved
2024-02-14,1077674.346881078,0.028590035988086626,1077674.346881078,0.028590035988086626,momentum,True,resolved
2024-02-15,1092988.07275855,0.014209975324913193,1092988.07275855,0.014209975324913193,momentum,True,resolved
2024-02-16,1066637.1907475002,-0.024109029794391,1066637.1907475002,-0.024109029794391,momentum,True,resolved
2024-02-20,1046105.6182312906,-0.019248881151257224,1046105.6182312906,-0.019248881151257224,momentum,True,resolved
2024-02-21,1022460.0223567092,-0.022603449845303714,1022460.0223567092,-0.022603449845303714,momentum,True,resolved
2024-02-22,1092345.037810197,0.06834987571680995,1092345.037810197,0.06834987571680995,momentum,True,resolved
2024-02-23,1083326.5213618362,-0.008256106025290477,1083326.5213618362,-0.008256106025290477,momentum,True,resolved
2024-02-26,1095849.3178623398,0.011559577148320344,1095849.3178623398,0.011559577148320344,momentum,True,resolved
2024-02-27,1100175.676439252,0.003947950239501452,1100175.676439252,0.003947950239501452,momentum,True,resolved
2024-02-28,1092174.8551457624,-0.007272312472299314,1092174.8551457624,-0.007272312472299314,momentum,True,resolved
2024-02-29,1113679.4454868564,0.019689695509629734,1113679.4454868564,0.019689695509629734,momentum,True,resolved
2024-03-01,1144269.565725802,0.02746761679306453,1144269.565725802,0.02746761679306453,momentum,True,resolved
2024-03-04,1177424.3907721185,0.028974662998475065,1177424.3907721185,0.028974662998475065,momentum,True,resolved
2024-03-05,1168408.2197289676,-0.0076575371750523535,1168408.2197289676,-0.0076575371750523535,momentum,True,resolved
2024-03-06,1188755.5486340574,0.017414571860689065,1188755.5486340574,0.017414571860689065,momentum,True,resolved
2024-03-07,1205033.7907589225,0.013693515158410552,1205033.7907589225,0.013693515158410552,momentum,True,resolved
2024-03-08,1188138.8051771552,-0.014020341762472022,1188138.8051771552,-0.014020341762472022,momentum,True,resolved
2024-03-11,1159762.913827344,-0.023882639996410382,1159762.913827344,-0.023882639996410382,momentum,True,resolved
2024-03-12,1189730.868020811,0.02583972451280525,1189730.868020811,0.02583972451280525,momentum,True,resolved
2024-03-13,1195023.3280579876,0.004448451477081505,1195023.3280579876,0.004448451477081505,momentum,True,resolved
2024-03-14,1176160.0920186962,-0.015784826619197223,1176160.0920186962,-0.015784826619197223,momentum,True,resolved
2024-03-15,1171450.122761734,-0.004004530751318236,1171450.122761734,-0.004004530751318236,momentum,True,resolved
2024-03-18,1178463.5828392326,0.005986989920632846,1178463.5828392326,0.005986989920632846,momentum,True,resolved
2024-03-19,1177918.730493434,-0.00046234126682631604,1177918.730493434,-0.00046234126682631604,momentum,True,resolved
2024-03-20,1213044.5344379966,0.029820227011627676,1213044.5344379966,0.029820227011627676,momentum,True,resolved
2024-03-21,1234722.3405169782,0.017870577265347354,1234722.3405169782,0.017870577265347354,momentum,True,resolved
2024-03-22,1231433.921323138,-0.0026632863810200913,1231433.921323138,-0.0026632863810200913,momentum,True,resolved
2024-03-25,1251551.353486644,0.016336590876017576,1251551.353486644,0.016336590876017576,momentum,True,resolved
2024-03-26,1238420.0461274516,-0.010492024416425716,1238420.0461274516,-0.010492024416425716,momentum,True,resolved
2024-03-27,1233150.6341949082,-0.004254947220065475,1233150.6341949082,-0.004254947220065475,momentum,True,resolved
2024-03-28,1238802.3965343088,0.004583188933029669,1238802.3965343088,0.004583188933029669,momentum,True,resolved
2024-04-01,1237338.095460745,-0.0011820295776471257,1237338.095460745,-0.0011820295776471257,momentum,True,resolved
2024-04-02,1228122.2280322264,-0.00744814005349681,1228122.2280322264,-0.00744814005349681,momentum,True,resolved
2024-04-03,1246651.7037738264,0.015087647889322042,1246651.7037738264,0.015087647889322042,momentum,True,resolved
2024-04-04,1226267.201974159,-0.016351400906893132,1226267.201974159,-0.016351400906893132,momentum,True,resolved
2024-04-05,1244635.353099915,0.01497891413566732,1244635.353099915,0.01497891413566732,momentum,True,resolved
2024-04-08,1246430.825786887,0.001442569249298753,1246430.825786887,0.001442569249298753,momentum,True,resolved
2024-04-09,1230837.7289633402,-0.012510198320635046,1230837.7289633402,-0.012510198320635046,momentum,True,resolved
2024-04-10,1228415.7284946283,-0.001967765865246718,1228415.7284946283,-0.001967765865246718,momentum,True,resolved
2024-04-11,1243616.5754446737,0.01237435063508463,1243616.5754446737,0.01237435063508463,momentum,True,resolved
2024-04-12,1211767.6631258281,-0.025609913013146746,1211767.6631258281,-0.025609913013146746,momentum,True,resolved
2024-04-15,1188572.6129788011,-0.019141499524086947,1188572.6129788011,-0.019141499524086947,momentum,True,resolved
2024-04-16,1187642.8328050694,-0.000782266193566028,1187642.8328050694,-0.000782266193566028,momentum,True,resolved
2024-04-17,1180242.2916447958,-0.006231285160703037,1180242.2916447958,-0.006231285160703037,momentum,True,resolved
2024-04-18,1161692.4033905398,-0.01571701707825157,1161692.4033905398,-0.01571701707825157,momentum,True,resolved
2024-04-19,1149047.9797989766,-0.010884485044973191,1149047.9797989766,-0.010884485044973191,momentum,True,resolved
2024-04-22,1153915.7131537595,0.004236318622338642,1153915.7131537595,0.004236318622338642,momentum,True,resolved
2024-04-23,1164797.280692869,0.009430123374756016,1164797.280692869,0.009430123374756016,momentum,True,resolved
2024-04-24,1166768.5209464775,0.0016923462015947521,1166768.5209464775,0.0016923462015947521,momentum,True,resolved
2024-04-25,1179683.9654798156,0.011069414628071206,1179683.9654798156,0.011069414628071206,momentum,True,resolved
2024-04-26,1188615.2558728685,0.007570917851223102,1188615.2558728685,0.007570917851223102,momentum,True,resolved
2024-04-29,1194982.6353095435,0.005356972666482385,1194982.6353095435,0.005356972666482385,momentum,True,resolved
2024-04-30,1171490.4790953298,-0.019658993796280888,1171490.4790953298,-0.019658993796280888,momentum,True,resolved
2024-05-01,1161480.407033087,-0.008544731895706814,1161480.407033087,-0.008544731895706814,momentum,True,resolved
2024-05-02,1173678.4045884283,0.010502112202219749,1173678.4045884283,0.010502112202219749,momentum,True,resolved
2024-05-03,1185111.057208332,0.00974087328795381,1185111.057208332,0.00974087328795381,momentum,True,resolved
2024-05-06,1199304.0862181466,0.011976117279040466,1199304.0862181466,0.011976117279040466,momentum,True,resolved
2024-05-07,1191610.8211553798,-0.006414774327190509,1191610.8211553798,-0.006414774327190509,momentum,True,resolved
2024-05-08,1188538.6738063453,-0.002578146568067985,1188538.6738063453,-0.002578146568067985,momentum,True,resolved
2024-05-09,1196436.5452350297,0.006645026874380955,1196436.5452350297,0.006645026874380955,momentum,True,resolved
2024-05-10,1188283.9398819767,-0.006814072493457224,1188283.9398819767,-0.006814072493457224,momentum,True,resolved
2024-05-13,1193186.9282058242,0.004126108381414806,1193186.9282058242,0.004126108381414806,momentum,True,resolved
2024-05-14,1205012.9811102683,0.009911316177614093,1205012.9811102683,0.009911316177614093,momentum,True,resolved
2024-05-15,1218365.3326399752,0.011080670282410221,1218365.3326399752,0.011080670282410221,momentum,True,resolved
2024-05-16,1208202.475176527,-0.008341387588094995,1208202.475176527,-0.008341387588094995,momentum,True,resolved
2024-05-17,1212333.150246936,0.003418859963687293,1212333.150246936,0.003418859963687293,momentum,True,resolved
2024-05-20,1220832.5707589127,0.007010796092019378,1220832.5707589127,0.007010796092019378,momentum,True,resolved
2024-05-21,1225577.3416461386,0.0038865041782727427,1225577.3416461386,0.0038865041782727427,momentum,True,resolved
2024-05-22,1233651.093204202,0.006587712813961755,1233651.093204202,0.006587712813961755,momentum,True,resolved
2024-05-23,1217279.9838212808,-0.013270453431366791,1217279.9838212808,-0.013270453431366791,momentum,True,resolved
2024-05-24,1238655.9858336078,0.01756046455740079,1238655.9858336078,0.01756046455740079,momentum,True,resolved
2024-05-28,1229537.8901922016,-0.007361281700237199,1229537.8901922016,-0.007361281700237199,momentum,True,resolved
2024-05-29,1213498.7056268058,-0.013044888403470511,1213498.7056268058,-0.013044888403470511,momentum,True,resolved
2024-05-30,1215951.2716795688,0.002021070184410556,1215951.2716795688,0.002021070184410556,momentum,True,resolved
2024-05-31,1196833.8501341206,-0.015722193800613238,1196833.8501341206,-0.015722193800613238,momentum,True,resolved
2024-06-03,1187624.534948432,-0.007694731549125811,1187624.534948432,-0.007694731549125811,momentum,True,resolved
2024-06-04,1173307.9594691643,-0.012054799356169599,1173307.9594691643,-0.012054799356169599,momentum,True,resolved
2024-06-05,1205378.964733014,0.027333834229130716,1205378.964733014,0.027333834229130716,momentum,True,resolved
2024-06-06,1193181.3719092042,-0.010119301216204413,1193181.3719092042,-0.010119301216204413,momentum,True,resolved
2024-06-07,1179076.2890470196,-0.011821407201165979,1179076.2890470196,-0.011821407201165979,momentum,True,resolved
2024-06-10,1187754.6214453403,0.007360280652692008,1187754.6214453403,0.007360280652692008,momentum,True,resolved
2024-06-11,1188348.2658080214,0.0004998038752808132,1188348.2658080214,0.0004998038752808132,momentum,True,resolved
2024-06-12,1206925.8326911211,0.015633099670884665,1206925.8326911211,0.015633099670884665,momentum,True,resolved
2024-06-13,1203573.4663593026,-0.002777607572077234,1203573.4663593026,-0.002777607572077234,momentum,True,resolved
2024-06-14,1178555.7919758414,-0.020786163107381683,1178555.7919758414,-0.020786163107381683,momentum,True,resolved
2024-06-17,1178388.498897479,-0.00014194752552354473,1178388.498897479,-0.00014194752552354473,momentum,True,resolved
2024-06-18,1186282.7443336828,0.006699187444200172,1186282.7443336828,0.006699187444200172,momentum,True,resolved
2024-06-20,1170333.8403192349,-0.013444437332186143,1170333.8403192349,-0.013444437332186143,momentum,True,resolved
2024-06-21,1159725.9936161828,-0.009063949394267357,1159725.9936161828,-0.009063949394267357,momentum,True,resolved
2024-06-24,1142705.2418363353,-0.014676528657234345,1142705.2418363353,-0.014676528657234345,momentum,True,resolved
2024-06-25,1151436.155713642,0.007640565176086911,1151436.155713642,0.007640565176086911,momentum,True,resolved
2024-06-26,1145220.556888503,-0.005398127194717661,1145220.556888503,-0.005398127194717661,momentum,True,resolved
2024-06-27,1145579.443916434,0.00031337808754150487,1145579.443916434,0.00031337808754150487,momentum,True,resolved
2024-06-28,1148790.4347223984,0.00280294031375683,1148790.4347223984,0.00280294031375683,momentum,True,resolved
2024-07-01,1146457.2043769304,-0.002031032183891668,1146457.2043769304,-0.002031032183891668,momentum,True,resolved
2024-07-02,1148965.9114645217,0.0021882256729806038,1148965.9114645217,0.0021882256729806038,momentum,True,resolved
2024-07-03,1156662.9664688532,0.0066991152022259914,1156662.9664688532,0.0066991152022259914,momentum,True,resolved
2024-07-05,1160198.0814929039,0.003056305187018271,1160198.0814929039,0.003056305187018271,momentum,True,resolved
2024-07-08,1166722.3363843812,0.005623397414243447,1166722.3363843812,0.005623397414243447,momentum,True,resolved
2024-07-09,1164049.1121297283,-0.0022912257452248896,1164049.1121297283,-0.0022912257452248896,momentum,True,resolved
2024-07-10,1178692.7830441357,0.012579942514294284,1178692.7830441357,0.012579942514294284,momentum,True,resolved
2024-07-11,1170760.6803838895,-0.006729575996690551,1170760.6803838895,-0.006729575996690551,momentum,True,resolved
2024-07-12,1185910.902872974,0.012940494793621582,1185910.902872974,0.012940494793621582,momentum,True,resolved
2024-07-15,1197159.7420376374,0.009485399904336944,1197159.7420376374,0.009485399904336944,momentum,True,resolved
2024-07-16,1209186.4777200534,0.010046057564503386,1209186.4777200534,0.010046057564503386,momentum,True,resolved
2024-07-17,1181941.3937977464,-0.02253174710792183,1181941.3937977464,-0.02253174710792183,momentum,True,resolved
2024-07-18,1169665.2462339124,-0.010386426626779688,1169665.2462339124,-0.010386426626779688,momentum,True,resolved
2024-07-19,1160777.59288684,-0.007598458940016317,1160777.59288684,-0.007598458940016317,momentum,True,resolved
2024-07-22,1171854.644739746,0.009542785733275272,1171854.644739746,0.009542785733275272,momentum,True,resolved
2024-07-23,1169657.1649487694,-0.001875215327123425,1169657.1649487694,-0.001875215327123425,momentum,True,resolved
2024-07-24,1130030.880605326,-0.033878546236391416,1130030.880605326,-0.033878546236391416,momentum,True,resolved
2024-07-25,1126004.1761128455,-0.0035633579237440705,1126004.1761128455,-0.0035633579237440705,momentum,True,resolved
2024-07-26,1140962.2314029858,0.013284191664171274,1140962.2314029858,0.013284191664171274,momentum,True,resolved
2024-07-29,1143082.8437282108,0.001858617460647638,1143082.8437282108,0.001858617460647638,momentum,True,resolved
2024-07-30,1145266.5136803612,0.001910333939601605,1145266.5136803612,0.001910333939601605,momentum,True,resolved
2024-07-31,1145399.4066688048,0.00011603673630222744,1145399.4066688048,0.00011603673630222744,momentum,True,resolved
2024-08-01,1125428.5056103012,-0.017435752927955073,1125428.5056103012,-0.017435752927955073,momentum,True,resolved
2024-08-02,1101093.6905504346,-0.021622710761773467,1101093.6905504346,-0.021622710761773467,momentum,True,resolved
2024-08-05,1078105.4534487906,-0.02087763947693888,1078105.4534487906,-0.02087763947693888,momentum,True,resolved
2024-08-06,1080718.2632914823,0.002423519734858548,1080718.2632914823,0.002423519734858548,momentum,True,resolved
2024-08-07,1066034.971369422,-0.013586604780176703,1066034.971369422,-0.013586604780176703,momentum,True,resolved
2024-08-08,1082209.561425714,0.01517266364677905,1082209.561425714,0.01517266364677905,momentum,True,resolved
2024-08-09,1081654.3021542472,-0.0005130792512453297,1081654.3021542472,-0.0005130792512453297,momentum,True,resolved
2024-08-12,1078143.2010189656,-0.003246047400069396,1078143.2010189656,-0.003246047400069396,momentum,True,resolved
2024-08-13,1092051.9837424918,0.012900682126809171,1092051.9837424918,0.012900682126809171,momentum,True,resolved
2024-08-14,1093436.575237896,0.0012678805734680498,1093436.575237896,0.0012678805734680498,momentum,True,resolved
2024-08-15,1098499.571898641,0.00463035239116949,1098499.571898641,0.00463035239116949,momentum,True,resolved
2024-08-16,1103418.1568156525,0.0044775483239472,1103418.1568156525,0.0044775483239472,momentum,True,resolved
2024-08-19,1106935.0154563528,0.003187240140084091,1106935.0154563528,0.003187240140084091,momentum,True,resolved
2024-08-20,1101544.7975713767,-0.004869498037112896,1101544.7975713767,-0.004869498037112896,momentum,True,resolved
2024-08-21,1106540.3512239552,0.0045350435711670745,1106540.3512239552,0.0045350435711670745,momentum,True,resolved
2024-08-22,1105511.7997617621,-0.0009295200677095217,1105511.7997617621,-0.0009295200677095217,momentum,True,resolved
2024-08-23,1116565.1989346687,0.009998445222645813,1116565.1989346687,0.009998445222645813,momentum,True,resolved
2024-08-26,1115251.037273357,-0.0011769681363574813,1115251.037273357,-0.0011769681363574813,momentum,True,resolved
2024-08-27,1121789.2068820077,0.005862509327618115,1121789.2068820077,0.005862509327618115,momentum,True,resolved
2024-08-28,1112544.3373803098,-0.008241182429802318,1112544.3373803098,-0.008241182429802318,momentum,True,resolved
2024-08-29,1115677.1386882432,0.0028158889517249097,1115677.1386882432,0.0028158889517249097,momentum,True,resolved
2024-08-30,1123809.4576870282,0.007289132955029087,1123809.4576870282,0.007289132955029087,momentum,True,resolved
2024-09-03,1108470.476998726,-0.013649093788436595,1108470.476998726,-0.013649093788436595,momentum,True,resolved
2024-09-04,1111729.9680763048,0.002940530348092052,1111729.9680763048,0.002940530348092052,momentum,True,resolved
2024-09-05,1104304.7956403266,-0.006678935217358961,1104304.7956403266,-0.006678935217358961,momentum,True,resolved
2024-09-06,1087079.1096081145,-0.01559866995073933,1087079.1096081145,-0.01559866995073933,momentum,True,resolved
2024-09-09,1097142.8784435005,0.009257623246033964,1097142.8784435005,0.009257623246033964,momentum,True,resolved
2024-09-10,1097525.3821306871,0.0003486361664484239,1097525.3821306871,0.0003486361664484239,momentum,True,resolved
2024-09-11,1113999.5909536397,0.015010321484292488,1113999.5909536397,0.015010321484292488,momentum,True,resolved
2024-09-12,1123651.8591674862,0.008664516838452041,1123651.8591674862,0.008664516838452041,momentum,True,resolved
2024-09-13,1139684.472502973,0.014268310246347449,1139684.472502973,0.014268310246347449,momentum,True,resolved
2024-09-16,1150960.3397578818,0.009893850032145268,1150960.3397578818,0.009893850032145268,momentum,True,resolved
2024-09-17,1155058.471911783,0.003560619781880048,1155058.471911783,0.003560619781880048,momentum,True,resolved
2024-09-18,1154400.7517637836,-0.0005694258463909696,1154400.7517637836,-0.0005694258463909696,momentum,True,resolved
2024-09-19,1159486.511277717,0.004405540715529677,1159486.511277717,0.004405540715529677,momentum,True,resolved
2024-09-20,1160933.5165565554,0.001247970773927909,1160933.5165565554,0.001247970773927909,momentum,True,resolved
2024-09-23,1168358.5157659487,0.006395714400094565,1168358.5157659487,0.006395714400094565,momentum,True,resolved
2024-09-24,1171026.2053298748,0.0022832799418397443,1171026.2053298748,0.0022832799418397443,momentum,True,resolved
2024-09-25,1170201.1987090283,-0.0007045159340511864,1170201.1987090283,-0.0007045159340511864,momentum,True,resolved
2024-09-26,1180378.5079389939,0.008697059310136757,1180378.5079389939,0.008697059310136757,momentum,True,resolved
2024-09-27,1186887.140477415,0.005514021557191384,1186887.140477415,0.005514021557191384,momentum,True,resolved
2024-09-30,1180302.1395274762,-0.0055481273032329526,1180302.1395274762,-0.0055481273032329526,momentum,True,resolved
2024-10-01,1172010.6167441094,-0.0070249154904405975,1172010.6167441094,-0.0070249154904405975,momentum,True,resolved
2024-10-02,1177357.5548602443,0.004562192560156886,1177357.5548602443,0.004562192560156886,momentum,True,resolved
2024-10-03,1182849.2228575405,0.00466440120473699,1182849.2228575405,0.00466440120473699,momentum,True,resolved
2024-10-04,1211617.1190461558,0.024320848027542752,1211617.1190461558,0.024320848027542752,momentum,True,resolved
2024-10-07,1204138.4185383797,-0.006172494916268367,1204138.4185383797,-0.006172494916268367,momentum,True,resolved
2024-10-08,1222647.3292954606,0.015371082320874363,1222647.3292954606,0.015371082320874363,momentum,True,resolved
2024-10-09,1233517.5235711858,0.008890702997722988,1233517.5235711858,0.008890702997722988,momentum,True,resolved
2024-10-10,1234373.4913463746,0.000693924292790582,1234373.4913463746,0.000693924292790582,momentum,True,resolved
2024-10-11,1253324.8107767035,0.015352986404186364,1253324.8107767035,0.015352986404186364,momentum,True,resolved
2024-10-14,1259594.0711813208,0.005002103485633569,1259594.0711813208,0.005002103485633569,momentum,True,resolved
2024-10-15,1243655.4788785907,-0.01265375303631111,1243655.4788785907,-0.01265375303631111,momentum,True,resolved
2024-10-16,1279793.405736073,0.029057827888208987,1279793.405736073,0.029057827888208987,momentum,True,resolved
2024-10-17,1272056.2017149625,-0.0060456664227460655,1272056.2017149625,-0.0060456664227460655,momentum,True,resolved
2024-10-18,1276940.4867958317,0.0038396771104014515,1276940.4867958317,0.0038396771104014515,momentum,True,resolved
2024-10-21,1294858.8771412391,0.014032283047402894,1294858.8771412391,0.014032283047402894,momentum,True,resolved
2024-10-22,1294433.9090769317,-0.0003281964326843356,1294433.9090769317,-0.0003281964326843356,momentum,True,resolved
2024-10-23,1283690.5096005125,-0.008299689463543425,1283690.5096005125,-0.008299689463543425,momentum,True,resolved
2024-10-24,1291388.565201426,0.005996815855021875,1291388.565201426,0.005996815855021875,momentum,True,resolved
2024-10-25,1296671.4749431135,0.004090875422041229,1296671.4749431135,0.004090875422041229,momentum,True,resolved
2024-10-28,1318851.672437158,0.01710548733634898,1318851.672437158,0.01710548733634898,momentum,True,resolved
2024-10-29,1336085.5212650876,0.013067313927791924,1336085.5212650876,0.013067313927791924,momentum,True,resolved
2024-10-30,1333282.7858729777,-0.0020977215511295277,1333282.7858729777,-0.0020977215511295277,momentum,True,resolved
2024-10-31,1316768.0766961258,-0.012386501462282595,1316768.0766961258,-0.012386501462282595,momentum,True,resolved
2024-11-01,1307285.541152044,-0.007201371078097707,1307285.541152044,-0.007201371078097707,momentum,True,resolved
2024-11-04,1290271.961030914,-0.013014433025960614,1290271.961030914,-0.013014433025960614,momentum,True,resolved
2024-11-05,1353195.2656889702,0.04876747426781347,1353195.2656889702,0.04876747426781347,momentum,True,resolved
2024-11-06,1436802.1920750649,0.06178482034780597,1436802.1920750649,0.06178482034780597,momentum,True,resolved
2024-11-07,1555270.4870721733,0.08245275212589531,1555270.4870721733,0.08245275212589531,momentum,True,resolved
2024-11-08,1650474.1905086322,0.061213598681269854,1650474.1905086322,0.061213598681269854,momentum,True,resolved
2024-11-11,1676505.2750601766,0.015771882227084255,1676505.2750601766,0.015771882227084255,momentum,True,resolved
2024-11-12,1677874.1589802492,0.0008165103566544207,1677874.1589802492,0.0008165103566544207,momentum,True,resolved
2024-11-13,1662731.5662172975,-0.009024867974696593,1662731.5662172975,-0.009024867974696593,momentum,True,resolved
2024-11-14,1657272.129131268,-0.003283414591358058,1657272.129131268,-0.003283414591358058,momentum,True,resolved
2024-11-15,1688603.2197829299,0.01890521785826782,1688603.2197829299,0.01890521785826782,momentum,True,resolved
2024-11-18,1687050.8147273876,-0.0009193427072475835,1687050.8147273876,-0.0009193427072475835,momentum,True,resolved
2024-11-19,1745576.3126047011,0.034691010707208925,1745576.3126047011,0.034691010707208925,momentum,True,resolved
2024-11-20,1747372.346073562,0.0010289057292378612,1747372.346073562,0.0010289057292378612,momentum,True,resolved
2024-11-21,1740688.3193233688,-0.003825187439421618,1740688.3193233688,-0.003825187439421618,momentum,True,resolved
2024-11-22,1795491.5843031479,0.03148367480347192,1795491.5843031479,0.03148367480347192,momentum,True,resolved
2024-11-25,1777725.9815729205,-0.009894561960379522,1777725.9815729205,-0.009894561960379522,momentum,True,resolved
2024-11-26,1792209.0754060717,0.008146977646316778,1792209.0754060717,0.008146977646316778,momentum,True,resolved
2024-11-27,1792874.2080733646,0.00037112448342124793,1792874.2080733646,0.00037112448342124793,momentum,True,resolved
2024-11-29,1811383.2657577735,0.010323678929097246,1811383.2657577735,0.010323678929097246,momentum,True,resolved
2024-12-02,1816080.705425179,0.0025932886519410836,1816080.705425179,0.0025932886519410836,momentum,True,resolved
2024-12-03,1878938.1356762673,0.034611584200698875,1878938.1356762673,0.034611584200698875,momentum,True,resolved
2024-12-04,1901115.38944289,0.01180307820972537,1901115.38944289,0.01180307820972537,momentum,True,resolved
2024-12-05,1918469.5389698662,0.00912840410600313,1918469.5389698662,0.00912840410600313,momentum,True,resolved
2024-12-06,1979015.5112347095,0.031559517122879965,1979015.5112347095,0.031559517122879965,momentum,True,resolved
2024-12-09,1825641.576506323,-0.07750011753707597,1825641.576506323,-0.07750011753707597,momentum,True,resolved
2024-12-10,1769197.872834429,-0.030917187907118504,1769197.872834429,-0.030917187907118504,momentum,True,resolved
2024-12-11,1823401.9723987964,0.030637669418812408,1823401.9723987964,0.030637669418812408,momentum,True,resolved
2024-12-12,1801625.833904206,-0.011942587988945985,1801625.833904206,-0.011942587988945985,momentum,True,resolved
2024-12-13,1812402.2255760792,0.005981481542435496,1812402.2255760792,0.005981481542435496,momentum,True,resolved
2024-12-16,1856723.1202369514,0.024454226570365556,1856723.1202369514,0.024454226570365556,momentum,True,resolved
2024-12-17,1832088.3744777134,-0.013267861799498792,1832088.3744777134,-0.013267861799498792,momentum,True,resolved
2024-12-18,1733468.8704195833,-0.05382901034249743,1733468.8704195833,-0.05382901034249743,momentum,True,resolved
2024-12-19,1754306.8199074497,0.012020953963149283,1754306.8199074497,0.012020953963149283,momentum,True,resolved
2024-12-20,1797992.2203632998,0.02490180164616529,1797992.2203632998,0.02490180164616529,momentum,True,resolved
2024-12-23,1805638.6174048418,0.004252742005745214,1805638.6174048418,0.004252742005745214,momentum,True,resolved
2024-12-24,1839951.2962750182,0.019003071012898776,1839951.2962750182,0.019003071012898776,momentum,True,resolved
2024-12-26,1846478.539086071,0.003547508471700933,1846478.539086071,0.003547508471700933,momentum,True,resolved
2024-12-27,1811338.669082026,-0.0190307492127354,1811338.669082026,-0.0190307492127354,momentum,True,resolved
2024-12-30,1783744.2035060502,-0.015234293866182691,1783744.2035060502,-0.015234293866182691,momentum,True,resolved
2024-12-31,1764841.4901368886,-0.010597210817564151,1764841.4901368886,-0.010597210817564151,momentum,True,resolved
2025-01-02,1760778.142909537,-0.0023023865032979485,1760778.142909537,-0.0023023865032979485,momentum,True,resolved
2025-01-03,1808375.697304843,0.027032113379517053,1808375.697304843,0.027032113379517053,momentum,True,resolved
2025-01-06,1816146.5813914137,0.004297162419375722,1816146.5813914137,0.004297162419375722,momentum,True,resolved
2025-01-07,1764078.1709767669,-0.028669718043769055,1764078.1709767669,-0.028669718043769055,momentum,True,resolved
2025-01-08,1751248.1376298508,-0.0072729392370476376,1751248.1376298508,-0.0072729392370476376,momentum,True,resolved
2025-01-10,1737311.0911553162,-0.007958350490180677,1737311.0911553162,-0.007958350490180677,momentum,True,resolved
2025-01-13,1732725.8877714681,-0.0026392529278097543,1732725.8877714681,-0.0026392529278097543,momentum,True,resolved
2025-01-14,1741411.2451458753,0.005012539741977129,1741411.2451458753,0.005012539741977129,momentum,True,resolved
2025-01-15,1755151.4947317678,0.007890295657727586,1755151.4947317678,0.007890295657727586,momentum,True,resolved
2025-01-16,1779726.2687116752,0.014001511581006376,1779726.2687116752,0.014001511581006376,momentum,True,resolved
2025-01-17,1787033.0855926557,0.004105584667393636,1787033.0855926557,0.004105584667393636,momentum,True,resolved
2025-01-21,1809699.34872768,0.012683740059298954,1809699.34872768,0.012683740059298954,momentum,True,resolved
2025-01-22,1807407.212371767,-0.0012665840641012949,1807407.212371767,-0.0012665840641012949,momentum,True,resolved
2025-01-23,1812338.4189998333,0.0027283318304320847,1812338.4189998333,0.0027283318304320847,momentum,True,resolved
2025-01-24,1810666.1727224693,-0.0009227008928536229,1810666.1727224693,-0.0009227008928536229,momentum,True,resolved
2025-01-27,1677815.1256669853,-0.07337136411828626,1677815.1256669853,-0.07337136411828626,momentum,True,resolved
2025-01-28,1696417.4469115615,0.011087229433088597,1696417.4469115615,0.011087229433088597,momentum,True,resolved
2025-01-29,1705197.2237640605,0.005175481346577193,1705197.2237640605,0.005175481346577193,momentum,True,resolved
2025-01-30,1730779.2043068404,0.015002358780710434,1730779.2043068404,0.015002358780710434,momentum,True,resolved
2025-01-31,1705720.738581715,-0.014478141211062945,1705720.738581715,-0.014478141211062945,momentum,True,resolved
2025-02-03,1712621.2832656098,0.004045530154972887,1712621.2832656098,0.004045530154972887,momentum,True,resolved
2025-02-04,1722688.0528182224,0.005877989285183682,1722688.0528182224,0.005877989285183682,momentum,True,resolved
2025-02-05,1742748.8521356464,0.011645056273888788,1742748.8521356464,0.011645056273888788,momentum,True,resolved
2025-02-06,1750334.5383243875,0.004352713346759796,1750334.5383243875,0.004352713346759796,momentum,True,resolved
2025-02-07,1748890.6899183623,-0.000824898540485508,1748890.6899183623,-0.000824898540485508,momentum,True,resolved
2025-02-10,1757487.872607525,0.004915791900958588,1757487.872607525,0.004915791900958588,momentum,True,resolved
2025-02-11,1745242.9301965577,-0.006967298381865827,1745242.9301965577,-0.006967298381865827,momentum,True,resolved
2025-02-12,1781515.001093024,0.020783393686276685,1781515.001093024,0.020783393686276685,momentum,True,resolved
2025-02-13,1821287.6994855043,0.02232521105243479,1821287.6994855043,0.02232521105243479,momentum,True,resolved
2025-02-14,1840181.965164516,0.010374124683513175,1840181.965164516,0.010374124683513175,momentum,True,resolved
2025-02-18,1839734.9708966394,-0.00024290764518852814,1839734.9708966394,-0.00024290764518852814,momentum,True,resolved
2025-02-19,1819025.873972678,-0.01125656534857744,1819025.873972678,-0.01125656534857744,momentum,True,resolved
2025-02-20,1774465.069898145,-0.024497069949430683,1774465.069898145,-0.024497069949430683,momentum,True,resolved
2025-02-21,1716795.35663406,-0.03249977373034196,1716795.35663406,-0.03249977373034196,momentum,True,resolved
2025-02-24,1696928.9576090334,-0.011571792146488846,1696928.9576090334,-0.011571792146488846,momentum,True,resolved
2025-02-25,1680397.998498786,-0.009741691917108608,1680397.998498786,-0.009741691917108608,momentum,True,resolved
2025-02-26,1680683.1242297154,0.00016967749972573998,1680683.1242297154,0.00016967749972573998,momentum,True,resolved
2025-02-27,1655823.59592777,-0.014791323803729495,1655823.59592777,-0.014791323803729495,momentum,True,resolved
2025-02-28,1671657.5341948185,0.009562575570241538,1671657.5341948185,0.009562575570241538,momentum,True,resolved
2025-03-03,1662836.2611595187,-0.005276961850651185,1662836.2611595187,-0.005276961850651185,momentum,True,resolved
2025-03-04,1638139.0417125802,-0.014852466249272611,1638139.0417125802,-0.014852466249272611,momentum,True,resolved
2025-03-05,1643623.6129718553,0.0033480499027367383,1643623.6129718553,0.0033480499027367383,momentum,True,resolved
2025-03-06,1629635.4208008202,-0.008510581169944964,1629635.4208008202,-0.008510581169944964,momentum,True,resolved
2025-03-07,1638030.6447809483,0.005151596407988235,1638030.6447809483,0.005151596407988235,momentum,True,resolved
2025-03-10,1618557.8465492446,-0.011887932801347367,1618557.8465492446,-0.011887932801347367,momentum,True,resolved
2025-03-11,1597288.0759215378,-0.013141186564974316,1597288.0759215378,-0.013141186564974316,momentum,True,resolved
2025-03-12,1575163.0714122672,-0.013851605632569375,1575163.0714122672,-0.013851605632569375,momentum,True,resolved
2025-03-13,1578666.032321249,0.0022238719105069915,1578666.032321249,0.0022238719105069915,momentum,True,resolved
2025-03-14,1583262.2006379706,0.002911425356991737,1583262.2006379706,0.002911425356991737,momentum,True,resolved
2025-03-17,1605289.864169654,0.013912833593076046,1605289.864169654,0.013912833593076046,momentum,True,resolved
2025-03-18,1597339.3323938483,-0.004952707889872676,1597339.3323938483,-0.004952707889872676,momentum,True,resolved
2025-03-19,1584459.5791037988,-0.008063254331030167,1584459.5791037988,-0.008063254331030167,momentum,True,resolved
2025-03-20,1579147.423568401,-0.003352660809689101,1579147.423568401,-0.003352660809689101,momentum,True,resolved
2025-03-21,1574164.8778404228,-0.0031552125239321382,1574164.8778404228,-0.0031552125239321382,momentum,True,resolved
2025-03-24,1573756.3452175902,-0.0002595234010004388,1573756.3452175902,-0.0002595234010004388,momentum,True,resolved
2025-03-25,1562503.9145985316,-0.007150046227456408,1562503.9145985316,-0.007150046227456408,momentum,True,resolved
2025-03-26,1564404.8276407896,0.0012165812990916347,1564404.8276407896,0.0012165812990916347,momentum,True,resolved
2025-03-27,1566380.8661119204,0.0012631247591525785,1566380.8661119204,0.0012631247591525785,momentum,True,resolved
2025-03-28,1561748.8990312933,-0.0029571141864906947,1561748.8990312933,-0.0029571141864906947,momentum,True,resolved
2025-03-31,1573369.7479127543,0.0074409201688370175,1573369.7479127543,0.0074409201688370175,momentum,True,resolved
2025-04-01,1569511.1471121856,-0.002452443747369304,1569511.1471121856,-0.002452443747369304,momentum,True,resolved
2025-04-02,1577317.818587713,0.004973950959119566,1577317.818587713,0.004973950959119566,momentum,True,resolved
2025-04-03,1565603.089085352,-0.007426993700515028,1565603.089085352,-0.007426993700515028,momentum,True,resolved
2025-04-04,1479929.8069583552,-0.054722223483250954,1479929.8069583552,-0.054722223483250954,momentum,True,resolved
2025-04-07,1462880.0662015108,-0.01152064150386034,1462880.0662015108,-0.01152064150386034,momentum,True,resolved
2025-04-08,1451278.1389003263,-0.007930880712121446,1451278.1389003263,-0.007930880712121446,momentum,True,resolved
2025-04-09,1495588.282360456,0.030531806600287315,1495588.282360456,0.030531806600287315,momentum,True,resolved
2025-04-10,1497807.4705075305,0.0014838229031668426,1497807.4705075305,0.0014838229031668426,momentum,True,resolved
2025-04-11,1525605.4862091541,0.01855913810618426,1525605.4862091541,0.01855913810618426,momentum,True,resolved
2025-04-14,1534065.3706251415,0.005545263498631492,1534065.3706251415,0.005545263498631492,momentum,True,resolved
2025-04-15,1528570.5090557418,-0.0035818953185551283,1528570.5090557418,-0.0035818953185551283,momentum,True,resolved
2025-04-16,1522322.0547910715,-0.00408777627701995,1522322.0547910715,-0.00408777627701995,momentum,True,resolved
2025-04-17,1508580.5475442791,-0.009026675533961304,1508580.5475442791,-0.009026675533961304,momentum,True,resolved
2025-04-21,1484506.5945044796,-0.01595801634787619,1484506.5945044796,-0.01595801634787619,momentum,True,resolved
2025-04-22,1498950.3722688314,0.00972968245329553,1498950.3722688314,0.00972968245329553,momentum,True,resolved
2025-04-23,1498670.6282264607,-0.00018662662056467827,1498670.6282264607,-0.00018662662056467827,momentum,True,resolved
2025-04-24,1499046.0112330487,0.00025047732271388234,1499046.0112330487,0.00025047732271388234,momentum,True,resolved
2025-04-25,1491778.6471762753,-0.004847992658207789,1491778.6471762753,-0.004847992658207789,momentum,True,resolved
2025-04-28,1492656.5132518292,0.0005884693933753127,1492656.5132518292,0.0005884693933753127,momentum,True,resolved
2025-04-29,1500421.223973875,0.005201940736606625,1500421.223973875,0.005201940736606625,momentum,True,resolved
2025-04-30,1507762.8588900012,0.0048930492309899876,1507762.8588900012,0.0048930492309899876,momentum,True,resolved
2025-05-01,1504660.663211112,-0.002057482488441953,1504660.663211112,-0.002057482488441953,momentum,True,resolved
2025-05-02,1525005.0558907387,0.013520917491263162,1525005.0558907387,0.013520917491263162,momentum,True,resolved
2025-05-05,1529636.290970771,0.0030368653940804347,1529636.290970771,0.0030368653940804347,momentum,True,resolved
2025-05-06,1527790.444546259,-0.001206722431605356,1527790.444546259,-0.001206722431605356,momentum,True,resolved
2025-05-07,1533411.9333260453,0.0036794894220297802,1533411.9333260453,0.0036794894220297802,momentum,True,resolved
2025-05-08,1566950.868036874,0.021872097107058064,1566950.868036874,0.021872097107058064,momentum,True,resolved
2025-05-09,1552883.8448488687,-0.008977322438723956,1552883.8448488687,-0.008977322438723956,momentum,True,resolved
2025-05-12,1634620.3463517884,0.052635296435114,1634620.3463517884,0.052635296435114,momentum,True,resolved
2025-05-13,1701267.0459184886,0.0407719747985793,1701267.0459184886,0.0407719747985793,momentum,True,resolved
2025-05-14,1708554.5237943158,0.004283559064586884,1708554.5237943158,0.004283559064586884,momentum,True,resolved
2025-05-15,1694753.7331473785,-0.0080774657494036,1694753.7331473785,-0.0080774657494036,momentum,True,resolved
2025-05-16,1710219.4132675896,0.009125620919264277,1710219.4132675896,0.009125620919264277,momentum,True,resolved
2025-05-19,1723105.1549266907,0.007534554665404647,1723105.1549266907,0.007534554665404647,momentum,True,resolved
2025-05-20,1720110.8848552313,-0.0017377175518848986,1720110.8848552313,-0.0017377175518848986,momentum,True,resolved
2025-05-21,1686953.6195590233,-0.019276237124095985,1686953.6195590233,-0.019276237124095985,momentum,True,resolved
2025-05-22,1697012.6314337645,0.005962826575736324,1697012.6314337645,0.005962826575736324,momentum,True,resolved
2025-05-23,1704024.1093878723,0.00413165926065262,1704024.1093878723,0.00413165926065262,momentum,True,resolved
2025-05-27,1752289.383324936,0.028324290525679086,1752289.383324936,0.028324290525679086,momentum,True,resolved
2025-05-28,1751835.2830796242,-0.000259146833641255,1751835.2830796242,-0.000259146833641255,momentum,True,resolved
2025-05-29,1738857.5553893277,-0.0074080753000261845,1738857.5553893277,-0.0074080753000261845,momentum,True,resolved
2025-05-30,1741504.7009600815,0.001522347568119864,1741504.7009600815,0.001522347568119864,momentum,True,resolved
2025-06-02,1768109.458042708,0.015276879280291089,1768109.458042708,0.015276879280291089,momentum,True,resolved
2025-06-03,1808946.1233413396,0.023096231465125294,1808946.1233413396,0.023096231465125294,momentum,True,resolved
2025-06-04,1814136.5447110874,0.0028693067763456703,1814136.5447110874,0.0028693067763456703,momentum,True,resolved
2025-06-05,1797747.6637362312,-0.009033984251425875,1797747.6637362312,-0.009033984251425875,momentum,True,resolved
2025-06-06,1807460.6165235199,0.00540284545112546,1807460.6165235199,0.00540284545112546,momentum,True,resolved
2025-06-09,1794562.3305203698,-0.007136136679956384,1794562.3305203698,-0.007136136679956384,momentum,True,resolved
2025-06-10,1771328.8300201858,-0.012946611051089518,1771328.8300201858,-0.012946611051089518,momentum,True,resolved
2025-06-11,1790202.1696787039,0.010654904577092505,1790202.1696787039,0.010654904577092505,momentum,True,resolved
2025-06-12,1785266.847077704,-0.0027568520944679653,1785266.847077704,-0.0027568520944679653,momentum,True,resolved
2025-06-13,1760198.642907589,-0.014041712705945897,1760198.642907589,-0.014041712705945897,momentum,True,resolved
2025-06-16,1798811.5534920646,0.021936677851706943,1798811.5534920646,0.021936677851706943,momentum,True,resolved
2025-06-17,1788547.476152885,-0.005706032585377718,1788547.476152885,-0.005706032585377718,momentum,True,resolved
2025-06-18,1803610.1158559073,0.008421716450838446,1803610.1158559073,0.008421716450838446,momentum,True,resolved
2025-06-20,1806649.0153916322,0.0016848982543451463,1806649.0153916322,0.0016848982543451463,momentum,True,resolved
2025-06-23,1813728.6771485202,0.0039186702544729,1813728.6771485202,0.0039186702544729,momentum,True,resolved
2025-06-24,1858145.3115197017,0.024489128352434664,1858145.3115197017,0.024489128352434664,momentum,True,resolved
2025-06-25,1859908.1593769721,0.0009487136696690879,1859908.1593769721,0.0009487136696690879,momentum,True,resolved
2025-06-26,1881329.3462825022,0.011517335841306098,1881329.3462825022,0.011517335841306098,momentum,True,resolved
2025-06-27,1881020.8547226186,-0.00016397530846645747,1881020.8547226186,-0.00016397530846645747,momentum,True,resolved
2025-06-30,1923603.532511256,0.022638067877730483,1923603.532511256,0.022638067877730483,momentum,True,resolved
2025-07-01,1905473.1087818344,-0.00942523936091566,1905473.1087818344,-0.00942523936091566,momentum,True,resolved
2025-07-02,1959903.8260785688,0.02856546074876487,1959903.8260785688,0.02856546074876487,momentum,True,resolved
2025-07-03,1960752.5320765253,0.0004330345125427293,1960752.5320765253,0.0004330345125427293,momentum,True,resolved
2025-07-07,1936252.9595900478,-0.012494984494821115,1936252.9595900478,-0.012494984494821115,momentum,True,resolved
2025-07-08,1931763.2932633553,-0.0023187395554159496,1931763.2932633553,-0.0023187395554159496,momentum,True,resolved
2025-07-09,1952504.6662635983,0.010737015799282768,1952504.6662635983,0.010737015799282768,momentum,True,resolved
2025-07-10,1980094.2663367,0.014130363194418516,1980094.2663367,0.014130363194418516,momentum,True,resolved
2025-07-11,1978311.6060013862,-0.0009002906405116695,1978311.6060013862,-0.0009002906405116695,momentum,True,resolved
2025-07-14,1988155.4993577402,0.0049759063872909515,1988155.4993577402,0.0049759063872909515,momentum,True,resolved
2025-07-15,1985963.7287852683,-0.0011024140582464037,1985963.7287852683,-0.0011024140582464037,momentum,True,resolved
2025-07-16,1996391.703144651,0.005250838274755809,1996391.703144651,0.005250838274755809,momentum,True,resolved
2025-07-17,2018291.8213239757,0.010969850327883224,2018291.8213239757,0.010969850327883224,momentum,True,resolved
2025-07-18,2043691.9943049487,0.012584985338894628,2043691.9943049487,0.012584985338894628,momentum,True,resolved
2025-07-21,2024328.401193542,-0.009474809885915425,2024328.401193542,-0.009474809885915425,momentum,True,resolved
2025-07-22,2010097.5710644498,-0.007029901927326443,2010097.5710644498,-0.007029901927326443,momentum,True,resolved
2025-07-23,2040626.8114949968,0.015187939565729724,2040626.8114949968,0.015187939565729724,momentum,True,resolved
2025-07-24,2041276.9282924978,0.0003185868155013427,2041276.9282924978,0.0003185868155013427,momentum,True,resolved
2025-07-25,2062305.2486806898,0.010301551982847323,2062305.2486806898,0.010301551982847323,momentum,True,resolved
2025-07-28,2077305.6936028502,0.007273629804199322,2077305.6936028502,0.007273629804199322,momentum,True,resolved
2025-07-29,2050813.9969071213,-0.012752911994277638,2050813.9969071213,-0.012752911994277638,momentum,True,resolved
2025-07-30,2074244.7276134517,0.011425088156052476,2074244.7276134517,0.011425088156052476,momentum,True,resolved
2025-07-31,2051085.9290446094,-0.01116493066634805,2051085.9290446094,-0.01116493066634805,momentum,True,resolved
2025-08-01,2000016.7557712297,-0.024898602515969426,2000016.7557712297,-0.024898602515969426,momentum,True,resolved
2025-08-04,2027048.236308745,0.013515627036380318,2027048.236308745,0.013515627036380318,momentum,True,resolved
2025-08-05,2020559.203480273,-0.003201222700200068,2020559.203480273,-0.003201222700200068,momentum,True,resolved
2025-08-06,2013369.5424849058,-0.003558253073200457,2013369.5424849058,-0.003558253073200457,momentum,True,resolved
2025-08-07,2004237.5057264075,-0.004535698273863575,2004237.5057264075,-0.004535698273863575,momentum,True,resolved
2025-08-08,2011808.7288353187,0.0037776077372462247,2011808.7288353187,0.0037776077372462247,momentum,True,resolved
2025-08-11,2006516.838508056,-0.0026304142393925867,2006516.838508056,-0.0026304142393925867,momentum,True,resolved
2025-08-12,2058115.6063910075,0.025715591762149215,2058115.6063910075,0.025715591762149215,momentum,True,resolved
2025-08-13,2079168.643326892,0.010229278117569907,2079168.643326892,0.010229278117569907,momentum,True,resolved
2025-08-14,2051195.909099585,-0.013453807278734131,2051195.909099585,-0.013453807278734131,momentum,True,resolved
2025-08-15,2044495.4667897879,-0.003266602804769758,2044495.4667897879,-0.003266602804769758,momentum,True,resolved
2025-08-18,2052118.5034878734,0.003728566202230388,2052118.5034878734,0.003728566202230388,momentum,True,resolved
2025-08-19,1996813.86163805,-0.026950023478578333,1996813.86163805,-0.026950023478578333,momentum,True,resolved
2025-08-20,1986507.1344206464,-0.005161586372877447,1986507.1344206464,-0.005161586372877447,momentum,True,resolved
2025-08-21,1994283.295754387,0.003914489507236718,1994283.295754387,0.003914489507236718,momentum,True,resolved
2025-08-22,2038146.2192669502,0.02199432929410916,2038146.2192669502,0.02199432929410916,momentum,True,resolved
2025-08-25,2049015.0738301012,0.005332715808319177,2049015.0738301012,0.005332715808319177,momentum,True,resolved
2025-08-26,2053926.47075678,0.00239695500018855,2053926.47075678,0.00239695500018855,momentum,True,resolved
2025-08-27,2053429.220014585,-0.00024209763556515274,2053429.220014585,-0.00024209763556515274,momentum,True,resolved
2025-08-28,2108994.3587827724,0.02705968057072483,2108994.3587827724,0.02705968057072483,momentum,True,resolved
2025-08-29,2090020.9225649433,-0.008996437633327692,2090020.9225649433,-0.008996437633327692,momentum,True,resolved
2025-09-02,2081889.460304455,-0.003890612851142783,2081889.460304455,-0.003890612851142783,momentum,True,resolved
2025-09-03,2094844.2540031313,0.006222613614068617,2094844.2540031313,0.006222613614068617,momentum,True,resolved
2025-09-04,2136603.4736561147,0.019934283693493482,2136603.4736561147,0.019934283693493482,momentum,True,resolved
2025-09-05,2169762.059359216,0.015519297853785252,2169762.059359216,0.015519297853785252,momentum,True,resolved
2025-09-08,2154995.9691318558,-0.006805396086482007,2154995.9691318558,-0.006805396086482007,momentum,True,resolved
2025-09-09,2158455.6985502373,0.0016054458885021994,2158455.6985502373,0.0016054458885021994,momentum,True,resolved
2025-09-10,2236176.68962159,0.03600768416213285,2236176.68962159,0.03600768416213285,momentum,True,resolved
2025-09-11,2283070.1201438936,0.020970360141907562,2283070.1201438936,0.020970360141907562,momentum,True,resolved
2025-09-12,2273311.759733697,-0.004274227201388703,2273311.759733697,-0.004274227201388703,momentum,True,resolved
2025-09-15,2295649.0212449795,0.009825868104381463,2295649.0212449795,0.009825868104381463,momentum,True,resolved
2025-09-16,2351959.240466178,0.02452910645315476,2351959.240466178,0.02452910645315476,momentum,True,resolved
2025-09-17,2392418.9807022167,0.01720256862445435,2392418.9807022167,0.01720256862445435,momentum,True,resolved
2025-09-18,2430271.254841389,0.01582175799661223,2430271.254841389,0.01582175799661223,momentum,True,resolved
2025-09-19,2477450.269628475,0.019413065390581297,2477450.269628475,0.019413065390581297,momentum,True,resolved
2025-09-22,2497364.291687928,0.00803811172461577,2497364.291687928,0.00803811172461577,momentum,True,resolved
2025-09-23,2426458.841422156,-0.02839211343806325,2426458.841422156,-0.02839211343806325,momentum,True,resolved
2025-09-24,2328459.1779965423,-0.0403879356009087,2328459.1779965423,-0.0403879356009087,momentum,True,resolved
2025-09-25,2321391.497478892,-0.0030353465435161153,2321391.497478892,-0.0030353465435161153,momentum,True,resolved
2025-09-26,2351844.680886196,0.013118503897501688,2351844.680886196,0.013118503897501688,momentum,True,resolved
2025-09-29,2409313.0456198175,0.024435442187435097,2409313.0456198175,0.024435442187435097,momentum,True,resolved
2025-09-30,2517956.9683305104,0.04509331940413874,2517956.9683305104,0.04509331940413874,momentum,True,resolved
2025-10-01,2615719.572396914,0.038826161565113315,2615719.572396914,0.038826161565113315,momentum,True,resolved
2025-10-02,2590386.1242526136,-0.00968507802275076,2590386.1242526136,-0.00968507802275076,momentum,True,resolved
2025-10-03,2599372.9350273954,0.003469293898173076,2599372.9350273954,0.003469293898173076,momentum,True,resolved
2025-10-06,2526631.904515964,-0.027984068592552647,2526631.904515964,-0.027984068592552647,momentum,True,resolved
2025-10-07,2495408.9866006467,-0.012357525391613722,2495408.9866006467,-0.012357525391613722,momentum,True,resolved
2025-10-08,2540529.7370970533,0.01808150517157192,2540529.7370970533,0.01808150517157192,momentum,True,resolved
2025-10-09,2527276.0404118383,-0.005216902794595635,2527276.0404118383,-0.005216902794595635,momentum,True,resolved
2025-10-10,2444125.323534149,-0.03290131966120291,2444125.323534149,-0.03290131966120291,momentum,True,resolved
2025-10-13,2720184.55894046,0.11294806888508302,2720184.55894046,0.11294806888508302,momentum,True,resolved
2025-10-14,2730502.4322594693,0.0037930784089990066,2730502.4322594693,0.0037930784089990066,momentum,True,resolved
2025-10-15,2799520.141955389,0.025276560416321647,2799520.141955389,0.025276560416321647,momentum,True,resolved
2025-10-16,2794085.218336183,-0.0019413768587533964,2794085.218336183,-0.0019413768587533964,momentum,True,resolved
2025-10-17,2740280.3547509266,-0.019256700988274145,2740280.3547509266,-0.019256700988274145,momentum,True,resolved
2025-10-20,2736801.50068008,-0.0012695248735462572,2736801.50068008,-0.0012695248735462572,momentum,True,resolved
2025-10-21,2672931.7437496334,-0.023337372810770307,2672931.7437496334,-0.023337372810770307,momentum,True,resolved
2025-10-22,2545909.932740159,-0.047521531855986066,2545909.932740159,-0.047521531855986066,momentum,True,resolved
2025-10-23,2652436.3797223098,0.04184218994247635,2652436.3797223098,0.04184218994247635,momentum,True,resolved
2025-10-24,2782066.545599935,0.04887211126669766,2782066.545599935,0.04887211126669766,momentum,True,resolved
2025-10-27,2774130.3478646614,-0.002852626853166229,2774130.3478646614,-0.002852626853166229,momentum,True,resolved
2025-10-28,2816204.806885372,0.015166720285186619,2816204.806885372,0.015166720285186619,momentum,True,resolved
2025-10-29,3056061.0691589667,0.08517003510794652,3056061.0691589667,0.08517003510794652,momentum,True,resolved
2025-10-30,2979665.041601246,-0.024998200568925433,2979665.041601246,-0.024998200568925433,momentum,True,resolved
2025-10-31,3019819.7205815143,0.013476239248251032,3019819.7205815143,0.013476239248251032,momentum,True,resolved
2025-11-03,3126886.6541014006,0.03545474347033828,3126886.6541014006,0.03545474347033828,momentum,True,resolved
2025-11-04,2930396.9736868544,-0.0628387601312057,2930396.9736868544,-0.0628387601312057,momentum,True,resolved
2025-11-05,3125141.0131840124,0.0664565385665623,3125141.0131840124,0.0664565385665623,momentum,True,resolved
2025-11-06,3074059.998223468,-0.016345187223568147,3074059.998223468,-0.016345187223568147,momentum,True,resolved
2025-11-07,3050016.498828359,-0.007821415134709242,3050016.498828359,-0.007821415134709242,momentum,True,resolved
2025-11-10,3147074.387167027,0.031822086331648514,3147074.387167027,0.031822086331648514,momentum,True,resolved
2025-11-11,2997645.2207821035,-0.0474819301997621,2997645.2207821035,-0.0474819301997621,momentum,True,resolved
2025-11-12,3003106.1761047957,0.0018217483793052658,3003106.1761047957,0.0018217483793052658,momentum,True,resolved
2025-11-13,2698373.0229705274,-0.10147265373398318,2698373.0229705274,-0.10147265373398318,momentum,True,resolved
2025-11-14,2712891.3982730955,0.005380418192361569,2712891.3982730955,0.005380418192361569,momentum,True,resolved
2025-11-17,2698586.5700252126,-0.005272908549523447,2698586.5700252126,-0.005272908549523447,momentum,True,resolved
2025-11-18,2673841.146716301,-0.009169771903474788,2673841.146716301,-0.009169771903474788,momentum,True,resolved
2025-11-19,2690871.498121842,0.0063692457670700975,2690871.498121842,0.0063692457670700975,momentum,True,resolved
2025-11-20,2568257.253242752,-0.045566741096581986,2568257.253242752,-0.045566741096581986,momentum,True,resolved
2025-11-21,2620577.435925859,0.020371862132208873,2620577.435925859,0.020371862132208873,momentum,True,resolved
2025-11-24,2706156.1095681675,0.03265641856985346,2706156.1095681675,0.03265641856985346,momentum,True,resolved
2025-11-25,2747467.0160512077,0.015265529707239267,2747467.0160512077,0.015265529707239267,momentum,True,resolved
2025-11-26,2781472.322370713,0.012376966173147874,2781472.322370713,0.012376966173147874,momentum,True,resolved
2025-11-28,2808554.8711650837,0.009736767314401096,2808554.8711650837,0.009736767314401096,momentum,True,resolved
2025-12-01,2778571.6571198357,-0.010675673227210192,2778571.6571198357,-0.010675673227210192,momentum,True,resolved
2025-12-02,2758529.5449599824,-0.007213098898672388,2758529.5449599824,-0.007213098898672388,momentum,True,resolved
2025-12-03,2757545.08305436,-0.00035687923206084715,2757545.08305436,-0.00035687923206084715,momentum,True,resolved
2025-12-04,2768817.64049992,0.0040878959748771315,2768817.64049992,0.0040878959748771315,momentum,True,resolved
2025-12-05,2783543.577186782,0.005318492800487462,2783543.577186782,0.005318492800487462,momentum,True,resolved
2025-12-08,2795102.7755599697,0.004152691722854263,2795102.7755599697,0.004152691722854263,momentum,True,resolved
2025-12-09,2816275.4614017825,0.0075749221198391226,2816275.4614017825,0.0075749221198391226,momentum,True,resolved
2025-12-10,2868527.416717801,0.018553566947606237,2868527.416717801,0.018553566947606237,momentum,True,resolved
2025-12-11,2883980.6258374844,0.005387157546280497,2883980.6258374844,0.005387157546280497,momentum,True,resolved
2025-12-12,2777095.1781278183,-0.03706177730602034,2777095.1781278183,-0.03706177730602034,momentum,True,resolved
2025-12-15,2781079.7473185924,0.0014347974898938354,2781079.7473185924,0.0014347974898938354,momentum,True,resolved
2025-12-16,2755870.6913323854,-0.009064485119677945,2755870.6913323854,-0.009064485119677945,momentum,True,resolved
2025-12-17,2730275.073785457,-0.009287670001147164,2730275.073785457,-0.009287670001147164,momentum,True,resolved
2025-12-18,2785232.4873810243,0.02012889255124417,2785232.4873810243,0.02012889255124417,momentum,True,resolved
2025-12-19,2858804.4694984844,0.026415023683225902,2858804.4694984844,0.026415023683225902,momentum,True,resolved
2025-12-22,2907959.4582088077,0.017194246488269505,2907959.4582088077,0.017194246488269505,momentum,True,resolved
2025-12-23,2889100.920236962,-0.006485144735635995,2889100.920236962,-0.006485144735635995,momentum,True,resolved
2025-12-24,2908585.466255981,0.006744155554601061,2908585.466255981,0.006744155554601061,momentum,True,resolved
2025-12-26,2904556.2475095107,-0.0013852846317274903,2904556.2475095107,-0.0013852846317274903,momentum,True,resolved
2025-12-29,2860398.269388039,-0.015203003267481696,2860398.269388039,-0.015203003267481696,momentum,True,resolved
2025-12-30,2844672.8104839823,-0.005497646629265107,2844672.8104839823,-0.005497646629265107,momentum,True,resolved
2025-12-31,2816810.2739152396,-0.009794636650674149,2816810.2739152396,-0.009794636650674149,momentum,True,resolved
2024-01-02,1000000.0,,1000000.0,,notebook_baseline,True,resolved
2024-01-03,994208.1911926405,-0.005791808807359522,994208.1911926405,-0.005791808807359522,notebook_baseline,True,resolved
2024-01-04,994296.3374992758,8.865980728800515e-05,994296.3374992758,8.865980728800515e-05,notebook_baseline,True,resolved
2024-01-05,994794.5449442032,0.0005010653525894249,994794.5449442032,0.0005010653525894249,notebook_baseline,True,resolved
2024-01-08,1007998.9258811835,0.013273475416696101,1007998.9258811835,0.013273475416696101,notebook_baseline,True,resolved
2024-01-09,1003701.4607163788,-0.004263362841431473,1003701.4607163788,-0.004263362841431473,notebook_baseline,True,resolved
2024-01-10,1001454.912336646,-0.002238263535184415,1001454.912336646,-0.002238263535184415,notebook_baseline,True,resolved
2024-01-11,997480.4622406879,-0.003968676020256079,997480.4622406879,-0.003968676020256079,notebook_baseline,True,resolved
2024-01-12,997014.0887564947,-0.00046755149784649674,997014.0887564947,-0.00046755149784649674,notebook_baseline,True,resolved
2024-01-16,993728.522132373,-0.003295406415188773,993728.522132373,-0.003295406415188773,notebook_baseline,True,resolved
2024-01-17,987152.5507420367,-0.006617472724064877,987152.5507420367,-0.006617472724064877,notebook_baseline,True,resolved
2024-01-18,987227.3752822718,7.579835576465577e-05,987227.3752822718,7.579835576465577e-05,notebook_baseline,True,resolved
2024-01-19,997927.3842158902,0.010838444315382834,997927.3842158902,0.010838444315382834,notebook_baseline,True,resolved
2024-01-22,1001334.7940677224,0.003414486771008418,1001334.7940677224,0.003414486771008418,notebook_baseline,True,resolved
2024-01-23,1003477.470244487,0.002139819957779121,1003477.470244487,0.002139819957779121,notebook_baseline,True,resolved
2024-01-24,1002878.1616512985,-0.0005972317375919634,1002878.1616512985,-0.0005972317375919634,notebook_baseline,True,resolved
2024-01-25,1012160.3250511978,0.009255524504208523,1012160.3250511978,0.009255524504208523,notebook_baseline,True,resolved
2024-01-26,1008204.8354175925,-0.003907967478773866,1008204.8354175925,-0.003907967478773866,notebook_baseline,True,resolved
2024-01-29,1020451.840819932,0.012147338489273185,1020451.840819932,0.012147338489273185,notebook_baseline,True,resolved
2024-01-30,1015536.6795347354,-0.00481665188750835,1015536.6795347354,-0.00481665188750835,notebook_baseline,True,resolved
2024-01-31,1007741.2624263861,-0.007676155145790231,1007741.2624263861,-0.007676155145790231,notebook_baseline,True,resolved
2024-02-01,1020043.1362791331,0.01220737337193789,1020043.1362791331,0.01220737337193789,notebook_baseline,True,resolved
2024-02-02,1019996.4736311882,-4.5745759454041135e-05,1019996.4736311882,-4.5745759454041135e-05,notebook_baseline,True,resolved
2024-02-05,1014014.2468118719,-0.005864948530674319,1014014.2468118719,-0.005864948530674319,notebook_baseline,True,resolved
2024-02-06,1019833.1102103541,0.005738443435856055,1019833.1102103541,0.005738443435856055,notebook_baseline,True,resolved
2024-02-07,1025686.2800787333,0.005739340888012423,1025686.2800787333,0.005739340888012423,notebook_baseline,True,resolved
2024-02-08,1026293.2122569984,0.0005917327647382287,1026293.2122569984,0.0005917327647382287,notebook_baseline,True,resolved
2024-02-09,1024625.3727706113,-0.0016251101210337238,1024625.3727706113,-0.0016251101210337238,notebook_baseline,True,resolved
2024-02-12,1031236.7178258877,0.006452451043057028,1031236.7178258877,0.006452451043057028,notebook_baseline,True,resolved
2024-02-13,1023603.3382517739,-0.007402160379051503,1023603.3382517739,-0.007402160379051503,notebook_baseline,True,resolved
2024-02-14,1030558.0448447475,0.0067943375456860355,1030558.0448447475,0.0067943375456860355,notebook_baseline,True,resolved
2024-02-15,1037541.6287784087,0.006776507125043407,1037541.6287784087,0.006776507125043407,notebook_baseline,True,resolved
2024-02-16,1035039.3658382064,-0.0024117229331304113,1035039.3658382064,-0.0024117229331304113,notebook_baseline,True,resolved
2024-02-20,1026009.1165624985,-0.008724546692380986,1026009.1165624985,-0.008724546692380986,notebook_baseline,True,resolved
2024-02-21,993575.6470893859,-0.03161128780392952,993575.6470893859,-0.03161128780392952,notebook_baseline,True,resolved
2024-02-22,1033853.3012562786,0.040538085132102,1033853.3012562786,0.040538085132102,notebook_baseline,True,resolved
2024-02-23,1034600.9167144604,0.0007231349527763165,1034600.9167144604,0.0007231349527763165,notebook_baseline,True,resolved
2024-02-26,1035534.4801385609,0.000902341578301602,1035534.4801385609,0.000902341578301602,notebook_baseline,True,resolved
2024-02-27,1039992.8673741801,0.004305397184865001,1039992.8673741801,0.004305397184865001,notebook_baseline,True,resolved
2024-02-28,1039112.8883296862,-0.0008461394997022476,1039112.8883296862,-0.0008461394997022476,notebook_baseline,True,resolved
2024-02-29,1048312.9734567098,0.008853787909234967,1048312.9734567098,0.008853787909234967,notebook_baseline,True,resolved
2024-03-01,1057301.1483155026,0.008573942216087538,1057301.1483155026,0.008573942216087538,notebook_baseline,True,resolved
2024-03-04,1062225.3220695704,0.00465730483875193,1062225.3220695704,0.00465730483875193,notebook_baseline,True,resolved
2024-03-05,1058104.3469961565,-0.0038795677223970593,1058104.3469961565,-0.0038795677223970593,notebook_baseline,True,resolved
2024-03-06,1066003.715757843,0.007465585775270789,1066003.715757843,0.007465585775270789,notebook_baseline,True,resolved
2024-03-07,1074132.2799307813,0.0076252681419215484,1074132.2799307813,0.0076252681419215484,notebook_baseline,True,resolved
2024-03-08,1070911.5419862065,-0.0029984555950430813,1070911.5419862065,-0.0029984555950430813,notebook_baseline,True,resolved
2024-03-11,1068849.2081287797,-0.0019257742367795316,1068849.2081287797,-0.0019257742367795316,notebook_baseline,True,resolved
2024-03-12,1079012.296751489,0.009508440054422307,1079012.296751489,0.009508440054422307,notebook_baseline,True,resolved
2024-03-13,1077571.3370130726,-0.0013354432963874618,1077571.3370130726,-0.0013354432963874618,notebook_baseline,True,resolved
2024-03-14,1072583.052918573,-0.004629191519075371,1072583.052918573,-0.004629191519075371,notebook_baseline,True,resolved
2024-03-15,1070020.0657238401,-0.0023895466069119298,1070020.0657238401,-0.0023895466069119298,notebook_baseline,True,resolved
2024-03-18,1071087.3870214885,0.0009974778341435009,1071087.3870214885,0.0009974778341435009,notebook_baseline,True,resolved
2024-03-19,1071747.5150991534,0.0006163157980045852,1071747.5150991534,0.0006163157980045852,notebook_baseline,True,resolved
2024-03-20,1078731.8423480128,0.006516765516562328,1078731.8423480128,0.006516765516562328,notebook_baseline,True,resolved
2024-03-21,1084499.6005362745,0.005346795155047435,1084499.6005362745,0.005346795155047435,notebook_baseline,True,resolved
2024-03-22,1080990.7406567181,-0.003235464427853385,1080990.7406567181,-0.003235464427853385,notebook_baseline,True,resolved
2024-03-25,1079394.018062665,-0.0014770918325195392,1079394.018062665,-0.0014770918325195392,notebook_baseline,True,resolved
2024-03-26,1078207.987359133,-0.0010987931039867505,1078207.987359133,-0.0010987931039867505,notebook_baseline,True,resolved
2024-03-27,1083473.9884546753,0.004884030870927036,1083473.9884546753,0.004884030870927036,notebook_baseline,True,resolved
2024-03-28,1084497.7790721762,0.0009449148095941329,1084497.7790721762,0.0009449148095941329,notebook_baseline,True,resolved
2024-04-01,1086896.772867816,0.002212078108350113,1086896.772867816,0.002212078108350113,notebook_baseline,True,resolved
2024-04-02,1079459.9917369876,-0.006842214749802067,1079459.9917369876,-0.006842214749802067,notebook_baseline,True,resolved
2024-04-03,1084553.7722191215,0.00471882285691505,1084553.7722191215,0.00471882285691505,notebook_baseline,True,resolved
2024-04-04,1073672.0184874258,-0.010033392543949526,1073672.0184874258,-0.010033392543949526,notebook_baseline,True,resolved
2024-04-05,1082415.9599154112,0.008143959493611241,1082415.9599154112,0.008143959493611241,notebook_baseline,True,resolved
2024-04-08,1082487.302922381,6.591089711527331e-05,1082487.302922381,6.591089711527331e-05,notebook_baseline,True,resolved
2024-04-09,1076756.9710519188,-0.0052936712098073935,1076756.9710519188,-0.0052936712098073935,notebook_baseline,True,resolved
2024-04-10,1074328.0223611156,-0.0022558002930135324,1074328.0223611156,-0.0022558002930135324,notebook_baseline,True,resolved
2024-04-11,1070372.1547590038,-0.0036821785523361017,1070372.1547590038,-0.0036821785523361017,notebook_baseline,True,resolved
2024-04-12,1056207.2619060783,-0.013233614859977982,1056207.2619060783,-0.013233614859977982,notebook_baseline,True,resolved
2024-04-15,1043020.4084758009,-0.012485100136955918,1043020.4084758009,-0.012485100136955918,notebook_baseline,True,resolved
2024-04-16,1045684.3543029781,0.0025540687464304934,1045684.3543029781,0.0025540687464304934,notebook_baseline,True,resolved
2024-04-17,1041723.115196011,-0.0037881786130458117,1041723.115196011,-0.0037881786130458117,notebook_baseline,True,resolved
2024-04-18,1032007.4148892268,-0.009326566882367882,1032007.4148892268,-0.009326566882367882,notebook_baseline,True,resolved
2024-04-19,1015923.9564233513,-0.015584634600325886,1015923.9564233513,-0.015584634600325886,notebook_baseline,True,resolved
2024-04-22,1024881.1634508611,0.00881680855232947,1024881.1634508611,0.00881680855232947,notebook_baseline,True,resolved
2024-04-23,1039601.6252235859,0.014363091349205437,1039601.6252235859,0.014363091349205437,notebook_baseline,True,resolved
2024-04-24,1046658.1386244969,0.0067877090894248315,1046658.1386244969,0.0067877090894248315,notebook_baseline,True,resolved
2024-04-25,1049801.584975742,0.0030033171627330546,1049801.584975742,0.0030033171627330546,notebook_baseline,True,resolved
2024-04-26,1057566.83761837,0.007396876470526115,1057566.83761837,0.007396876470526115,notebook_baseline,True,resolved
2024-04-29,1054175.0658532423,-0.003207146484250578,1054175.0658532423,-0.003207146484250578,notebook_baseline,True,resolved
2024-04-30,1042011.5807770246,-0.011538391933386016,1042011.5807770246,-0.011538391933386016,notebook_baseline,True,resolved
2024-05-01,1038397.3538691164,-0.0034685093472887063,1038397.3538691164,-0.0034685093472887063,notebook_baseline,True,resolved
2024-05-02,1061965.0033426958,0.022696176358467435,1061965.0033426958,0.022696176358467435,notebook_baseline,True,resolved
2024-05-03,1071895.3996595794,0.009350963812956303,1071895.3996595794,0.009350963812956303,notebook_baseline,True,resolved
2024-05-06,1074574.6316424366,0.0024995274573509363,1074574.6316424366,0.0024995274573509363,notebook_baseline,True,resolved
2024-05-07,1082835.1434080917,0.007687238766310056,1082835.1434080917,0.007687238766310056,notebook_baseline,True,resolved
2024-05-08,1083741.7983802445,0.000837297327919373,1083741.7983802445,0.000837297327919373,notebook_baseline,True,resolved
2024-05-09,1088905.6656298945,0.004764850130693388,1088905.6656298945,0.004764850130693388,notebook_baseline,True,resolved
2024-05-10,1089116.4688106913,0.00019359177516520276,1089116.4688106913,0.00019359177516520276,notebook_baseline,True,resolved
2024-05-13,1091913.1825844133,0.002567873917815211,1091913.1825844133,0.002567873917815211,notebook_baseline,True,resolved
2024-05-14,1102695.8651841374,0.009875036561242778,1102695.8651841374,0.009875036561242778,notebook_baseline,True,resolved
2024-05-15,1115485.8276531484,0.01159881239499816,1115485.8276531484,0.01159881239499816,notebook_baseline,True,resolved
2024-05-16,1115219.8227794901,-0.0002384654892639837,1115219.8227794901,-0.0002384654892639837,notebook_baseline,True,resolved
2024-05-17,1115902.4126394792,0.0006120675458294311,1115902.4126394792,0.0006120675458294311,notebook_baseline,True,resolved
2024-05-20,1114997.68789224,-0.0008107561530396046,1114997.68789224,-0.0008107561530396046,notebook_baseline,True,resolved
2024-05-21,1112817.7084802699,-0.001955142540332133,1112817.7084802699,-0.001955142540332133,notebook_baseline,True,resolved
2024-05-22,1107184.0637065577,-0.005062504605004681,1107184.0637065577,-0.005062504605004681,notebook_baseline,True,resolved
2024-05-23,1097876.9296396119,-0.008406130807002477,1097876.9296396119,-0.008406130807002477,notebook_baseline,True,resolved
2024-05-24,1109556.337019079,0.010638175431285202,1109556.337019079,0.010638175431285202,notebook_baseline,True,resolved
2024-05-28,1111066.0677324205,0.0013606616112866732,1111066.0677324205,0.0013606616112866732,notebook_baseline,True,resolved
2024-05-29,1104358.6565641256,-0.006036914782200253,1104358.6565641256,-0.006036914782200253,notebook_baseline,True,resolved
2024-05-30,1101971.467174332,-0.0021616069884584643,1101971.467174332,-0.0021616069884584643,notebook_baseline,True,resolved
2024-05-31,1104466.6853904375,0.002264321981497286,1104466.6853904375,0.002264321981497286,notebook_baseline,True,resolved
2024-06-03,1101727.2545925262,-0.002480319989862645,1101727.2545925262,-0.002480319989862645,notebook_baseline,True,resolved
2024-06-04,1094033.9866546884,-0.006982915150522628,1094033.9866546884,-0.006982915150522628,notebook_baseline,True,resolved
2024-06-05,1110934.4491210738,0.01544784044421088,1110934.4491210738,0.01544784044421088,notebook_baseline,True,resolved
2024-06-06,1103053.5149454116,-0.0070939686692561565,1103053.5149454116,-0.0070939686692561565,notebook_baseline,True,resolved
2024-06-07,1100868.922762085,-0.001980495192415721,1100868.922762085,-0.001980495192415721,notebook_baseline,True,resolved
2024-06-10,1107991.092032121,0.006469588815502636,1107991.092032121,0.006469588815502636,notebook_baseline,True,resolved
2024-06-11,1104597.346396904,-0.003062971949524207,1104597.346396904,-0.003062971949524207,notebook_baseline,True,resolved
2024-06-12,1108513.3719113208,0.0035452063389347366,1108513.3719113208,0.0035452063389347366,notebook_baseline,True,resolved
2024-06-13,1105644.5852927342,-0.0025879585138790517,1105644.5852927342,-0.0025879585138790517,notebook_baseline,True,resolved
2024-06-14,1099494.2882540068,-0.00556263479289687,1099494.2882540068,-0.00556263479289687,notebook_baseline,True,resolved
2024-06-17,1099365.5847957644,-0.00011705695938335481,1099365.5847957644,-0.00011705695938335481,notebook_baseline,True,resolved
2024-06-18,1108077.948936812,0.007924901653771688,1108077.948936812,0.007924901653771688,notebook_baseline,True,resolved
2024-06-20,1107962.8452963666,-0.00010387684418411425,1107962.8452963666,-0.00010387684418411425,notebook_baseline,True,resolved
2024-06-21,1110197.298670575,0.0020167222968661136,1110197.298670575,0.0020167222968661136,notebook_baseline,True,resolved
2024-06-24,1108940.411066358,-0.0011321299427787812,1108940.411066358,-0.0011321299427787812,notebook_baseline,True,resolved
2024-06-25,1112788.926411319,0.0034704437736743365,1112788.926411319,0.0034704437736743365,notebook_baseline,True,resolved
2024-06-26,1107635.8622507367,-0.004630765132791814,1107635.8622507367,-0.004630765132791814,notebook_baseline,True,resolved
2024-06-27,1110097.9921602379,0.0022228694405921345,1110097.9921602379,0.0022228694405921345,notebook_baseline,True,resolved
2024-06-28,1100743.9267962025,-0.008426342025745326,1100743.9267962025,-0.008426342025745326,notebook_baseline,True,resolved
2024-07-01,1094329.098713092,-0.005827720623252763,1094329.098713092,-0.005827720623252763,notebook_baseline,True,resolved
2024-07-02,1094103.5415134868,-0.00020611459557329237,1094103.5415134868,-0.00020611459557329237,notebook_baseline,True,resolved
2024-07-03,1106006.418151561,0.010879113526685691,1106006.418151561,0.010879113526685691,notebook_baseline,True,resolved
2024-07-05,1100587.2637259378,-0.004899749528289421,1100587.2637259378,-0.004899749528289421,notebook_baseline,True,resolved
2024-07-08,1106507.3920199345,0.005379063059438582,1106507.3920199345,0.005379063059438582,notebook_baseline,True,resolved
2024-07-09,1103783.1569310755,-0.002462012552745696,1103783.1569310755,-0.002462012552745696,notebook_baseline,True,resolved
2024-07-10,1108533.6009130978,0.00430378372073581,1108533.6009130978,0.00430378372073581,notebook_baseline,True,resolved
2024-07-11,1115626.9803755665,0.006398885389333975,1115626.9803755665,0.006398885389333975,notebook_baseline,True,resolved
2024-07-12,1120456.2297009462,0.0043287312070510175,1120456.2297009462,0.0043287312070510175,notebook_baseline,True,resolved
2024-07-15,1121791.5833964976,0.0011917946102257826,1121791.5833964976,0.0011917946102257826,notebook_baseline,True,resolved
2024-07-16,1133094.619573067,0.010075878927836568,1133094.619573067,0.010075878927836568,notebook_baseline,True,resolved
2024-07-17,1117663.44904246,-0.013618607187828036,1117663.44904246,-0.013618607187828036,notebook_baseline,True,resolved
2024-07-18,1111851.4032199932,-0.005200175265144491,1111851.4032199932,-0.005200175265144491,notebook_baseline,True,resolved
2024-07-19,1106347.2640332147,-0.004950426982273215,1106347.2640332147,-0.004950426982273215,notebook_baseline,True,resolved
2024-07-22,1121202.7525146508,0.013427509575320906,1121202.7525146508,0.013427509575320906,notebook_baseline,True,resolved
2024-07-23,1118162.0769016913,-0.0027119765859831,1118162.0769016913,-0.0027119765859831,notebook_baseline,True,resolved
2024-07-24,1110629.6027087537,-0.0067364779655283424,1110629.6027087537,-0.0067364779655283424,notebook_baseline,True,resolved
2024-07-25,1102434.7418771922,-0.00737857230851291,1102434.7418771922,-0.00737857230851291,notebook_baseline,True,resolved
2024-07-26,1110770.9513094458,0.007561635274718315,1110770.9513094458,0.007561635274718315,notebook_baseline,True,resolved
2024-07-29,1110608.547397912,-0.00014620828114231266,1110608.547397912,-0.00014620828114231266,notebook_baseline,True,resolved
2024-07-30,1097279.1102338461,-0.012001922005098864,1097279.1102338461,-0.012001922005098864,notebook_baseline,True,resolved
2024-07-31,1113476.779292663,0.01476166720732075,1113476.779292663,0.01476166720732075,notebook_baseline,True,resolved
2024-08-01,1105029.7656023928,-0.007586160616331994,1105029.7656023928,-0.007586160616331994,notebook_baseline,True,resolved
2024-08-02,1096989.6025859225,-0.007275969631539647,1096989.6025859225,-0.007275969631539647,notebook_baseline,True,resolved
2024-08-05,1074497.2824244876,-0.020503676706154605,1074497.2824244876,-0.020503676706154605,notebook_baseline,True,resolved
2024-08-06,1080628.4303193148,0.0057060617975626116,1080628.4303193148,0.0057060617975626116,notebook_baseline,True,resolved
2024-08-07,1079051.4821967147,-0.0014592880201514946,1079051.4821967147,-0.0014592880201514946,notebook_baseline,True,resolved
2024-08-08,1091373.0867856531,0.011418921888559197,1091373.0867856531,0.011418921888559197,notebook_baseline,True,resolved
2024-08-09,1092051.4561054723,0.0006215741693036403,1092051.4561054723,0.0006215741693036403,notebook_baseline,True,resolved
2024-08-12,1088697.0516640008,-0.0030716541997335423,1088697.0516640008,-0.0030716541997335423,notebook_baseline,True,resolved
2024-08-13,1099341.168981099,0.009776932252024917,1099341.168981099,0.009776932252024917,notebook_baseline,True,resolved
2024-08-14,1101290.2461671233,0.0017729502369412398,1101290.2461671233,0.0017729502369412398,notebook_baseline,True,resolved
2024-08-15,1110887.8737342341,0.008714893826140768,1110887.8737342341,0.008714893826140768,notebook_baseline,True,resolved
2024-08-16,1113919.7741058543,0.0027292586797518226,1113919.7741058543,0.0027292586797518226,notebook_baseline,True,resolved
2024-08-19,1119536.3068864408,0.005042134012833044,1119536.3068864408,0.005042134012833044,notebook_baseline,True,resolved
2024-08-20,1118530.4556841822,-0.0008984534008155132,1118530.4556841822,-0.0008984534008155132,notebook_baseline,True,resolved
2024-08-21,1123982.6232017283,0.004874402382017529,1123982.6232017283,0.004874402382017529,notebook_baseline,True,resolved
2024-08-22,1120429.0157283763,-0.0031616213631749934,1120429.0157283763,-0.0031616213631749934,notebook_baseline,True,resolved
2024-08-23,1131273.6055460875,0.00967896195606932,1131273.6055460875,0.00967896195606932,notebook_baseline,True,resolved
2024-08-26,1130401.5904734465,-0.0007708259685065277,1130401.5904734465,-0.0007708259685065277,notebook_baseline,True,resolved
2024-08-27,1131796.6809634822,0.0012341547480054782,1131796.6809634822,0.0012341547480054782,notebook_baseline,True,resolved
2024-08-28,1129074.8112546108,-0.0024049104884760197,1129074.8112546108,-0.0024049104884760197,notebook_baseline,True,resolved
2024-08-29,1124506.9402344497,-0.004045676136451348,1124506.9402344497,-0.004045676136451348,notebook_baseline,True,resolved
2024-08-30,1129024.231866804,0.00401713094933176,1129024.231866804,0.00401713094933176,notebook_baseline,True,resolved
2024-09-03,1121599.419042233,-0.00657630953792232,1121599.419042233,-0.00657630953792232,notebook_baseline,True,resolved
2024-09-04,1119994.8479434801,-0.0014306097805605322,1119994.8479434801,-0.0014306097805605322,notebook_baseline,True,resolved
2024-09-05,1115461.855021948,-0.004047333726450164,1115461.855021948,-0.004047333726450164,notebook_baseline,True,resolved
2024-09-06,1103444.478038898,-0.010773453999297522,1103444.478038898,-0.010773453999297522,notebook_baseline,True,resolved
2024-09-09,1110093.1495469294,0.006025379292166955,1110093.1495469294,0.006025379292166955,notebook_baseline,True,resolved
2024-09-10,1104805.6402923183,-0.00476312213688479,1104805.6402923183,-0.00476312213688479,notebook_baseline,True,resolved
2024-09-11,1105445.9245524118,0.0005795447060932268,1105445.9245524118,0.0005795447060932268,notebook_baseline,True,resolved
2024-09-12,1111778.5856191805,0.005728603205383154,1111778.5856191805,0.005728603205383154,notebook_baseline,True,resolved
2024-09-13,1118472.7101296796,0.006021095024753453,1118472.7101296796,0.006021095024753453,notebook_baseline,True,resolved
2024-09-16,1126186.6722416948,0.00689687110123649,1126186.6722416948,0.00689687110123649,notebook_baseline,True,resolved
2024-09-17,1129817.5349340625,0.0032240327308619143,1129817.5349340625,0.0032240327308619143,notebook_baseline,True,resolved
2024-09-18,1131311.2933892785,0.0013221236253011526,1131311.2933892785,0.0013221236253011526,notebook_baseline,True,resolved
2024-09-19,1132216.0550280972,0.000799745962146492,1132216.0550280972,0.000799745962146492,notebook_baseline,True,resolved
2024-09-20,1131685.8738820632,-0.00046826852850168077,1131685.8738820632,-0.00046826852850168077,notebook_baseline,True,resolved
2024-09-23,1140506.4354894608,0.007794178412018349,1140506.4354894608,0.007794178412018349,notebook_baseline,True,resolved
2024-09-24,1138248.4072361575,-0.0019798470074693375,1138248.4072361575,-0.0019798470074693375,notebook_baseline,True,resolved
2024-09-25,1130639.8084634189,-0.006684480052305486,1130639.8084634189,-0.006684480052305486,notebook_baseline,True,resolved
2024-09-26,1134503.889133342,0.0034176053602559264,1134503.889133342,0.0034176053602559264,notebook_baseline,True,resolved
2024-09-27,1140095.2552315793,0.004928467986573759,1140095.2552315793,0.004928467986573759,notebook_baseline,True,resolved
2024-09-30,1141530.4696397106,0.0012588548207226324,1141530.4696397106,0.0012588548207226324,notebook_baseline,True,resolved
2024-10-01,1139058.8960904418,-0.0021651402349767146,1139058.8960904418,-0.0021651402349767146,notebook_baseline,True,resolved
2024-10-02,1141523.1069620377,0.00216337441378478,1141523.1069620377,0.00216337441378478,notebook_baseline,True,resolved
2024-10-03,1132944.912892186,-0.007514691570879362,1132944.912892186,-0.007514691570879362,notebook_baseline,True,resolved
2024-10-04,1132981.699764181,3.247013299256807e-05,1132981.699764181,3.247013299256807e-05,notebook_baseline,True,resolved
2024-10-07,1125047.9678496658,-0.007002524326885862,1125047.9678496658,-0.007002524326885862,notebook_baseline,True,resolved
2024-10-08,1125515.9491822603,0.00041596567076962465,1125515.9491822603,0.00041596567076962465,notebook_baseline,True,resolved
2024-10-09,1129894.0470958343,0.0038898586170679206,1129894.0470958343,0.0038898586170679206,notebook_baseline,True,resolved
2024-10-10,1127704.199425731,-0.001938100015423383,1127704.199425731,-0.001938100015423383,notebook_baseline,True,resolved
2024-10-11,1135623.6643342362,0.007022643803701323,1135623.6643342362,0.007022643803701323,notebook_baseline,True,resolved
2024-10-14,1140506.205969933,0.004299436326522077,1140506.205969933,0.004299436326522077,notebook_baseline,True,resolved
2024-10-15,1135726.8688580375,-0.004190540206513771,1135726.8688580375,-0.004190540206513771,notebook_baseline,True,resolved
2024-10-16,1139647.9939142086,0.0034525246903014395,1139647.9939142086,0.0034525246903014395,notebook_baseline,True,resolved
2024-10-17,1133619.639800327,-0.005289663252226573,1133619.639800327,-0.005289663252226573,notebook_baseline,True,resolved
2024-10-18,1140270.5361059331,0.005866955786667294,1140270.5361059331,0.005866955786667294,notebook_baseline,True,resolved
2024-10-21,1141837.0520261098,0.0013738107497949237,1141837.0520261098,0.0013738107497949237,notebook_baseline,True,resolved
2024-10-22,1138238.4434281476,-0.003151595572745469,1138238.4434281476,-0.003151595572745469,notebook_baseline,True,resolved
2024-10-23,1134132.2194339181,-0.0036075253106566674,1134132.2194339181,-0.0036075253106566674,notebook_baseline,True,resolved
2024-10-24,1135652.6057247669,0.0013405723466772823,1135652.6057247669,0.0013405723466772823,notebook_baseline,True,resolved
2024-10-25,1128732.551783288,-0.006093460188965616,1128732.551783288,-0.006093460188965616,notebook_baseline,True,resolved
2024-10-28,1136201.316263223,0.006616947892691849,1136201.316263223,0.006616947892691849,notebook_baseline,True,resolved
2024-10-29,1137116.0940227173,0.0008051194329741218,1137116.0940227173,0.0008051194329741218,notebook_baseline,True,resolved
2024-10-30,1132991.4302148188,-0.0036273022865298543,1132991.4302148188,-0.0036273022865298543,notebook_baseline,True,resolved
2024-10-31,1126478.5435281622,-0.005748398896028517,1126478.5435281622,-0.005748398896028517,notebook_baseline,True,resolved
2024-11-01,1123941.7772692293,-0.002251943699688841,1123941.7772692293,-0.002251943699688841,notebook_baseline,True,resolved
2024-11-04,1119221.3380284344,-0.004199896592743224,1119221.3380284344,-0.004199896592743224,notebook_baseline,True,resolved
2024-11-05,1136682.1581552108,0.015600864220060684,1136682.1581552108,0.015600864220060684,notebook_baseline,True,resolved
2024-11-06,1166398.8825613034,0.026143389506809722,1166398.8825613034,0.026143389506809722,notebook_baseline,True,resolved
2024-11-07,1167547.8314907895,0.0009850394634836057,1167547.8314907895,0.0009850394634836057,notebook_baseline,True,resolved
2024-11-08,1172625.7721435258,0.004349235650801919,1172625.7721435258,0.004349235650801919,notebook_baseline,True,resolved
2024-11-11,1169319.2408201403,-0.0028197668872151915,1169319.2408201403,-0.0028197668872151915,notebook_baseline,True,resolved
2024-11-12,1162156.4880261002,-0.006125575073079537,1162156.4880261002,-0.006125575073079537,notebook_baseline,True,resolved
2024-11-13,1154972.2361297798,-0.006181828325480199,1154972.2361297798,-0.006181828325480199,notebook_baseline,True,resolved
2024-11-14,1146888.4735339507,-0.006999096898568813,1146888.4735339507,-0.006999096898568813,notebook_baseline,True,resolved
2024-11-15,1143535.4997755599,-0.002923539503417616,1143535.4997755599,-0.002923539503417616,notebook_baseline,True,resolved
2024-11-18,1146778.38701192,0.00283584308226259,1146778.38701192,0.00283584308226259,notebook_baseline,True,resolved
2024-11-19,1151927.4491774626,0.0044900237254723585,1151927.4491774626,0.0044900237254723585,notebook_baseline,True,resolved
2024-11-20,1153215.3902031234,0.0011180747768277932,1153215.3902031234,0.0011180747768277932,notebook_baseline,True,resolved
2024-11-21,1162599.5384352948,0.008137376861159007,1162599.5384352948,0.008137376861159007,notebook_baseline,True,resolved
2024-11-22,1171468.5529596726,0.007628606610591282,1171468.5529596726,0.007628606610591282,notebook_baseline,True,resolved
2024-11-25,1177256.823419644,0.00494103784975497,1177256.823419644,0.00494103784975497,notebook_baseline,True,resolved
2024-11-26,1179479.417314937,0.0018879430988023582,1179479.417314937,0.0018879430988023582,notebook_baseline,True,resolved
2024-11-27,1173322.4639365529,-0.00522006004343889,1173322.4639365529,-0.00522006004343889,notebook_baseline,True,resolved
2024-11-29,1178152.7066021268,0.00411672222601811,1178152.7066021268,0.00411672222601811,notebook_baseline,True,resolved
2024-12-02,1177639.5385484449,-0.00043557006728101033,1177639.5385484449,-0.00043557006728101033,notebook_baseline,True,resolved
2024-12-03,1174582.4275380038,-0.002595964987902266,1174582.4275380038,-0.002595964987902266,notebook_baseline,True,resolved
2024-12-04,1178962.8468104624,0.0037293417386128347,1178962.8468104624,0.0037293417386128347,notebook_baseline,True,resolved
2024-12-05,1179155.3225555257,0.0001632585331963199,1179155.3225555257,0.0001632585331963199,notebook_baseline,True,resolved
2024-12-06,1183867.1745593222,0.003995955336558055,1183867.1745593222,0.003995955336558055,notebook_baseline,True,resolved
2024-12-09,1177766.7115080396,-0.0051529961995553375,1177766.7115080396,-0.0051529961995553375,notebook_baseline,True,resolved
2024-12-10,1166560.531207019,-0.009514770787393045,1166560.531207019,-0.009514770787393045,notebook_baseline,True,resolved
2024-12-11,1174463.2306033345,0.00677435862512743,1174463.2306033345,0.00677435862512743,notebook_baseline,True,resolved
2024-12-12,1174861.4751893557,0.000339086465752203,1174861.4751893557,0.000339086465752203,notebook_baseline,True,resolved
2024-12-13,1178592.5847513112,0.0031757867976343057,1178592.5847513112,0.0031757867976343057,notebook_baseline,True,resolved
2024-12-16,1177808.2935857615,-0.0006654472255273047,1177808.2935857615,-0.0006654472255273047,notebook_baseline,True,resolved
2024-12-17,1170743.4986003432,-0.005998255423987464,1170743.4986003432,-0.005998255423987464,notebook_baseline,True,resolved
2024-12-18,1147928.1442427188,-0.019487918903586365,1147928.1442427188,-0.019487918903586365,notebook_baseline,True,resolved
2024-12-19,1144902.5812926798,-0.002635672768555586,1144902.5812926798,-0.002635672768555586,notebook_baseline,True,resolved
2024-12-20,1160448.520284411,0.013578394568888763,1160448.520284411,0.013578394568888763,notebook_baseline,True,resolved
2024-12-23,1160626.6325228324,0.0001534856870493151,1160626.6325228324,0.0001534856870493151,notebook_baseline,True,resolved
2024-12-24,1166923.0668425707,0.005425030016803722,1166923.0668425707,0.005425030016803722,notebook_baseline,True,resolved
2024-12-26,1168357.5527096004,0.0012292891517786675,1168357.5527096004,0.0012292891517786675,notebook_baseline,True,resolved
2024-12-27,1161002.1460644933,-0.0062955099901128575,1161002.1460644933,-0.0062955099901128575,notebook_baseline,True,resolved
2024-12-30,1156566.9879711815,-0.0038201118820889723,1156566.9879711815,-0.0038201118820889723,notebook_baseline,True,resolved
2024-12-31,1152775.3959823782,-0.003278315936938947,1152775.3959823782,-0.003278315936938947,notebook_baseline,True,resolved
2025-01-02,1156360.9842953496,0.0031103962883556324,1156360.9842953496,0.0031103962883556324,notebook_baseline,True,resolved
2025-01-03,1171782.6772099698,0.013336400245307356,1171782.6772099698,0.013336400245307356,notebook_baseline,True,resolved
2025-01-06,1170848.5375719746,-0.0007971952958201189,1170848.5375719746,-0.0007971952958201189,notebook_baseline,True,resolved
2025-01-07,1168101.4517043233,-0.0023462350419363176,1168101.4517043233,-0.0023462350419363176,notebook_baseline,True,resolved
2025-01-08,1168737.1513294089,0.0005442161073920815,1168737.1513294089,0.0005442161073920815,notebook_baseline,True,resolved
2025-01-10,1156676.3158822877,-0.010319544846676854,1156676.3158822877,-0.010319544846676854,notebook_baseline,True,resolved
2025-01-13,1158787.2106642157,0.001824965855134586,1158787.2106642157,0.001824965855134586,notebook_baseline,True,resolved
2025-01-14,1164732.615665264,0.005130713340925075,1164732.615665264,0.005130713340925075,notebook_baseline,True,resolved
2025-01-15,1171729.1233174242,0.006006964652710556,1171729.1233174242,0.006006964652710556,notebook_baseline,True,resolved
2025-01-16,1181692.5267646331,0.008503162760860938,1181692.5267646331,0.008503162760860938,notebook_baseline,True,resolved
2025-01-17,1188188.041998747,0.005496789636046939,1188188.041998747,0.005496789636046939,notebook_baseline,True,resolved
2025-01-21,1195991.1562277419,0.006567238478405013,1195991.1562277419,0.006567238478405013,notebook_baseline,True,resolved
2025-01-22,1194231.5185924685,-0.001471279805131176,1194231.5185924685,-0.001471279805131176,notebook_baseline,True,resolved
2025-01-23,1195905.4778290614,0.001401704117276914,1195905.4778290614,0.001401704117276914,notebook_baseline,True,resolved
2025-01-24,1195003.4379264177,-0.0007542735771067788,1195003.4379264177,-0.0007542735771067788,notebook_baseline,True,resolved
2025-01-27,1172718.5315600191,-0.01864840356030073,1172718.5315600191,-0.01864840356030073,notebook_baseline,True,resolved
2025-01-28,1181206.5694759209,0.007237915738067535,1181206.5694759209,0.007237915738067535,notebook_baseline,True,resolved
2025-01-29,1184946.439865807,0.0031661442515897864,1184946.439865807,0.0031661442515897864,notebook_baseline,True,resolved
2025-01-30,1194935.7637914903,0.008430190251311753,1194935.7637914903,0.008430190251311753,notebook_baseline,True,resolved
2025-01-31,1191506.1063748312,-0.002870160489444995,1191506.1063748312,-0.002870160489444995,notebook_baseline,True,resolved
2025-02-03,1192535.9525903706,0.000864323069793338,1192535.9525903706,0.000864323069793338,notebook_baseline,True,resolved
2025-02-04,1188880.3113729549,-0.003065434806787226,1188880.3113729549,-0.003065434806787226,notebook_baseline,True,resolved
2025-02-05,1194210.6061858805,0.004483457890533948,1194210.6061858805,0.004483457890533948,notebook_baseline,True,resolved
2025-02-06,1199386.4564595723,0.004334118493740879,1199386.4564595723,0.004334118493740879,notebook_baseline,True,resolved
2025-02-07,1195213.1131999192,-0.0034795651036215736,1195213.1131999192,-0.0034795651036215736,notebook_baseline,True,resolved
2025-02-10,1197984.9391110388,0.0023191060075458125,1197984.9391110388,0.0023191060075458125,notebook_baseline,True,resolved
2025-02-11,1192465.7762894304,-0.004607038570705102,1192465.7762894304,-0.004607038570705102,notebook_baseline,True,resolved
2025-02-12,1196434.1794316939,0.0033278968848999835,1196434.1794316939,0.0033278968848999835,notebook_baseline,True,resolved
2025-02-13,1202924.2418690957,0.005424504372220973,1202924.2418690957,0.005424504372220973,notebook_baseline,True,resolved
2025-02-14,1201208.2534130244,-0.0014265141530485081,1201208.2534130244,-0.0014265141530485081,notebook_baseline,True,resolved
2025-02-18,1205405.2445987435,0.003493974649103615,1205405.2445987435,0.003493974649103615,notebook_baseline,True,resolved
2025-02-19,1209695.7163503084,0.0035593604481065633,1209695.7163503084,0.0035593604481065633,notebook_baseline,True,resolved
2025-02-20,1201406.8451057686,-0.006852029921662894,1201406.8451057686,-0.006852029921662894,notebook_baseline,True,resolved
2025-02-21,1174455.5678838992,-0.022433097773383093,1174455.5678838992,-0.022433097773383093,notebook_baseline,True,resolved
2025-02-24,1159270.2901125136,-0.012929631555790633,1159270.2901125136,-0.012929631555790633,notebook_baseline,True,resolved
2025-02-25,1139505.3956115474,-0.017049427272951112,1139505.3956115474,-0.017049427272951112,notebook_baseline,True,resolved
2025-02-26,1155354.3332350734,0.01390861130150256,1155354.3332350734,0.01390861130150256,notebook_baseline,True,resolved
2025-02-27,1134675.5768891452,-0.017898194303756276,1134675.5768891452,-0.017898194303756276,notebook_baseline,True,resolved
2025-02-28,1141475.0621984887,0.005992448809011286,1141475.0621984887,0.005992448809011286,notebook_baseline,True,resolved
2025-03-03,1133954.1488336527,-0.006588767125889405,1133954.1488336527,-0.006588767125889405,notebook_baseline,True,resolved
2025-03-04,1131569.7816895172,-0.0021027015480193922,1131569.7816895172,-0.0021027015480193922,notebook_baseline,True,resolved
2025-03-05,1142541.3763105164,0.009695906340497773,1142541.3763105164,0.009695906340497773,notebook_baseline,True,resolved
2025-03-06,1129296.5565084477,-0.011592420263009329,1129296.5565084477,-0.011592420263009329,notebook_baseline,True,resolved
2025-03-07,1134619.9523800313,0.004713904280415404,1134619.9523800313,0.004713904280415404,notebook_baseline,True,resolved
2025-03-10,1114529.5719850427,-0.01770670465722568,1114529.5719850427,-0.01770670465722568,notebook_baseline,True,resolved
2025-03-11,1118150.6794415605,0.0032490007870034088,1118150.6794415605,0.0032490007870034088,notebook_baseline,True,resolved
2025-03-12,1122943.3437418484,0.004286241906753974,1122943.3437418484,0.004286241906753974,notebook_baseline,True,resolved
2025-03-13,1110364.477725989,-0.011201692486055737,1110364.477725989,-0.011201692486055737,notebook_baseline,True,resolved
2025-03-14,1130924.928264056,0.018516848251643125,1130924.928264056,0.018516848251643125,notebook_baseline,True,resolved
2025-03-17,1139911.7848890047,0.007946466118439188,1139911.7848890047,0.007946466118439188,notebook_baseline,True,resolved
2025-03-18,1132122.8228189112,-0.00683295161375308,1132122.8228189112,-0.00683295161375308,notebook_baseline,True,resolved
2025-03-19,1138105.7648203461,0.005284711058591629,1138105.7648203461,0.005284711058591629,notebook_baseline,True,resolved
2025-03-20,1136100.448462284,-0.0017619771554173713,1136100.448462284,-0.0017619771554173713,notebook_baseline,True,resolved
2025-03-21,1133855.1891061394,-0.001976285951813095,1133855.1891061394,-0.001976285951813095,notebook_baseline,True,resolved
2025-03-24,1141727.6994531564,0.006943135616130469,1141727.6994531564,0.006943135616130469,notebook_baseline,True,resolved
2025-03-25,1134215.6887412923,-0.006579511660671833,1134215.6887412923,-0.006579511660671833,notebook_baseline,True,resolved
2025-03-26,1135950.8256321487,0.0015298121054752034,1135950.8256321487,0.0015298121054752034,notebook_baseline,True,resolved
2025-03-27,1137549.992036495,0.0014077778441301536,1137549.992036495,0.0014077778441301536,notebook_baseline,True,resolved
2025-03-28,1125924.9663494034,-0.010219353671024,1125924.9663494034,-0.010219353671024,notebook_baseline,True,resolved
2025-03-31,1130331.5134562154,0.003913712936928215,1130331.5134562154,0.003913712936928215,notebook_baseline,True,resolved
2025-04-01,1134458.4844508856,0.0036511155758642833,1134458.4844508856,0.0036511155758642833,notebook_baseline,True,resolved
2025-04-02,1139767.143600172,0.004679465332621646,1139767.143600172,0.004679465332621646,notebook_baseline,True,resolved
2025-04-03,1126452.2919400893,-0.011682080620454727,1126452.2919400893,-0.011682080620454727,notebook_baseline,True,resolved
2025-04-04,1088358.202634796,-0.03381775648898877,1088358.202634796,-0.03381775648898877,notebook_baseline,True,resolved
2025-04-07,1089432.1308412252,0.000986741500940802,1089432.1308412252,0.000986741500940802,notebook_baseline,True,resolved
2025-04-08,1090122.2592901809,0.0006334753945826943,1090122.2592901809,0.0006334753945826943,notebook_baseline,True,resolved
2025-04-09,1107938.7745214067,0.016343593646851007,1107938.7745214067,0.016343593646851007,notebook_baseline,True,resolved
2025-04-10,1096257.8954068422,-0.010542892245657076,1096257.8954068422,-0.010542892245657076,notebook_baseline,True,resolved
2025-04-11,1102800.3914672895,0.005968026399499005,1102800.3914672895,0.005968026399499005,notebook_baseline,True,resolved
2025-04-14,1117445.2912044546,0.013279737521384005,1117445.2912044546,0.013279737521384005,notebook_baseline,True,resolved
2025-04-15,1113163.1355643421,-0.003832094218677029,1113163.1355643421,-0.003832094218677029,notebook_baseline,True,resolved
2025-04-16,1104794.4203704451,-0.007517959341740488,1104794.4203704451,-0.007517959341740488,notebook_baseline,True,resolved
2025-04-17,1099268.1700050458,-0.005002062160620158,1099268.1700050458,-0.005002062160620158,notebook_baseline,True,resolved
2025-04-21,1085004.4648913075,-0.012975637340316037,1085004.4648913075,-0.012975637340316037,notebook_baseline,True,resolved
2025-04-22,1101425.685084188,0.015134702873803807,1101425.685084188,0.015134702873803807,notebook_baseline,True,resolved
2025-04-23,1102178.8009603224,0.0006837645846955454,1102178.8009603224,0.0006837645846955454,notebook_baseline,True,resolved
2025-04-24,1110913.9929302395,0.007925385574741872,1110913.9929302395,0.007925385574741872,notebook_baseline,True,resolved
2025-04-25,1108682.8502107682,-0.0020083847477574412,1108682.8502107682,-0.0020083847477574412,notebook_baseline,True,resolved
2025-04-28,1109853.2198683931,0.0010556397236616277,1109853.2198683931,0.0010556397236616277,notebook_baseline,True,resolved
2025-04-29,1115742.2946550183,0.00530617443928616,1115742.2946550183,0.00530617443928616,notebook_baseline,True,resolved
2025-04-30,1121651.9737105675,0.005296634432395031,1121651.9737105675,0.005296634432395031,notebook_baseline,True,resolved
2025-05-01,1122168.2103413804,0.00046024671013156215,1122168.2103413804,0.00046024671013156215,notebook_baseline,True,resolved
2025-05-02,1132589.4999098359,0.009286744600691454,1132589.4999098359,0.009286744600691454,notebook_baseline,True,resolved
2025-05-05,1129938.3759978088,-0.0023407632794036903,1129938.3759978088,-0.0023407632794036903,notebook_baseline,True,resolved
2025-05-06,1128055.3706191992,-0.0016664673212348768,1128055.3706191992,-0.0016664673212348768,notebook_baseline,True,resolved
2025-05-07,1129904.091770866,0.0016388567439309387,1129904.091770866,0.0016388567439309387,notebook_baseline,True,resolved
2025-05-08,1142307.9323152942,0.010977781773484852,1142307.9323152942,0.010977781773484852,notebook_baseline,True,resolved
2025-05-09,1145174.8302813056,0.0025097417998320992,1145174.8302813056,0.0025097417998320992,notebook_baseline,True,resolved
2025-05-12,1144993.868256493,-0.00015802130821207516,1144993.868256493,-0.00015802130821207516,notebook_baseline,True,resolved
2025-05-13,1142890.4537095772,-0.0018370531102657184,1142890.4537095772,-0.0018370531102657184,notebook_baseline,True,resolved
2025-05-14,1139740.7872034404,-0.002755877867308798,1139740.7872034404,-0.002755877867308798,notebook_baseline,True,resolved
2025-05-15,1155223.8174942683,0.01358469440127541,1155223.8174942683,0.01358469440127541,notebook_baseline,True,resolved
2025-05-16,1162857.1579858726,0.006607672362712647,1162857.1579858726,0.006607672362712647,notebook_baseline,True,resolved
2025-05-19,1162958.2038636454,8.689448835474956e-05,1162958.2038636454,8.689448835474956e-05,notebook_baseline,True,resolved
2025-05-20,1158312.4078328826,-0.003994809112940034,1158312.4078328826,-0.003994809112940034,notebook_baseline,True,resolved
2025-05-21,1137236.2597141375,-0.01819556449211923,1137236.2597141375,-0.01819556449211923,notebook_baseline,True,resolved
2025-05-22,1138621.5818135794,0.0012181480212301032,1138621.5818135794,0.0012181480212301032,notebook_baseline,True,resolved
2025-05-23,1133130.201899742,-0.004822831396793736,1133130.201899742,-0.004822831396793736,notebook_baseline,True,resolved
2025-05-27,1145189.5863456842,0.010642540835752223,1145189.5863456842,0.010642540835752223,notebook_baseline,True,resolved
2025-05-28,1140817.0233801347,-0.0038182000759389156,1140817.0233801347,-0.0038182000759389156,notebook_baseline,True,resolved
2025-05-29,1140964.676395451,0.00012942742989463518,1140964.676395451,0.00012942742989463518,notebook_baseline,True,resolved
2025-05-30,1144398.0950137726,0.0030092242900705557,1144398.0950137726,0.0030092242900705557,notebook_baseline,True,resolved
2025-06-02,1146234.1313303579,0.0016043685537270314,1146234.1313303579,0.0016043685537270314,notebook_baseline,True,resolved
2025-06-03,1161306.2387326467,0.013149239749819408,1161306.2387326467,0.013149239749819408,notebook_baseline,True,resolved
2025-06-04,1165706.6995401948,0.0037892337617599914,1165706.6995401948,0.0037892337617599914,notebook_baseline,True,resolved
2025-06-05,1157818.3575181002,-0.006767004105926566,1157818.3575181002,-0.006767004105926566,notebook_baseline,True,resolved
2025-06-06,1169341.8741544806,0.009952784529243752,1169341.8741544806,0.009952784529243752,notebook_baseline,True,resolved
2025-06-09,1165638.7967147771,-0.0031668047827169143,1165638.7967147771,-0.0031668047827169143,notebook_baseline,True,resolved
2025-06-10,1156533.7949806491,-0.007811169085817471,1156533.7949806491,-0.007811169085817471,notebook_baseline,True,resolved
2025-06-11,1168327.3918462712,0.010197364674345177,1168327.3918462712,0.010197364674345177,notebook_baseline,True,resolved
2025-06-12,1166053.8955173946,-0.0019459411332330978,1166053.8955173946,-0.0019459411332330978,notebook_baseline,True,resolved
2025-06-13,1156390.2881862163,-0.008287444832805524,1156390.2881862163,-0.008287444832805524,notebook_baseline,True,resolved
2025-06-16,1166553.664418133,0.008788880653657127,1166553.664418133,0.008788880653657127,notebook_baseline,True,resolved
2025-06-17,1161742.0688828162,-0.004124624251827025,1161742.0688828162,-0.004124624251827025,notebook_baseline,True,resolved
2025-06-18,1167383.1503552306,0.004855709045501921,1167383.1503552306,0.004855709045501921,notebook_baseline,True,resolved
2025-06-20,1167055.3113489333,-0.0002808323952573355,1167055.3113489333,-0.0002808323952573355,notebook_baseline,True,resolved
2025-06-23,1170817.4417931465,0.0032236093762041396,1170817.4417931465,0.0032236093762041396,notebook_baseline,True,resolved
2025-06-24,1181666.2388367697,0.009266002244558091,1181666.2388367697,0.009266002244558091,notebook_baseline,True,resolved
2025-06-25,1177586.1249710266,-0.0034528479630251407,1177586.1249710266,-0.0034528479630251407,notebook_baseline,True,resolved
2025-06-26,1184924.699155198,0.006231878950129444,1184924.699155198,0.006231878950129444,notebook_baseline,True,resolved
2025-06-27,1190989.153756285,0.005118008431599819,1190989.153756285,0.005118008431599819,notebook_baseline,True,resolved
2025-06-30,1198692.7220498254,0.006468210284908071,1198692.7220498254,0.006468210284908071,notebook_baseline,True,resolved
2025-07-01,1197545.4232818983,-0.000957124996942671,1197545.4232818983,-0.000957124996942671,notebook_baseline,True,resolved
2025-07-02,1210679.9649928687,0.010967886023876217,1210679.9649928687,0.010967886023876217,notebook_baseline,True,resolved
2025-07-03,1218797.7544726904,0.006705148936589023,1218797.7544726904,0.006705148936589023,notebook_baseline,True,resolved
2025-07-07,1215533.1188373466,-0.002678570438256367,1215533.1188373466,-0.002678570438256367,notebook_baseline,True,resolved
2025-07-08,1211471.1053738552,-0.003341754659368479,1211471.1053738552,-0.003341754659368479,notebook_baseline,True,resolved
2025-07-09,1218414.9669842164,0.005731759989618723,1218414.9669842164,0.005731759989618723,notebook_baseline,True,resolved
2025-07-10,1223274.1098720182,0.003988085356361859,1223274.1098720182,0.003988085356361859,notebook_baseline,True,resolved
2025-07-11,1219013.5566188768,-0.0034829096919145597,1219013.5566188768,-0.0034829096919145597,notebook_baseline,True,resolved
2025-07-14,1224422.3166905583,0.004436997474157378,1224422.3166905583,0.004436997474157378,notebook_baseline,True,resolved
2025-07-15,1217059.5996251965,-0.006013216979956826,1217059.5996251965,-0.006013216979956826,notebook_baseline,True,resolved
2025-07-16,1217667.6980655221,0.0004996455724213256,1217667.6980655221,0.0004996455724213256,notebook_baseline,True,resolved
2025-07-17,1221570.0368750577,0.0032047649910851295,1221570.0368750577,0.0032047649910851295,notebook_baseline,True,resolved
2025-07-18,1233322.2138614645,0.009620551119991827,1233322.2138614645,0.009620551119991827,notebook_baseline,True,resolved
2025-07-21,1226612.2587064058,-0.005440553230651957,1226612.2587064058,-0.005440553230651957,notebook_baseline,True,resolved
2025-07-22,1229056.4616185706,0.0019926451042830973,1229056.4616185706,0.0019926451042830973,notebook_baseline,True,resolved
2025-07-23,1242214.4314181784,0.010705748849226815,1242214.4314181784,0.010705748849226815,notebook_baseline,True,resolved
2025-07-24,1247020.868479739,0.0038692490925849032,1247020.868479739,0.0038692490925849032,notebook_baseline,True,resolved
2025-07-25,1251441.3015542617,0.0035447947875257846,1251441.3015542617,0.0035447947875257846,notebook_baseline,True,resolved
2025-07-28,1251531.881030317,7.23801235764654e-05,1251531.881030317,7.23801235764654e-05,notebook_baseline,True,resolved
2025-07-29,1245495.5056688683,-0.004823189447223042,1245495.5056688683,-0.004823189447223042,notebook_baseline,True,resolved
2025-07-30,1253611.7956509693,0.0065165148691099795,1253611.7956509693,0.0065165148691099795,notebook_baseline,True,resolved
2025-07-31,1253834.5448436488,0.0001776859418938237,1253834.5448436488,0.0001776859418938237,notebook_baseline,True,resolved
2025-08-01,1217468.6118855826,-0.029003773350814055,1217468.6118855826,-0.029003773350814055,notebook_baseline,True,resolved
2025-08-04,1225049.219058083,0.006226531919175882,1225049.219058083,0.006226531919175882,notebook_baseline,True,resolved
2025-08-05,1210600.3786729006,-0.011794497853965247,1210600.3786729006,-0.011794497853965247,notebook_baseline,True,resolved
2025-08-06,1209706.6775394669,-0.0007382296827078694,1209706.6775394669,-0.0007382296827078694,notebook_baseline,True,resolved
2025-08-07,1216621.8864072836,0.0057164344020008695,1216621.8864072836,0.0057164344020008695,notebook_baseline,True,resolved
2025-08-08,1216274.9885727384,-0.00028513200232627156,1216274.9885727384,-0.00028513200232627156,notebook_baseline,True,resolved
2025-08-11,1214233.6454354837,-0.0016783565858327076,1214233.6454354837,-0.0016783565858327076,notebook_baseline,True,resolved
2025-08-12,1225555.5763230594,0.00932434291385098,1225555.5763230594,0.00932434291385098,notebook_baseline,True,resolved
2025-08-13,1233277.1338280444,0.0063004547930427535,1233277.1338280444,0.0063004547930427535,notebook_baseline,True,resolved
2025-08-14,1229839.5438709352,-0.0027873621125521497,1229839.5438709352,-0.0027873621125521497,notebook_baseline,True,resolved
2025-08-15,1231174.3796161115,0.0010853739024969666,1231174.3796161115,0.0010853739024969666,notebook_baseline,True,resolved
2025-08-18,1233734.2130552784,0.002079180237624101,1233734.2130552784,0.002079180237624101,notebook_baseline,True,resolved
2025-08-19,1219303.5840923702,-0.011696708099852016,1219303.5840923702,-0.011696708099852016,notebook_baseline,True,resolved
2025-08-20,1216791.1356319732,-0.002060560219108387,1216791.1356319732,-0.002060560219108387,notebook_baseline,True,resolved
2025-08-21,1212332.936972489,-0.0036638980420978795,1212332.936972489,-0.0036638980420978795,notebook_baseline,True,resolved
2025-08-22,1239292.3105950349,0.02223759893043109,1239292.3105950349,0.02223759893043109,notebook_baseline,True,resolved
2025-08-25,1234085.6820987945,-0.0042012916982760995,1234085.6820987945,-0.0042012916982760995,notebook_baseline,True,resolved
2025-08-26,1234813.7229427658,0.0005899435140785947,1234813.7229427658,0.0005899435140785947,notebook_baseline,True,resolved
2025-08-27,1230469.503399661,-0.003518117317931835,1230469.503399661,-0.003518117317931835,notebook_baseline,True,resolved
2025-08-28,1237353.7795891115,0.005594836906099632,1237353.7795891115,0.005594836906099632,notebook_baseline,True,resolved
2025-08-29,1236011.5863797935,-0.0010847287424650132,1236011.5863797935,-0.0010847287424650132,notebook_baseline,True,resolved
2025-09-02,1229891.2059662696,-0.004951717670746203,1229891.2059662696,-0.004951717670746203,notebook_baseline,True,resolved
2025-09-03,1229495.6008435828,-0.0003216586318918191,1229495.6008435828,-0.0003216586318918191,notebook_baseline,True,resolved
2025-09-04,1242446.509893248,0.010533513939195327,1242446.509893248,0.010533513939195327,notebook_baseline,True,resolved
2025-09-05,1246154.2150308895,0.002984196992078081,1246154.2150308895,0.002984196992078081,notebook_baseline,True,resolved
2025-09-08,1242086.8420892449,-0.0032639402833010145,1242086.8420892449,-0.0032639402833010145,notebook_baseline,True,resolved
2025-09-09,1241778.4217749333,-0.00024830817287524454,1241778.4217749333,-0.00024830817287524454,notebook_baseline,True,resolved
2025-09-10,1245866.870875261,0.003292414353990747,1245866.870875261,0.003292414353990747,notebook_baseline,True,resolved
2025-09-11,1255929.6377401378,0.008076919854050901,1255929.6377401378,0.008076919854050901,notebook_baseline,True,resolved
2025-09-12,1247117.7740599583,-0.007016208086334408,1247117.7740599583,-0.007016208086334408,notebook_baseline,True,resolved
2025-09-15,1247274.691981155,0.000125824460576629,1247274.691981155,0.000125824460576629,notebook_baseline,True,resolved
2025-09-16,1244507.7419967407,-0.002218396638850484,1244507.7419967407,-0.002218396638850484,notebook_baseline,True,resolved
2025-09-17,1250156.9920236785,0.004539345024783703,1250156.9920236785,0.004539345024783703,notebook_baseline,True,resolved
2025-09-18,1255166.5940078208,0.004007178311288051,1255166.5940078208,0.004007178311288051,notebook_baseline,True,resolved
2025-09-19,1253545.4137730289,-0.0012916056263220232,1253545.4137730289,-0.0012916056263220232,notebook_baseline,True,resolved
2025-09-22,1254138.058627549,0.0004727749373965029,1254138.058627549,0.0004727749373965029,notebook_baseline,True,resolved
2025-09-23,1252438.179182828,-0.001355416521352848,1252438.179182828,-0.001355416521352848,notebook_baseline,True,resolved
2025-09-24,1244194.6735666066,-0.006581966082828905,1244194.6735666066,-0.006581966082828905,notebook_baseline,True,resolved
2025-09-25,1245079.913345195,0.000711496197014494,1245079.913345195,0.000711496197014494,notebook_baseline,True,resolved
2025-09-26,1256995.1579395942,0.009569863320970429,1256995.1579395942,0.009569863320970429,notebook_baseline,True,resolved
2025-09-29,1274788.1088233215,0.014155146717424572,1274788.1088233215,0.014155146717424572,notebook_baseline,True,resolved
2025-09-30,1285657.7445492249,0.008526621522957578,1285657.7445492249,0.008526621522957578,notebook_baseline,True,resolved
2025-10-01,1289261.28957146,0.0028028805002833224,1289261.28957146,0.0028028805002833224,notebook_baseline,True,resolved
2025-10-02,1290280.1383243308,0.0007902577709513192,1290280.1383243308,0.0007902577709513192,notebook_baseline,True,resolved
2025-10-03,1292584.7740323562,0.0017861514252388577,1292584.7740323562,0.0017861514252388577,notebook_baseline,True,resolved
2025-10-06,1281843.2044418226,-0.008310147083834263,1281843.2044418226,-0.008310147083834263,notebook_baseline,True,resolved
2025-10-07,1276889.3911672123,-0.00386460158110169,1276889.3911672123,-0.00386460158110169,notebook_baseline,True,resolved
2025-10-08,1285237.7511669174,0.006538044765235229,1285237.7511669174,0.006538044765235229,notebook_baseline,True,resolved
2025-10-09,1278564.3835538942,-0.00519232150391169,1278564.3835538942,-0.00519232150391169,notebook_baseline,True,resolved
2025-10-10,1251262.6085681757,-0.02135346122330628,1251262.6085681757,-0.02135346122330628,notebook_baseline,True,resolved
2025-10-13,1280876.269463824,0.02366702296773293,1280876.269463824,0.02366702296773293,notebook_baseline,True,resolved
2025-10-14,1278762.5267620268,-0.001650231761013199,1278762.5267620268,-0.001650231761013199,notebook_baseline,True,resolved
2025-10-15,1284696.7050377335,0.004640563162835898,1284696.7050377335,0.004640563162835898,notebook_baseline,True,resolved
2025-10-16,1287859.2772914034,0.002461726757193583,1287859.2772914034,0.002461726757193583,notebook_baseline,True,resolved
2025-10-17,1286559.351118442,-0.0010093697315248784,1286559.351118442,-0.0010093697315248784,notebook_baseline,True,resolved
2025-10-20,1290793.655422612,0.003291184585063389,1290793.655422612,0.003291184585063389,notebook_baseline,True,resolved
2025-10-21,1293717.9345612456,0.002265489240939944,1293717.9345612456,0.002265489240939944,notebook_baseline,True,resolved
2025-10-22,1279613.0661396992,-0.010902583975022306,1279613.0661396992,-0.010902583975022306,notebook_baseline,True,resolved
2025-10-23,1310925.2579892883,0.024470046983851912,1310925.2579892883,0.024470046983851912,notebook_baseline,True,resolved
2025-10-24,1335820.6979337828,0.018990739397819922,1335820.6979337828,0.018990739397819922,notebook_baseline,True,resolved
2025-10-27,1336944.055842849,0.0008409496205619149,1336944.055842849,0.0008409496205619149,notebook_baseline,True,resolved
2025-10-28,1338874.4389680563,0.0014438772638025732,1338874.4389680563,0.0014438772638025732,notebook_baseline,True,resolved
2025-10-29,1372986.781016199,0.025478372769917712,1372986.781016199,0.025478372769917712,notebook_baseline,True,resolved
2025-10-30,1367350.1997973952,-0.004105342670984724,1367350.1997973952,-0.004105342670984724,notebook_baseline,True,resolved
2025-10-31,1368483.1296261703,0.0008285586449929827,1368483.1296261703,0.0008285586449929827,notebook_baseline,True,resolved
2025-11-03,1368591.060595334,7.886905349963058e-05,1368591.060595334,7.886905349963058e-05,notebook_baseline,True,resolved
2025-11-04,1355840.5852549702,-0.009316497606536633,1355840.5852549702,-0.009316497606536633,notebook_baseline,True,resolved
2025-11-05,1375723.0004258237,0.014664272029528025,1375723.0004258237,0.014664272029528025,notebook_baseline,True,resolved
2025-11-06,1374347.002493854,-0.0010001998451315552,1374347.002493854,-0.0010001998451315552,notebook_baseline,True,resolved
2025-11-07,1386186.8120860904,0.008614861873131208,1386186.8120860904,0.008614861873131208,notebook_baseline,True,resolved
2025-11-10,1395417.0739201969,0.006658743073897577,1395417.0739201969,0.006658743073897577,notebook_baseline,True,resolved
2025-11-11,1390613.8253017329,-0.003442159844705084,1390613.8253017329,-0.003442159844705084,notebook_baseline,True,resolved
2025-11-12,1391928.8201934565,0.0009456219029306823,1391928.8201934565,0.0009456219029306823,notebook_baseline,True,resolved
2025-11-13,1366919.905039831,-0.01796709342518643,1366919.905039831,-0.01796709342518643,notebook_baseline,True,resolved
2025-11-14,1370467.4314930511,0.0025952701691887015,1370467.4314930511,0.0025952701691887015,notebook_baseline,True,resolved
2025-11-17,1368184.9426290009,-0.0016654820184698327,1368184.9426290009,-0.0016654820184698327,notebook_baseline,True,resolved
2025-11-18,1363724.4134239117,-0.0032601800137620485,1363724.4134239117,-0.0032601800137620485,notebook_baseline,True,resolved
2025-11-19,1368465.605512402,0.0034766497114959716,1368465.605512402,0.0034766497114959716,notebook_baseline,True,resolved
2025-11-20,1351302.4739173087,-0.01254188013637858,1351302.4739173087,-0.01254188013637858,notebook_baseline,True,resolved
2025-11-21,1371413.69433266,0.01488284140933338,1371413.69433266,0.01488284140933338,notebook_baseline,True,resolved
2025-11-24,1390718.4481497654,0.014076535692243652,1390718.4481497654,0.014076535692243652,notebook_baseline,True,resolved
2025-11-25,1392635.5083682465,0.0013784675259262968,1392635.5083682465,0.0013784675259262968,notebook_baseline,True,resolved
2025-11-26,1401086.7958899136,0.006068556683269888,1401086.7958899136,0.006068556683269888,notebook_baseline,True,resolved
2025-11-28,1405348.5250544725,0.0030417310169938983,1405348.5250544725,0.0030417310169938983,notebook_baseline,True,resolved
2025-12-01,1395822.55155103,-0.006778370869299666,1395822.55155103,-0.006778370869299666,notebook_baseline,True,resolved
2025-12-02,1389817.6002348154,-0.004302087904756946,1389817.6002348154,-0.004302087904756946,notebook_baseline,True,resolved
2025-12-03,1382875.1323405555,-0.004995236708102424,1382875.1323405555,-0.004995236708102424,notebook_baseline,True,resolved
2025-12-04,1382398.098845463,-0.00034495775065757073,1382398.098845463,-0.00034495775065757073,notebook_baseline,True,resolved
2025-12-05,1384466.687159033,0.0014963767060280908,1384466.687159033,0.0014963767060280908,notebook_baseline,True,resolved
2025-12-08,1380782.8807770535,-0.002660812583030636,1380782.8807770535,-0.002660812583030636,notebook_baseline,True,resolved
2025-12-09,1378379.8542335955,-0.0017403362808972034,1378379.8542335955,-0.0017403362808972034,notebook_baseline,True,resolved
2025-12-10,1394101.7377659392,0.011406060153922759,1394101.7377659392,0.011406060153922759,notebook_baseline,True,resolved
2025-12-11,1397992.4930077684,0.002790868941935365,1397992.4930077684,0.002790868941935365,notebook_baseline,True,resolved
2025-12-12,1390830.7807540558,-0.005122854585795533,1390830.7807540558,-0.005122854585795533,notebook_baseline,True,resolved
2025-12-15,1394592.6102415835,0.002704735572136352,1394592.6102415835,0.002704735572136352,notebook_baseline,True,resolved
2025-12-16,1385525.45658128,-0.006501650441653184,1385525.45658128,-0.006501650441653184,notebook_baseline,True,resolved
2025-12-17,1378811.386969361,-0.0048458652131053714,1378811.386969361,-0.0048458652131053714,notebook_baseline,True,resolved
2025-12-18,1385330.2617372214,0.004727894496279861,1385330.2617372214,0.004727894496279861,notebook_baseline,True,resolved
2025-12-19,1400267.5129099109,0.01078244775650683,1400267.5129099109,0.01078244775650683,notebook_baseline,True,resolved
2025-12-22,1407203.5047960156,0.004953333432474505,1407203.5047960156,0.004953333432474505,notebook_baseline,True,resolved
2025-12-23,1403680.331556248,-0.0025036700290753666,1403680.331556248,-0.0025036700290753666,notebook_baseline,True,resolved
2025-12-24,1408812.6340654027,0.0036563186031570716,1408812.6340654027,0.0036563186031570716,notebook_baseline,True,resolved
2025-12-26,1409328.3315712297,0.00036605116490107115,1409328.3315712297,0.00036605116490107115,notebook_baseline,True,resolved
2025-12-29,1409149.7194560906,-0.000126735630823549,1409149.7194560906,-0.000126735630823549,notebook_baseline,True,resolved
2025-12-30,1409355.053142618,0.00014571459916035145,1409355.053142618,0.00014571459916035145,notebook_baseline,True,resolved
2025-12-31,1399355.1168548227,-0.007095398895755278,1399355.1168548227,-0.007095398895755278,notebook_baseline,True,resolved
