Date,eligible_count,effective_entry_k,gross_nav,gross_free_cash,gross_margin_debt,gross_long_value,gross_short_liability,gross_short_collateral,gross_short_proceeds,gross_long_count,gross_short_count,gross_gross_exposure,gross_net_exposure,gross_borrow_cost,gross_status,gross_performance_valid,gross_return,gross_turnover,gross_transaction_cost,gross_cumulative_transaction_cost,gross_planned_entry_budget,gross_planned_exit_count,net_nav,net_free_cash,net_margin_debt,net_long_value,net_short_liability,net_short_collateral,net_short_proceeds,net_long_count,net_short_count,net_gross_exposure,net_net_exposure,net_borrow_cost,net_status,net_performance_valid,net_return,net_turnover,net_transaction_cost,net_cumulative_transaction_cost,net_planned_entry_budget,net_planned_exit_count,rank_ic
2024-01-02,494,20,1000000.0,1000000.0,0.0,0.0,0.0,0.0,0.0,0,0,0.0,0.0,0.0,resolved,True,,0.0,0.0,0.0,1000000.0,0,1000000.0,1000000.0,0.0,0.0,0.0,0.0,0.0,0,0,0.0,0.0,0.0,resolved,True,,0.0,0.0,0.0,1000000.0,0,-0.21416181734644466
2024-01-03,494,20,1000272.1637306439,0.0,0.0,497104.0955963202,496831.93186567625,500000.0,500000.0,20,20,0.9936655877286278,0.00027208967770222755,0.0,resolved,True,0.0002721637306439817,1.0,0.0,0.0,0.0,20,1000272.1637306439,0.0,0.0,497104.0955963202,496831.93186567625,500000.0,500000.0,20,20,0.9936655877286278,0.00027208967770222755,0.0,resolved,True,0.0002721637306439817,1.0,0.0,0.0,0.0,20,0.22332037075880487
2024-01-04,494,20,999294.7818222978,501587.1441565735,0.0,397843.5741003508,100135.93643462649,100000.0,100000.0,16,4,0.4983309425741921,0.29791773466767174,0.0,resolved,True,-0.0009771159728176881,0.49688681057392714,0.0,0.0,501587.14415657346,11,999294.7818222978,501587.1441565735,0.0,397843.5741003508,100135.93643462649,100000.0,100000.0,16,4,0.4983309425741921,0.29791773466767174,0.0,resolved,True,-0.0009771159728176881,0.49688681057392714,0.0,0.0,501587.14415657346,11,-0.13536833505436963
2024-01-05,494,20,996875.2298044738,274390.2513660819,0.0,473664.66088117496,252766.8265993564,250793.5720782867,250793.5720782867,24,20,0.728708534189392,0.22159025289969866,0.0,resolved,True,-0.0024212595340603604,0.7776512722786244,0.0,0.0,274390.2513660819,16,996875.2298044738,274390.2513660819,0.0,473664.66088117496,252766.8265993564,250793.5720782867,250793.5720782867,24,20,0.728708534189392,0.22159025289969866,0.0,resolved,True,-0.0024212595340603604,0.7776512722786244,0.0,0.0,274390.2513660819,16,0.014025338281654033
2024-01-08,494,20,1002687.297976621,278196.2309210552,0.0,415499.36333497334,316509.5485550905,312750.62613784155,312750.62613784155,28,31,0.7300470579085083,0.0987245125969382,0.0,resolved,True,0.005830286477563673,0.5551355440872713,0.0,0.0,278196.2309210552,39,1002687.297976621,278196.2309210552,0.0,415499.36333497334,316509.5485550905,312750.62613784155,312750.62613784155,28,31,0.7300470579085083,0.0987245125969382,0.0,resolved,True,0.005830286477563673,0.5551355440872713,0.0,0.0,278196.2309210552,39,-0.015411403430191132
2024-01-09,494,20,1002109.8507106646,541098.9359991334,0.0,229163.63908743497,233702.795395657,232775.03550987662,232775.03550987662,28,28,0.4618919115053522,-0.004529599529435832,0.0,resolved,True,-0.0005758996519867887,0.8190468835694097,0.0,0.0,541098.9359991334,32,1002109.8507106646,541098.9359991334,0.0,229163.63908743497,233702.795395657,232775.03550987662,232775.03550987662,28,28,0.4618919115053522,-0.004529599529435832,0.0,resolved,True,-0.0005758996519867887,0.8190468835694097,0.0,0.0,541098.9359991334,32,-0.14317004671290354
2024-01-10,494,20,1000125.7349448545,264467.03446098603,0.0,390318.6468327831,348195.9124213824,346767.98303623387,346767.98303623387,29,24,0.7384217138406963,0.042117438777558636,0.0,resolved,True,-0.001979938391387992,0.8044262790840632,0.0,0.0,264467.03446098603,24,1000125.7349448545,264467.03446098603,0.0,390318.6468327831,348195.9124213824,346767.98303623387,346767.98303623387,29,24,0.7384217138406963,0.042117438777558636,0.0,resolved,True,-0.001979938391387992,0.8044262790840632,0.0,0.0,264467.03446098603,24,-0.09759055995837196
2024-01-11,494,20,998362.103188165,338520.7744625516,0.0,398757.01122593327,262700.4806279177,261892.39906379898,261892.39906379898,32,25,0.6625426683780921,0.13627974275419036,0.0,resolved,True,-0.0017634100344260384,0.6033747285058225,0.0,0.0,338520.7744625516,30,998362.103188165,338520.7744625516,0.0,398757.01122593327,262700.4806279177,261892.39906379898,261892.39906379898,32,25,0.6625426683780921,0.13627974275419036,0.0,resolved,True,-0.0017634100344260384,0.6033747285058225,0.0,0.0,338520.7744625516,30,0.08809360763604056
2024-01-12,494,20,999288.3559557766,367949.43380240205,0.0,326862.40250142064,302969.77611656825,303723.1478842611,303723.1478842611,30,26,0.6302807141343916,0.023909641538853037,0.0,resolved,True,0.0009277723630072288,0.7080900501187022,0.0,0.0,367949.43380240205,28,999288.3559557766,367949.43380240205,0.0,326862.40250142064,302969.77611656825,303723.1478842611,303723.1478842611,30,26,0.6302807141343916,0.023909641538853037,0.0,resolved,True,0.0009277723630072288,0.7080900501187022,0.0,0.0,367949.43380240205,28,-0.034201222105726015
2024-01-16,494,20,999769.0466183765,324082.9889879002,0.0,358993.1891131614,314453.3342237148,315573.1013705149,315573.1013705149,30,26,0.6736020940183584,0.044550143895831194,0.0,resolved,True,0.000481032986860086,0.6883339609653947,0.0,0.0,324082.9889879002,34,999769.0466183765,324082.9889879002,0.0,358993.1891131614,314453.3342237148,315573.1013705149,315573.1013705149,30,26,0.6736020940183584,0.044550143895831194,0.0,resolved,True,0.000481032986860086,0.6883339609653947,0.0,0.0,324082.9889879002,34,-0.0390369358221744
2024-01-17,494,20,998732.0320491645,405717.98675758915,0.0,344647.6271794312,248631.4359419163,248498.92702703024,248498.92702703024,26,26,0.5940322770103584,0.09613809125608211,0.0,resolved,True,-0.0010372541265600832,0.7227629553512508,0.0,0.0,405717.98675758915,35,998732.0320491645,405717.98675758915,0.0,344647.6271794312,248631.4359419163,248498.92702703024,248498.92702703024,26,26,0.5940322770103584,0.09613809125608211,0.0,resolved,True,-0.0010372541265600832,0.7227629553512508,0.0,0.0,405717.98675758915,35,-0.058319121149917795
2024-01-18,494,20,995423.0279589307,358366.5033052292,0.0,393704.3484708945,246301.76933621473,244826.9727595109,244826.9727595109,27,23,0.6429488768402439,0.14808033870476356,0.0,resolved,True,-0.003313205128150809,0.7690824084328443,0.0,0.0,358366.5033052292,29,995423.0279589307,358366.5033052292,0.0,393704.3484708945,246301.76933621473,244826.9727595109,244826.9727595109,27,23,0.6429488768402439,0.14808033870476356,0.0,resolved,True,-0.003313205128150809,0.7690824084328443,0.0,0.0,358366.5033052292,29,-0.0403167207668241
2024-01-19,494,20,998712.7370792369,361769.4030082894,0.0,375584.63861392956,267335.65222367295,264347.17384034547,264347.17384034547,28,24,0.6437489650105401,0.10838851090137669,0.0,resolved,True,0.0033048352588864738,0.7257713865109223,0.0,0.0,361769.4030082894,33,998712.7370792369,361769.4030082894,0.0,375584.63861392956,267335.65222367295,264347.17384034547,264347.17384034547,28,24,0.6437489650105401,0.10838851090137669,0.0,resolved,True,0.0033048352588864738,0.7257713865109223,0.0,0.0,361769.4030082894,33,-0.16293524519877411
2024-01-22,494,20,998466.0003000628,393387.7366401755,0.0,292437.2097863125,319210.02352713956,315925.5387003572,315925.5387003572,24,25,0.6125869414978952,-0.026813946326445983,0.0,resolved,True,-0.00024705480366227217,0.7600130021188353,0.0,0.0,393387.7366401755,31,998466.0003000628,393387.7366401755,0.0,292437.2097863125,319210.02352713956,315925.5387003572,315925.5387003572,24,25,0.6125869414978952,-0.026813946326445983,0.0,resolved,True,-0.00024705480366227217,0.7600130021188353,0.0,0.0,393387.7366401755,31,0.10223031712290799
2024-01-23,494,20,1001144.2000315831,390206.1505854955,0.0,262223.7634037845,351639.8267155987,350177.0563789509,350177.0563789509,24,24,0.6131620101280292,-0.08931387037850631,0.0,resolved,True,0.0026823144010066358,0.7853602643754867,0.0,0.0,390206.1505854955,32,1001144.2000315831,390206.1505854955,0.0,262223.7634037845,351639.8267155987,350177.0563789509,350177.0563789509,24,24,0.6131620101280292,-0.08931387037850631,0.0,resolved,True,0.0026823144010066358,0.7853602643754867,0.0,0.0,390206.1505854955,32,-0.09285988112555649
2024-01-24,494,20,1001170.3562811934,412827.80598315434,0.0,251547.6735828751,337045.3696089966,336920.12316208036,336920.12316208036,23,27,0.587904984900049,-0.08539775023273682,0.0,resolved,True,2.6126355833211434e-05,0.8043730375484297,0.0,0.0,412827.80598315434,30,1001170.3562811934,412827.80598315434,0.0,251547.6735828751,337045.3696089966,336920.12316208036,336920.12316208036,23,27,0.587904984900049,-0.08539775023273682,0.0,resolved,True,2.6126355833211434e-05,0.8043730375484297,0.0,0.0,412827.80598315434,30,0.17217482934058717
2024-01-25,494,20,1005691.8666274535,358706.57821498683,0.0,334672.41028748895,311169.8914666673,311741.38479582244,311741.38479582244,23,24,0.6421870586663507,0.023369502728143157,0.0,resolved,True,0.004516224754251619,0.7715021564836173,0.0,0.0,358706.57821498683,34,1005691.8666274535,358706.57821498683,0.0,334672.41028748895,311169.8914666673,311741.38479582244,311741.38479582244,23,24,0.6421870586663507,0.023369502728143157,0.0,resolved,True,0.004516224754251619,0.7715021564836173,0.0,0.0,358706.57821498683,34,-0.058160004752092063
2024-01-26,494,20,1006309.0562030779,488739.7984803874,0.0,298291.0621712513,220862.86109029563,220070.5283208674,220070.5283208674,26,21,0.5158990869270078,0.07694276485307738,0.0,resolved,True,0.0006136964970135939,0.8349378457961227,0.0,0.0,488739.7984803874,25,1006309.0562030779,488739.7984803874,0.0,298291.0621712513,220862.86109029563,220070.5283208674,220070.5283208674,26,21,0.5158990869270078,0.07694276485307738,0.0,resolved,True,0.0006136964970135939,0.8349378457961227,0.0,0.0,488739.7984803874,25,0.18118383832461923
2024-01-29,494,20,1012391.4729061883,261682.95397174158,0.0,386507.03349464276,365815.77304554987,365008.6292426769,365008.6292426769,24,26,0.7431145230614812,0.020438003482680673,0.0,resolved,True,0.006044282982069271,0.7464440625667699,0.0,0.0,261682.9539717416,40,1012391.4729061883,261682.95397174158,0.0,386507.03349464276,365815.77304554987,365008.6292426769,365008.6292426769,24,26,0.7431145230614812,0.020438003482680673,0.0,resolved,True,0.006044282982069271,0.7464440625667699,0.0,0.0,261682.9539717416,40,0.23384860270964777
2024-01-30,494,20,1013088.3020570991,607062.1569394444,0.0,179388.2995594358,225175.77405175538,225906.8098049871,225906.8098049871,24,23,0.39933742477305734,-0.045195936424640426,0.0,resolved,True,0.0006883000988839871,0.8545780217004716,0.0,0.0,607062.1569394444,35,1013088.3020570991,607062.1569394444,0.0,179388.2995594358,225175.77405175538,225906.8098049871,225906.8098049871,24,23,0.39933742477305734,-0.045195936424640426,0.0,resolved,True,0.0006883000988839871,0.8545780217004716,0.0,0.0,607062.1569394444,35,0.03264299782637162
2024-01-31,494,20,1014090.0655577048,298297.13581451046,0.0,368805.09276258963,341699.0818893698,344343.4594349872,344343.4594349872,26,22,0.700632220730033,0.026729391987794206,0.0,resolved,True,0.0009888215060538386,0.8880276584214859,0.0,0.0,298297.13581451046,30,1014090.0655577048,298297.13581451046,0.0,368805.09276258963,341699.0818893698,344343.4594349872,344343.4594349872,26,22,0.700632220730033,0.026729391987794206,0.0,resolved,True,0.0009888215060538386,0.8880276584214859,0.0,0.0,298297.13581451046,30,-0.030779449045043917
2024-02-01,494,20,1016345.4952643734,423083.4954563981,0.0,384733.8525097916,211181.41990421584,209854.78360119974,209854.78360119974,25,20,0.5863313953676718,0.17076125531547817,0.0,resolved,True,0.002224092103129127,0.7114671022070508,0.0,0.0,423083.4954563981,35,1016345.4952643734,423083.4954563981,0.0,384733.8525097916,211181.41990421584,209854.78360119974,209854.78360119974,25,20,0.5863313953676718,0.17076125531547817,0.0,resolved,True,0.002224092103129127,0.7114671022070508,0.0,0.0,423083.4954563981,35,0.057565202131271066
2024-02-02,494,20,1017055.6526278963,434201.15926590684,0.0,297150.18125153147,288097.93404975865,286901.1230801084,286901.1230801084,25,22,0.5754337177017894,0.00890044431529717,0.0,resolved,True,0.000698736174688408,0.8428862606995636,0.0,0.0,434201.15926590684,33,1017055.6526278963,434201.15926590684,0.0,297150.18125153147,288097.93404975865,286901.1230801084,286901.1230801084,25,22,0.5754337177017894,0.00890044431529717,0.0,resolved,True,0.000698736174688408,0.8428862606995636,0.0,0.0,434201.15926590684,33,-0.16438209443514462
2024-02-05,494,20,1016561.3819714107,437911.78778226906,0.0,276439.4188595502,301224.38211887446,301717.278724233,301717.278724233,23,25,0.5682527501272625,-0.024381177269648925,0.0,resolved,True,-0.0004859819177136515,0.8544619555303753,0.0,0.0,437911.78778226906,33,1016561.3819714107,437911.78778226906,0.0,276439.4188595502,301224.38211887446,301717.278724233,301717.278724233,23,25,0.5682527501272625,-0.024381177269648925,0.0,resolved,True,-0.0004859819177136515,0.8544619555303753,0.0,0.0,437911.78778226906,33,0.1622832485665961
2024-02-06,494,20,1020155.6048270798,388228.83878851286,0.0,314694.2941320202,314958.07116442977,316095.2715354882,316095.2715354882,24,22,0.6172120824677314,-0.00025856548859943087,0.0,resolved,True,0.003535667318680602,0.8121400101341275,0.0,0.0,388228.83878851286,34,1020155.6048270798,388228.83878851286,0.0,314694.2941320202,314958.07116442977,316095.2715354882,316095.2715354882,24,22,0.6172120824677314,-0.00025856548859943087,0.0,resolved,True,0.003535667318680602,0.8121400101341275,0.0,0.0,388228.83878851286,34,0.1934588402370969
2024-02-07,494,20,1020006.8697870262,467633.8249804678,0.0,315581.12390778144,238648.21259455362,237720.0667466653,237720.0667466653,26,23,0.5433584350447132,0.0754239148696039,0.0,resolved,True,-0.00014579642492751343,0.8412840443007323,0.0,0.0,467633.8249804678,32,1020006.8697870262,467633.8249804678,0.0,315581.12390778144,238648.21259455362,237720.0667466653,237720.0667466653,26,23,0.5433584350447132,0.0754239148696039,0.0,resolved,True,-0.00014579642492751343,0.8412840443007323,0.0,0.0,467633.8249804678,32,-0.07790626317364034
2024-02-08,494,20,1018702.1462563631,350042.1049435972,0.0,327004.485083147,344286.8935580886,342971.2248938537,342971.2248938537,25,27,0.6589672762624187,-0.016965124240145,0.0,resolved,True,-0.0012791321012725065,0.8031066715279324,0.0,0.0,350042.1049435972,29,1018702.1462563631,350042.1049435972,0.0,327004.485083147,344286.8935580886,342971.2248938537,342971.2248938537,25,27,0.6589672762624187,-0.016965124240145,0.0,resolved,True,-0.0012791321012725065,0.8031066715279324,0.0,0.0,350042.1049435972,29,-0.07869353346396683
2024-02-09,494,20,1014714.3167332045,399333.28123081353,0.0,264891.09673018963,356292.12705746916,353391.03291483526,353391.03291483526,27,27,0.6121754798803972,-0.09007562899234356,0.0,resolved,True,-0.003914617769103068,0.7383727012531879,0.0,0.0,399333.28123081353,38,1014714.3167332045,399333.28123081353,0.0,264891.09673018963,356292.12705746916,353391.03291483526,353391.03291483526,27,27,0.6121754798803972,-0.09007562899234356,0.0,resolved,True,-0.003914617769103068,0.7383727012531879,0.0,0.0,399333.28123081353,38,0.17744654600812718
2024-02-12,494,20,1016359.0625569291,447228.8414211327,0.0,245448.0966119068,328606.205619882,326144.16507188574,326144.16507188574,24,23,0.5648144670325448,-0.08181961677870832,0.0,resolved,True,0.0016208954546139687,0.8378681090891427,0.0,0.0,447228.8414211327,33,1016359.0625569291,447228.8414211327,0.0,245448.0966119068,328606.205619882,326144.16507188574,326144.16507188574,24,23,0.5648144670325448,-0.08181961677870832,0.0,resolved,True,0.0016208954546139687,0.8378681090891427,0.0,0.0,447228.8414211327,33,0.36111383397481295
2024-02-13,494,20,1019245.8851655346,386408.84595911554,0.0,264535.7308773816,368964.5050087689,368632.9066689032,368632.9066689032,22,26,0.6215381833827708,-0.10245690039202576,0.0,resolved,True,0.0028403570302633074,0.8118125074510153,0.0,0.0,386408.84595911554,33,1019245.8851655346,386408.84595911554,0.0,264535.7308773816,368964.5050087689,368632.9066689032,368632.9066689032,22,26,0.6215381833827708,-0.10245690039202576,0.0,resolved,True,0.0028403570302633074,0.8118125074510153,0.0,0.0,386408.84595911554,33,-0.05319482319494324
2024-02-14,494,20,1011653.3207843154,441446.7655343447,0.0,284152.1150837385,291958.4915894846,289006.46587785834,289006.46587785834,26,23,0.5694743395164025,-0.007716454189755405,0.0,resolved,True,-0.007449197972465793,0.8282552484294957,0.0,0.0,441446.7655343447,24,1011653.3207843154,441446.7655343447,0.0,284152.1150837385,291958.4915894846,289006.46587785834,289006.46587785834,26,23,0.5694743395164025,-0.007716454189755405,0.0,resolved,True,-0.007449197972465793,0.8282552484294957,0.0,0.0,441446.7655343447,24,0.08745564014389899
2024-02-15,494,20,1011926.424700909,271517.8915327761,0.0,383797.13535275304,365090.78097323317,360851.0893943065,360851.0893943065,31,27,0.7400616270568604,0.018485883877426012,0.0,resolved,True,0.00026995800931284286,0.7081640512303718,0.0,0.0,271517.8915327761,34,1011926.424700909,271517.8915327761,0.0,383797.13535275304,365090.78097323317,360851.0893943065,360851.0893943065,31,27,0.7400616270568604,0.018485883877426012,0.0,resolved,True,0.00026995800931284286,0.7081640512303718,0.0,0.0,271517.8915327761,34,-0.089256950006133
2024-02-16,494,20,1014425.9875655966,370138.16495244583,0.0,293075.7150599899,348860.38100317103,350036.2442781659,350036.2442781659,25,29,0.6328072268768163,-0.05499136124957948,0.0,resolved,True,0.0024701033629261904,0.6376572209469455,0.0,0.0,370138.1649524458,35,1014425.9875655966,370138.16495244583,0.0,293075.7150599899,348860.38100317103,350036.2442781659,350036.2442781659,25,29,0.6328072268768163,-0.05499136124957948,0.0,resolved,True,0.0024701033629261904,0.6376572209469455,0.0,0.0,370138.1649524458,35,-0.07092244751696664
2024-02-20,494,20,1014643.3423549859,361923.4847853625,0.0,330452.97422450635,320300.2132100113,321283.54827756423,321283.54827756423,22,26,0.6413615112519443,0.01000623627109256,0.0,resolved,True,0.0002142638221551696,0.7127769168904151,0.0,0.0,361923.4847853625,25,1014643.3423549859,361923.4847853625,0.0,330452.97422450635,320300.2132100113,321283.54827756423,321283.54827756423,22,26,0.6413615112519443,0.01000623627109256,0.0,resolved,True,0.0002142638221551696,0.7127769168904151,0.0,0.0,361923.4847853625,25,-0.00509311944607425
2024-02-21,494,20,1000946.2561013845,316049.5698940435,0.0,399991.94809154316,283897.22162528924,284400.97987054347,284400.97987054347,24,25,0.6832426471931998,0.11598497497601394,0.0,resolved,True,-0.013499409774680449,0.6646276691542818,0.0,0.0,316049.5698940435,35,1000946.2561013845,316049.5698940435,0.0,399991.94809154316,283897.22162528924,284400.97987054347,284400.97987054347,24,25,0.6832426471931998,0.11598497497601394,0.0,resolved,True,-0.013499409774680449,0.6646276691542818,0.0,0.0,316049.5698940435,35,0.13090959458690188
2024-02-22,494,20,1018179.1515038582,454495.1415465607,0.0,378972.4048693547,186447.9555406135,185579.78031427815,185579.78031427815,28,21,0.5553250226886282,0.18908700796356037,0.0,resolved,True,0.01721660408581238,0.7737877503575218,0.0,0.0,454495.1415465607,31,1018179.1515038582,454495.1415465607,0.0,378972.4048693547,186447.9555406135,185579.78031427815,185579.78031427815,28,21,0.5553250226886282,0.18908700796356037,0.0,resolved,True,0.01721660408581238,0.7737877503575218,0.0,0.0,454495.1415465607,31,0.05315071986634476
2024-02-23,494,20,1019040.5889018755,352870.2441750234,0.0,391159.22132242,274298.8891103417,274655.00625738694,274655.00625738694,28,23,0.6530241461234273,0.11467681806276989,0.0,resolved,True,0.0008460568032109261,0.7951230762562231,0.0,0.0,352870.2441750234,38,1019040.5889018755,352870.2441750234,0.0,391159.22132242,274298.8891103417,274655.00625738694,274655.00625738694,28,23,0.6530241461234273,0.11467681806276989,0.0,resolved,True,0.0008460568032109261,0.7951230762562231,0.0,0.0,352870.2441750234,38,0.11078495642427472
2024-02-26,494,20,1018796.2896719604,457844.21760656824,0.0,308817.75349563715,252886.94656393872,252510.6325668469,252510.6325668469,22,24,0.5513415250466192,0.05489891109606166,0.0,resolved,True,-0.00023973454303560793,0.7957144503235671,0.0,0.0,457844.21760656824,31,1018796.2896719604,457844.21760656824,0.0,308817.75349563715,252886.94656393872,252510.6325668469,252510.6325668469,22,24,0.5513415250466192,0.05489891109606166,0.0,resolved,True,-0.00023973454303560793,0.7957144503235671,0.0,0.0,457844.21760656824,31,0.06666147891644553
2024-02-27,494,20,1018835.7351106026,371651.6224632062,0.0,303818.05402717897,349765.49612020026,346565.7773702089,346565.7773702089,23,26,0.6415004181968821,-0.045097988330801274,0.0,resolved,True,3.871768973051637e-05,0.8135078397011064,0.0,0.0,371651.6224632062,27,1018835.7351106026,371651.6224632062,0.0,303818.05402717897,349765.49612020026,346565.7773702089,346565.7773702089,23,26,0.6415004181968821,-0.045097988330801274,0.0,resolved,True,3.871768973051637e-05,0.8135078397011064,0.0,0.0,371651.6224632062,27,-0.007716075804113063
2024-02-28,494,20,1018145.1832917337,344015.62524422514,0.0,339493.060571812,339416.58617432555,337026.5418250111,337026.5418250111,27,26,0.6668102524938297,7.511148580910435e-05,0.0,resolved,True,-0.0006777852357071623,0.7043278922218947,0.0,0.0,344015.62524422514,30,1018145.1832917337,344015.62524422514,0.0,339493.060571812,339416.58617432555,337026.5418250111,337026.5418250111,27,26,0.6668102524938297,7.511148580910435e-05,0.0,resolved,True,-0.0006777852357071623,0.7043278922218947,0.0,0.0,344015.62524422514,30,0.03773542929371294
2024-02-29,494,20,1019866.7083948862,384855.5190564267,0.0,310883.35733927495,329031.4577697003,326579.6448844425,326579.6448844425,28,26,0.6274494596613542,-0.01779458068494823,0.0,resolved,True,0.0016908444212118123,0.7204293817652282,0.0,0.0,384855.5190564267,35,1019866.7083948862,384855.5190564267,0.0,310883.35733927495,329031.4577697003,326579.6448844425,326579.6448844425,28,26,0.6274494596613542,-0.01779458068494823,0.0,resolved,True,0.0016908444212118123,0.7204293817652282,0.0,0.0,384855.5190564267,35,-0.08135705128114407
2024-03-01,494,20,1018054.1872002939,434125.5844456542,0.0,272831.6456357155,325788.1286703734,318442.5428946489,318442.5428946489,27,24,0.5880038428527334,-0.05201735202356094,0.0,resolved,True,-0.0017772138061501463,0.8053141091925008,0.0,0.0,434125.5844456542,29,1018054.1872002939,434125.5844456542,0.0,272831.6456357155,325788.1286703734,318442.5428946489,318442.5428946489,27,24,0.5880038428527334,-0.05201735202356094,0.0,resolved,True,-0.0017772138061501463,0.8053141091925008,0.0,0.0,434125.5844456542,29,-0.05526967776890591
2024-03-04,494,20,1021433.8269053081,327246.096911211,0.0,320817.3032629411,382043.41541820555,377706.9210746808,377706.9210746808,26,26,0.6881118484303979,-0.059941339852395976,0.0,resolved,True,0.003319705127198036,0.7513806401895217,0.0,0.0,327246.096911211,39,1021433.8269053081,327246.096911211,0.0,320817.3032629411,382043.41541820555,377706.9210746808,377706.9210746808,26,26,0.6881118484303979,-0.059941339852395976,0.0,resolved,True,0.003319705127198036,0.7513806401895217,0.0,0.0,327246.096911211,39,-0.029106172726701563
2024-03-05,494,20,1025915.2379023798,499897.05516265356,0.0,213561.36430179642,304317.67654732213,308387.2474926261,308387.2474926261,22,23,0.5047971038114134,-0.08846375303976288,0.0,resolved,True,0.004387372807741485,0.8135421599343308,0.0,0.0,499897.05516265356,21,1025915.2379023798,499897.05516265356,0.0,213561.36430179642,304317.67654732213,308387.2474926261,308387.2474926261,22,23,0.5047971038114134,-0.08846375303976288,0.0,resolved,True,0.004387372807741485,0.8135421599343308,0.0,0.0,499897.05516265356,21,0.12289056000085515
2024-03-06,494,20,1026962.5881687659,222594.97618462238,0.0,381822.9517417188,428941.4465679941,425743.05340520944,425743.05340520944,28,26,0.7894780273889354,-0.04588141317815178,0.0,resolved,True,0.0010208935667312957,0.6949444458896412,0.0,0.0,222594.97618462238,35,1026962.5881687659,222594.97618462238,0.0,381822.9517417188,428941.4465679941,425743.05340520944,425743.05340520944,28,26,0.7894780273889354,-0.04588141317815178,0.0,resolved,True,0.0010208935667312957,0.6949444458896412,0.0,0.0,222594.97618462238,35,-0.06520073224388008
2024-03-07,494,20,1028727.1150608154,475934.3385365543,0.0,265185.2500105127,295367.3327780962,291487.42964592227,291487.42964592227,25,25,0.5448992007520582,-0.02933925073589531,0.0,resolved,True,0.0017181997790161052,0.6819972719902075,0.0,0.0,475934.33853655425,33,1028727.1150608154,475934.3385365543,0.0,265185.2500105127,295367.3327780962,291487.42964592227,291487.42964592227,25,25,0.5448992007520582,-0.02933925073589531,0.0,resolved,True,0.0017181997790161052,0.6819972719902075,0.0,0.0,475934.33853655425,33,0.24512910163577128
2024-03-08,494,20,1030413.3654915371,413313.20898717677,0.0,290860.9611048793,321447.4488183086,323843.32210889476,323843.32210889476,24,23,0.5942357023203975,-0.02968370630444868,0.0,resolved,True,0.0016391620343574331,0.8704278033523409,0.0,0.0,413313.20898717677,35,1030413.3654915371,413313.20898717677,0.0,290860.9611048793,321447.4488183086,323843.32210889476,323843.32210889476,24,23,0.5942357023203975,-0.02968370630444868,0.0,resolved,True,0.0016391620343574331,0.8704278033523409,0.0,0.0,413313.20898717677,35,-0.21624595343782918
2024-03-11,494,20,1028243.5123800775,478236.9267032816,0.0,304369.70956619474,250196.23246628998,247916.55428844562,247916.55428844562,26,21,0.5393332759754834,0.052685454804873307,0.0,resolved,True,-0.00210580839120289,0.858003298793459,0.0,0.0,478236.9267032816,20,1028243.5123800775,478236.9267032816,0.0,304369.70956619474,250196.23246628998,247916.55428844562,247916.55428844562,26,21,0.5393332759754834,0.052685454804873307,0.0,resolved,True,-0.00210580839120289,0.858003298793459,0.0,0.0,478236.9267032816,20,0.23104345708038143
2024-03-12,494,20,1033587.8391990849,222750.50890083227,0.0,486620.96016340767,325607.953118245,324912.161626545,324912.161626545,33,21,0.7858344327184028,0.1557806709199769,0.0,resolved,True,0.00519753030742387,0.6847257108838586,0.0,0.0,222750.50890083227,38,1033587.8391990849,222750.50890083227,0.0,486620.96016340767,325607.953118245,324912.161626545,324912.161626545,33,21,0.7858344327184028,0.1557806709199769,0.0,resolved,True,0.00519753030742387,0.6847257108838586,0.0,0.0,222750.50890083227,38,0.10514919904875268
2024-03-13,494,20,1033566.9841972076,528929.7111083455,0.0,209804.59386476767,294161.3122020004,294496.9957130474,294496.9957130474,25,25,0.4875986885922141,-0.08161707913179359,0.0,resolved,True,-2.0177290295353423e-05,0.7279827480467315,0.0,0.0,528929.7111083455,32,1033566.9841972076,528929.7111083455,0.0,209804.59386476767,294161.3122020004,294496.9957130474,294496.9957130474,25,25,0.4875986885922141,-0.08161707913179359,0.0,resolved,True,-2.0177290295353423e-05,0.7279827480467315,0.0,0.0,528929.7111083455,32,-0.05237299217552675
2024-03-14,494,20,1038399.359660632,321176.2024590615,0.0,365760.16383045434,347830.59530737164,349646.79433924385,349646.79433924385,27,25,0.6872026186254975,0.01726654427920913,0.0,resolved,True,0.00467543520382252,0.8120275941493277,0.0,0.0,321176.2024590615,27,1038399.359660632,321176.2024590615,0.0,365760.16383045434,347830.59530737164,349646.79433924385,349646.79433924385,27,25,0.6872026186254975,0.01726654427920913,0.0,resolved,True,0.00467543520382252,0.8120275941493277,0.0,0.0,321176.2024590615,27,0.032488518993102726
2024-03-15,494,20,1039750.9462617093,339778.69425282325,0.0,373790.2883821904,319605.5781755576,322893.77090112667,322893.77090112667,28,25,0.6668864972431751,0.05211316267751132,0.0,resolved,True,0.0013016057728685304,0.6351798851127495,0.0,0.0,339778.69425282325,34,1039750.9462617093,339778.69425282325,0.0,373790.2883821904,319605.5781755576,322893.77090112667,322893.77090112667,28,25,0.6668864972431751,0.05211316267751132,0.0,resolved,True,0.0013016057728685304,0.6351798851127495,0.0,0.0,339778.69425282325,34,0.08451379071652335
2024-03-18,494,20,1038524.409789307,418807.3587533798,0.0,334502.27755174425,285971.2704021752,285593.0219431791,285593.0219431791,26,25,0.5974568744896419,0.04673073323275558,0.0,resolved,True,-0.001179644487761311,0.7267140193385717,0.0,0.0,418807.3587533798,31,1038524.409789307,418807.3587533798,0.0,334502.27755174425,285971.2704021752,285593.0219431791,285593.0219431791,26,25,0.5974568744896419,0.04673073323275558,0.0,resolved,True,-0.001179644487761311,0.7267140193385717,0.0,0.0,418807.3587533798,31,0.12692772826756601
2024-03-19,494,20,1037798.3104732705,382753.1052082962,0.0,295617.04757596576,359606.4963446244,359517.32701681636,359517.32701681636,25,28,0.631359231662062,-0.061658848470737354,0.0,resolved,True,-0.0006991644194322966,0.7742687926521141,0.0,0.0,382753.1052082962,35,1037798.3104732705,382753.1052082962,0.0,295617.04757596576,359606.4963446244,359517.32701681636,359517.32701681636,25,28,0.631359231662062,-0.061658848470737354,0.0,resolved,True,-0.0006991644194322966,0.7742687926521141,0.0,0.0,382753.1052082962,35,0.025599234966881754
2024-03-20,494,20,1036280.5665107727,399596.8059115779,0.0,307670.2706255272,333490.2395844123,331251.86477904,331251.86477904,26,25,0.6187132432375632,-0.024916002280948597,0.0,resolved,True,-0.0014624652470340838,0.7588938526674365,0.0,0.0,399596.8059115779,38,1036280.5665107727,399596.8059115779,0.0,307670.2706255272,333490.2395844123,331251.86477904,331251.86477904,26,25,0.6187132432375632,-0.024916002280948597,0.0,resolved,True,-0.0014624652470340838,0.7588938526674365,0.0,0.0,399596.8059115779,38,-0.298060097272786
2024-03-21,494,20,1034225.2905668982,499772.33511144813,0.0,278365.69751957397,260138.19221544472,258112.72507566042,258112.72507566042,25,22,0.5206833507618482,0.017624308233787293,0.0,resolved,True,-0.0019833199717280703,0.8767157173755655,0.0,0.0,499772.33511144813,23,1034225.2905668982,499772.33511144813,0.0,278365.69751957397,260138.19221544472,258112.72507566042,258112.72507566042,25,22,0.5206833507618482,0.017624308233787293,0.0,resolved,True,-0.0019833199717280703,0.8767157173755655,0.0,0.0,499772.33511144813,23,0.20254044802650842
2024-03-22,494,20,1034203.2125392846,239811.33695308887,0.0,396775.07867081463,398484.4024890942,398050.5997022376,398050.5997022376,29,26,0.7689586258461758,-0.0016527929884134036,0.0,resolved,True,-2.1347406425786808e-05,0.7151446275308119,0.0,0.0,239811.33695308887,34,1034203.2125392846,239811.33695308887,0.0,396775.07867081463,398484.4024890942,398050.5997022376,398050.5997022376,29,26,0.7689586258461758,-0.0016527929884134036,0.0,resolved,True,-2.1347406425786808e-05,0.7151446275308119,0.0,0.0,239811.33695308887,34,0.016503448807226276
2024-03-25,494,20,1033822.0479187476,489843.39232618816,0.0,281284.6195318811,265223.5134245692,263958.77474262373,263958.77474262373,29,26,0.5286288235549438,0.015535658326929215,0.0,resolved,True,-0.00036855872802898926,0.703386185609388,0.0,0.0,489843.39232618816,35,1033822.0479187476,489843.39232618816,0.0,281284.6195318811,265223.5134245692,263958.77474262373,263958.77474262373,29,26,0.5286288235549438,0.015535658326929215,0.0,resolved,True,-0.00036855872802898926,0.703386185609388,0.0,0.0,489843.39232618816,35,0.01610097651090691
2024-03-26,494,20,1036830.4078032408,381252.6642982939,0.0,322852.0220217194,327000.57283065014,329863.14715693885,329863.14715693885,28,23,0.6267684569834606,-0.0040011855147269555,0.0,resolved,True,0.0029099397624083867,0.8434102924562502,0.0,0.0,381252.6642982939,24,1036830.4078032408,381252.6642982939,0.0,322852.0220217194,327000.57283065014,329863.14715693885,329863.14715693885,28,23,0.6267684569834606,-0.0040011855147269555,0.0,resolved,True,0.0029099397624083867,0.8434102924562502,0.0,0.0,381252.6642982939,24,0.22261811933899553
2024-03-27,494,20,1035968.1966741453,303499.18304728274,0.0,328222.83667370444,404823.72418557486,404534.95056936645,404534.95056936645,27,27,0.7075956223488709,-0.0739413504756117,0.0,resolved,True,-0.0008315835671933725,0.6610432479871512,0.0,0.0,303499.18304728274,36,1035968.1966741453,303499.18304728274,0.0,328222.83667370444,404823.72418557486,404534.95056936645,404534.95056936645,27,27,0.7075956223488709,-0.0739413504756117,0.0,resolved,True,-0.0008315835671933725,0.6610432479871512,0.0,0.0,303499.18304728274,36,-0.22712929985829894
2024-03-28,494,20,1036330.8699308585,468908.6581466461,0.0,334461.96920928714,237175.04950899305,235067.64604195915,235067.64604195915,28,22,0.5515970191608963,0.093876311632775,0.0,resolved,True,0.0003500814579806555,0.742559713887426,0.0,0.0,468908.6581466461,26,1036330.8699308585,468908.6581466461,0.0,334461.96920928714,237175.04950899305,235067.64604195915,235067.64604195915,28,22,0.5515970191608963,0.093876311632775,0.0,resolved,True,0.0003500814579806555,0.742559713887426,0.0,0.0,468908.6581466461,26,0.073318507688452
2024-04-01,494,20,1037762.2556661685,260243.72167372348,0.0,417013.96786393976,365386.6742111208,362945.620169813,362945.620169813,25,26,0.7539305248414685,0.04974867159692366,0.0,resolved,True,0.001381205343623071,0.7023369347329727,0.0,0.0,260243.72167372348,30,1037762.2556661685,260243.72167372348,0.0,417013.96786393976,365386.6742111208,362945.620169813,362945.620169813,25,26,0.7539305248414685,0.04974867159692366,0.0,resolved,True,0.001381205343623071,0.7023369347329727,0.0,0.0,260243.72167372348,30,-0.07934247721293439
2024-04-02,494,20,1036355.8022708829,440576.8055844667,0.0,250450.9225564637,350035.52189303504,347681.79801149375,347681.79801149375,24,28,0.5794211246115487,-0.09609112924186815,0.0,resolved,True,-0.0013552751486252124,0.6690208879729713,0.0,0.0,440576.8055844667,28,1036355.8022708829,440576.8055844667,0.0,250450.9225564637,350035.52189303504,347681.79801149375,347681.79801149375,24,28,0.5794211246115487,-0.09609112924186815,0.0,resolved,True,-0.0013552751486252124,0.6690208879729713,0.0,0.0,440576.8055844667,28,-0.0009244381782218681
2024-04-03,494,20,1036089.5186488283,285562.23580368806,0.0,364390.1229262549,396585.00329529436,391361.08160708984,391361.08160708984,26,24,0.7344685111899812,-0.031073454358485412,0.0,resolved,True,-0.00025694227935146863,0.7003346133200504,0.0,0.0,285562.23580368806,23,1036089.5186488283,285562.23580368806,0.0,364390.1229262549,396585.00329529436,391361.08160708984,391361.08160708984,26,24,0.7344685111899812,-0.031073454358485412,0.0,resolved,True,-0.00025694227935146863,0.7003346133200504,0.0,0.0,285562.23580368806,23,0.18457887828695568
2024-04-04,494,20,1033341.1746359024,353624.7331130896,0.0,340943.688747168,334937.20206357364,336854.97741960926,336854.97741960926,30,27,0.6540733180876955,0.005812684939909356,0.0,resolved,True,-0.0026526125044774584,0.6263964120915719,0.0,0.0,353624.7331130896,37,1033341.1746359024,353624.7331130896,0.0,340943.688747168,334937.20206357364,336854.97741960926,336854.97741960926,30,27,0.6540733180876955,0.005812684939909356,0.0,resolved,True,-0.0026526125044774584,0.6263964120915719,0.0,0.0,353624.7331130896,37,0.2349931051567975
2024-04-05,494,20,1031447.5841690891,345911.745464839,0.0,350594.1507933787,344631.68888522196,339786.68839804665,339786.68839804665,26,26,0.6740292481645191,0.005780673685866428,0.0,resolved,True,-0.0018324929977560078,0.6758489626368439,0.0,0.0,345911.745464839,38,1031447.5841690891,345911.745464839,0.0,350594.1507933787,344631.68888522196,339786.68839804665,339786.68839804665,26,26,0.6740292481645191,0.005780673685866428,0.0,resolved,True,-0.0018324929977560078,0.6758489626368439,0.0,0.0,345911.745464839,38,0.09602930012497905
2024-04-08,494,20,1029583.2208358011,501823.2089730876,0.0,308929.4239626712,219513.49751823852,219172.04270914043,219172.04270914043,27,24,0.5132590652088592,0.08684672072632078,0.0,resolved,True,-0.0018075211594875684,0.8339471230740034,0.0,0.0,501823.2089730876,38,1029583.2208358011,501823.2089730876,0.0,308929.4239626712,219513.49751823852,219172.04270914043,219172.04270914043,27,24,0.5132590652088592,0.08684672072632078,0.0,resolved,True,-0.0018075211594875684,0.8339471230740034,0.0,0.0,501823.2089730876,38,-0.24863904293224295
2024-04-09,494,20,1027256.3239917759,371100.9806351566,0.0,379800.14212132536,277354.76955751947,276854.98539640673,276854.98539640673,27,22,0.6397185359981351,0.09972717633483857,0.0,resolved,True,-0.0022600376510956144,0.8464652333441477,0.0,0.0,371100.9806351566,24,1027256.3239917759,371100.9806351566,0.0,379800.14212132536,277354.76955751947,276854.98539640673,276854.98539640673,27,22,0.6397185359981351,0.09972717633483857,0.0,resolved,True,-0.0022600376510956144,0.8464652333441477,0.0,0.0,371100.9806351566,24,0.39702826038830574
2024-04-10,494,20,1031452.5177677482,289225.7785975069,0.0,480138.91524557443,259560.1194024159,260823.97166354134,260823.97166354134,32,22,0.717143079207208,0.2138525933511039,0.0,resolved,True,0.004084855627528805,0.63470506395534,0.0,0.0,289225.7785975069,32,1031452.5177677482,289225.7785975069,0.0,480138.91524557443,259560.1194024159,260823.97166354134,260823.97166354134,32,22,0.717143079207208,0.2138525933511039,0.0,resolved,True,0.004084855627528805,0.63470506395534,0.0,0.0,289225.7785975069,32,0.08302365885709902
2024-04-11,494,20,1027872.5297064107,389383.8618483955,0.0,357102.93042967387,281736.23566650006,281560.9865474208,281560.9865474208,26,28,0.6215159444709009,0.0733229973416068,0.0,resolved,True,-0.0034708219716068633,0.6570588939612549,0.0,0.0,389383.86184839543,34,1027872.5297064107,389383.8618483955,0.0,357102.93042967387,281736.23566650006,281560.9865474208,281560.9865474208,26,28,0.6215159444709009,0.0733229973416068,0.0,resolved,True,-0.0034708219716068633,0.6570588939612549,0.0,0.0,389383.86184839543,34,0.2964094395349908
2024-04-12,494,20,1025682.3592885258,383946.58326236275,0.0,314608.20659492176,317072.7525011585,322100.1609661999,322100.1609661999,24,31,0.6158641156061724,-0.002402835423577237,0.0,resolved,True,-0.0021307801839111074,0.7512131990010116,0.0,0.0,383946.58326236275,33,1025682.3592885258,383946.58326236275,0.0,314608.20659492176,317072.7525011585,322100.1609661999,322100.1609661999,24,31,0.6158641156061724,-0.002402835423577237,0.0,resolved,True,-0.0021307801839111074,0.7512131990010116,0.0,0.0,383946.58326236275,33,-0.012702460709845246
2024-04-15,494,20,1023997.7406495624,356250.61055366206,0.0,350762.9452150108,302909.82710700145,309947.0059939456,309947.0059939456,28,26,0.6383537251824029,0.04673166376095147,0.0,resolved,True,-0.00164243698227573,0.7140140884287671,0.0,0.0,356250.61055366206,24,1023997.7406495624,356250.61055366206,0.0,350762.9452150108,302909.82710700145,309947.0059939456,309947.0059939456,28,26,0.6383537251824029,0.04673166376095147,0.0,resolved,True,-0.00164243698227573,0.7140140884287671,0.0,0.0,356250.61055366206,24,0.12553666030393698
2024-04-16,494,20,1028996.8189163015,266473.95475472236,0.0,411933.4834221111,337150.1287694665,343869.7547544673,343869.7547544673,30,28,0.7279746627210011,0.07267598235279625,0.0,resolved,True,0.0048819231413224085,0.6010349457421633,0.0,0.0,266473.95475472236,40,1028996.8189163015,266473.95475472236,0.0,411933.4834221111,337150.1287694665,343869.7547544673,343869.7547544673,30,28,0.7279746627210011,0.07267598235279625,0.0,resolved,True,0.0048819231413224085,0.6010349457421633,0.0,0.0,266473.95475472236,40,0.18322799224705857
2024-04-17,494,20,1028721.3210666424,533310.9950557866,0.0,243549.73744359423,246337.13722447795,249098.86289586974,249098.86289586974,23,29,0.4762095084800293,-0.0027095771457264694,0.0,resolved,True,-0.00026773440363903056,0.7661313493958114,0.0,0.0,533310.9950557866,34,1028721.3210666424,533310.9950557866,0.0,243549.73744359423,246337.13722447795,249098.86289586974,249098.86289586974,23,29,0.4762095084800293,-0.0027095771457264694,0.0,resolved,True,-0.00026773440363903056,0.7661313493958114,0.0,0.0,533310.9950557866,34,-0.41156242341634675
2024-04-18,494,20,1023812.1951381331,306959.8573166956,0.0,379597.99079409894,339798.8902532431,338526.61864029075,338526.61864029075,26,28,0.7026648876264662,0.038873438634403186,0.0,resolved,True,-0.004772065891877508,0.8089707919677527,0.0,0.0,306959.8573166956,15,1023812.1951381331,306959.8573166956,0.0,379597.99079409894,339798.8902532431,338526.61864029075,338526.61864029075,26,28,0.7026648876264662,0.038873438634403186,0.0,resolved,True,-0.004772065891877508,0.8089707919677527,0.0,0.0,306959.8573166956,15,-0.4412869641596956
2024-04-19,494,20,1012835.6077387369,175299.88138200558,0.0,476722.11709898355,369903.99410400644,365358.80168087705,365358.80168087705,28,33,0.835896866909303,0.10546442303056457,0.0,resolved,True,-0.010721289950951673,0.470915969340556,0.0,0.0,175299.88138200558,29,1012835.6077387369,175299.88138200558,0.0,476722.11709898355,369903.99410400644,365358.80168087705,365358.80168087705,28,33,0.835896866909303,0.10546442303056457,0.0,resolved,True,-0.010721289950951673,0.470915969340556,0.0,0.0,175299.88138200558,29,0.09848143750364802
2024-04-22,494,20,1014579.4117694665,402792.53244225285,0.0,353155.46183056175,268231.28977765207,263431.353637152,263431.353637152,23,29,0.6124574817899083,0.08370381960028006,0.0,resolved,True,0.0017217049019659925,0.5760630485956749,0.0,0.0,402792.53244225285,31,1014579.4117694665,402792.53244225285,0.0,353155.46183056175,268231.28977765207,263431.353637152,263431.353637152,23,29,0.6124574817899083,0.08370381960028006,0.0,resolved,True,0.0017217049019659925,0.5760630485956749,0.0,0.0,402792.53244225285,31,-0.1516707886667739
2024-04-23,494,20,1018977.4129048556,431798.69043449755,0.0,252509.81649901625,347852.6994153397,341260.80269334064,341260.80269334064,24,31,0.5891813776351226,-0.09356721916389116,0.0,resolved,True,0.004334802268181948,0.8271076491810969,0.0,0.0,431798.69043449755,35,1018977.4129048556,431798.69043449755,0.0,252509.81649901625,347852.6994153397,341260.80269334064,341260.80269334064,24,31,0.5891813776351226,-0.09356721916389116,0.0,resolved,True,0.004334802268181948,0.8271076491810969,0.0,0.0,431798.69043449755,35,0.03339957877683699
2024-04-24,494,20,1021047.4487447924,392485.42295428657,0.0,283403.6348091848,351553.45674395014,348355.9238626356,348355.9238626356,25,27,0.6218683493443021,-0.06674500976281188,0.0,resolved,True,0.0020314835380261798,0.8175295682859592,0.0,0.0,392485.42295428657,35,1021047.4487447924,392485.42295428657,0.0,283403.6348091848,351553.45674395014,348355.9238626356,348355.9238626356,25,27,0.6218683493443021,-0.06674500976281188,0.0,resolved,True,0.0020314835380261798,0.8175295682859592,0.0,0.0,392485.42295428657,35,0.07432607890397827
2024-04-25,494,20,1024037.9135024135,412482.9233911332,0.0,282249.0209511044,330646.0987378955,329976.0339490357,329976.0339490357,25,24,0.5985082306110879,-0.047261021441348236,0.0,resolved,True,0.0029288205570636716,0.7901868919240553,0.0,0.0,412482.9233911332,33,1024037.9135024135,412482.9233911332,0.0,282249.0209511044,330646.0987378955,329976.0339490357,329976.0339490357,25,24,0.5985082306110879,-0.047261021441348236,0.0,resolved,True,0.0029288205570636716,0.7901868919240553,0.0,0.0,412482.9233911332,33,-0.06899940583915329
2024-04-26,494,20,1026288.1463082219,410235.6422615682,0.0,319774.3085263447,299235.5137966829,297756.854658496,297756.854658496,25,22,0.6031540211681664,0.02001269799670227,0.0,resolved,True,0.0021974116154666046,0.8040974045798575,0.0,0.0,410235.6422615682,25,1026288.1463082219,410235.6422615682,0.0,319774.3085263447,299235.5137966829,297756.854658496,297756.854658496,25,22,0.6031540211681664,0.02001269799670227,0.0,resolved,True,0.0021974116154666046,0.8040974045798575,0.0,0.0,410235.6422615682,25,0.016165075767696747
2024-04-29,494,20,1019721.7544574069,359425.669002181,0.0,337248.25225291343,333677.6880720931,328362.7606372028,328362.7606372028,27,23,0.6579500117480633,0.0035015082940151663,0.0,resolved,True,-0.006398195160331577,0.7522296097813448,0.0,0.0,359425.6690021809,27,1019721.7544574069,359425.669002181,0.0,337248.25225291343,333677.6880720931,328362.7606372028,328362.7606372028,27,23,0.6579500117480633,0.0035015082940151663,0.0,resolved,True,-0.006398195160331577,0.7522296097813448,0.0,0.0,359425.6690021809,27,-0.015072159057059645
2024-04-30,494,20,1021111.6254171736,316955.8237050867,0.0,307320.3626477219,393236.69174244645,395036.0654034057,395036.0654034057,24,24,0.6860729394829451,-0.08413999699555234,0.0,resolved,True,0.0013629903978131797,0.6633015148980053,0.0,0.0,316955.8237050867,31,1021111.6254171736,316955.8237050867,0.0,307320.3626477219,393236.69174244645,395036.0654034057,395036.0654034057,24,24,0.6860729394829451,-0.08413999699555234,0.0,resolved,True,0.0013629903978131797,0.6633015148980053,0.0,0.0,316955.8237050867,31,-0.14979696967419104
2024-05-01,494,20,1026798.1493400481,394766.53917201626,0.0,315658.6931602609,315630.87245227245,316001.89473002177,316001.89473002177,22,23,0.6148136963611406,2.7094622254959035e-05,0.0,resolved,True,0.005568954246849556,0.6797333950997861,0.0,0.0,394766.53917201626,18,1026798.1493400481,394766.53917201626,0.0,315658.6931602609,315630.87245227245,316001.89473002177,316001.89473002177,22,23,0.6148136963611406,2.7094622254959035e-05,0.0,resolved,True,0.005568954246849556,0.6797333950997861,0.0,0.0,394766.53917201626,18,0.0562162912759027
2024-05-02,494,20,1034052.3202794902,309302.0448815782,0.0,439825.85390092526,286291.3129776819,285607.8672373343,285607.8672373343,25,23,0.702205442256875,0.14847850337180718,0.0,resolved,True,0.0070648461375826255,0.6899387975650754,0.0,0.0,309302.0448815782,37,1034052.3202794902,309302.0448815782,0.0,439825.85390092526,286291.3129776819,285607.8672373343,285607.8672373343,25,23,0.702205442256875,0.14847850337180718,0.0,resolved,True,0.0070648461375826255,0.6899387975650754,0.0,0.0,309302.0448815782,37,-0.12911670742044065
2024-05-03,494,20,1037536.0619242874,519965.455661529,0.0,274543.7394278896,246329.26103083958,244678.06393285422,244678.06393285422,25,22,0.5020288157432152,0.027193732760210226,0.0,resolved,True,0.0033690187396471227,0.8033160419717861,0.0,0.0,519965.455661529,28,1037536.0619242874,519965.455661529,0.0,274543.7394278896,246329.26103083958,244678.06393285422,244678.06393285422,25,22,0.5020288157432152,0.027193732760210226,0.0,resolved,True,0.0033690187396471227,0.8033160419717861,0.0,0.0,519965.455661529,28,-0.14289782671482706
2024-05-06,494,20,1034171.8384151557,286375.002100084,0.0,396452.0543319555,361363.99546908727,356354.3887261017,356354.3887261017,26,23,0.7327757551031154,0.03392865436815594,0.0,resolved,True,-0.0032425123642374487,0.7800928371655603,0.0,0.0,286375.002100084,23,1034171.8384151557,286375.002100084,0.0,396452.0543319555,361363.99546908727,356354.3887261017,356354.3887261017,26,23,0.7327757551031154,0.03392865436815594,0.0,resolved,True,-0.0032425123642374487,0.7800928371655603,0.0,0.0,286375.002100084,23,0.22802939765915523
2024-05-07,494,20,1040714.4952134131,303378.3558387681,0.0,304586.8394425111,436343.1157047712,434546.2078184525,434546.2078184525,26,29,0.711943533558014,-0.12660174992108822,0.0,resolved,True,0.006326469697998993,0.5710722696623268,0.0,0.0,303378.3558387681,33,1040714.4952134131,303378.3558387681,0.0,304586.8394425111,436343.1157047712,434546.2078184525,434546.2078184525,26,29,0.711943533558014,-0.12660174992108822,0.0,resolved,True,0.006326469697998993,0.5710722696623268,0.0,0.0,303378.3558387681,33,0.08206777855865288
2024-05-08,494,20,1041276.4030304621,474531.854931979,0.0,238029.54708952305,335700.90155462426,332207.9512817922,332207.9512817922,28,25,0.550987659928142,-0.09379964261251378,0.0,resolved,True,0.0005399250415298873,0.7421285382046164,0.0,0.0,474531.854931979,35,1041276.4030304621,474531.854931979,0.0,238029.54708952305,335700.90155462426,332207.9512817922,332207.9512817922,28,25,0.550987659928142,-0.09379964261251378,0.0,resolved,True,0.0005399250415298873,0.7421285382046164,0.0,0.0,474531.854931979,35,0.10802070694724458
2024-05-09,494,20,1039628.7212224512,353077.2796411012,0.0,282923.1568025846,414791.0441130781,409209.6644459218,409209.6644459218,22,24,0.6711186279032892,-0.12684132769575293,0.0,resolved,True,-0.0015823673745180011,0.7976427744385045,0.0,0.0,353077.2796411012,26,1039628.7212224512,353077.2796411012,0.0,282923.1568025846,414791.0441130781,409209.6644459218,409209.6644459218,22,24,0.6711186279032892,-0.12684132769575293,0.0,resolved,True,-0.0015823673745180011,0.7976427744385045,0.0,0.0,353077.2796411012,26,0.07535463585127021
2024-05-10,494,20,1040293.7536600651,352638.6603889448,0.0,304960.5732215386,388771.531363337,385733.0257064594,385733.0257064594,26,23,0.6668617418340909,-0.08056470381267437,0.0,resolved,True,0.0006396826328844973,0.6830843369990436,0.0,0.0,352638.6603889448,31,1040293.7536600651,352638.6603889448,0.0,304960.5732215386,388771.531363337,385733.0257064594,385733.0257064594,26,23,0.6668617418340909,-0.08056470381267437,0.0,resolved,True,0.0006396826328844973,0.6830843369990436,0.0,0.0,352638.6603889448,31,0.12115101956958045
2024-05-13,494,20,1042425.9372683133,422649.12631512294,0.0,271794.37417322304,349280.44162173546,348631.43920085137,348631.43920085137,27,25,0.5957975464640594,-0.07433244384878351,0.0,resolved,True,0.002049597626388122,0.7479157050528619,0.0,0.0,422649.12631512294,30,1042425.9372683133,422649.12631512294,0.0,271794.37417322304,349280.44162173546,348631.43920085137,348631.43920085137,27,25,0.5957975464640594,-0.07433244384878351,0.0,resolved,True,0.002049597626388122,0.7479157050528619,0.0,0.0,422649.12631512294,30,-0.09110594702891071
2024-05-14,494,20,1043587.2381536774,320290.23490868846,0.0,357010.13866311626,377066.96771741705,371676.91614964494,371676.91614964494,26,25,0.7034170978166312,-0.01921912066478073,0.0,resolved,True,0.0011140368287529956,0.7115514856293063,0.0,0.0,320290.23490868846,25,1043587.2381536774,320290.23490868846,0.0,357010.13866311626,377066.96771741705,371676.91614964494,371676.91614964494,26,25,0.7034170978166312,-0.01921912066478073,0.0,resolved,True,0.0011140368287529956,0.7115514856293063,0.0,0.0,320290.23490868846,25,-0.21358149320465564
2024-05-15,494,20,1046832.4878603658,369460.3634822096,0.0,249784.54331201783,442081.4872998807,434834.5341830096,434834.5341830096,26,30,0.6609137934054877,-0.18369409262498249,0.0,resolved,True,0.0031097062018790034,0.6613357360785921,0.0,0.0,369460.3634822096,32,1046832.4878603658,369460.3634822096,0.0,249784.54331201783,442081.4872998807,434834.5341830096,434834.5341830096,26,30,0.6609137934054877,-0.18369409262498249,0.0,resolved,True,0.0031097062018790034,0.6613357360785921,0.0,0.0,369460.3634822096,32,0.20692836370751597
2024-05-16,494,20,1046353.7291721539,336832.9657896162,0.0,298337.3206005337,427631.77113739913,419407.6069597014,419407.6069597014,29,24,0.6938084812984796,-0.12356667437804197,0.0,resolved,True,-0.00045734030397781567,0.6732486337682836,0.0,0.0,336832.9657896162,44,1046353.7291721539,336832.9657896162,0.0,298337.3206005337,427631.77113739913,419407.6069597014,419407.6069597014,29,24,0.6938084812984796,-0.12356667437804197,0.0,resolved,True,-0.00045734030397781567,0.6732486337682836,0.0,0.0,336832.9657896162,44,0.057232830894802834
2024-05-17,494,20,1046810.3411400274,562023.6613684901,0.0,213126.4080945144,283979.20825284446,277819.73996493366,277819.73996493366,23,22,0.4748764860366078,-0.06768446716065865,0.0,resolved,True,0.0004363839446863693,0.8623398511810991,0.0,0.0,562023.6613684901,26,1046810.3411400274,562023.6613684901,0.0,213126.4080945144,283979.20825284446,277819.73996493366,277819.73996493366,23,22,0.4748764860366078,-0.06768446716065865,0.0,resolved,True,0.0004363839446863693,0.8623398511810991,0.0,0.0,562023.6613684901,26,-0.07159920261621974
2024-05-20,494,20,1043477.9848213568,315712.9572827325,0.0,398126.2343806229,332607.62140332704,331123.20728066424,331123.20728066424,26,22,0.7002867970511629,0.06278868738041718,0.0,resolved,True,-0.0031833429492504894,0.8533775600075756,0.0,0.0,315712.9572827325,25,1043477.9848213568,315712.9572827325,0.0,398126.2343806229,332607.62140332704,331123.20728066424,331123.20728066424,26,22,0.7002867970511629,0.06278868738041718,0.0,resolved,True,-0.0031833429492504894,0.8533775600075756,0.0,0.0,315712.9572827325,25,0.08471711212755037
2024-05-21,494,20,1039005.987372447,358872.94632709376,0.0,354555.6385932497,332931.86516225984,329254.63380718173,329254.63380718173,25,25,0.6616780962871098,0.020811981541775774,0.0,resolved,True,-0.004285665355628354,0.6495417489800305,0.0,0.0,358872.94632709376,26,1039005.987372447,358872.94632709376,0.0,354555.6385932497,332931.86516225984,329254.63380718173,329254.63380718173,25,25,0.6616780962871098,0.020811981541775774,0.0,resolved,True,-0.004285665355628354,0.6495417489800305,0.0,0.0,358872.94632709376,26,0.014915137116232801
2024-05-22,494,20,1039161.7558315869,358320.41146259493,0.0,356282.128508217,321416.58967086364,322987.9027658193,322987.9027658193,24,29,0.6521590256530888,0.03355159929789013,0.0,resolved,True,0.00014992065592789316,0.695376436064048,0.0,0.0,358320.41146259493,29,1039161.7558315869,358320.41146259493,0.0,356282.128508217,321416.58967086364,322987.9027658193,322987.9027658193,24,29,0.6521590256530888,0.03355159929789013,0.0,resolved,True,0.00014992065592789316,0.695376436064048,0.0,0.0,358320.41146259493,29,0.04123034460354265
2024-05-23,494,20,1035758.8861501114,403158.6885779692,0.0,347493.9814460465,280961.96574922744,283034.0909376616,283034.0909376616,27,28,0.6067589239144529,0.06423504213815323,0.0,resolved,True,-0.0032746294427976608,0.7315522932030132,0.0,0.0,403158.6885779692,33,1035758.8861501114,403158.6885779692,0.0,347493.9814460465,280961.96574922744,283034.0909376616,283034.0909376616,27,28,0.6067589239144529,0.06423504213815323,0.0,resolved,True,-0.0032746294427976608,0.7315522932030132,0.0,0.0,403158.6885779692,33,-0.03388997903386137
2024-05-24,494,20,1037039.0113444788,361187.6774097506,0.0,388075.84794737113,292551.16932904127,290163.3276581992,290163.3276581992,31,24,0.6563176600213015,0.09211290758916196,0.0,resolved,True,0.0012359297240747136,0.7397371797723358,0.0,0.0,361187.67740975064,32,1037039.0113444788,361187.6774097506,0.0,388075.84794737113,292551.16932904127,290163.3276581992,290163.3276581992,31,24,0.6563176600213015,0.09211290758916196,0.0,resolved,True,0.0012359297240747136,0.7397371797723358,0.0,0.0,361187.67740975064,32,-0.11253328065618097
2024-05-28,494,20,1037142.4002959419,399674.75300039863,0.0,295163.41904123937,346096.9855760149,344200.6069151594,344200.6069151594,27,28,0.6182954283175336,-0.04910952104575223,0.0,resolved,True,9.969629910933087e-05,0.7359957507697819,0.0,0.0,399674.75300039863,28,1037142.4002959419,399674.75300039863,0.0,295163.41904123937,346096.9855760149,344200.6069151594,344200.6069151594,27,28,0.6182954283175336,-0.04910952104575223,0.0,resolved,True,9.969629910933087e-05,0.7359957507697819,0.0,0.0,399674.75300039863,28,0.06690000470849364
2024-05-29,494,20,1037820.6313907645,325038.66955050477,0.0,289734.4373507738,422237.08619687345,422642.30534317973,422642.30534317973,25,28,0.6860256021250486,-0.12767393982959782,0.0,resolved,True,0.0006539421150162372,0.6953059020345612,0.0,0.0,325038.66955050477,35,1037820.6313907645,325038.66955050477,0.0,289734.4373507738,422237.08619687345,422642.30534317973,422642.30534317973,25,28,0.6860256021250486,-0.12767393982959782,0.0,resolved,True,0.0006539421150162372,0.6953059020345612,0.0,0.0,325038.66955050477,35,0.018264602011194415
2024-05-30,494,20,1037429.5458992072,430517.4943459076,0.0,278728.15264752955,329461.9461383254,328822.9225220477,328822.9225220477,26,26,0.586247134747543,-0.04890336282722849,0.0,resolved,True,-0.000376833413913924,0.7253058879228267,0.0,0.0,430517.4943459076,34,1037429.5458992072,430517.4943459076,0.0,278728.15264752955,329461.9461383254,328822.9225220477,328822.9225220477,26,26,0.586247134747543,-0.04890336282722849,0.0,resolved,True,-0.000376833413913924,0.7253058879228267,0.0,0.0,430517.4943459076,34,-0.16825788354411095
2024-05-31,494,20,1038394.2893396474,394805.2114648187,0.0,303832.094698338,343008.4456193364,341382.7143979136,341382.7143979136,25,26,0.622923822827477,-0.03772781815461643,0.0,resolved,True,0.0009299363453196818,0.7942647425607282,0.0,0.0,394805.2114648187,36,1038394.2893396474,394805.2114648187,0.0,303832.094698338,343008.4456193364,341382.7143979136,341382.7143979136,25,26,0.622923822827477,-0.03772781815461643,0.0,resolved,True,0.0009299363453196818,0.7942647425607282,0.0,0.0,394805.2114648187,36,0.05772332441715745
2024-06-03,494,20,1038590.8644336953,469934.16797161545,0.0,330227.80752715544,237205.8801593054,237817.38454711498,237817.38454711498,25,21,0.5463495849213551,0.0895655166566205,0.0,resolved,True,0.00018930679421691465,0.834362779065107,0.0,0.0,469934.16797161545,28,1038590.8644336953,469934.16797161545,0.0,330227.80752715544,237205.8801593054,237817.38454711498,237817.38454711498,25,21,0.5463495849213551,0.0895655166566205,0.0,resolved,True,0.00018930679421691465,0.834362779065107,0.0,0.0,469934.16797161545,28,-0.19243876690656042
2024-06-04,494,20,1035764.1451992206,318616.29670240206,0.0,452653.4850666467,264660.58626116643,264577.4748456692,264577.4748456692,27,22,0.6925457640646981,0.18150164752934309,0.0,resolved,True,-0.002721686981154048,0.7565651229905717,0.0,0.0,318616.29670240206,24,1035764.1451992206,318616.29670240206,0.0,452653.4850666467,264660.58626116643,264577.4748456692,264577.4748456692,27,22,0.6925457640646981,0.18150164752934309,0.0,resolved,True,-0.002721686981154048,0.7565651229905717,0.0,0.0,318616.29670240206,24,0.20831289420826435
2024-06-05,494,20,1041385.3983368913,351409.28563382465,0.0,417719.9448915572,277570.76505136077,274913.4664314351,274913.4664314351,27,24,0.6676593613212823,0.1345795514936323,0.0,resolved,True,0.005427155558266117,0.6478335746180259,0.0,0.0,351409.28563382465,34,1041385.3983368913,351409.28563382465,0.0,417719.9448915572,277570.76505136077,274913.4664314351,274913.4664314351,27,24,0.6676593613212823,0.1345795514936323,0.0,resolved,True,0.005427155558266117,0.6478335746180259,0.0,0.0,351409.28563382465,34,0.25252365709864627
2024-06-06,494,20,1038100.3032426909,443319.02371571294,0.0,284730.855555173,313595.07647258596,311822.7502221955,311822.7502221955,24,22,0.5763662048443504,-0.027804847785180706,0.0,resolved,True,-0.0031545430725712365,0.7635550313152821,0.0,0.0,443319.02371571294,29,1038100.3032426909,443319.02371571294,0.0,284730.855555173,313595.07647258596,311822.7502221955,311822.7502221955,24,22,0.5763662048443504,-0.027804847785180706,0.0,resolved,True,-0.0031545430725712365,0.7635550313152821,0.0,0.0,443319.02371571294,29,-0.02283244471312178
2024-06-07,494,20,1039075.8508962849,332986.5042672304,0.0,309075.3624725184,399460.0358841338,398237.0100203349,398237.0100203349,24,23,0.681889967652972,-0.0869856356816025,0.0,resolved,True,0.0009397431544395651,0.745049711089407,0.0,0.0,332986.5042672304,25,1039075.8508962849,332986.5042672304,0.0,309075.3624725184,399460.0358841338,398237.0100203349,398237.0100203349,24,23,0.681889967652972,-0.0869856356816025,0.0,resolved,True,0.0009397431544395651,0.745049711089407,0.0,0.0,332986.5042672304,25,0.017491658643449537
2024-06-10,494,20,1043009.1758262515,324343.11927992303,0.0,322220.1687101445,399475.9479618443,397960.9178990141,397960.9178990141,22,25,0.691936498161941,-0.074070085903606,0.0,resolved,True,0.0037854069330682805,0.6313897986411591,0.0,0.0,324343.11927992303,26,1043009.1758262515,324343.11927992303,0.0,322220.1687101445,399475.9479618443,397960.9178990141,397960.9178990141,22,25,0.691936498161941,-0.074070085903606,0.0,resolved,True,0.0037854069330682805,0.6313897986411591,0.0,0.0,324343.11927992303,26,-0.027952279282838926
2024-06-11,494,20,1041055.4431725706,440927.18941654335,0.0,297926.9140175861,308154.44892590406,305177.8943321726,305177.8943321726,29,26,0.5821797166695406,-0.009824198101447891,0.0,resolved,True,-0.001873169190609758,0.731559552576551,0.0,0.0,440927.18941654335,28,1041055.4431725706,440927.18941654335,0.0,297926.9140175861,308154.44892590406,305177.8943321726,305177.8943321726,29,26,0.5821797166695406,-0.009824198101447891,0.0,resolved,True,-0.001873169190609758,0.731559552576551,0.0,0.0,440927.18941654335,28,-0.017259533120829163
2024-06-12,494,20,1035249.0457694595,264943.5622138189,0.0,303016.5560895725,485394.6070827473,476341.7672744077,476341.7672744077,23,29,0.7615666649432409,-0.17616828698221154,0.0,resolved,True,-0.005577414191713315,0.6803819779436721,0.0,0.0,264943.5622138189,26,1035249.0457694595,264943.5622138189,0.0,303016.5560895725,485394.6070827473,476341.7672744077,476341.7672744077,23,29,0.7615666649432409,-0.17616828698221154,0.0,resolved,True,-0.005577414191713315,0.6803819779436721,0.0,0.0,264943.5622138189,26,-0.02311809120427711
2024-06-13,494,20,1029767.6336509264,355666.0437318396,0.0,280125.5613081488,416273.5406563761,405124.7846336571,405124.7846336571,25,26,0.6762681979967845,-0.13221233111156333,0.0,resolved,True,-0.005294776306177584,0.6035275846254211,0.0,0.0,355666.0437318396,29,1029767.6336509264,355666.0437318396,0.0,280125.5613081488,416273.5406563761,405124.7846336571,405124.7846336571,25,26,0.6762681979967845,-0.13221233111156333,0.0,resolved,True,-0.005294776306177584,0.6035275846254211,0.0,0.0,355666.0437318396,29,-0.03285754315485127
2024-06-14,494,20,1031788.2927239209,351825.2258425597,0.0,254740.99247318643,434710.107370978,429966.0908895764,429966.0908895764,26,27,0.6682098495457955,-0.17442445913267066,0.0,resolved,True,0.0019622476051519566,0.6908835270867097,0.0,0.0,351825.2258425597,31,1031788.2927239209,351825.2258425597,0.0,254740.99247318643,434710.107370978,429966.0908895764,429966.0908895764,26,27,0.6682098495457955,-0.17442445913267066,0.0,resolved,True,0.0019622476051519566,0.6908835270867097,0.0,0.0,351825.2258425597,31,0.019709137917831642
2024-06-17,495,20,1025076.2961209258,400183.90637964656,0.0,341450.3148374329,294321.5071132901,288881.79100856825,288881.79100856825,33,24,0.6202190259950392,0.045975902381595136,0.0,resolved,True,-0.0065052071731454,0.7407969913129465,0.0,0.0,400183.90637964656,28,1025076.2961209258,400183.90637964656,0.0,341450.3148374329,294321.5071132901,288881.79100856825,288881.79100856825,33,24,0.6202190259950392,0.045975902381595136,0.0,resolved,True,-0.0065052071731454,0.7407969913129465,0.0,0.0,400183.90637964656,28,-0.1498773646078067
2024-06-18,495,20,1023335.639442192,252084.117098063,0.0,404361.6828665393,383553.31655519747,375221.5780163936,375221.5780163936,30,27,0.7699477757378016,0.020333862624665557,0.0,resolved,True,-0.0016980752411510647,0.6406308149992004,0.0,0.0,252084.117098063,28,1023335.639442192,252084.117098063,0.0,404361.6828665393,383553.31655519747,375221.5780163936,375221.5780163936,30,27,0.7699477757378016,0.020333862624665557,0.0,resolved,True,-0.0016980752411510647,0.6406308149992004,0.0,0.0,252084.117098063,28,0.22737589939058098
2024-06-20,495,20,1031870.48498663,367326.74235687056,0.0,279520.33088561246,386873.21277186833,385948.3122580077,385948.3122580077,27,28,0.6458112266542009,-0.10403716691988418,0.0,resolved,True,0.008340221150794802,0.6034503342679316,0.0,0.0,367326.74235687056,39,1031870.48498663,367326.74235687056,0.0,279520.33088561246,386873.21277186833,385948.3122580077,385948.3122580077,27,28,0.6458112266542009,-0.10403716691988418,0.0,resolved,True,0.008340221150794802,0.6034503342679316,0.0,0.0,367326.74235687056,39,0.0035797237505384148
2024-06-21,496,20,1034826.4614041966,448431.3278947263,0.0,293564.44154227106,292198.2604465628,292514.47620688094,292514.47620688094,24,24,0.5660492109894344,0.001320203093622532,0.0,resolved,True,0.0028646777483947172,0.7894570607243396,0.0,0.0,448431.3278947263,31,1034826.4614041966,448431.3278947263,0.0,293564.44154227106,292198.2604465628,292514.47620688094,292514.47620688094,24,24,0.5660492109894344,0.001320203093622532,0.0,resolved,True,0.0028646777483947172,0.7894570607243396,0.0,0.0,448431.3278947263,31,0.18604197646903098
2024-06-24,497,20,1036221.179792295,399247.40423825406,0.0,316482.0406071993,317669.9628925671,319080.84891970427,319080.84891970427,24,23,0.6119851783254215,-0.0011463983834087484,0.0,resolved,True,0.0013477799806218549,0.8174081707762856,0.0,0.0,399247.40423825406,34,1036221.179792295,399247.40423825406,0.0,316482.0406071993,317669.9628925671,319080.84891970427,319080.84891970427,24,23,0.6119851783254215,-0.0011463983834087484,0.0,resolved,True,0.0013477799806218549,0.8174081707762856,0.0,0.0,399247.40423825406,34,0.16092469765211875
2024-06-25,497,20,1036911.8714611734,441718.6170692433,0.0,395927.31755880045,199981.46740512465,199623.7021191271,199623.7021191271,28,20,0.5746956914710554,0.1889705919535447,0.0,resolved,True,0.000666548495965813,0.8105985395448747,0.0,0.0,441718.6170692433,31,1036911.8714611734,441718.6170692433,0.0,395927.31755880045,199981.46740512465,199623.7021191271,199623.7021191271,28,20,0.5746956914710554,0.1889705919535447,0.0,resolved,True,0.000666548495965813,0.8105985395448747,0.0,0.0,441718.6170692433,31,0.12864090713054838
2024-06-26,497,20,1036274.024157123,410499.0712356279,0.0,323815.68424415996,299458.3100872097,300708.7893822724,300708.7893822724,24,26,0.6014567380846235,0.02350476185752306,0.0,resolved,True,-0.0006151412879008555,0.8218942944933549,0.0,0.0,410499.0712356279,37,1036274.024157123,410499.0712356279,0.0,323815.68424415996,299458.3100872097,300708.7893822724,300708.7893822724,24,26,0.6014567380846235,0.02350476185752306,0.0,resolved,True,-0.0006151412879008555,0.8218942944933549,0.0,0.0,410499.0712356279,37,-0.01966499111067693
2024-06-27,497,20,1036724.9365126654,450559.06689656246,0.0,317353.5031063301,269955.16856352886,269383.7675366509,269383.7675366509,23,25,0.5665038536117859,0.04571929628917747,0.0,resolved,True,0.00043512849403803955,0.8284469428103317,0.0,0.0,450559.06689656246,31,1036724.9365126654,450559.06689656246,0.0,317353.5031063301,269955.16856352886,269383.7675366509,269383.7675366509,23,25,0.5665038536117859,0.04571929628917747,0.0,resolved,True,0.00043512849403803955,0.8284469428103317,0.0,0.0,450559.06689656246,31,-0.06172518019248396
2024-06-28,497,20,1031077.614905129,343454.2140437003,0.0,370347.509144069,319568.73452691594,318422.3131221378,318422.3131221378,25,26,0.6691215420620543,0.049248256273922965,0.0,resolved,True,-0.0054472709285192655,0.7649651942601826,0.0,0.0,343454.21404370037,30,1031077.614905129,343454.2140437003,0.0,370347.509144069,319568.73452691594,318422.3131221378,318422.3131221378,25,26,0.6691215420620543,0.049248256273922965,0.0,resolved,True,-0.0054472709285192655,0.7649651942601826,0.0,0.0,343454.21404370037,30,-0.03608257487341048
2024-07-01,497,20,1029761.8763936388,381896.80906379793,0.0,332554.21676918754,312552.7353422598,313931.7929514565,313931.7929514565,28,26,0.6264622597708671,0.01942340446412285,0.0,resolved,True,-0.0012760809588628907,0.7041121208698662,0.0,0.0,381896.80906379793,31,1029761.8763936388,381896.80906379793,0.0,332554.21676918754,312552.7353422598,313931.7929514565,313931.7929514565,28,26,0.6264622597708671,0.01942340446412285,0.0,resolved,True,-0.0012760809588628907,0.7041121208698662,0.0,0.0,381896.80906379793,31,-0.015468657745134614
2024-07-02,497,20,1028887.7596805552,329216.5261201718,0.0,384788.93302390585,317943.1814541248,316412.7409953012,316412.7409953012,26,26,0.6830017247908674,0.06496894431957771,0.0,resolved,True,-0.000848853247650716,0.6870868871025728,0.0,0.0,329216.5261201718,31,1028887.7596805552,329216.5261201718,0.0,384788.93302390585,317943.1814541248,316412.7409953012,316412.7409953012,26,26,0.6830017247908674,0.06496894431957771,0.0,resolved,True,-0.000848853247650716,0.6870868871025728,0.0,0.0,329216.5261201718,31,-0.029838474309719476
2024-07-03,497,20,1034178.8512377513,399613.40070017707,0.0,330898.24458373047,307224.5042093823,305445.85508161294,305445.85508161294,27,24,0.6170332607646918,0.02289134064771717,0.0,resolved,True,0.0051425352351737175,0.7100001628683199,0.0,0.0,399613.40070017707,35,1034178.8512377513,399613.40070017707,0.0,330898.24458373047,307224.5042093823,305445.85508161294,305445.85508161294,27,24,0.6170332607646918,0.02289134064771717,0.0,resolved,True,0.0051425352351737175,0.7100001628683199,0.0,0.0,399613.40070017707,35,0.09500569133779894
2024-07-05,497,20,1031128.4460305753,413951.10228420305,0.0,305420.6451917983,313095.3851086162,312426.0418315952,312426.0418315952,23,27,0.5998438241922714,-0.007443049356617547,0.0,resolved,True,-0.0029495915561656982,0.7891472399912213,0.0,0.0,413951.10228420305,36,1031128.4460305753,413951.10228420305,0.0,305420.6451917983,313095.3851086162,312426.0418315952,312426.0418315952,23,27,0.5998438241922714,-0.007443049356617547,0.0,resolved,True,-0.0029495915561656982,0.7891472399912213,0.0,0.0,413951.10228420305,36,0.17794434394863146
2024-07-08,497,20,1032667.3823328407,401487.44763908687,0.0,338823.9813206415,293495.6621863511,292925.8077797317,292925.8077797317,26,25,0.612316854705486,0.04389440386108816,0.0,resolved,True,0.0014924777879901097,0.7938874642470481,0.0,0.0,401487.44763908687,40,1032667.3823328407,401487.44763908687,0.0,338823.9813206415,293495.6621863511,292925.8077797317,292925.8077797317,26,25,0.612316854705486,0.04389440386108816,0.0,resolved,True,0.0014924777879901097,0.7938874642470481,0.0,0.0,401487.44763908687,40,-0.01197386405338498
2024-07-09,497,20,1033100.7542529071,509323.665504668,0.0,230863.56547592982,291984.38007786375,292448.9516750865,292448.9516750865,22,23,0.5060957930786665,-0.05916249150948864,0.0,resolved,True,0.00041966264014980936,0.8802999064676483,0.0,0.0,509323.665504668,27,1033100.7542529071,509323.665504668,0.0,230863.56547592982,291984.38007786375,292448.9516750865,292448.9516750865,22,23,0.5060957930786665,-0.05916249150948864,0.0,resolved,True,0.00041966264014980936,0.8802999064676483,0.0,0.0,509323.665504668,27,-0.008936404260390513
2024-07-10,497,20,1030222.7751481975,321094.7399376782,0.0,376790.6681757425,338733.9406430919,335535.6538389343,335535.6538389343,28,21,0.6945338678965879,0.03694028947008681,0.0,resolved,True,-0.002785768080085127,0.8063074921334544,0.0,0.0,321094.7399376782,29,1030222.7751481975,321094.7399376782,0.0,376790.6681757425,338733.9406430919,335535.6538389343,335535.6538389343,28,21,0.6945338678965879,0.03694028947008681,0.0,resolved,True,-0.002785768080085127,0.8063074921334544,0.0,0.0,321094.7399376782,29,0.006884889196050239
2024-07-11,497,20,1038182.9096779304,389736.49638933066,0.0,319625.9192705116,322371.23769177287,325595.8658549305,325595.8658549305,25,24,0.6183854029743637,-0.002644349464501331,0.0,resolved,True,0.007726614788328368,0.6921884844275903,0.0,0.0,389736.49638933066,33,1038182.9096779304,389736.49638933066,0.0,319625.9192705116,322371.23769177287,325595.8658549305,325595.8658549305,25,24,0.6183854029743637,-0.002644349464501331,0.0,resolved,True,0.007726614788328368,0.6921884844275903,0.0,0.0,389736.49638933066,33,-0.07627106011211629
2024-07-12,497,20,1039365.1660259842,483524.9895149821,0.0,297417.2344335117,262519.60584672645,260471.27396210842,260471.27396210842,26,25,0.5387296578556295,0.03357590741684793,0.0,resolved,True,0.0011387746196096504,0.8354614143814258,0.0,0.0,483524.9895149821,29,1039365.1660259842,483524.9895149821,0.0,297417.2344335117,262519.60584672645,260471.27396210842,260471.27396210842,26,25,0.5387296578556295,0.03357590741684793,0.0,resolved,True,0.0011387746196096504,0.8354614143814258,0.0,0.0,483524.9895149821,29,0.00013416099343649916
2024-07-15,497,20,1040831.8376781939,338332.23912625294,0.0,295611.29922112083,409575.1655588789,408231.7324448495,408231.7324448495,23,28,0.6775219965917593,-0.10949306334823475,0.0,resolved,True,0.0014111225776571867,0.7894383698214766,0.0,0.0,338332.23912625294,32,1040831.8376781939,338332.23912625294,0.0,295611.29922112083,409575.1655588789,408231.7324448495,408231.7324448495,23,28,0.6775219965917593,-0.10949306334823475,0.0,resolved,True,0.0014111225776571867,0.7894383698214766,0.0,0.0,338332.23912625294,32,-0.07949877031235031
2024-07-16,497,20,1035557.5507396506,419586.6366329161,0.0,285084.7358086563,347932.61348248296,339409.39589028055,339409.39589028055,27,25,0.6112816702838045,-0.060689893699232195,0.0,resolved,True,-0.005067376638198118,0.7344737776904103,0.0,0.0,419586.6366329161,33,1035557.5507396506,419586.6366329161,0.0,285084.7358086563,347932.61348248296,339409.39589028055,339409.39589028055,27,25,0.6112816702838045,-0.060689893699232195,0.0,resolved,True,-0.005067376638198118,0.7344737776904103,0.0,0.0,419586.6366329161,33,0.09807979939876958
2024-07-17,497,20,1031887.0858555896,398437.0679819342,0.0,290644.4884763905,344393.1595712836,343599.34448427433,343599.34448427433,24,27,0.6154138924232513,-0.05208774470738472,0.0,resolved,True,-0.0035444335096966872,0.798947781438808,0.0,0.0,398437.0679819342,30,1031887.0858555896,398437.0679819342,0.0,290644.4884763905,344393.1595712836,343599.34448427433,343599.34448427433,24,27,0.6154138924232513,-0.05208774470738472,0.0,resolved,True,-0.0035444335096966872,0.798947781438808,0.0,0.0,398437.0679819342,30,-0.046109065284538425
2024-07-18,497,20,1033264.3003022516,362924.73104629363,0.0,353569.63406005024,310081.4736907211,313425.7044433144,313425.7044433144,28,26,0.6422859161558562,0.04208812823263898,0.0,resolved,True,0.0013346561513754018,0.7383402497506321,0.0,0.0,362924.73104629363,33,1033264.3003022516,362924.73104629363,0.0,353569.63406005024,310081.4736907211,313425.7044433144,313425.7044433144,28,26,0.6422859161558562,0.04208812823263898,0.0,resolved,True,0.0013346561513754018,0.7383402497506321,0.0,0.0,362924.73104629363,33,0.10251409369812284
2024-07-19,497,20,1033080.9165912713,390348.21740047174,0.0,366876.4008018209,269294.19616852136,272575.24727875006,272575.24727875006,27,23,0.615799388754015,0.09445746510861842,0.0,resolved,True,-0.00017747996415495848,0.7245655286978581,0.0,0.0,390348.2174004718,28,1033080.9165912713,390348.21740047174,0.0,366876.4008018209,269294.19616852136,272575.24727875006,272575.24727875006,27,23,0.615799388754015,0.09445746510861842,0.0,resolved,True,-0.00017747996415495848,0.7245655286978581,0.0,0.0,390348.2174004718,28,0.06432225407063354
2024-07-22,497,20,1037696.5329712268,343304.7353083878,0.0,407152.7254272314,289180.2228141241,288209.64752486587,288209.64752486587,26,26,0.6710371733126561,0.11368690061565279,0.0,resolved,True,0.0044678169016858504,0.707038312756963,0.0,0.0,343304.7353083878,35,1037696.5329712268,343304.7353083878,0.0,407152.7254272314,289180.2228141241,288209.64752486587,288209.64752486587,26,26,0.6710371733126561,0.11368690061565279,0.0,resolved,True,0.0044678169016858504,0.707038312756963,0.0,0.0,343304.7353083878,35,-0.09525793370540048
2024-07-23,497,20,1035314.4099112396,483745.14906030823,0.0,247545.9661061204,307040.4954730709,305531.895108941,305531.895108941,24,28,0.5356696055517449,-0.057465180429635,0.0,resolved,True,-0.0022955873748238265,0.7975725772757176,0.0,0.0,483745.14906030823,24,1035314.4099112396,483745.14906030823,0.0,247545.9661061204,307040.4954730709,305531.895108941,305531.895108941,24,28,0.5356696055517449,-0.057465180429635,0.0,resolved,True,-0.0022955873748238265,0.7975725772757176,0.0,0.0,483745.14906030823,24,0.2098409588120446
2024-07-24,497,20,1043612.501385917,229866.47438287182,0.0,400517.76155361993,396547.18937674304,404887.7274130842,404887.7274130842,28,30,0.7637556563109977,0.0038046422130857643,0.0,resolved,True,0.008015044893839196,0.6853926889435535,0.0,0.0,229866.47438287182,42,1043612.501385917,229866.47438287182,0.0,400517.76155361993,396547.18937674304,404887.7274130842,404887.7274130842,28,30,0.7637556563109977,0.0038046422130857643,0.0,resolved,True,0.008015044893839196,0.6853926889435535,0.0,0.0,229866.47438287182,42,-0.0875414350565874
2024-07-25,497,20,1042469.1784578082,571689.8921936443,0.0,289114.7985279071,174611.64340652336,178138.06557139012,178138.06557139012,26,24,0.4448346785853668,0.10983840816356379,0.0,resolved,True,-0.0010955435342049347,0.7542008792673304,0.0,0.0,571689.8921936443,24,1042469.1784578082,571689.8921936443,0.0,289114.7985279071,174611.64340652336,178138.06557139012,178138.06557139012,26,24,0.4448346785853668,0.10983840816356379,0.0,resolved,True,-0.0010955435342049347,0.7542008792673304,0.0,0.0,571689.8921936443,24,-0.026361792873153017
2024-07-26,497,20,1043248.2731055166,211597.9998402939,0.0,489853.6475706822,344826.5036905398,343311.5646925402,343311.5646925402,30,26,0.8000781528030391,0.13901498580815197,0.0,resolved,True,0.00074735509097823,0.7485384764090626,0.0,0.0,211597.9998402939,30,1043248.2731055166,211597.9998402939,0.0,489853.6475706822,344826.5036905398,343311.5646925402,343311.5646925402,30,26,0.8000781528030391,0.13901498580815197,0.0,resolved,True,0.00074735509097823,0.7485384764090626,0.0,0.0,211597.9998402939,30,0.0527966661579669
2024-07-29,497,20,1044316.2475364322,386687.70090287656,0.0,391744.2995048571,266038.66996584827,265961.4585472735,265961.4585472735,32,25,0.6298695160804322,0.12037122838560782,0.0,resolved,True,0.0010237011250797678,0.5740463016976393,0.0,0.0,386687.70090287656,37,1044316.2475364322,386687.70090287656,0.0,391744.2995048571,266038.66996584827,265961.4585472735,265961.4585472735,32,25,0.6298695160804322,0.12037122838560782,0.0,resolved,True,0.0010237011250797678,0.5740463016976393,0.0,0.0,386687.70090287656,37,-0.11665541408068893
2024-07-30,497,20,1035831.8213515388,329810.2204136213,0.0,381624.0154058701,329929.6066841836,327163.5961081155,327163.5961081155,24,23,0.6869393345742445,0.04990617941649676,0.0,resolved,True,-0.008124383973636795,0.684849007893569,0.0,0.0,329810.2204136213,24,1035831.8213515388,329810.2204136213,0.0,381624.0154058701,329929.6066841836,327163.5961081155,327163.5961081155,24,23,0.6869393345742445,0.04990617941649676,0.0,resolved,True,-0.008124383973636795,0.684849007893569,0.0,0.0,329810.2204136213,24,0.31392872169207653
2024-07-31,497,20,1045548.062200057,335956.24436682556,0.0,398171.03794474155,312135.30389112176,311778.0418898058,311778.0418898058,26,28,0.6793626878722597,0.08228768926469261,0.0,resolved,True,0.00938013357790135,0.6452044735082374,0.0,0.0,335956.24436682556,36,1045548.062200057,335956.24436682556,0.0,398171.03794474155,312135.30389112176,311778.0418898058,311778.0418898058,26,28,0.6793626878722597,0.08228768926469261,0.0,resolved,True,0.00938013357790135,0.6452044735082374,0.0,0.0,335956.24436682556,36,0.17705701966572931
2024-08-01,497,20,1042960.8779877571,514622.3068412144,0.0,244333.35677859368,281956.0916285825,282980.6529982657,282980.6529982657,24,28,0.5046109202318076,-0.03607300680594701,0.0,resolved,True,-0.0024744765982884775,0.8136192755259744,0.0,0.0,514622.3068412144,40,1042960.8779877571,514622.3068412144,0.0,244333.35677859368,281956.0916285825,282980.6529982657,282980.6529982657,24,28,0.5046109202318076,-0.03607300680594701,0.0,resolved,True,-0.0024744765982884775,0.8136192755259744,0.0,0.0,514622.3068412144,40,-0.4561525052393215
2024-08-02,497,20,1045459.2288830499,384688.4640256159,0.0,331790.0211527547,330964.79803369334,329972.7708691863,329972.7708691863,25,21,0.6339365523555841,0.0007893403169275532,0.0,resolved,True,0.0023954406613151402,0.8486075640631635,0.0,0.0,384688.4640256159,24,1045459.2288830499,384688.4640256159,0.0,331790.0211527547,330964.79803369334,329972.7708691863,329972.7708691863,25,21,0.6339365523555841,0.0007893403169275532,0.0,resolved,True,0.0023954406613151402,0.8486075640631635,0.0,0.0,384688.4640256159,24,-0.028513831852814166
2024-08-05,497,20,1045454.7925555505,354925.68881876627,0.0,347328.53808036237,334623.9478556261,338912.25675602397,338912.25675602397,27,27,0.6523022236753033,0.01215221386443756,0.0,resolved,True,-4.243424685412833e-06,0.7010786382850128,0.0,0.0,354925.68881876627,36,1045454.7925555505,354925.68881876627,0.0,347328.53808036237,334623.9478556261,338912.25675602397,338912.25675602397,27,27,0.6523022236753033,0.01215221386443756,0.0,resolved,True,-4.243424685412833e-06,0.7010786382850128,0.0,0.0,354925.68881876627,36,-0.024394621166038348
2024-08-06,498,20,1047047.2120462661,453007.27131044824,0.0,352862.73195850494,242248.3653745612,241712.78707593706,241712.78707593706,28,24,0.5683708341766445,0.10564410593078014,0.0,resolved,True,0.0015231835006686012,0.7663964158242199,0.0,0.0,453007.2713104483,34,1047047.2120462661,453007.27131044824,0.0,352862.73195850494,242248.3653745612,241712.78707593706,241712.78707593706,28,24,0.5683708341766445,0.10564410593078014,0.0,resolved,True,0.0015231835006686012,0.7663964158242199,0.0,0.0,453007.2713104483,34,0.1368845217478385
2024-08-07,497,20,1051177.3644546615,386311.061958965,0.0,329769.63939645607,325568.9842436789,330332.8236714597,330332.8236714597,24,28,0.6234329674518029,0.0039961430818636415,0.0,resolved,True,0.003944571324843826,0.8010306408548546,0.0,0.0,386311.06195896503,39,1051177.3644546615,386311.061958965,0.0,329769.63939645607,325568.9842436789,330332.8236714597,330332.8236714597,24,28,0.6234329674518029,0.0039961430818636415,0.0,resolved,True,0.003944571324843826,0.8010306408548546,0.0,0.0,386311.06195896503,39,0.33032709124401033
2024-08-08,497,20,1045116.5567300008,457593.8756462068,0.0,301116.0852281725,293614.39135617367,290010.4936058976,290010.4936058976,25,25,0.5690566021125536,0.00717785382280268,0.0,resolved,True,-0.0057657327199058805,0.809537599866752,0.0,0.0,457593.8756462068,36,1045116.5567300008,457593.8756462068,0.0,301116.0852281725,293614.39135617367,290010.4936058976,290010.4936058976,25,25,0.5690566021125536,0.00717785382280268,0.0,resolved,True,-0.0057657327199058805,0.809537599866752,0.0,0.0,457593.8756462068,36,-0.0640961439715968
2024-08-09,497,20,1046229.9403344574,435599.4936203803,0.0,308818.34389644803,302760.61772750225,302286.3602725657,302286.3602725657,25,22,0.5845550180187364,0.0057900523923156465,0.0,resolved,True,0.0010653200327628287,0.859231051824793,0.0,0.0,435599.4936203803,27,1046229.9403344574,435599.4936203803,0.0,308818.34389644803,302760.61772750225,302286.3602725657,302286.3602725657,25,22,0.5845550180187364,0.0057900523923156465,0.0,resolved,True,0.0010653200327628287,0.859231051824793,0.0,0.0,435599.4936203803,27,0.05278075349960753
2024-08-12,497,20,1046234.6012140105,346363.43653296266,0.0,358242.59969529,341854.0893388864,341741.32716232206,341741.32716232206,23,26,0.6691584164983752,0.01566427867840253,0.0,resolved,True,4.454928475450259e-06,0.7445881185674805,0.0,0.0,346363.43653296266,24,1046234.6012140105,346363.43653296266,0.0,358242.59969529,341854.0893388864,341741.32716232206,341741.32716232206,23,26,0.6691584164983752,0.01566427867840253,0.0,resolved,True,4.454928475450259e-06,0.7445881185674805,0.0,0.0,346363.43653296266,24,0.030914039029639198
2024-08-13,497,20,1045098.9803307261,341240.09787940246,0.0,338301.4424867866,375879.71475015354,370718.5773573454,370718.5773573454,27,28,0.6833622180082257,-0.03595666340758954,0.0,resolved,True,-0.001085436174608101,0.6589719308847046,0.0,0.0,341240.09787940246,34,1045098.9803307261,341240.09787940246,0.0,338301.4424867866,375879.71475015354,370718.5773573454,370718.5773573454,27,28,0.6833622180082257,-0.03595666340758954,0.0,resolved,True,-0.001085436174608101,0.6589719308847046,0.0,0.0,341240.09787940246,34,0.15914176431870874
2024-08-14,497,20,1043934.4399941675,394541.59219065635,0.0,275355.7814594569,386360.7289695041,380198.89765677915,380198.89765677915,24,26,0.6338678800870465,-0.10633325547787026,0.0,resolved,True,-0.0011142871234933738,0.7062200445781858,0.0,0.0,394541.59219065635,26,1043934.4399941675,394541.59219065635,0.0,275355.7814594569,386360.7289695041,380198.89765677915,380198.89765677915,24,26,0.6338678800870465,-0.10633325547787026,0.0,resolved,True,-0.0011142871234933738,0.7062200445781858,0.0,0.0,394541.59219065635,26,0.08318127801637647
2024-08-15,497,20,1035849.6089875518,289283.89938118984,0.0,274911.4458477197,501617.08226512594,486635.67301188415,486635.67301188415,24,26,0.7496537348426778,-0.21885960514962233,0.0,resolved,True,-0.0077445773382675,0.661633651243046,0.0,0.0,289283.89938118984,24,1035849.6089875518,289283.89938118984,0.0,274911.4458477197,501617.08226512594,486635.67301188415,486635.67301188415,24,26,0.7496537348426778,-0.21885960514962233,0.0,resolved,True,-0.0077445773382675,0.661633651243046,0.0,0.0,289283.89938118984,24,0.2393402639443843
2024-08-16,497,20,1040864.139888583,295354.19245509745,0.0,238155.3647804067,526826.9442955723,517090.76347432553,517090.76347432553,25,29,0.734949240501133,-0.2773383849558559,0.0,resolved,True,0.004840983534214471,0.5670827125327058,0.0,0.0,295354.19245509745,32,1040864.139888583,295354.19245509745,0.0,238155.3647804067,526826.9442955723,517090.76347432553,517090.76347432553,25,29,0.734949240501133,-0.2773383849558559,0.0,resolved,True,0.004840983534214471,0.5670827125327058,0.0,0.0,295354.19245509745,32,0.01767564392824537
2024-08-19,497,20,1038418.5647316816,427005.74451834767,0.0,220420.28117995826,406890.9021261978,398941.72057978675,398941.72057978675,24,26,0.6041024348098475,-0.179571732709172,0.0,resolved,True,-0.0023495623138319877,0.7058316825017686,0.0,0.0,427005.74451834767,28,1038418.5647316816,427005.74451834767,0.0,220420.28117995826,406890.9021261978,398941.72057978675,398941.72057978675,24,26,0.6041024348098475,-0.179571732709172,0.0,resolved,True,-0.0023495623138319877,0.7058316825017686,0.0,0.0,427005.74451834767,28,0.21006642045067356
2024-08-20,498,20,1041043.0560502929,338170.6203782811,0.0,275131.586350442,431790.1285246349,429765.48892310244,429765.48892310244,24,28,0.6790513713785584,-0.15048228914618947,0.0,resolved,True,0.0025273925252766727,0.7421479744753644,0.0,0.0,338170.6203782811,28,1041043.0560502929,338170.6203782811,0.0,275131.586350442,431790.1285246349,429765.48892310244,429765.48892310244,24,28,0.6790513713785584,-0.15048228914618947,0.0,resolved,True,0.0025273925252766727,0.7421479744753644,0.0,0.0,338170.6203782811,28,0.0384368790076648
2024-08-21,498,20,1033844.2920978877,356319.28538547317,0.0,244260.03858455335,454685.3390412806,443975.15358457086,443975.15358457086,24,30,0.6760644547425286,-0.20353674345846612,0.0,resolved,True,-0.006914953142972968,0.668886158232227,0.0,0.0,356319.28538547317,21,1033844.2920978877,356319.28538547317,0.0,244260.03858455335,454685.3390412806,443975.15358457086,443975.15358457086,24,30,0.6760644547425286,-0.20353674345846612,0.0,resolved,True,-0.006914953142972968,0.668886158232227,0.0,0.0,356319.28538547317,21,0.22282262755114904
2024-08-22,498,20,1043863.0516250036,213894.21226660395,0.0,323281.9865173679,498705.77187695313,502696.31235899235,502696.31235899235,29,31,0.7874478909036154,-0.16805249030176836,0.0,resolved,True,0.009690781874691856,0.5579306085109385,0.0,0.0,213894.21226660395,41,1043863.0516250036,213894.21226660395,0.0,323281.9865173679,498705.77187695313,502696.31235899235,502696.31235899235,29,31,0.7874478909036154,-0.16805249030176836,0.0,resolved,True,0.009690781874691856,0.5579306085109385,0.0,0.0,213894.21226660395,41,0.09491160177997743
2024-08-23,498,20,1035737.2720752121,504648.62118600716,0.0,252826.27239969015,291531.5604252136,284896.96945736423,284896.96945736423,26,25,0.5255752085992076,-0.03736979354616948,0.0,resolved,True,-0.007784334867626419,0.6912091957943862,0.0,0.0,504648.62118600716,25,1035737.2720752121,504648.62118600716,0.0,252826.27239969015,291531.5604252136,284896.96945736423,284896.96945736423,26,25,0.5255752085992076,-0.03736979354616948,0.0,resolved,True,-0.007784334867626419,0.6912091957943862,0.0,0.0,504648.62118600716,25,0.1934411675960159
2024-08-26,497,20,1039689.7473631364,232294.95639502272,0.0,353596.8729066903,457622.75339190505,455710.3357266641,455710.3357266641,29,26,0.7802516359866128,-0.10005473339430868,0.0,resolved,True,0.003816098343168761,0.7123961073937274,0.0,0.0,232294.95639502272,38,1039689.7473631364,232294.95639502272,0.0,353596.8729066903,457622.75339190505,455710.3357266641,455710.3357266641,29,26,0.7802516359866128,-0.10005473339430868,0.0,resolved,True,0.003816098343168761,0.7123961073937274,0.0,0.0,232294.95639502272,38,-0.06981099204938807
2024-08-27,498,20,1039986.3701897245,519496.39636940224,0.0,223494.4577225208,305270.14713856013,301132.83161818085,301132.83161818085,24,25,0.5084341680022388,-0.07863150110430871,0.0,resolved,True,0.0002852993667969983,0.7193122405531507,0.0,0.0,519496.3963694022,22,1039986.3701897245,519496.39636940224,0.0,223494.4577225208,305270.14713856013,301132.83161818085,301132.83161818085,24,25,0.5084341680022388,-0.07863150110430871,0.0,resolved,True,0.0002852993667969983,0.7193122405531507,0.0,0.0,519496.3963694022,22,0.16336833229791295
2024-08-28,497,20,1043466.4037073797,228962.5825444973,0.0,382637.7849855136,429830.98555902456,430848.5108681967,430848.5108681967,26,28,0.7786247527068246,-0.04522733113959018,0.0,resolved,True,0.003346229928975264,0.7212881270910122,0.0,0.0,228962.5825444973,33,1043466.4037073797,228962.5825444973,0.0,382637.7849855136,429830.98555902456,430848.5108681967,430848.5108681967,26,28,0.7786247527068246,-0.04522733113959018,0.0,resolved,True,0.003346229928975264,0.7212881270910122,0.0,0.0,228962.5825444973,33,0.0802721264317788
2024-08-29,497,20,1039011.8467608525,489760.2412650896,0.0,301408.47264553263,247648.3939913325,247745.7634207813,247745.7634207813,25,28,0.5284413920289405,0.05174154541336427,0.0,resolved,True,-0.00426899891620891,0.6916919946124724,0.0,0.0,489760.2412650896,35,1039011.8467608525,489760.2412650896,0.0,301408.47264553263,247648.3939913325,247745.7634207813,247745.7634207813,25,28,0.5284413920289405,0.05174154541336427,0.0,resolved,True,-0.00426899891620891,0.6916919946124724,0.0,0.0,489760.2412650896,35,0.06071379670559909
2024-08-30,497,20,1038598.2353712202,341138.62091447046,0.0,350660.666210955,351216.8558588534,349007.902052324,349007.902052324,22,25,0.6757931008990596,-0.0005355195386978231,0.0,resolved,True,-0.0003980814953379319,0.8000234443581467,0.0,0.0,341138.62091447046,31,1038598.2353712202,341138.62091447046,0.0,350660.666210955,351216.8558588534,349007.902052324,349007.902052324,22,25,0.6757931008990596,-0.0005355195386978231,0.0,resolved,True,-0.0003980814953379319,0.8000234443581467,0.0,0.0,341138.62091447046,31,0.21535775235925414
2024-09-03,498,20,1046733.5606323454,427578.90553554334,0.0,318801.1534632552,288036.9856506962,294195.2436421215,294195.2436421215,24,23,0.5797446092655638,0.029390638620561627,0.0,resolved,True,0.007832985830384498,0.7343282727778729,0.0,0.0,427578.90553554334,34,1046733.5606323454,427578.90553554334,0.0,318801.1534632552,288036.9856506962,294195.2436421215,294195.2436421215,24,23,0.5797446092655638,0.029390638620561627,0.0,resolved,True,0.007832985830384498,0.7343282727778729,0.0,0.0,427578.90553554334,34,-0.11870781329347604
2024-09-04,497,20,1046248.2601325903,389110.06264341524,0.0,327744.5195242561,323143.85088780406,326268.76442636154,326268.76442636154,25,23,0.6221165618278529,0.004397301110798519,0.0,resolved,True,-0.0004636332663890963,0.7737712630070664,0.0,0.0,389110.06264341524,31,1046248.2601325903,389110.06264341524,0.0,327744.5195242561,323143.85088780406,326268.76442636154,326268.76442636154,25,23,0.6221165618278529,0.004397301110798519,0.0,resolved,True,-0.0004636332663890963,0.7737712630070664,0.0,0.0,389110.06264341524,31,-0.04117897670969688
2024-09-05,497,20,1044995.7938169688,416931.5548693101,0.0,339167.1302217055,291410.5139638802,290153.8113449167,290153.8113449167,27,23,0.6034260117759206,0.04570029519773346,0.0,resolved,True,-0.0011971024118718754,0.7604779706518953,0.0,0.0,416931.5548693101,28,1044995.7938169688,416931.5548693101,0.0,339167.1302217055,291410.5139638802,290153.8113449167,290153.8113449167,27,23,0.6034260117759206,0.04570029519773346,0.0,resolved,True,-0.0011971024118718754,0.7604779706518953,0.0,0.0,416931.5548693101,28,0.16534412186530323
2024-09-06,497,20,1042844.6485394407,325764.9317650029,0.0,386894.0636976198,326692.7605123906,328439.2067946043,328439.2067946043,29,25,0.68426953641602,0.05772796865721497,0.0,resolved,True,-0.002058520512958961,0.7102037779450351,0.0,0.0,325764.9317650029,30,1042844.6485394407,325764.9317650029,0.0,386894.0636976198,326692.7605123906,328439.2067946043,328439.2067946043,29,25,0.68426953641602,0.05772796865721497,0.0,resolved,True,-0.002058520512958961,0.7102037779450351,0.0,0.0,325764.9317650029,30,-0.02881755532660863
2024-09-09,497,20,1041686.4677061916,323243.26647578564,0.0,385458.2648964154,341132.96670212294,337058.9515180567,337058.9515180567,28,27,0.6975143232862596,0.04255147740557425,0.0,resolved,True,-0.0011105976665567452,0.619416136666285,0.0,0.0,323243.26647578564,32,1041686.4677061916,323243.26647578564,0.0,385458.2648964154,341132.96670212294,337058.9515180567,337058.9515180567,28,27,0.6975143232862596,0.04255147740557425,0.0,resolved,True,-0.0011105976665567452,0.619416136666285,0.0,0.0,323243.26647578564,32,-0.07081952816713329
2024-09-10,497,20,1036977.912028827,435316.6770604453,0.0,332847.341193767,279398.6557794492,274106.27477703197,274106.27477703197,29,25,0.5904137300044983,0.05154274241940839,0.0,resolved,True,-0.004520127527175122,0.7303097266986647,0.0,0.0,435316.6770604453,33,1036977.912028827,435316.6770604453,0.0,332847.341193767,279398.6557794492,274106.27477703197,274106.27477703197,29,25,0.5904137300044983,0.05154274241940839,0.0,resolved,True,-0.004520127527175122,0.7303097266986647,0.0,0.0,435316.6770604453,33,-0.11265621526079365
2024-09-11,498,20,1035079.4381302615,333896.7555378466,0.0,374560.6866891121,341470.1235377699,334046.05972053634,334046.05972053634,29,22,0.6917641137962319,0.03196910491345097,0.0,resolved,True,-0.0018307756380762097,0.7418036455985502,0.0,0.0,333896.7555378466,26,1035079.4381302615,333896.7555378466,0.0,374560.6866891121,341470.1235377699,334046.05972053634,334046.05972053634,29,22,0.6917641137962319,0.03196910491345097,0.0,resolved,True,-0.0018307756380762097,0.7418036455985502,0.0,0.0,333896.7555378466,26,-0.14724211994286476
2024-09-12,497,20,1036747.0714923488,328581.6939262501,0.0,404303.0713181362,317945.58217001,310903.9442089863,310903.9442089863,29,23,0.6966488484491238,0.08329658363424997,0.0,resolved,True,0.0016111163072658474,0.6435163652998359,0.0,0.0,328581.6939262501,27,1036747.0714923488,328581.6939262501,0.0,404303.0713181362,317945.58217001,310903.9442089863,310903.9442089863,29,23,0.6966488484491238,0.08329658363424997,0.0,resolved,True,0.0016111163072658474,0.6435163652998359,0.0,0.0,328581.6939262501,27,-0.08961548562636007
2024-09-13,498,20,1036135.9370677904,317898.60488365893,0.0,349332.19860322145,392770.23714136705,380837.6853611385,380837.6853611385,29,26,0.7162211146200554,-0.04192310775463781,0.0,resolved,True,-0.0005894730174436091,0.6218281503316732,0.0,0.0,317898.60488365893,23,1036135.9370677904,317898.60488365893,0.0,349332.19860322145,392770.23714136705,380837.6853611385,380837.6853611385,29,26,0.7162211146200554,-0.04192310775463781,0.0,resolved,True,-0.0005894730174436091,0.6218281503316732,0.0,0.0,317898.60488365893,23,0.14041669061298973
2024-09-16,498,20,1036818.7463163765,271354.7061063347,0.0,349176.4386286329,443042.75841285556,429665.1799971322,429665.1799971322,29,27,0.7640864903881179,-0.09053300793191882,0.0,resolved,True,0.0006589958172076305,0.5720650346778511,0.0,0.0,271354.7061063347,31,1036818.7463163765,271354.7061063347,0.0,349176.4386286329,443042.75841285556,429665.1799971322,429665.1799971322,29,27,0.7640864903881179,-0.09053300793191882,0.0,resolved,True,0.0006589958172076305,0.5720650346778511,0.0,0.0,271354.7061063347,31,-0.1607748916143238
2024-09-17,498,20,1033912.8323943028,428346.01381148724,0.0,210872.82331638192,412252.27166511584,403473.1334657747,403473.1334657747,25,27,0.6026862956507506,-0.19477410671302506,0.0,resolved,True,-0.002802721239751782,0.6921805857885288,0.0,0.0,428346.01381148724,23,1033912.8323943028,428346.01381148724,0.0,210872.82331638192,412252.27166511584,403473.1334657747,403473.1334657747,25,27,0.6026862956507506,-0.19477410671302506,0.0,resolved,True,-0.002802721239751782,0.6921805857885288,0.0,0.0,428346.01381148724,23,-0.052198150672106376
2024-09-18,498,20,1034903.8212303835,220097.7888571357,0.0,290272.4428869736,539811.3132192731,532172.4513527736,532172.4513527736,26,28,0.8020878260159201,-0.2411227644667753,0.0,resolved,True,0.000958483931170262,0.6287037115619302,0.0,0.0,220097.7888571357,31,1034903.8212303835,220097.7888571357,0.0,290272.4428869736,539811.3132192731,532172.4513527736,532172.4513527736,26,28,0.8020878260159201,-0.2411227644667753,0.0,resolved,True,0.000958483931170262,0.6287037115619302,0.0,0.0,220097.7888571357,31,-0.14413146716794945
2024-09-19,497,20,1020394.6463675553,484242.1172103267,0.0,219033.1178815013,330446.8041004801,323783.1076881037,323783.1076881037,26,27,0.538497456781103,-0.10918685884485384,0.0,resolved,True,-0.014019829249039217,0.71105158272657,0.0,0.0,484242.1172103267,30,1020394.6463675553,484242.1172103267,0.0,219033.1178815013,330446.8041004801,323783.1076881037,323783.1076881037,26,27,0.538497456781103,-0.10918685884485384,0.0,resolved,True,-0.014019829249039217,0.71105158272657,0.0,0.0,484242.1172103267,30,0.1879995559245106
2024-09-20,498,20,1018877.1826820713,285093.26208566315,0.0,356306.49789509334,388249.61874290643,382863.52072211064,382863.52072211064,28,28,0.7307614001896142,-0.03135129669282285,0.0,resolved,True,-0.0014871341111851732,0.7594294330764461,0.0,0.0,285093.26208566315,36,1018877.1826820713,285093.26208566315,0.0,356306.49789509334,388249.61874290643,382863.52072211064,382863.52072211064,28,28,0.7307614001896142,-0.03135129669282285,0.0,resolved,True,-0.0014871341111851732,0.7594294330764461,0.0,0.0,285093.26208566315,36,0.027005479437422143
2024-09-23,498,20,1020938.8738574722,447676.1451559516,0.0,258175.92331348828,326201.4659077021,320644.1356478672,320644.1356478672,24,27,0.5723921423554024,-0.06663037752415969,0.0,resolved,True,0.0020234933222997853,0.7224825312535421,0.0,0.0,447676.1451559516,36,1020938.8738574722,447676.1451559516,0.0,258175.92331348828,326201.4659077021,320644.1356478672,320644.1356478672,24,27,0.5723921423554024,-0.06663037752415969,0.0,resolved,True,0.0020234933222997853,0.7224825312535421,0.0,0.0,447676.1451559516,36,-0.10294788884476763
2024-09-24,498,20,1019544.9698829734,413213.4250295358,0.0,283616.129155064,327599.5519277373,325157.48381305544,325157.48381305544,23,21,0.5994985009370981,-0.0431402479262115,0.0,resolved,True,-0.0013653157992037368,0.8496052007467055,0.0,0.0,413213.4250295358,26,1019544.9698829734,413213.4250295358,0.0,283616.129155064,327599.5519277373,325157.48381305544,325157.48381305544,23,21,0.5994985009370981,-0.0431402479262115,0.0,resolved,True,-0.0013653157992037368,0.8496052007467055,0.0,0.0,413213.4250295358,26,-0.03849613736174093
2024-09-25,498,20,1015671.1626824246,369364.11039918754,0.0,300562.1117954341,348325.209536841,347035.07501232205,347035.07501232205,25,24,0.6388754009895684,-0.047026143397891546,0.0,resolved,True,-0.003799545203968191,0.7712668992371374,0.0,0.0,369364.11039918754,26,1015671.1626824246,369364.11039918754,0.0,300562.1117954341,348325.209536841,347035.07501232205,347035.07501232205,25,24,0.6388754009895684,-0.047026143397891546,0.0,resolved,True,-0.003799545203968191,0.7712668992371374,0.0,0.0,369364.11039918754,26,0.029655163367705503
2024-09-26,497,20,1014727.6589958724,290291.63762937696,0.0,331995.20319466566,397235.3079638414,394838.0630678355,394838.0630678355,26,25,0.7186465301242699,-0.0642932162051583,0.0,resolved,True,-0.0009289460223134149,0.652387722090837,0.0,0.0,290291.63762937696,33,1014727.6589958724,290291.63762937696,0.0,331995.20319466566,397235.3079638414,394838.0630678355,394838.0630678355,26,25,0.7186465301242699,-0.0642932162051583,0.0,resolved,True,-0.0009289460223134149,0.652387722090837,0.0,0.0,290291.63762937696,33,-0.017674113262884573
2024-09-27,498,20,1019354.0729288554,516783.2927137078,0.0,269138.81922450056,231374.0595192372,232403.0102549421,232403.0102549421,27,22,0.49100983852023167,0.03704773513756207,0.0,resolved,True,0.0045592666090930045,0.796783024500164,0.0,0.0,516783.2927137078,30,1019354.0729288554,516783.2927137078,0.0,269138.81922450056,231374.0595192372,232403.0102549421,232403.0102549421,27,22,0.49100983852023167,0.03704773513756207,0.0,resolved,True,0.0045592666090930045,0.796783024500164,0.0,0.0,516783.2927137078,30,0.13494461747187275
2024-09-30,497,20,1021649.1585966819,329579.18540731305,0.0,394836.23117417,298268.5494758612,297751.14574552997,297751.14574552997,28,23,0.6784176102117745,0.09452137349278723,0.0,resolved,True,0.002251509783280925,0.8256188633793796,0.0,0.0,329579.18540731305,39,1021649.1585966819,329579.18540731305,0.0,394836.23117417,298268.5494758612,297751.14574552997,297751.14574552997,28,23,0.6784176102117745,0.09452137349278723,0.0,resolved,True,0.002251509783280925,0.8256188633793796,0.0,0.0,329579.18540731305,39,0.10673007471691806
2024-10-01,498,20,1021751.677341304,531159.4439202156,0.0,245989.24862408437,243201.18755167376,243902.08617433885,243902.08617433885,24,24,0.47877624967416604,0.0027287071156715994,0.0,resolved,True,0.00010034633098787715,0.8408027772202071,0.0,0.0,531159.4439202156,28,1021751.677341304,531159.4439202156,0.0,245989.24862408437,243201.18755167376,243902.08617433885,243902.08617433885,24,24,0.47877624967416604,0.0027287071156715994,0.0,resolved,True,0.00010034633098787715,0.8408027772202071,0.0,0.0,531159.4439202156,28,0.09656350382489583
2024-10-02,498,20,1021917.1872990413,263127.7381211674,0.0,392815.3089529468,367415.71786022367,366694.9290425754,366694.9290425754,29,26,0.7439262557296688,0.024854842846762402,0.0,resolved,True,0.0001619864800888049,0.7768115771525456,0.0,0.0,263127.7381211674,36,1021917.1872990413,263127.7381211674,0.0,392815.3089529468,367415.71786022367,366694.9290425754,366694.9290425754,29,26,0.7439262557296688,0.024854842846762402,0.0,resolved,True,0.0001619864800888049,0.7768115771525456,0.0,0.0,263127.7381211674,36,-0.16860656445711036
2024-10-03,498,20,1016309.8533511946,488006.8106987347,0.0,238683.5393711567,295728.61729541235,292674.0602883578,292674.0602883578,24,28,0.5258358510491566,-0.05612961218092534,0.0,resolved,True,-0.0054870727467331015,0.7342182605312121,0.0,0.0,488006.8106987347,27,1016309.8533511946,488006.8106987347,0.0,238683.5393711567,295728.61729541235,292674.0602883578,292674.0602883578,24,28,0.5258358510491566,-0.05612961218092534,0.0,resolved,True,-0.0054870727467331015,0.7342182605312121,0.0,0.0,488006.8106987347,27,-0.2619891052520447
2024-10-04,498,20,1010562.5357907739,244244.8051045313,0.0,408822.66524939745,368079.0923139794,362787.07887541223,362787.07887541223,29,24,0.7687814757108965,0.040317715621167226,0.0,resolved,True,-0.005655083970178443,0.7281656211011132,0.0,0.0,244244.8051045313,23,1010562.5357907739,244244.8051045313,0.0,408822.66524939745,368079.0923139794,362787.07887541223,362787.07887541223,29,24,0.7687814757108965,0.040317715621167226,0.0,resolved,True,-0.005655083970178443,0.7281656211011132,0.0,0.0,244244.8051045313,23,-0.035926420110221714
2024-10-07,498,20,1006126.3279754629,325437.8566268266,0.0,349990.54822041024,336492.8009467378,333595.3620374819,333595.3620374819,33,24,0.6823033351572227,0.013415559158294493,0.0,resolved,True,-0.004389839973475418,0.5696732325029229,0.0,0.0,325437.8566268266,30,1006126.3279754629,325437.8566268266,0.0,349990.54822041024,336492.8009467378,333595.3620374819,333595.3620374819,33,24,0.6823033351572227,0.013415559158294493,0.0,resolved,True,-0.004389839973475418,0.5696732325029229,0.0,0.0,325437.8566268266,30,0.13182366328639594
2024-10-08,498,20,1010508.8029144967,326758.84507043497,0.0,324462.18291999225,357668.65674119134,358478.21583263046,358478.21583263046,29,28,0.6750370087759655,-0.032861142550589764,0.0,resolved,True,0.004355789941261401,0.6478126317968693,0.0,0.0,326758.84507043497,37,1010508.8029144967,326758.84507043497,0.0,324462.18291999225,357668.65674119134,358478.21583263046,358478.21583263046,29,28,0.6750370087759655,-0.032861142550589764,0.0,resolved,True,0.004355789941261401,0.6478126317968693,0.0,0.0,326758.84507043497,37,-0.14939622623453017
2024-10-09,498,20,1010351.4402178114,442350.25611653813,0.0,332452.83614547853,241759.61025107518,238653.97910343495,238653.97910343495,26,24,0.5683294183979835,0.0897640388129221,0.0,resolved,True,-0.0001557262007332305,0.7575563717852206,0.0,0.0,442350.25611653813,32,1010351.4402178114,442350.25611653813,0.0,332452.83614547853,241759.61025107518,238653.97910343495,238653.97910343495,26,24,0.5683294183979835,0.0897640388129221,0.0,resolved,True,-0.0001557262007332305,0.7575563717852206,0.0,0.0,442350.25611653813,32,-0.006741623306781697
2024-10-10,498,20,1008728.5793097406,335470.0663597679,0.0,360774.4381377448,317537.9855056201,315011.030158924,315011.030158924,26,23,0.6724429520055086,0.0428623254252505,0.0,resolved,True,-0.0016062340720977009,0.7718566927915078,0.0,0.0,335470.0663597679,26,1008728.5793097406,335470.0663597679,0.0,360774.4381377448,317537.9855056201,315011.030158924,315011.030158924,26,23,0.6724429520055086,0.0428623254252505,0.0,resolved,True,-0.0016062340720977009,0.7718566927915078,0.0,0.0,335470.0663597679,26,0.05281860900992987
2024-10-11,498,20,1007927.7596118376,356152.0236734418,0.0,347772.23864699696,313867.7641424301,308935.6307169145,308935.6307169145,27,26,0.6564359364844072,0.033637802095681735,0.0,resolved,True,-0.0007938901646377117,0.6897172154974556,0.0,0.0,356152.0236734418,33,1007927.7596118376,356152.0236734418,0.0,347772.23864699696,313867.7641424301,308935.6307169145,308935.6307169145,27,26,0.6564359364844072,0.033637802095681735,0.0,resolved,True,-0.0007938901646377117,0.6897172154974556,0.0,0.0,356152.0236734418,33,-0.0011791542798668458
2024-10-14,498,20,1009853.5026023978,407021.15199921816,0.0,301843.1000252606,305588.28694640903,303288.76876216405,303288.76876216405,28,24,0.6015044611979022,-0.0037086437899131685,0.0,resolved,True,0.0019105962428318524,0.7632009018514248,0.0,0.0,407021.15199921816,32,1009853.5026023978,407021.15199921816,0.0,301843.1000252606,305588.28694640903,303288.76876216405,303288.76876216405,28,24,0.6015044611979022,-0.0037086437899131685,0.0,resolved,True,0.0019105962428318524,0.7632009018514248,0.0,0.0,407021.15199921816,32,-0.028563835385659594
2024-10-15,498,20,1012077.369842274,381968.62123881874,0.0,300553.81321162294,326946.1533382152,328250.5443650237,328250.5443650237,25,24,0.6200118540815018,-0.026077393797181082,0.0,resolved,True,0.0022021681700814533,0.7808747221056043,0.0,0.0,381968.62123881874,31,1012077.369842274,381968.62123881874,0.0,300553.81321162294,326946.1533382152,328250.5443650237,328250.5443650237,25,24,0.6200118540815018,-0.026077393797181082,0.0,resolved,True,0.0022021681700814533,0.7808747221056043,0.0,0.0,381968.62123881874,31,-0.052025749809463666
2024-10-16,498,20,1008606.7884196204,403269.69043998397,0.0,362900.61367657135,252974.01542096914,247705.2498620171,247705.2498620171,28,21,0.6106191591894305,0.10898855680700455,0.0,resolved,True,-0.003429166115229365,0.7730465776006418,0.0,0.0,403269.69043998397,24,1008606.7884196204,403269.69043998397,0.0,362900.61367657135,252974.01542096914,247705.2498620171,247705.2498620171,28,21,0.6106191591894305,0.10898855680700455,0.0,resolved,True,-0.003429166115229365,0.7730465776006418,0.0,0.0,403269.69043998397,24,-0.026544573288940443
2024-10-17,498,20,1006451.857513533,283284.73726781504,0.0,397385.8543957017,326982.45159297105,326381.8587214936,326381.8587214936,27,27,0.7197247444882705,0.06995208193729625,0.0,resolved,True,-0.0021365421399393014,0.688478942440478,0.0,0.0,283284.73726781504,27,1006451.857513533,283284.73726781504,0.0,397385.8543957017,326982.45159297105,326381.8587214936,326381.8587214936,27,27,0.7197247444882705,0.06995208193729625,0.0,resolved,True,-0.0021365421399393014,0.688478942440478,0.0,0.0,283284.73726781504,27,0.14530905724874735
2024-10-18,498,20,1008999.4086697882,335600.6585830004,0.0,373861.4805397911,301225.525850476,300381.3976987363,300381.3976987363,27,26,0.6690658097414213,0.07198810431918344,0.0,resolved,True,0.0025312200849318955,0.6153799412107238,0.0,0.0,335600.6585830004,38,1008999.4086697882,335600.6585830004,0.0,373861.4805397911,301225.525850476,300381.3976987363,300381.3976987363,27,26,0.6690658097414213,0.07198810431918344,0.0,resolved,True,0.0025312200849318955,0.6153799412107238,0.0,0.0,335600.6585830004,38,0.15804188190930246
2024-10-21,498,20,1012735.2515908359,474428.2837875922,0.0,289067.1503304195,247891.92499018903,248565.87123150655,248565.87123150655,25,22,0.5302067588514733,0.04065744257993501,0.0,resolved,True,0.003702522408782105,0.799651625328006,0.0,0.0,474428.2837875922,36,1012735.2515908359,474428.2837875922,0.0,289067.1503304195,247891.92499018903,248565.87123150655,248565.87123150655,25,22,0.5302067588514733,0.04065744257993501,0.0,resolved,True,0.003702522408782105,0.799651625328006,0.0,0.0,474428.2837875922,36,0.0679894185999112
2024-10-22,498,20,1013219.2896667074,409104.78341837064,0.0,306663.4269890307,295205.09055942646,296328.0849093662,296328.0849093662,25,25,0.5940160473518405,0.011308841577002907,0.0,resolved,True,0.0004779512464991864,0.8695032833823426,0.0,0.0,409104.78341837064,28,1013219.2896667074,409104.78341837064,0.0,306663.4269890307,295205.09055942646,296328.0849093662,296328.0849093662,25,25,0.5940160473518405,0.011308841577002907,0.0,resolved,True,0.0004779512464991864,0.8695032833823426,0.0,0.0,409104.78341837064,28,0.018116669862481113
2024-10-23,498,20,1015759.5490943486,318764.53326113475,0.0,360397.0898311675,330165.95817505114,333381.9420885487,333381.9420885487,29,24,0.6798489353330961,0.029762094467209708,0.0,resolved,True,0.002507117120200908,0.7136619522755107,0.0,0.0,318764.53326113475,36,1015759.5490943486,318764.53326113475,0.0,360397.0898311675,330165.95817505114,333381.9420885487,333381.9420885487,29,24,0.6798489353330961,0.029762094467209708,0.0,resolved,True,0.002507117120200908,0.7136619522755107,0.0,0.0,318764.53326113475,36,0.12989774085477612
2024-10-24,498,20,1014247.547570335,446112.8090022998,0.0,322320.62411154504,246390.85722737617,246102.4858419332,246102.4858419332,30,24,0.5607225599916797,0.07486315058494472,0.0,resolved,True,-0.0014885427612880697,0.7500756631290231,0.0,0.0,446112.8090022998,41,1014247.547570335,446112.8090022998,0.0,322320.62411154504,246390.85722737617,246102.4858419332,246102.4858419332,30,24,0.5607225599916797,0.07486315058494472,0.0,resolved,True,-0.0014885427612880697,0.7500756631290231,0.0,0.0,446112.8090022998,41,-0.02935742413695443
2024-10-25,498,20,1012776.05466098,395564.4497963248,0.0,341045.0080148463,274237.745536144,275202.17119297636,275202.17119297636,24,23,0.6075210316430241,0.06596449646616653,0.0,resolved,True,-0.0014508222503273327,0.829507201598902,0.0,0.0,395564.4497963248,25,1012776.05466098,395564.4497963248,0.0,341045.0080148463,274237.745536144,275202.17119297636,275202.17119297636,24,23,0.6075210316430241,0.06596449646616653,0.0,resolved,True,-0.0014508222503273327,0.829507201598902,0.0,0.0,395564.4497963248,25,0.09886234681661484
2024-10-28,498,20,1014909.2394110803,304937.7345120457,0.0,370338.0166338005,340518.01979486016,340075.7540300471,340075.7540300471,28,28,0.7004134052825728,0.029381934542485756,0.0,resolved,True,0.002106274867265112,0.6918828983764349,0.0,0.0,304937.7345120457,39,1014909.2394110803,304937.7345120457,0.0,370338.0166338005,340518.01979486016,340075.7540300471,340075.7540300471,28,28,0.7004134052825728,0.029381934542485756,0.0,resolved,True,0.002106274867265112,0.6918828983764349,0.0,0.0,304937.7345120457,39,0.03403152202927267
2024-10-29,498,20,1012731.3860032132,523426.2861040681,0.0,254848.9893663776,236289.65777870404,235372.8841557359,235372.8841557359,28,24,0.48496437844528634,0.018326016004025236,0.0,resolved,True,-0.0021458602634564228,0.8215461751715338,0.0,0.0,523426.28610406816,32,1012731.3860032132,523426.2861040681,0.0,254848.9893663776,236289.65777870404,235372.8841557359,235372.8841557359,28,24,0.48496437844528634,0.018326016004025236,0.0,resolved,True,-0.0021458602634564228,0.8215461751715338,0.0,0.0,523426.28610406816,32,0.1440030578739446
2024-10-30,498,20,1018012.8148921559,309618.9664316667,0.0,334514.24761947896,368408.97371304187,371144.28727702616,371144.28727702616,27,26,0.6904856314672086,-0.0332949896089015,0.0,resolved,True,0.005215034274573149,0.8206738810702608,0.0,0.0,309618.9664316667,30,1018012.8148921559,309618.9664316667,0.0,334514.24761947896,368408.97371304187,371144.28727702616,371144.28727702616,27,26,0.6904856314672086,-0.0332949896089015,0.0,resolved,True,0.005215034274573149,0.8206738810702608,0.0,0.0,309618.9664316667,30,0.06768657126636098
2024-10-31,498,20,1026918.5452167738,400526.0758835445,0.0,312240.49155923026,299055.11803142016,306603.5479027096,306603.5479027096,26,27,0.5952717598079905,0.012839746238127166,0.0,resolved,True,0.008748151491158929,0.6842653566889627,0.0,0.0,400526.0758835445,30,1026918.5452167738,400526.0758835445,0.0,312240.49155923026,299055.11803142016,306603.5479027096,306603.5479027096,26,27,0.5952717598079905,0.012839746238127166,0.0,resolved,True,0.008748151491158929,0.6842653566889627,0.0,0.0,400526.0758835445,30,0.092400695503012
2024-11-01,498,20,1024168.4199224187,346349.1264518115,0.0,334412.2371364414,338451.27724417875,340929.16678917233,340929.16678917233,25,27,0.6569852197078971,-0.003943726470342948,0.0,resolved,True,-0.002678036449107579,0.7202475730616122,0.0,0.0,346349.1264518115,31,1024168.4199224187,346349.1264518115,0.0,334412.2371364414,338451.27724417875,340929.16678917233,340929.16678917233,25,27,0.6569852197078971,-0.003943726470342948,0.0,resolved,True,-0.002678036449107579,0.7202475730616122,0.0,0.0,346349.1264518115,31,0.07090399539609289
2024-11-04,498,20,1021630.1373650361,370722.45793684525,0.0,347701.43201572297,303749.60327573924,303477.9253441035,303477.9253441035,24,25,0.6376583965814371,0.043021272701824584,0.0,resolved,True,-0.0024783839337428892,0.6957939736964401,0.0,0.0,370722.45793684525,30,1021630.1373650361,370722.45793684525,0.0,347701.43201572297,303749.60327573924,303477.9253441035,303477.9253441035,24,25,0.6376583965814371,0.043021272701824584,0.0,resolved,True,-0.0024783839337428892,0.6957939736964401,0.0,0.0,370722.45793684525,30,0.004897436691546904
2024-11-05,498,20,1025659.2848158648,362647.48589096207,0.0,362134.85396776634,313070.4119067079,306973.67843192216,306973.67843192216,22,21,0.658313414474372,0.0478369793823559,0.0,resolved,True,0.003943841614951316,0.7177381546831403,0.0,0.0,362647.48589096207,25,1025659.2848158648,362647.48589096207,0.0,362134.85396776634,313070.4119067079,306973.67843192216,306973.67843192216,22,21,0.658313414474372,0.0478369793823559,0.0,resolved,True,0.003943841614951316,0.7177381546831403,0.0,0.0,362647.48589096207,25,-0.11042498407226367
2024-11-06,498,20,1029563.014409622,385746.9153790644,0.0,292121.6454798857,374889.50319853256,363291.9783746023,363291.9783746023,23,25,0.6478584985503774,-0.08039125003544159,0.0,resolved,True,0.0038060685956331497,0.7386065451219873,0.0,0.0,385746.9153790644,30,1029563.014409622,385746.9153790644,0.0,292121.6454798857,374889.50319853256,363291.9783746023,363291.9783746023,23,25,0.6478584985503774,-0.08039125003544159,0.0,resolved,True,0.0038060685956331497,0.7386065451219873,0.0,0.0,385746.9153790644,30,-0.07300441935038997
2024-11-07,498,20,1029681.8983290391,394165.4254755445,0.0,277072.898536224,371853.611854722,365148.5930859963,365148.5930859963,24,26,0.630220373344447,-0.09204853797304542,0.0,resolved,True,0.00011547027015668121,0.7689500719218634,0.0,0.0,394165.4254755445,30,1029681.8983290391,394165.4254755445,0.0,277072.898536224,371853.611854722,365148.5930859963,365148.5930859963,24,26,0.630220373344447,-0.09204853797304542,0.0,resolved,True,0.00011547027015668121,0.7689500719218634,0.0,0.0,394165.4254755445,30,0.0239125094058579
2024-11-08,498,20,1029453.5611266119,360506.84986013715,0.0,311710.6626782906,373345.6888204618,365290.86870432296,365290.86870432296,25,25,0.665456293870159,-0.0598715944745668,0.0,resolved,True,-0.00022175509038058205,0.73413204510655,0.0,0.0,360506.84986013715,30,1029453.5611266119,360506.84986013715,0.0,311710.6626782906,373345.6888204618,365290.86870432296,365290.86870432296,25,25,0.665456293870159,-0.0598715944745668,0.0,resolved,True,-0.00022175509038058205,0.73413204510655,0.0,0.0,360506.84986013715,30,-0.1065308877478448
2024-11-11,498,20,1026552.4297049522,382626.49837645586,0.0,282554.05226589553,379069.27528636495,370220.5771744829,370220.5771744829,25,27,0.6445100205377935,-0.09401879556040743,0.0,resolved,True,-0.0028181275301867315,0.7242343147957166,0.0,0.0,382626.49837645586,25,1026552.4297049522,382626.49837645586,0.0,282554.05226589553,379069.27528636495,370220.5771744829,370220.5771744829,25,27,0.6445100205377935,-0.09401879556040743,0.0,resolved,True,-0.0028181275301867315,0.7242343147957166,0.0,0.0,382626.49837645586,25,-0.05385657294143454
2024-11-12,498,20,1027558.6817625051,322819.97057626944,0.0,303820.53139897145,406675.5102125358,403796.8449999,403796.8449999,26,29,0.6914408434492902,-0.10009645253266104,0.0,resolved,True,0.0009802247098495975,0.6912253087137379,0.0,0.0,322819.97057626944,25,1027558.6817625051,322819.97057626944,0.0,303820.53139897145,406675.5102125358,403796.8449999,403796.8449999,26,29,0.6914408434492902,-0.10009645253266104,0.0,resolved,True,0.0009802247098495975,0.6912253087137379,0.0,0.0,322819.97057626944,25,-0.029391274299508337
2024-11-13,498,20,1026603.6499590855,367873.8974009261,0.0,279378.35821552615,375218.13631498744,377284.7653288103,377284.7653288103,29,30,0.6376331260429495,-0.09335616340666712,0.0,resolved,True,-0.0009294182613313051,0.6787217180135767,0.0,0.0,367873.8974009261,39,1026603.6499590855,367873.8974009261,0.0,279378.35821552615,375218.13631498744,377284.7653288103,377284.7653288103,29,30,0.6376331260429495,-0.09335616340666712,0.0,resolved,True,-0.0009294182613313051,0.6787217180135767,0.0,0.0,367873.8974009261,39,0.07529926150939399
2024-11-14,498,20,1026396.9540703757,463727.6588521593,0.0,299319.3958820456,260648.3079582978,261999.10364723427,261999.10364723427,29,20,0.5455664123121987,0.03767654197568507,0.0,resolved,True,-0.00020133952252954224,0.8023915695405701,0.0,0.0,463727.6588521593,26,1026396.9540703757,463727.6588521593,0.0,299319.3958820456,260648.3079582978,261999.10364723427,261999.10364723427,29,20,0.5455664123121987,0.03767654197568507,0.0,resolved,True,-0.00020133952252954224,0.8023915695405701,0.0,0.0,463727.6588521593,26,-0.10531560989707121
2024-11-15,498,20,1023574.5257394107,328363.7382517085,0.0,403915.4843417432,298935.52345529175,295115.41330062534,295115.41330062534,28,23,0.6866632473969678,0.10256210783539768,0.0,resolved,True,-0.002749840906846157,0.7642689155910962,0.0,0.0,328363.7382517085,30,1023574.5257394107,328363.7382517085,0.0,403915.4843417432,298935.52345529175,295115.41330062534,295115.41330062534,28,23,0.6866632473969678,0.10256210783539768,0.0,resolved,True,-0.002749840906846157,0.7642689155910962,0.0,0.0,328363.7382517085,30,-0.12752282765400944
2024-11-18,498,20,1021132.3550790104,393420.5751155572,0.0,397352.4573352898,232330.02520663108,231344.6739173972,231344.6739173972,28,23,0.6166511906218063,0.16160728950351405,0.0,resolved,True,-0.002385923642087673,0.7184039707047587,0.0,0.0,393420.5751155572,28,1021132.3550790104,393420.5751155572,0.0,397352.4573352898,232330.02520663108,231344.6739173972,231344.6739173972,28,23,0.6166511906218063,0.16160728950351405,0.0,resolved,True,-0.002385923642087673,0.7184039707047587,0.0,0.0,393420.5751155572,28,-0.06658852596772147
2024-11-19,498,20,1022403.6991746784,312773.45925578405,0.0,418314.6019470953,296241.38524224266,293778.5116070209,293778.5116070209,26,26,0.6988980847449531,0.11939825413718143,0.0,resolved,True,0.001245033603474166,0.6911743945573128,0.0,0.0,312773.45925578405,32,1022403.6991746784,312773.45925578405,0.0,418314.6019470953,296241.38524224266,293778.5116070209,293778.5116070209,26,26,0.6988980847449531,0.11939825413718143,0.0,resolved,True,0.001245033603474166,0.6911743945573128,0.0,0.0,312773.45925578405,32,0.05016175003876462
2024-11-20,498,20,1021968.477409,459936.598171185,0.0,278868.21822980087,288739.99161269766,285951.8263103559,285951.8263103559,24,23,0.5554067687895398,-0.00965956739480334,0.0,resolved,True,-0.00042568485034799597,0.7566621713861503,0.0,0.0,459936.598171185,35,1021968.477409,459936.598171185,0.0,278868.21822980087,288739.99161269766,285951.8263103559,285951.8263103559,24,23,0.5554067687895398,-0.00965956739480334,0.0,resolved,True,-0.00042568485034799597,0.7566621713861503,0.0,0.0,459936.598171185,35,-0.010895324156443816
2024-11-21,498,20,1021311.1024367086,430690.54291664116,0.0,289949.8367355498,308078.6436377476,304374.6832111326,304374.6832111326,23,23,0.5855497692588313,-0.017750523673878582,0.0,resolved,True,-0.0006432438835668464,0.8812423651375699,0.0,0.0,430690.5429166411,29,1021311.1024367086,430690.54291664116,0.0,289949.8367355498,308078.6436377476,304374.6832111326,304374.6832111326,23,23,0.5855497692588313,-0.017750523673878582,0.0,resolved,True,-0.0006432438835668464,0.8812423651375699,0.0,0.0,430690.5429166411,29,0.03760356856416323
2024-11-22,498,20,1021651.6523741654,343969.7805970716,0.0,348373.57510372245,332979.4590403188,331143.8778568451,331143.8778568451,25,23,0.6669132600732146,0.015067871742418313,0.0,resolved,True,0.0003334438807569562,0.7673632309369698,0.0,0.0,343969.7805970716,35,1021651.6523741654,343969.7805970716,0.0,348373.57510372245,332979.4590403188,331143.8778568451,331143.8778568451,25,23,0.6669132600732146,0.015067871742418313,0.0,resolved,True,0.0003334438807569562,0.7673632309369698,0.0,0.0,343969.7805970716,35,-0.16434862667850828
2024-11-25,498,20,1024947.0739199005,463102.322854829,0.0,308646.9365304796,256751.13341876652,254974.47397667918,254974.47397667918,25,23,0.551636356974889,0.050632666244158395,0.0,resolved,True,0.0032255823578193343,0.7898075378431776,0.0,0.0,463102.322854829,30,1024947.0739199005,463102.322854829,0.0,308646.9365304796,256751.13341876652,254974.47397667918,254974.47397667918,25,23,0.551636356974889,0.050632666244158395,0.0,resolved,True,0.0032255823578193343,0.7898075378431776,0.0,0.0,463102.322854829,30,0.2947603429573919
2024-11-26,498,20,1026361.1342611923,390909.72113221115,0.0,324797.53744160547,311570.8865521141,311112.3811197449,311112.3811197449,24,25,0.6200238909590023,0.012886936622958096,0.0,resolved,True,0.0013796423027814253,0.8338300495090039,0.0,0.0,390909.72113221115,36,1026361.1342611923,390909.72113221115,0.0,324797.53744160547,311570.8865521141,311112.3811197449,311112.3811197449,24,25,0.6200238909590023,0.012886936622958096,0.0,resolved,True,0.0013796423027814253,0.8338300495090039,0.0,0.0,390909.72113221115,36,0.09678834232714532
2024-11-27,498,20,1024544.6683661679,470965.72527253814,0.0,259874.36889299547,293687.9379904741,293696.2560955542,293696.2560955542,22,22,0.5403008028593135,-0.03300350891621039,0.0,resolved,True,-0.001769811652437392,0.8402716824969537,0.0,0.0,470965.72527253814,27,1024544.6683661679,470965.72527253814,0.0,259874.36889299547,293687.9379904741,293696.2560955542,293696.2560955542,22,22,0.5403008028593135,-0.03300350891621039,0.0,resolved,True,-0.001769811652437392,0.8402716824969537,0.0,0.0,470965.72527253814,27,0.25401954839590624
2024-11-29,498,20,1026678.9482014021,320764.865268133,0.0,325103.7954978775,379493.3960335916,380151.84173449164,380151.84173449164,22,23,0.6862877560369041,-0.052976249908500646,0.0,resolved,True,0.0020831496186863863,0.7734141976667956,0.0,0.0,320764.865268133,31,1026678.9482014021,320764.865268133,0.0,325103.7954978775,379493.3960335916,380151.84173449164,380151.84173449164,22,23,0.6862877560369041,-0.052976249908500646,0.0,resolved,True,0.0020831496186863863,0.7734141976667956,0.0,0.0,320764.865268133,31,-0.23914740428189707
2024-12-02,498,20,1018657.3298399505,470043.11859729385,0.0,252247.05617248165,311380.8935285144,303874.0242993448,303874.0242993448,25,23,0.5533047602863194,-0.05805076508439179,0.0,resolved,True,-0.007813171172452948,0.769758904373178,0.0,0.0,470043.11859729385,23,1018657.3298399505,470043.11859729385,0.0,252247.05617248165,311380.8935285144,303874.0242993448,303874.0242993448,25,23,0.5533047602863194,-0.05805076508439179,0.0,resolved,True,-0.007813171172452948,0.769758904373178,0.0,0.0,470043.11859729385,23,0.009365074630375137
2024-12-03,498,20,1019440.6926435904,264558.96587342705,0.0,345236.35448269604,409295.89878117654,409470.63553432195,409470.63553432195,27,29,0.7401433538102513,-0.06283793138800722,0.0,resolved,True,0.0007690150364527693,0.7323737970564664,0.0,0.0,264558.96587342705,35,1019440.6926435904,264558.96587342705,0.0,345236.35448269604,409295.89878117654,409470.63553432195,409470.63553432195,27,29,0.7401433538102513,-0.06283793138800722,0.0,resolved,True,0.0007690150364527693,0.7323737970564664,0.0,0.0,264558.96587342705,35,-0.21307314141258454
2024-12-04,498,20,1017900.5900671752,462031.53897996957,0.0,231378.62982479695,329387.2914770209,326938.85636971483,326938.85636971483,24,28,0.5509044073398275,-0.09628510152033212,0.0,resolved,True,-0.0015107328827745903,0.7131023725504182,0.0,0.0,462031.53897996957,28,1017900.5900671752,462031.53897996957,0.0,231378.62982479695,329387.2914770209,326938.85636971483,326938.85636971483,24,28,0.5509044073398275,-0.09628510152033212,0.0,resolved,True,-0.0015107328827745903,0.7131023725504182,0.0,0.0,462031.53897996957,28,0.07103205452015597
2024-12-05,498,20,1021234.4910719593,301269.5204440169,0.0,307156.26074541616,412059.82965758577,412434.26977005607,412434.26977005607,27,28,0.7042614567865432,-0.1027223128765025,0.0,resolved,True,0.0032752717085702265,0.7477149985233019,0.0,0.0,301269.5204440169,32,1021234.4910719593,301269.5204440169,0.0,307156.26074541616,412059.82965758577,412434.26977005607,412434.26977005607,27,28,0.7042614567865432,-0.1027223128765025,0.0,resolved,True,0.0032752717085702265,0.7477149985233019,0.0,0.0,301269.5204440169,32,-0.0028521341696695025
2024-12-06,498,20,1013212.4245810895,400530.4821040116,0.0,293042.5521464606,326991.68987406924,323315.5401023433,323315.5401023433,26,26,0.6119489131579507,-0.03350643646286198,0.0,resolved,True,-0.007855263958475578,0.6991307366370899,0.0,0.0,400530.4821040116,36,1013212.4245810895,400530.4821040116,0.0,293042.5521464606,326991.68987406924,323315.5401023433,323315.5401023433,26,26,0.6119489131579507,-0.03350643646286198,0.0,resolved,True,-0.007855263958475578,0.6991307366370899,0.0,0.0,400530.4821040116,36,0.02344152556904109
2024-12-09,498,20,1014369.4945822333,396099.6499670334,0.0,294678.1805182925,325126.44552117476,324359.0548090411,324359.0548090411,24,22,0.6110245126158225,-0.030016936792270514,0.0,resolved,True,0.0011419816546585082,0.7862498362774094,0.0,0.0,396099.6499670334,31,1014369.4945822333,396099.6499670334,0.0,294678.1805182925,325126.44552117476,324359.0548090411,324359.0548090411,24,22,0.6110245126158225,-0.030016936792270514,0.0,resolved,True,0.0011419816546585082,0.7862498362774094,0.0,0.0,396099.6499670334,31,0.048107244773719894
2024-12-10,498,20,1012213.08370096,431701.3087007117,0.0,302535.58536671085,278087.76203203347,278031.9758327854,278031.9758327854,25,23,0.5736177063388749,0.024152842645827767,0.0,resolved,True,-0.002125863300099895,0.8122870179725994,0.0,0.0,431701.3087007117,25,1012213.08370096,431701.3087007117,0.0,302535.58536671085,278087.76203203347,278031.9758327854,278031.9758327854,25,23,0.5736177063388749,0.024152842645827767,0.0,resolved,True,-0.002125863300099895,0.8122870179725994,0.0,0.0,431701.3087007117,25,0.12624336075517645
2024-12-11,498,20,1016062.3663875008,277057.6551129789,0.0,404611.5803634302,335827.7846610175,335110.4577860546,335110.4577860546,26,25,0.7287341697901865,0.06769643082733792,0.0,resolved,True,0.0038028383040322744,0.69884370304032,0.0,0.0,277057.6551129789,38,1016062.3663875008,277057.6551129789,0.0,404611.5803634302,335827.7846610175,335110.4577860546,335110.4577860546,26,25,0.7287341697901865,0.06769643082733792,0.0,resolved,True,0.0038028383040322744,0.69884370304032,0.0,0.0,277057.6551129789,38,0.03823489189664288
2024-12-12,498,20,1015433.8869662426,536885.596664727,0.0,244073.23259955173,233288.02045296726,233881.53907746557,233881.53907746557,22,26,0.4701056948953177,0.010621284443054062,0.0,resolved,True,-0.0006185441386759027,0.8037884454995394,0.0,0.0,536885.596664727,32,1015433.8869662426,536885.596664727,0.0,244073.23259955173,233288.02045296726,233881.53907746557,233881.53907746557,22,26,0.4701056948953177,0.010621284443054062,0.0,resolved,True,-0.0006185441386759027,0.8037884454995394,0.0,0.0,536885.596664727,32,0.13815191497433466
2024-12-13,498,20,1018383.8967184704,273503.6986801718,0.0,444239.3029099405,299388.4152383514,300014.65518335474,300014.65518335474,29,22,0.7302037282251584,0.14223603509279836,0.0,resolved,True,0.002905171661191419,0.7961004251063782,0.0,0.0,273503.6986801718,30,1018383.8967184704,273503.6986801718,0.0,444239.3029099405,299388.4152383514,300014.65518335474,300014.65518335474,29,22,0.7302037282251584,0.14223603509279836,0.0,resolved,True,0.002905171661191419,0.7961004251063782,0.0,0.0,273503.6986801718,30,-0.03966177309003371
2024-12-16,498,20,1016050.370146005,462491.60128838173,0.0,327680.15705547447,231137.31699053803,228507.96439634345,228507.96439634345,31,25,0.5499899320598753,0.09501776969094886,0.0,resolved,True,-0.0022914016806282467,0.7209235516661707,0.0,0.0,462491.60128838173,31,1016050.370146005,462491.60128838173,0.0,327680.15705547447,231137.31699053803,228507.96439634345,228507.96439634345,31,25,0.5499899320598753,0.09501776969094886,0.0,resolved,True,-0.0022914016806282467,0.7209235516661707,0.0,0.0,462491.60128838173,31,0.2255301941971261
2024-12-17,498,20,1015508.4848177116,304060.13301187614,0.0,340182.81669592886,371476.7708986119,371371.15300425934,371371.15300425934,26,28,0.7007913751919925,-0.03081604405137045,0.0,resolved,True,-0.0005333252604547978,0.7537254474736031,0.0,0.0,304060.13301187614,36,1015508.4848177116,304060.13301187614,0.0,340182.81669592886,371476.7708986119,371371.15300425934,371371.15300425934,26,28,0.7007913751919925,-0.03081604405137045,0.0,resolved,True,-0.0005333252604547978,0.7537254474736031,0.0,0.0,304060.13301187614,36,-0.16069813995315943
2024-12-18,498,20,1019216.4484662041,448974.11761608976,0.0,300369.27186158276,254657.2718007704,262265.16539465095,262265.16539465095,26,26,0.5445619961271231,0.04485013966327106,0.0,resolved,True,0.0036513369449178157,0.732612841326907,0.0,0.0,448974.11761608976,25,1019216.4484662041,448974.11761608976,0.0,300369.27186158276,254657.2718007704,262265.16539465095,262265.16539465095,26,26,0.5445619961271231,0.04485013966327106,0.0,resolved,True,0.0036513369449178157,0.732612841326907,0.0,0.0,448974.11761608976,25,-0.035392089113835325
2024-12-19,498,20,1022077.9348378857,287701.2469292178,0.0,415515.1362866913,308783.0186501805,313822.2851360785,313822.2851360785,30,23,0.7086525696807596,0.1044265940967015,0.0,resolved,True,0.002807535510232162,0.7103064785284897,0.0,0.0,287701.2469292178,35,1022077.9348378857,287701.2469292178,0.0,415515.1362866913,308783.0186501805,313822.2851360785,313822.2851360785,30,23,0.7086525696807596,0.1044265940967015,0.0,resolved,True,0.002807535510232162,0.7103064785284897,0.0,0.0,287701.2469292178,35,-0.009068781838068694
2024-12-20,498,20,1025279.35422286,509045.29454914917,0.0,291615.99409607716,227329.4824046281,225973.77399113085,225973.77399113085,30,25,0.5061503231907512,0.06270145929172335,0.0,resolved,True,0.003132265432852721,0.775214115524547,0.0,0.0,509045.29454914917,41,1025279.35422286,509045.29454914917,0.0,291615.99409607716,227329.4824046281,225973.77399113085,225973.77399113085,30,25,0.5061503231907512,0.06270145929172335,0.0,resolved,True,0.003132265432852721,0.775214115524547,0.0,0.0,509045.29454914917,41,-0.08164881016361275
2024-12-23,498,20,1024451.6772664175,403605.8213467004,0.0,335407.1266585472,289210.4582081668,287324.5937346683,287324.5937346683,27,24,0.6097091729435246,0.04509404345322433,0.0,resolved,True,-0.0008072696997490914,0.8906215969369647,0.0,0.0,403605.8213467004,34,1024451.6772664175,403605.8213467004,0.0,335407.1266585472,289210.4582081668,287324.5937346683,287324.5937346683,27,24,0.6097091729435246,0.04509404345322433,0.0,resolved,True,-0.0008072696997490914,0.8906215969369647,0.0,0.0,403605.8213467004,34,-0.06919169974378862
2024-12-24,498,20,1025436.090504777,409626.590763908,0.0,322174.80521069426,299518.4834085357,296576.5889693553,296576.5889693553,26,26,0.6062720966971211,0.022094328463713266,0.0,resolved,True,0.0009609172010789369,0.7961304964303662,0.0,0.0,409626.590763908,30,1025436.090504777,409626.590763908,0.0,322174.80521069426,299518.4834085357,296576.5889693553,296576.5889693553,26,26,0.6062720966971211,0.022094328463713266,0.0,resolved,True,0.0009609172010789369,0.7961304964303662,0.0,0.0,409626.590763908,30,-0.021159977899595346
2024-12-26,498,20,1026185.8124847533,348214.04247531865,0.0,366048.2639930979,315321.91640128853,313622.7112088127,313622.7112088127,29,27,0.6639832397843738,0.049431932282305864,0.0,resolved,True,0.0007311250178518858,0.7411988606984832,0.0,0.0,348214.04247531865,36,1026185.8124847533,348214.04247531865,0.0,366048.2639930979,315321.91640128853,313622.7112088127,313622.7112088127,29,27,0.6639832397843738,0.049431932282305864,0.0,resolved,True,0.0007311250178518858,0.7411988606984832,0.0,0.0,348214.04247531865,36,0.1361161069110681
2024-12-27,498,20,1026468.5807668678,440102.00529584615,0.0,266012.6320942257,318666.5324099393,319510.23789336765,319510.23789336765,23,27,0.5696025922852457,-0.0512961636647234,0.0,resolved,True,0.00027555271050760943,0.7660502895492646,0.0,0.0,440102.00529584615,30,1026468.5807668678,440102.00529584615,0.0,266012.6320942257,318666.5324099393,319510.23789336765,319510.23789336765,23,27,0.5696025922852457,-0.0512961636647234,0.0,resolved,True,0.00027555271050760943,0.7660502895492646,0.0,0.0,440102.00529584615,30,-0.1389986385686818
2024-12-30,498,20,1027935.1426177928,334767.19003688614,0.0,370628.6223554121,321061.8696186345,321800.5999220645,321800.5999220645,27,23,0.6728931265182275,0.04821972776468011,0.0,resolved,True,0.001428744998535958,0.7467366955504505,0.0,0.0,334767.19003688614,26,1027935.1426177928,334767.19003688614,0.0,370628.6223554121,321061.8696186345,321800.5999220645,321800.5999220645,27,23,0.6728931265182275,0.04821972776468011,0.0,resolved,True,0.001428744998535958,0.7467366955504505,0.0,0.0,334767.19003688614,26,0.0530899124563867
2024-12-31,498,20,1025287.8968249104,356529.2095550152,0.0,386834.57375130255,282662.8416957621,282293.47760717745,282293.47760717745,30,23,0.6529848031175925,0.10160242052806555,0.0,resolved,True,-0.0025753042999783204,0.6718742714065168,0.0,0.0,356529.2095550152,24,1025287.8968249104,356529.2095550152,0.0,386834.57375130255,282662.8416957621,282293.47760717745,282293.47760717745,30,23,0.6529848031175925,0.10160242052806555,0.0,resolved,True,-0.0025753042999783204,0.6718742714065168,0.0,0.0,356529.2095550152,24,0.09611407569222986
2025-01-02,498,20,1027097.4824945608,279315.3484723782,0.0,437287.0384014944,310268.73532848456,310381.9154745864,310381.9154745864,29,25,0.7278333230010013,0.12366723240769162,0.0,resolved,True,0.0017649537025201667,0.6226334628761631,0.0,0.0,279315.3484723782,35,1027097.4824945608,279315.3484723782,0.0,437287.0384014944,310268.73532848456,310381.9154745864,310381.9154745864,29,25,0.7278333230010013,0.12366723240769162,0.0,resolved,True,0.0017649537025201667,0.6226334628761631,0.0,0.0,279315.3484723782,35,-0.08703157095406848
2025-01-03,498,20,1031457.2143286321,461067.29790800146,0.0,325934.9724748055,252782.8059300197,248618.8749379224,248618.8749379224,26,26,0.5610681377428809,0.07092118366964933,0.0,resolved,True,0.0042447108559575675,0.7228953355258894,0.0,0.0,461067.29790800146,25,1031457.2143286321,461067.29790800146,0.0,325934.9724748055,252782.8059300197,248618.8749379224,248618.8749379224,26,26,0.5610681377428809,0.07092118366964933,0.0,resolved,True,0.0042447108559575675,0.7228953355258894,0.0,0.0,461067.29790800146,25,-0.22374862248759658
2025-01-06,498,20,1028605.8873157396,287066.8853775539,0.0,389425.7325508202,359638.6449868723,355875.9571871189,355875.9571871189,26,27,0.7282326367900329,0.028958698303468373,0.0,resolved,True,-0.0027643677054974836,0.7313743138205974,0.0,0.0,287066.8853775539,29,1028605.8873157396,287066.8853775539,0.0,389425.7325508202,359638.6449868723,355875.9571871189,355875.9571871189,26,27,0.7282326367900329,0.028958698303468373,0.0,resolved,True,-0.0027643677054974836,0.7313743138205974,0.0,0.0,287066.8853775539,29,0.017483740328962882
2025-01-07,498,20,1029993.2350646013,403991.69852491614,0.0,293316.84343095246,328782.94297895435,330733.81804384355,330733.81804384355,26,22,0.6039843420630706,-0.03443333251191446,0.0,resolved,True,0.0013487651256616218,0.6751207841824902,0.0,0.0,403991.69852491614,29,1029993.2350646013,403991.69852491614,0.0,293316.84343095246,328782.94297895435,330733.81804384355,330733.81804384355,26,22,0.6039843420630706,-0.03443333251191446,0.0,resolved,True,0.0013487651256616218,0.6751207841824902,0.0,0.0,403991.69852491614,29,-0.028020815950493716
2025-01-08,498,20,1033907.40268509,411837.1083385891,0.0,353048.2441453702,266808.86688259296,267915.45854186174,267915.45854186174,30,22,0.5995286516163584,0.08341112273576035,0.0,resolved,True,0.0038001876975855,0.7845952160621323,0.0,0.0,411837.1083385891,29,1033907.40268509,411837.1083385891,0.0,353048.2441453702,266808.86688259296,267915.45854186174,267915.45854186174,30,22,0.5995286516163584,0.08341112273576035,0.0,resolved,True,0.0038001876975855,0.7845952160621323,0.0,0.0,411837.1083385891,29,-0.04724223080674723
2025-01-10,498,20,1020580.3123342898,297763.89695191075,0.0,378363.4567398882,358546.76155598945,351499.86009924026,351499.86009924026,29,21,0.7220501996657207,0.01941708549969343,0.0,resolved,True,-0.01289002314538934,0.6862431906561108,0.0,0.0,297763.89695191075,23,1020580.3123342898,297763.89695191075,0.0,378363.4567398882,358546.76155598945,351499.86009924026,351499.86009924026,29,21,0.7220501996657207,0.01941708549969343,0.0,resolved,True,-0.01289002314538934,0.6862431906561108,0.0,0.0,297763.89695191075,23,0.06617302991923195
2025-01-13,498,20,1023471.6585816487,270565.31351152604,0.0,363316.2835767,389224.6887216931,389407.37510755786,389407.37510755786,25,28,0.7352826685413861,-0.025314237993553805,0.0,resolved,True,0.002833041371085976,0.5642012742868335,0.0,0.0,270565.31351152604,36,1023471.6585816487,270565.31351152604,0.0,363316.2835767,389224.6887216931,389407.37510755786,389407.37510755786,25,28,0.7352826685413861,-0.025314237993553805,0.0,resolved,True,0.002833041371085976,0.5642012742868335,0.0,0.0,270565.31351152604,36,-0.05220641253058635
2025-01-14,498,20,1022482.0219010412,451456.0279365916,0.0,346939.60715705605,228406.02712404044,226246.20696571693,226246.20696571693,24,21,0.5626951104835956,0.11592729993690552,0.0,resolved,True,-0.0009669409722385947,0.7068597518306795,0.0,0.0,451456.02793659153,32,1022482.0219010412,451456.0279365916,0.0,346939.60715705605,228406.02712404044,226246.20696571693,226246.20696571693,24,21,0.5626951104835956,0.11592729993690552,0.0,resolved,True,-0.0009669409722385947,0.7068597518306795,0.0,0.0,451456.02793659153,32,-0.17292764094297378
2025-01-15,498,20,1022015.2823556854,288440.0143537228,0.0,390198.64100465266,356287.9005650518,349832.26378118084,349832.26378118084,23,22,0.7304064376112818,0.03318026748233995,0.0,resolved,True,-0.00045647701901696536,0.7256444443645429,0.0,0.0,288440.0143537228,21,1022015.2823556854,288440.0143537228,0.0,390198.64100465266,356287.9005650518,349832.26378118084,349832.26378118084,23,22,0.7304064376112818,0.03318026748233995,0.0,resolved,True,-0.00045647701901696536,0.7256444443645429,0.0,0.0,288440.0143537228,21,0.13571178727026514
2025-01-16,498,20,1022961.6943613624,351290.04047988285,0.0,331333.4896594705,356031.3394543436,348184.75183817634,348184.75183817634,26,23,0.671936039152412,-0.024143474707811054,0.0,resolved,True,0.0009260252972886907,0.6313210200612402,0.0,0.0,351290.04047988285,32,1022961.6943613624,351290.04047988285,0.0,331333.4896594705,356031.3394543436,348184.75183817634,348184.75183817634,26,23,0.671936039152412,-0.024143474707811054,0.0,resolved,True,0.0009260252972886907,0.6313210200612402,0.0,0.0,351290.04047988285,32,0.1653412138277717
2025-01-17,498,20,1022897.0984191985,369093.32808649924,0.0,252661.21560123627,420156.5773397362,410649.5660355996,410649.5660355996,23,25,0.657757064694734,-0.16374605226405467,0.0,resolved,True,-6.314600294410333e-05,0.7056791239953091,0.0,0.0,369093.32808649924,29,1022897.0984191985,369093.32808649924,0.0,252661.21560123627,420156.5773397362,410649.5660355996,410649.5660355996,23,25,0.657757064694734,-0.16374605226405467,0.0,resolved,True,-6.314600294410333e-05,0.7056791239953091,0.0,0.0,369093.32808649924,29,-0.003131424057574189
2025-01-21,498,20,1022591.5478639845,396098.5395510193,0.0,240926.13933521794,401607.6972463315,393587.2831120393,393587.2831120393,24,28,0.6283386929255288,-0.15713170937775625,0.0,resolved,True,-0.00029871094139011234,0.759321815810353,0.0,0.0,396098.5395510193,33,1022591.5478639845,396098.5395510193,0.0,240926.13933521794,401607.6972463315,393587.2831120393,393587.2831120393,24,28,0.6283386929255288,-0.15713170937775625,0.0,resolved,True,-0.00029871094139011234,0.759321815810353,0.0,0.0,396098.5395510193,33,-0.19218988467465575
2025-01-22,498,20,1023123.4719194089,444957.2370984214,0.0,269742.7322057281,311468.8400195023,309946.17131738085,309946.17131738085,26,26,0.5680756899603339,-0.040783061828788686,0.0,resolved,True,0.0005201725523114042,0.8312221886931832,0.0,0.0,444957.2370984214,30,1023123.4719194089,444957.2370984214,0.0,269742.7322057281,311468.8400195023,309946.17131738085,309946.17131738085,26,26,0.5680756899603339,-0.040783061828788686,0.0,resolved,True,0.0005201725523114042,0.8312221886931832,0.0,0.0,444957.2370984214,30,-0.05235350948742017
2025-01-23,498,20,1022211.05989042,334958.15287049825,0.0,281929.7483306414,410594.0019625323,407958.5803259063,407958.5803259063,24,29,0.6774762839754557,-0.1258685790835442,0.0,resolved,True,-0.0008917907310612705,0.7630610220120138,0.0,0.0,334958.15287049825,28,1022211.05989042,334958.15287049825,0.0,281929.7483306414,410594.0019625323,407958.5803259063,407958.5803259063,24,29,0.6774762839754557,-0.1258685790835442,0.0,resolved,True,-0.0008917907310612705,0.7630610220120138,0.0,0.0,334958.15287049825,28,0.20402536059422222
2025-01-24,498,20,1027069.7322828077,338957.26548749127,0.0,306452.54769142077,377104.1450037557,379382.0320538256,379382.0320538256,26,27,0.6655406845413262,-0.06878948438613,0.0,resolved,True,0.004753100981815361,0.6588552600713018,0.0,0.0,338957.26548749127,29,1027069.7322828077,338957.26548749127,0.0,306452.54769142077,377104.1450037557,379382.0320538256,379382.0320538256,26,27,0.6655406845413262,-0.06878948438613,0.0,resolved,True,0.004753100981815361,0.6588552600713018,0.0,0.0,338957.26548749127,29,-0.07531515316028792
2025-01-27,498,20,1046723.4815268144,351866.40474667936,0.0,345491.9696283533,311333.91552226566,330349.51133702375,330349.51133702375,28,27,0.6275065924694198,0.032633312148746915,0.0,resolved,True,0.019135749624636933,0.6504097139229387,0.0,0.0,351866.40474667936,36,1046723.4815268144,351866.40474667936,0.0,345491.9696283533,311333.91552226566,330349.51133702375,330349.51133702375,28,27,0.6275065924694198,0.032633312148746915,0.0,resolved,True,0.019135749624636933,0.6504097139229387,0.0,0.0,351866.40474667936,36,0.3455005017585284
2025-01-28,498,20,1049657.2197643816,442761.72040548513,0.0,372219.2929422373,235225.37435809296,234950.7903873761,234950.7903873761,30,24,0.5787076541394003,0.1305130055837615,0.0,resolved,True,0.0028027824820437974,0.7245597918374576,0.0,0.0,442761.72040548513,44,1049657.2197643816,442761.72040548513,0.0,372219.2929422373,235225.37435809296,234950.7903873761,234950.7903873761,30,24,0.5787076541394003,0.1305130055837615,0.0,resolved,True,0.0028027824820437974,0.7245597918374576,0.0,0.0,442761.72040548513,44,-0.07866554214787705
2025-01-29,498,20,1054091.7285202786,495740.1127567001,0.0,292370.413854452,263456.2057571097,264718.7038331181,264718.7038331181,24,22,0.5273038432735114,0.027430447763717645,0.0,resolved,True,0.0042247208635333156,0.8935104265517423,0.0,0.0,495740.11275670014,29,1054091.7285202786,495740.1127567001,0.0,292370.413854452,263456.2057571097,264718.7038331181,264718.7038331181,24,22,0.5273038432735114,0.027430447763717645,0.0,resolved,True,0.0042247208635333156,0.8935104265517423,0.0,0.0,495740.11275670014,29,0.021992029286699976
2025-01-30,498,20,1058296.9610441965,358884.65389802936,0.0,345568.167033427,358732.0670637622,356288.1035882512,356288.1035882512,24,26,0.6655034078547036,-0.012438758226563108,0.0,resolved,True,0.003989436981752137,0.8087913373649522,0.0,0.0,358884.65389802936,29,1058296.9610441965,358884.65389802936,0.0,345568.167033427,358732.0670637622,356288.1035882512,356288.1035882512,24,26,0.6655034078547036,-0.012438758226563108,0.0,resolved,True,0.003989436981752137,0.8087913373649522,0.0,0.0,358884.65389802936,29,0.04568858367163905
2025-01-31,498,20,1063746.1316046317,384303.51802744134,0.0,292029.9692896839,375061.74158297415,381237.19293524016,381237.19293524016,27,24,0.6271155222594028,-0.07805600399038735,0.0,resolved,True,0.005148999535119714,0.7041559330126258,0.0,0.0,384303.51802744134,32,1063746.1316046317,384303.51802744134,0.0,292029.9692896839,375061.74158297415,381237.19293524016,381237.19293524016,27,24,0.6271155222594028,-0.07805600399038735,0.0,resolved,True,0.005148999535119714,0.7041559330126258,0.0,0.0,384303.51802744134,32,-0.11406788044513301
2025-02-03,498,20,1066619.5059711416,468042.97292160837,0.0,322782.87596993323,269592.20926072507,272692.93317016267,272692.93317016267,29,24,0.5553761973360025,0.04986845488146106,0.0,resolved,True,0.0027011843156370396,0.7880943254584668,0.0,0.0,468042.97292160837,34,1066619.5059711416,468042.97292160837,0.0,322782.87596993323,269592.20926072507,272692.93317016267,272692.93317016267,29,24,0.5553761973360025,0.04986845488146106,0.0,resolved,True,0.0027011843156370396,0.7880943254584668,0.0,0.0,468042.97292160837,34,0.0677621646548414
2025-02-04,498,20,1064580.5097520775,400306.3097457241,0.0,374098.87048758083,293158.69881106826,291667.0141649203,291667.0141649203,29,24,0.6267798096867675,0.07603010851228353,0.0,resolved,True,-0.001911643475156266,0.8083823686723165,0.0,0.0,400306.3097457241,34,1064580.5097520775,400306.3097457241,0.0,374098.87048758083,293158.69881106826,291667.0141649203,291667.0141649203,29,24,0.6267798096867675,0.07603010851228353,0.0,resolved,True,-0.001911643475156266,0.8083823686723165,0.0,0.0,400306.3097457241,34,-0.07053889941288044
2025-02-05,498,20,1062513.3425999759,408233.9447078791,0.0,347749.45939301996,315236.9394733264,310883.43898620154,310883.43898620154,30,24,0.623979363161704,0.030599634485657633,0.0,resolved,True,-0.001941766858556404,0.7633014795917606,0.0,0.0,408233.9447078791,30,1062513.3425999759,408233.9447078791,0.0,347749.45939301996,315236.9394733264,310883.43898620154,310883.43898620154,30,24,0.623979363161704,0.030599634485657633,0.0,resolved,True,-0.001941766858556404,0.7633014795917606,0.0,0.0,408233.9447078791,30,-0.04304615927078821
2025-02-06,498,20,1066711.2384029566,362165.8888183411,0.0,295766.1970667333,414294.84897194954,411537.00074491586,411537.00074491586,26,23,0.6656544156240087,-0.11111596806899048,0.0,resolved,True,0.0039509111412272535,0.72498942124132,0.0,0.0,362165.8888183411,30,1066711.2384029566,362165.8888183411,0.0,295766.1970667333,414294.84897194954,411537.00074491586,411537.00074491586,26,23,0.6656544156240087,-0.11111596806899048,0.0,resolved,True,0.0039509111412272535,0.72498942124132,0.0,0.0,362165.8888183411,30,0.02693657735546384
2025-02-07,498,20,1068156.3184922002,453295.86940768326,0.0,270457.51020431524,343765.7452924607,344084.3420863313,344084.3420863313,24,25,0.575031242958716,-0.0686306243936531,0.0,resolved,True,0.0013547059759182467,0.7648892666090187,0.0,0.0,453295.86940768326,31,1068156.3184922002,453295.86940768326,0.0,270457.51020431524,343765.7452924607,344084.3420863313,344084.3420863313,24,25,0.575031242958716,-0.0686306243936531,0.0,resolved,True,0.0013547059759182467,0.7648892666090187,0.0,0.0,453295.86940768326,31,-0.01603348309842695
2025-02-10,498,20,1066229.3693487758,377166.45082957,0.0,339666.21976403915,356431.98452622606,352914.3416406963,352914.3416406963,26,25,0.6528597169626112,-0.015724350917501916,0.0,resolved,True,-0.0018039954546582582,0.7754409545171848,0.0,0.0,377166.45082957,26,1066229.3693487758,377166.45082957,0.0,339666.21976403915,356431.98452622606,352914.3416406963,352914.3416406963,26,25,0.6528597169626112,-0.015724350917501916,0.0,resolved,True,-0.0018039954546582582,0.7754409545171848,0.0,0.0,377166.45082957,26,-0.0020672617191574726
2025-02-11,498,20,1068102.419577465,353535.9668741168,0.0,313352.62267712445,398964.24942199455,400089.0397241092,400089.0397241092,25,25,0.6668994087485612,-0.08015301264717438,0.0,resolved,True,0.0017567047790412182,0.6865377030759494,0.0,0.0,353535.9668741168,27,1068102.419577465,353535.9668741168,0.0,313352.62267712445,398964.24942199455,400089.0397241092,400089.0397241092,25,25,0.6668994087485612,-0.08015301264717438,0.0,resolved,True,0.0017567047790412182,0.6865377030759494,0.0,0.0,353535.9668741168,27,0.02351998646751534
2025-02-12,498,20,1076187.063668384,376058.1172738558,0.0,331368.975407705,362576.76215795224,365668.36657238763,365668.36657238763,29,26,0.6448188804650875,-0.02899847787044539,0.0,resolved,True,0.007569165599416339,0.6735408909474424,0.0,0.0,376058.1172738557,30,1076187.063668384,376058.1172738558,0.0,331368.975407705,362576.76215795224,365668.36657238763,365668.36657238763,29,26,0.6448188804650875,-0.02899847787044539,0.0,resolved,True,0.007569165599416339,0.6735408909474424,0.0,0.0,376058.1172738557,30,0.0012156876957387214
2025-02-13,498,20,1073389.6984308716,431667.49172023975,0.0,312590.85186448443,339555.04875336064,334343.2017997541,334343.2017997541,29,29,0.607557443090036,-0.025120603382251253,0.0,resolved,True,-0.0025993299231613642,0.7425330836750317,0.0,0.0,431667.49172023975,31,1073389.6984308716,431667.49172023975,0.0,312590.85186448443,339555.04875336064,334343.2017997541,334343.2017997541,29,29,0.607557443090036,-0.025120603382251253,0.0,resolved,True,-0.0025993299231613642,0.7425330836750317,0.0,0.0,431667.49172023975,31,0.011086837403533924
2025-02-14,498,20,1070853.3416141174,350174.5140592911,0.0,305093.2255395143,424739.6837393405,420162.6428773263,420162.6428773263,26,31,0.6815432897456937,-0.11173001339238564,0.0,resolved,True,-0.0023629412695705954,0.7318334472496419,0.0,0.0,350174.5140592911,33,1070853.3416141174,350174.5140592911,0.0,305093.2255395143,424739.6837393405,420162.6428773263,420162.6428773263,26,31,0.6815432897456937,-0.11173001339238564,0.0,resolved,True,-0.0023629412695705954,0.7318334472496419,0.0,0.0,350174.5140592911,33,-0.03461730496033679
2025-02-18,498,20,1067365.4331989195,412619.1899643174,0.0,336355.69931674335,327660.301553124,323025.42273549136,323025.42273549136,27,25,0.6221074621835895,0.008146598618580948,0.0,resolved,True,-0.00325712987918636,0.7208912458571164,0.0,0.0,412619.1899643174,27,1067365.4331989195,412619.1899643174,0.0,336355.69931674335,327660.301553124,323025.42273549136,323025.42273549136,27,25,0.6221074621835895,0.008146598618580948,0.0,resolved,True,-0.00325712987918636,0.7208912458571164,0.0,0.0,412619.1899643174,27,-0.011715520036248537
2025-02-19,498,20,1067755.6617247,322268.6544095604,0.0,386399.11855542427,368940.48648865864,364014.187624187,364014.187624187,31,29,0.707408662974463,0.01635077451948646,0.0,resolved,True,0.0003655997408600342,0.6912050946337249,0.0,0.0,322268.6544095604,38,1067755.6617247,322268.6544095604,0.0,386399.11855542427,368940.48648865864,364014.187624187,364014.187624187,31,29,0.707408662974463,0.01635077451948646,0.0,resolved,True,0.0003655997408600342,0.6912050946337249,0.0,0.0,322268.6544095604,38,-0.04444023086314059
2025-02-20,498,20,1064937.221405841,470906.8477298801,0.0,303231.33073656383,291257.79864901217,291028.4207942045,291028.4207942045,28,25,0.5582386618065441,0.011243415899901788,0.0,resolved,True,-0.0026395929517305516,0.7489357280204448,0.0,0.0,470906.84772988013,30,1064937.221405841,470906.8477298801,0.0,303231.33073656383,291257.79864901217,291028.4207942045,291028.4207942045,28,25,0.5582386618065441,0.011243415899901788,0.0,resolved,True,-0.0026395929517305516,0.7489357280204448,0.0,0.0,470906.84772988013,30,-0.30466191001441806
2025-02-21,498,20,1060724.2452819354,348134.7908833386,0.0,360277.1922943199,343017.08430751733,347664.67320589715,347664.67320589715,27,22,0.6630321497128643,0.01627200289196268,0.0,resolved,True,-0.003956079324886286,0.7642369779452417,0.0,0.0,348134.79088333854,15,1060724.2452819354,348134.7908833386,0.0,360277.1922943199,343017.08430751733,347664.67320589715,347664.67320589715,27,22,0.6630321497128643,0.01627200289196268,0.0,resolved,True,-0.003956079324886286,0.7642369779452417,0.0,0.0,348134.79088333854,15,-0.31243757205315975
2025-02-24,498,20,1055362.819031357,231049.97532502783,0.0,480679.62508966576,333721.2095662053,338677.2140914343,338677.2140914343,34,24,0.7716785355422622,0.13924918793173255,0.0,resolved,True,-0.0050544958073937,0.5435147682694528,0.0,0.0,231049.97532502783,25,1055362.819031357,231049.97532502783,0.0,480679.62508966576,333721.2095662053,338677.2140914343,338677.2140914343,34,24,0.7716785355422622,0.13924918793173255,0.0,resolved,True,-0.0050544958073937,0.5435147682694528,0.0,0.0,231049.97532502783,25,-0.2272838732809829
2025-02-25,498,20,1048152.6220928759,343108.6341787055,0.0,461194.1016185897,236748.80764923667,240299.34697240865,240299.34697240865,31,24,0.6658790853131904,0.21413417210291075,0.0,resolved,True,-0.006831960353785194,0.5375533140857348,0.0,0.0,343108.6341787055,26,1048152.6220928759,343108.6341787055,0.0,461194.1016185897,236748.80764923667,240299.34697240865,240299.34697240865,31,24,0.6658790853131904,0.21413417210291075,0.0,resolved,True,-0.006831960353785194,0.5375533140857348,0.0,0.0,343108.6341787055,26,0.45471212886625456
2025-02-26,498,20,1059261.094993192,282074.18509794964,0.0,537107.4219799276,236116.8562596515,238098.1720874831,238098.1720874831,36,23,0.7299657109039284,0.28415144022844585,0.0,resolved,True,0.010598144455466363,0.5886284180379255,0.0,0.0,282074.18509794964,47,1059261.094993192,282074.18509794964,0.0,537107.4219799276,236116.8562596515,238098.1720874831,238098.1720874831,36,23,0.7299657109039284,0.28415144022844585,0.0,resolved,True,0.010598144455466363,0.5886284180379255,0.0,0.0,282074.18509794964,47,0.27058463059280136
2025-02-27,498,20,1051897.7266652114,638067.4798374688,0.0,229341.60997985178,177759.77385205158,181124.20534997113,181124.20534997113,24,23,0.3870161266747104,0.049036930891872915,0.0,resolved,True,-0.006951419591246233,0.8637127512621757,0.0,0.0,638067.4798374688,35,1051897.7266652114,638067.4798374688,0.0,229341.60997985178,177759.77385205158,181124.20534997113,181124.20534997113,24,23,0.3870161266747104,0.049036930891872915,0.0,resolved,True,-0.006951419591246233,0.8637127512621757,0.0,0.0,638067.4798374688,35,-0.07645400496929398
2025-02-28,498,20,1051347.7281118194,308548.61268262647,0.0,389465.7089442789,358304.34208108025,355818.8742829971,355818.8742829971,26,24,0.7112490292515549,0.029639448519248022,0.0,resolved,True,-0.0005228631448188636,0.8957209928569939,0.0,0.0,308548.61268262647,31,1051347.7281118194,308548.61268262647,0.0,389465.7089442789,358304.34208108025,355818.8742829971,355818.8742829971,26,24,0.7112490292515549,0.029639448519248022,0.0,resolved,True,-0.0005228631448188636,0.8957209928569939,0.0,0.0,308548.61268262647,31,0.14768495853078642
2025-03-03,498,20,1052242.3666754614,475095.2630531913,0.0,262481.9591622437,309221.25265925593,311943.19855964114,311943.19855964114,25,26,0.5433189443110759,-0.04441875272964354,0.0,resolved,True,0.000850944496973316,0.7472472416123827,0.0,0.0,475095.2630531913,37,1052242.3666754614,475095.2630531913,0.0,262481.9591622437,309221.25265925593,311943.19855964114,311943.19855964114,25,26,0.5433189443110759,-0.04441875272964354,0.0,resolved,True,0.000850944496973316,0.7472472416123827,0.0,0.0,475095.2630531913,37,-0.050621253820241754
2025-03-04,498,20,1058191.1972538074,419026.14173012815,0.0,359926.6313479823,274042.50477176165,276640.4644737294,276640.4644737294,27,22,0.599106416463306,0.08116125592341446,0.0,resolved,True,0.005653479432824238,0.8359542936483934,0.0,0.0,419026.14173012815,29,1058191.1972538074,419026.14173012815,0.0,359926.6313479823,274042.50477176165,276640.4644737294,276640.4644737294,27,22,0.599106416463306,0.08116125592341446,0.0,resolved,True,0.005653479432824238,0.8359542936483934,0.0,0.0,419026.14173012815,29,-0.08148518046276836
2025-03-05,498,20,1060053.4654062735,365177.1773260799,0.0,428774.2264739811,270470.6614842881,268286.36154525034,268286.36154525034,34,22,0.6596317174344394,0.1493354534990572,0.0,resolved,True,0.0017598598035013513,0.7366784547240128,0.0,0.0,365177.1773260799,32,1060053.4654062735,365177.1773260799,0.0,428774.2264739811,270470.6614842881,268286.36154525034,268286.36154525034,34,22,0.6596317174344394,0.1493354534990572,0.0,resolved,True,0.0017598598035013513,0.7366784547240128,0.0,0.0,365177.1773260799,32,0.012685738584773051
2025-03-06,498,20,1060720.5998303667,410831.5577485654,0.0,351602.52355676005,294634.6163663874,296460.5674457142,296460.5674457142,30,22,0.6092435086360116,0.05370679818934704,0.0,resolved,True,0.0006293403548636167,0.7253038443223025,0.0,0.0,410831.5577485654,35,1060720.5998303667,410831.5577485654,0.0,351602.52355676005,294634.6163663874,296460.5674457142,296460.5674457142,30,22,0.6092435086360116,0.05370679818934704,0.0,resolved,True,0.0006293403548636167,0.7253038443223025,0.0,0.0,410831.5577485654,35,-0.3154805744935404
2025-03-07,498,20,1059175.4093411209,409727.7470380515,0.0,359446.59166770225,296041.0176366947,293021.04413603095,293021.04413603095,26,25,0.6188659626380061,0.05986314775798101,0.0,resolved,True,-0.001456736570867867,0.7726694100822606,0.0,0.0,409727.7470380515,29,1059175.4093411209,409727.7470380515,0.0,359446.59166770225,296041.0176366947,293021.04413603095,293021.04413603095,26,25,0.6188659626380061,0.05986314775798101,0.0,resolved,True,-0.001456736570867867,0.7726694100822606,0.0,0.0,409727.7470380515,29,-0.3164956082279964
2025-03-10,498,20,1052254.8442488294,407533.79089382675,0.0,290306.19132487435,354715.4064339281,354565.13423202815,354565.13423202815,25,26,0.6129899057098307,-0.06121066152471212,0.0,resolved,True,-0.006533917830094382,0.7724478767832469,0.0,0.0,407533.79089382675,21,1052254.8442488294,407533.79089382675,0.0,290306.19132487435,354715.4064339281,354565.13423202815,354565.13423202815,25,26,0.6129899057098307,-0.06121066152471212,0.0,resolved,True,-0.006533917830094382,0.7724478767832469,0.0,0.0,407533.79089382675,21,0.2736765710612732
2025-03-11,498,20,1062944.307425497,264436.58795658336,0.0,416875.3397773925,368117.9020690346,374875.14088027785,374875.14088027785,31,25,0.7385083455103296,0.04587017152991846,0.0,resolved,True,0.010158625769310259,0.6350874115494021,0.0,0.0,264436.58795658336,36,1062944.307425497,264436.58795658336,0.0,416875.3397773925,368117.9020690346,374875.14088027785,374875.14088027785,31,25,0.7385083455103296,0.04587017152991846,0.0,resolved,True,0.010158625769310259,0.6350874115494021,0.0,0.0,264436.58795658336,36,-0.2738881146314446
2025-03-12,498,20,1068918.543807741,527823.6770718833,0.0,263158.7157413837,272542.658502107,275239.4047482905,275239.4047482905,28,23,0.5011620177672244,-0.008778912869539588,0.0,resolved,True,0.005620460395252325,0.7308706973331431,0.0,0.0,527823.6770718833,24,1068918.543807741,527823.6770718833,0.0,263158.7157413837,272542.658502107,275239.4047482905,275239.4047482905,28,23,0.5011620177672244,-0.008778912869539588,0.0,resolved,True,0.005620460395252325,0.7308706973331431,0.0,0.0,527823.6770718833,24,0.11245517957869748
2025-03-13,498,20,1063913.137315879,259107.00089431342,0.0,388284.7406129549,412985.34480722086,414753.3703079159,414753.3703079159,27,31,0.7531348728728745,-0.023216748931761972,0.0,resolved,True,-0.004682682811387506,0.7323185468444728,0.0,0.0,259107.00089431342,28,1063913.137315879,259107.00089431342,0.0,388284.7406129549,412985.34480722086,414753.3703079159,414753.3703079159,27,31,0.7531348728728745,-0.023216748931761972,0.0,resolved,True,-0.004682682811387506,0.7323185468444728,0.0,0.0,259107.00089431342,28,0.15632566926350727
2025-03-14,498,20,1062784.348305223,343682.3644440678,0.0,438249.17526367656,291808.8196323967,286330.81411493773,286330.81411493773,31,28,0.6869295695408628,0.13778934161460138,0.0,resolved,True,-0.0010609785433272068,0.572216060118931,0.0,0.0,343682.3644440678,36,1062784.348305223,343682.3644440678,0.0,438249.17526367656,291808.8196323967,286330.81411493773,286330.81411493773,31,28,0.6869295695408628,0.13778934161460138,0.0,resolved,True,-0.0010609785433272068,0.572216060118931,0.0,0.0,343682.3644440678,36,-0.01725685278416165
2025-03-17,498,20,1063044.1107002425,388046.68063594797,0.0,390692.40793710295,291175.9576809176,287740.48990405456,287740.48990405456,29,25,0.6414299827773506,0.09361460098831878,0.0,resolved,True,0.0002444168428277216,0.7008217946260078,0.0,0.0,388046.68063594797,31,1063044.1107002425,388046.68063594797,0.0,390692.40793710295,291175.9576809176,287740.48990405456,287740.48990405456,29,25,0.6414299827773506,0.09361460098831878,0.0,resolved,True,0.0002444168428277216,0.7008217946260078,0.0,0.0,388046.68063594797,31,0.10222698661447077
2025-03-18,498,20,1061794.433917341,380304.4358317599,0.0,346817.2458404858,338062.41044286377,336367.58134397946,336367.58134397946,27,30,0.6450209517077449,0.008245320485738743,0.0,resolved,True,-0.0011755643724682407,0.7209154579925778,0.0,0.0,380304.43583175994,30,1061794.433917341,380304.4358317599,0.0,346817.2458404858,338062.41044286377,336367.58134397946,336367.58134397946,27,30,0.6450209517077449,0.008245320485738743,0.0,resolved,True,-0.0011755643724682407,0.7209154579925778,0.0,0.0,380304.43583175994,30,-0.034878971585860494
2025-03-19,498,20,1056372.6556822301,315149.3749959371,0.0,343567.3305980806,414244.38506611,405950.1675771613,405950.1675771613,27,29,0.7173715748774073,-0.06690541835578329,0.0,resolved,True,-0.005106240965219611,0.658096276339547,0.0,0.0,315149.3749959371,30,1056372.6556822301,315149.3749959371,0.0,343567.3305980806,414244.38506611,405950.1675771613,405950.1675771613,27,29,0.7173715748774073,-0.06690541835578329,0.0,resolved,True,-0.005106240965219611,0.658096276339547,0.0,0.0,315149.3749959371,30,-0.07952572021064695
2025-03-20,498,20,1054265.4700405037,350653.3736795419,0.0,286965.04820808314,431903.9737191901,424275.51093603426,424275.51093603426,23,27,0.681867178956032,-0.1374785854510995,0.0,resolved,True,-0.001994737018600312,0.6335011724016008,0.0,0.0,350653.3736795419,19,1054265.4700405037,350653.3736795419,0.0,286965.04820808314,431903.9737191901,424275.51093603426,424275.51093603426,23,27,0.681867178956032,-0.1374785854510995,0.0,resolved,True,-0.001994737018600312,0.6335011724016008,0.0,0.0,350653.3736795419,19,-0.047929298906221086
2025-03-21,498,20,1054868.301501184,254280.99945314752,0.0,329633.9628385245,479828.9201142031,475391.12966185756,475391.12966185756,23,35,0.767359187683221,-0.1423826624251919,0.0,resolved,True,0.0005718023380365533,0.5771127778454451,0.0,0.0,254280.99945314752,35,1054868.301501184,254280.99945314752,0.0,329633.9628385245,479828.9201142031,475391.12966185756,475391.12966185756,23,35,0.767359187683221,-0.1423826624251919,0.0,resolved,True,0.0005718023380365533,0.5771127778454451,0.0,0.0,254280.99945314752,35,-0.19215780902496107
2025-03-24,498,20,1044073.463260137,429159.39950570324,0.0,319668.60035407485,317961.8343808437,306603.64889060135,306603.64889060135,27,27,0.6107141472056064,0.0016347182772960894,0.0,resolved,True,-0.010233351619045594,0.6613487826384306,0.0,0.0,429159.39950570324,39,1044073.463260137,429159.39950570324,0.0,319668.60035407485,317961.8343808437,306603.64889060135,306603.64889060135,27,27,0.6107141472056064,0.0016347182772960894,0.0,resolved,True,-0.010233351619045594,0.6613487826384306,0.0,0.0,429159.39950570324,39,-0.07741292539454298
2025-03-25,498,20,1042331.7349811986,404993.7957674898,0.0,323442.23906426394,318548.5668166592,316222.13348305196,316222.13348305196,24,22,0.6159179312452798,0.00469492780788549,0.0,resolved,True,-0.001668204719522226,0.8132528302204206,0.0,0.0,404993.7957674898,21,1042331.7349811986,404993.7957674898,0.0,323442.23906426394,318548.5668166592,316222.13348305196,316222.13348305196,24,22,0.6159179312452798,0.00469492780788549,0.0,resolved,True,-0.001668204719522226,0.8132528302204206,0.0,0.0,404993.7957674898,21,0.3304911647507529
2025-03-26,498,20,1053347.9946908902,270999.49930472695,0.0,411277.9358622861,356438.2851450537,363754.4223344654,363754.4223344654,23,28,0.7288343689614463,0.05206223488689066,0.0,resolved,True,0.010568861467016966,0.6473986509234352,0.0,0.0,270999.49930472695,36,1053347.9946908902,270999.49930472695,0.0,411277.9358622861,356438.2851450537,363754.4223344654,363754.4223344654,23,28,0.7288343689614463,0.05206223488689066,0.0,resolved,True,0.010568861467016966,0.6473986509234352,0.0,0.0,270999.49930472695,36,-0.3017935794874214
2025-03-27,498,20,1063536.7239213136,522405.15430181264,0.0,309082.17473246256,213961.88256020803,223005.63872362315,223005.63872362315,26,23,0.4917968938243907,0.089437712899599,0.0,resolved,True,0.00967270957155364,0.7387261452969434,0.0,0.0,522405.15430181264,25,1063536.7239213136,522405.15430181264,0.0,309082.17473246256,213961.88256020803,223005.63872362315,223005.63872362315,26,23,0.4917968938243907,0.089437712899599,0.0,resolved,True,0.00967270957155364,0.7387261452969434,0.0,0.0,522405.15430181264,25,-0.194861844254763
2025-03-28,498,20,1059270.9572097654,340565.69096182263,0.0,343928.14746884396,364126.5443285752,369451.8315538371,369451.8315538371,25,26,0.6684358586234744,-0.01906820603572102,0.0,resolved,True,-0.004010925636700247,0.8012100742864952,0.0,0.0,340565.69096182263,26,1059270.9572097654,340565.69096182263,0.0,343928.14746884396,364126.5443285752,369451.8315538371,369451.8315538371,25,26,0.6684358586234744,-0.01906820603572102,0.0,resolved,True,-0.004010925636700247,0.8012100742864952,0.0,0.0,340565.69096182263,26,-0.12368345675504286
2025-03-31,498,20,1057772.7727542294,343528.7822803891,0.0,362706.8624742193,346739.25866260636,349138.19333111367,349138.19333111367,27,29,0.6706980359208617,0.015095495197930344,0.0,resolved,True,-0.0014143543210912712,0.6463858956136063,0.0,0.0,343528.7822803891,40,1057772.7727542294,343528.7822803891,0.0,362706.8624742193,346739.25866260636,349138.19333111367,349138.19333111367,27,29,0.6706980359208617,0.015095495197930344,0.0,resolved,True,-0.0014143543210912712,0.6463858956136063,0.0,0.0,343528.7822803891,40,0.09959780740304262
2025-04-01,498,20,1057864.4695315054,492218.67863326357,0.0,331646.28848605236,237562.34052926552,235780.92147072748,235780.92147072748,28,24,0.5380733027808395,0.08893761976754322,0.0,resolved,True,8.668853995663639e-05,0.7861212613054416,0.0,0.0,492218.67863326357,35,1057864.4695315054,492218.67863326357,0.0,331646.28848605236,237562.34052926552,235780.92147072748,235780.92147072748,28,24,0.5380733027808395,0.08893761976754322,0.0,resolved,True,8.668853995663639e-05,0.7861212613054416,0.0,0.0,492218.67863326357,35,-0.17125532789404582
2025-04-02,498,20,1054204.4625170801,384457.5973815522,0.0,333751.3238485124,353258.2635952484,344626.902441132,344626.902441132,26,26,0.6516853341745648,-0.018503943438220816,0.0,resolved,True,-0.0034598071112513784,0.8279157080325654,0.0,0.0,384457.5973815522,23,1054204.4625170801,384457.5973815522,0.0,333751.3238485124,353258.2635952484,344626.902441132,344626.902441132,26,26,0.6516853341745648,-0.018503943438220816,0.0,resolved,True,-0.0034598071112513784,0.8279157080325654,0.0,0.0,384457.5973815522,23,0.5415194720169711
2025-04-03,498,20,1074677.1118313877,314028.51112486026,0.0,414558.9130138126,318681.9726675796,332385.8301801472,332385.8301801472,31,28,0.6822894780292246,0.08921464809355287,0.0,resolved,True,0.01941999872152489,0.6529748153321885,0.0,0.0,314028.51112486026,45,1074677.1118313877,314028.51112486026,0.0,414558.9130138126,318681.9726675796,332385.8301801472,332385.8301801472,31,28,0.6822894780292246,0.08921464809355287,0.0,resolved,True,0.01941999872152489,0.6529748153321885,0.0,0.0,314028.51112486026,45,-0.17064489985483677
2025-04-04,498,20,1077335.2800416858,588081.7597950972,0.0,195324.8697938146,263879.8636074532,278904.2570301136,278904.2570301136,21,31,0.4262412471849057,-0.06363385204556371,0.0,resolved,True,0.0024734575446276885,0.803654182095776,0.0,0.0,588081.7597950972,34,1077335.2800416858,588081.7597950972,0.0,195324.8697938146,263879.8636074532,278904.2570301136,278904.2570301136,21,31,0.4262412471849057,-0.06363385204556371,0.0,resolved,True,0.0024734575446276885,0.803654182095776,0.0,0.0,588081.7597950972,34,0.2524114263445148
2025-04-07,498,20,1082446.3179210762,308511.29179775337,0.0,412530.9327354194,352540.0623019843,356972.07784494373,356972.07784494373,28,25,0.706798094622173,0.055421566354119385,0.0,resolved,True,0.004744147874923943,0.8043406431972627,0.0,0.0,308511.29179775337,27,1082446.3179210762,308511.29179775337,0.0,412530.9327354194,352540.0623019843,356972.07784494373,356972.07784494373,28,25,0.706798094622173,0.055421566354119385,0.0,resolved,True,0.004744147874923943,0.8043406431972627,0.0,0.0,308511.29179775337,27,-0.028369317690075568
2025-04-08,498,20,1087914.481091139,398917.0737915492,0.0,417408.13931257254,257180.36555000616,264384.8167685118,264384.8167685118,30,25,0.6200749384142684,0.1472797508880144,0.0,resolved,True,0.005051671458927265,0.6460376113505656,0.0,0.0,398917.0737915492,36,1087914.481091139,398917.0737915492,0.0,417408.13931257254,257180.36555000616,264384.8167685118,264384.8167685118,30,25,0.6200749384142684,0.1472797508880144,0.0,resolved,True,0.005051671458927265,0.6460376113505656,0.0,0.0,398917.0737915492,36,0.3313581336563769
2025-04-09,498,20,1073378.7419895371,447872.34639264457,0.0,296169.09759929223,366062.70758350793,347700.0027905542,347700.0027905542,24,29,0.6169600526607554,-0.06511551538151944,0.0,resolved,True,-0.013361104530038914,0.7818208278248302,0.0,0.0,447872.34639264457,36,1073378.7419895371,447872.34639264457,0.0,296169.09759929223,366062.70758350793,347700.0027905542,347700.0027905542,24,29,0.6169600526607554,-0.06511551538151944,0.0,resolved,True,-0.013361104530038914,0.7818208278248302,0.0,0.0,447872.34639264457,36,-0.4023501759549554
2025-04-10,498,20,1073526.5894022281,416107.0526996617,0.0,316102.10679046426,344875.7756662488,343096.6027891755,343096.6027891755,24,30,0.6157070434787885,-0.026802940103986244,0.0,resolved,True,0.00013774020940360288,0.8213004753660926,0.0,0.0,416107.0526996617,39,1073526.5894022281,416107.0526996617,0.0,316102.10679046426,344875.7756662488,343096.6027891755,343096.6027891755,24,30,0.6157070434787885,-0.026802940103986244,0.0,resolved,True,0.00013774020940360288,0.8213004753660926,0.0,0.0,416107.0526996617,39,0.016424743062280804
2025-04-11,498,20,1071753.8044334676,485520.69250813336,0.0,298308.33754395595,297540.16235512216,292732.4683682502,292732.4683682502,27,27,0.5559565055279142,0.0007167459407712103,0.0,resolved,True,-0.0016513656822861877,0.8442464435538984,0.0,0.0,485520.69250813336,32,1071753.8044334676,485520.69250813336,0.0,298308.33754395595,297540.16235512216,292732.4683682502,292732.4683682502,27,27,0.5559565055279142,0.0007167459407712103,0.0,resolved,True,-0.0016513656822861877,0.8442464435538984,0.0,0.0,485520.69250813336,32,0.35187689258913685
2025-04-14,498,20,1080069.491228417,349652.6191546774,0.0,383350.1992403698,345648.0470791886,346357.35995627916,346357.35995627916,32,28,0.6749549471029241,0.034907154092743295,0.0,resolved,True,0.007758952439030686,0.7878888345120392,0.0,0.0,349652.6191546774,27,1080069.491228417,349652.6191546774,0.0,383350.1992403698,345648.0470791886,346357.35995627916,346357.35995627916,32,28,0.6749549471029241,0.034907154092743295,0.0,resolved,True,0.007758952439030686,0.7878888345120392,0.0,0.0,349652.6191546774,27,-0.09389827025475166
2025-04-15,498,20,1075208.3431825095,336727.3937918171,0.0,312261.0147003131,432351.17334487406,429285.55401762656,429285.55401762656,27,35,0.6925282832545824,-0.11169012908615093,0.0,resolved,True,-0.004500773408920855,0.6342991781328607,0.0,0.0,336727.3937918171,28,1075208.3431825095,336727.3937918171,0.0,312261.0147003131,432351.17334487406,429285.55401762656,429285.55401762656,27,35,0.6925282832545824,-0.11169012908615093,0.0,resolved,True,-0.004500773408920855,0.6342991781328607,0.0,0.0,336727.3937918171,28,0.23052076570481392
2025-04-16,498,20,1080696.5383843333,280481.67932758277,0.0,305437.1426481589,482045.6894712957,488411.7029399435,488411.7029399435,25,37,0.7286808129290022,-0.16342103499949276,0.0,resolved,True,0.0051043086083011335,0.5749822748043248,0.0,0.0,280481.67932758277,36,1080696.5383843333,280481.67932758277,0.0,305437.1426481589,482045.6894712957,488411.7029399435,488411.7029399435,25,37,0.7286808129290022,-0.16342103499949276,0.0,resolved,True,0.0051043086083011335,0.5749822748043248,0.0,0.0,280481.67932758277,36,-0.07462312095480204
2025-04-17,498,20,1076887.460880457,468761.38348060765,0.0,301681.8459742741,309287.8468173038,307866.0391214395,307866.0391214395,25,30,0.5673477637970198,-0.007062948654645008,0.0,resolved,True,-0.003524650416268482,0.6815474393691334,0.0,0.0,468761.38348060765,36,1076887.460880457,468761.38348060765,0.0,301681.8459742741,309287.8468173038,307866.0391214395,307866.0391214395,25,30,0.5673477637970198,-0.007062948654645008,0.0,resolved,True,-0.003524650416268482,0.6815474393691334,0.0,0.0,468761.38348060765,36,-0.2536219532899194
2025-04-21,498,20,1077770.7710658826,414364.9816039625,0.0,339442.3816317066,319357.8159615102,321660.61189586186,321660.61189586186,25,24,0.6112618891507731,0.018635285173240878,0.0,resolved,True,0.0008202437278854724,0.8129717602723876,0.0,0.0,414364.9816039625,30,1077770.7710658826,414364.9816039625,0.0,339442.3816317066,319357.8159615102,321660.61189586186,321660.61189586186,25,24,0.6112618891507731,0.018635285173240878,0.0,resolved,True,0.0008202437278854724,0.8129717602723876,0.0,0.0,414364.9816039625,30,0.035527874820114824
2025-04-22,498,20,1077841.005579205,361895.58107822796,0.0,400828.7782578926,322869.7024359617,318993.1743395232,318993.1743395232,26,27,0.6714334275164793,0.07232891995980206,0.0,resolved,True,6.51664669406582e-05,0.7241732777389205,0.0,0.0,361895.58107822796,34,1077841.005579205,361895.58107822796,0.0,400828.7782578926,322869.7024359617,318993.1743395232,318993.1743395232,26,27,0.6714334275164793,0.07232891995980206,0.0,resolved,True,6.51664669406582e-05,0.7241732777389205,0.0,0.0,361895.58107822796,34,-0.09397465567008456
2025-04-23,498,20,1073138.3105288565,420220.86251109606,0.0,368177.31066059024,285803.22969071666,285271.6835239435,285271.6835239435,27,23,0.6094093687038503,0.0767599853268481,0.0,resolved,True,-0.004363069345113102,0.7410475754054143,0.0,0.0,420220.86251109606,35,1073138.3105288565,420220.86251109606,0.0,368177.31066059024,285803.22969071666,285271.6835239435,285271.6835239435,27,23,0.6094093687038503,0.0767599853268481,0.0,resolved,True,-0.004363069345113102,0.7410475754054143,0.0,0.0,420220.86251109606,35,-0.3610214719901353
2025-04-24,498,20,1071882.2031153385,489408.35377272405,0.0,310796.41386630957,283173.6405585768,277425.53801744076,277425.53801744076,25,24,0.554137434783935,0.02577034419215976,0.0,resolved,True,-0.0011704990877634547,0.8503253203328854,0.0,0.0,489408.35377272405,20,1071882.2031153385,489408.35377272405,0.0,310796.41386630957,283173.6405585768,277425.53801744076,277425.53801744076,25,24,0.554137434783935,0.02577034419215976,0.0,resolved,True,-0.0011704990877634547,0.8503253203328854,0.0,0.0,489408.35377272405,20,-0.18616476757660239
2025-04-25,498,20,1067144.1789930647,241167.4711508809,0.0,384773.69425035926,455979.11433689785,448591.0639643612,448591.0639643612,24,32,0.7878530615990186,-0.06672521060249476,0.0,resolved,True,-0.004420284345148295,0.6850998127335514,0.0,0.0,241167.4711508809,28,1067144.1789930647,241167.4711508809,0.0,384773.69425035926,455979.11433689785,448591.0639643612,448591.0639643612,24,32,0.7878530615990186,-0.06672521060249476,0.0,resolved,True,-0.004420284345148295,0.6850998127335514,0.0,0.0,241167.4711508809,28,0.07233902692018547
2025-04-28,498,20,1065916.4734132513,395930.2136016486,0.0,303741.38251035573,378928.3538148979,372586.6155580724,372586.6155580724,25,32,0.6404533125745073,-0.07053739498347399,0.0,resolved,True,-0.0011504589576375457,0.6023327842272923,0.0,0.0,395930.2136016486,26,1065916.4734132513,395930.2136016486,0.0,303741.38251035573,378928.3538148979,372586.6155580724,372586.6155580724,25,32,0.6404533125745073,-0.07053739498347399,0.0,resolved,True,-0.0011504589576375457,0.6023327842272923,0.0,0.0,395930.2136016486,26,0.1396617000451441
2025-04-29,498,20,1067676.444126918,334175.14804752404,0.0,324914.0772121678,414603.024852245,411595.12185973563,411595.12185973563,25,35,0.6926415826932902,-0.08400386477892137,0.0,resolved,True,0.0016511337966576,0.6918868921373043,0.0,0.0,334175.14804752404,33,1067676.444126918,334175.14804752404,0.0,324914.0772121678,414603.024852245,411595.12185973563,411595.12185973563,25,35,0.6926415826932902,-0.08400386477892137,0.0,resolved,True,0.0016511337966576,0.6918868921373043,0.0,0.0,334175.14804752404,33,0.001019129074096399
2025-04-30,498,20,1073303.428252913,439792.8328304474,0.0,265111.57678651874,373719.69039720343,371059.3545165751,371059.3545165751,26,32,0.5952009938360023,-0.1011905028454752,0.0,resolved,True,0.005270308394409229,0.7191238154745897,0.0,0.0,439792.83283044747,37,1073303.428252913,439792.8328304474,0.0,265111.57678651874,373719.69039720343,371059.3545165751,371059.3545165751,26,32,0.5952009938360023,-0.1011905028454752,0.0,resolved,True,0.005270308394409229,0.7191238154745897,0.0,0.0,439792.83283044747,37,-0.08246797990090143
2025-05-01,498,20,1067393.6869405238,419486.3756311353,0.0,280115.5994321736,369265.8377953801,368528.7748362975,368528.7748362975,24,29,0.6083804365462187,-0.08352142180898438,0.0,resolved,True,-0.005506123577755595,0.8151031761641045,0.0,0.0,419486.3756311353,28,1067393.6869405238,419486.3756311353,0.0,280115.5994321736,369265.8377953801,368528.7748362975,368528.7748362975,24,29,0.6083804365462187,-0.08352142180898438,0.0,resolved,True,-0.005506123577755595,0.8151031761641045,0.0,0.0,419486.3756311353,28,-0.2186125245372922
2025-05-02,498,20,1061631.1386802415,335870.50981833716,0.0,356707.6556219494,386292.9649623517,377672.96910115326,377672.96910115326,28,28,0.6998670192624122,-0.02786778595923727,0.0,resolved,True,-0.00539870933357256,0.7127432233206779,0.0,0.0,335870.50981833716,30,1061631.1386802415,335870.50981833716,0.0,356707.6556219494,386292.9649623517,377672.96910115326,377672.96910115326,28,28,0.6998670192624122,-0.02786778595923727,0.0,resolved,True,-0.00539870933357256,0.7127432233206779,0.0,0.0,335870.50981833716,30,-0.020581519563289352
2025-05-05,498,20,1059789.019012769,407897.35333536146,0.0,282994.66149287164,380427.41937931144,374662.2117819238,374662.2117819238,27,26,0.6259944847231803,-0.09193599493718274,0.0,resolved,True,-0.0017351786325356944,0.707310025610649,0.0,0.0,407897.35333536146,23,1059789.019012769,407897.35333536146,0.0,282994.66149287164,380427.41937931144,374662.2117819238,374662.2117819238,27,26,0.6259944847231803,-0.09193599493718274,0.0,resolved,True,-0.0017351786325356944,0.707310025610649,0.0,0.0,407897.35333536146,23,-0.06583655718036849
2025-05-06,498,20,1059812.2830868047,256579.6789948277,0.0,316058.4877000941,498001.9646358749,492588.0405138789,492588.0405138789,24,29,0.7681175858473164,-0.171675191766841,0.0,resolved,True,2.1951608875303563e-05,0.626026832654285,0.0,0.0,256579.6789948277,23,1059812.2830868047,256579.6789948277,0.0,316058.4877000941,498001.9646358749,492588.0405138789,492588.0405138789,24,29,0.7681175858473164,-0.171675191766841,0.0,resolved,True,2.1951608875303563e-05,0.626026832654285,0.0,0.0,256579.6789948277,23,-0.03363345130223319
2025-05-07,498,20,1057997.9952029698,315143.8153478714,0.0,262083.57047029125,494890.8312685896,487830.72032669844,487830.72032669844,26,28,0.7154781059803997,-0.22004508690362484,0.0,resolved,True,-0.0017118955052592977,0.5410010846095781,0.0,0.0,315143.8153478714,28,1057997.9952029698,315143.8153478714,0.0,262083.57047029125,494890.8312685896,487830.72032669844,487830.72032669844,26,28,0.7154781059803997,-0.22004508690362484,0.0,resolved,True,-0.0017118955052592977,0.5410010846095781,0.0,0.0,315143.8153478714,28,-0.038218066206366426
2025-05-08,498,20,1056444.394273357,363272.47931928333,0.0,265013.31135695556,443896.89772944537,436027.7506632817,436027.7506632817,30,25,0.6710340960008625,-0.16932607844024714,0.0,resolved,True,-0.00146843466306823,0.6513390610820694,0.0,0.0,363272.4793192833,34,1056444.394273357,363272.47931928333,0.0,265013.31135695556,443896.89772944537,436027.7506632817,436027.7506632817,30,25,0.6710340960008625,-0.16932607844024714,0.0,resolved,True,-0.00146843466306823,0.6513390610820694,0.0,0.0,363272.4793192833,34,0.014712955177497763
2025-05-09,498,20,1058546.4701522384,406566.9281811197,0.0,288399.0361922667,372963.76182300417,368272.13380092813,368272.13380092813,28,24,0.6247839057270247,-0.07988758927000676,0.0,resolved,True,0.001989764809464667,0.732693474407668,0.0,0.0,406566.9281811197,32,1058546.4701522384,406566.9281811197,0.0,288399.0361922667,372963.76182300417,368272.13380092813,368272.13380092813,28,24,0.6247839057270247,-0.07988758927000676,0.0,resolved,True,0.001989764809464667,0.732693474407668,0.0,0.0,406566.9281811197,32,0.1056156503414512
2025-05-12,499,20,1041824.6970730799,435660.2356835121,0.0,317298.2498247355,296930.5230773587,292898.36732109543,292898.36732109543,28,22,0.5895701787716485,0.01955005175496245,0.0,resolved,True,-0.01579691921957249,0.8286341705303751,0.0,0.0,435660.2356835122,25,1041824.6970730799,435660.2356835121,0.0,317298.2498247355,296930.5230773587,292898.36732109543,292898.36732109543,28,22,0.5895701787716485,0.01955005175496245,0.0,resolved,True,-0.01579691921957249,0.8286341705303751,0.0,0.0,435660.2356835122,25,-0.24875625278014188
2025-05-13,499,20,1033401.2907221915,284296.1084598538,0.0,388715.71434053493,371537.07412518223,365963.27102349245,365963.27102349245,27,24,0.7356801228053579,0.0166233972896893,0.0,resolved,True,-0.008085243491110616,0.70258471690264,0.0,0.0,284296.1084598538,25,1033401.2907221915,284296.1084598538,0.0,388715.71434053493,371537.07412518223,365963.27102349245,365963.27102349245,27,24,0.7356801228053579,0.0166233972896893,0.0,resolved,True,-0.008085243491110616,0.70258471690264,0.0,0.0,284296.1084598538,25,-0.12845588691381574
2025-05-14,499,20,1033748.7080415289,326433.1917848319,0.0,358676.9306254005,352441.6598746896,350540.122752993,350540.122752993,28,29,0.6879027610562413,0.006031708385419742,0.0,resolved,True,0.00033618819954694956,0.5944054324322677,0.0,0.0,326433.1917848319,19,1033748.7080415289,326433.1917848319,0.0,358676.9306254005,352441.6598746896,350540.122752993,350540.122752993,28,29,0.6879027610562413,0.006031708385419742,0.0,resolved,True,0.00033618819954694956,0.5944054324322677,0.0,0.0,326433.1917848319,19,0.47164737156534225
2025-05-15,499,20,1043736.6123398715,289703.2234637562,0.0,310565.2722679511,445661.1631230582,444564.63986561116,444564.63986561116,26,42,0.7245376146149405,-0.12943484903940103,0.0,resolved,True,0.009661830017920758,0.591917374277166,0.0,0.0,289703.2234637562,42,1043736.6123398715,289703.2234637562,0.0,310565.2722679511,445661.1631230582,444564.63986561116,444564.63986561116,26,42,0.7245376146149405,-0.12943484903940103,0.0,resolved,True,0.009661830017920758,0.591917374277166,0.0,0.0,289703.2234637562,42,-0.05618290895333926
2025-05-16,499,20,1045004.078169465,493730.01666578563,0.0,223913.29710709339,333708.3333331692,330534.5488648776,330534.5488648776,24,32,0.5336071333013831,-0.10506661028386029,0.0,resolved,True,0.0012143540952846976,0.7501882424201739,0.0,0.0,493730.0166657857,22,1045004.078169465,493730.01666578563,0.0,223913.29710709339,333708.3333331692,330534.5488648776,330534.5488648776,24,32,0.5336071333013831,-0.10506661028386029,0.0,resolved,True,0.0012143540952846976,0.7501882424201739,0.0,0.0,493730.0166657857,22,-0.008102861206064139
2025-05-19,499,20,1044416.8625736292,199507.90569583263,0.0,349784.56372219184,504392.9735653524,499758.6833604786,499758.6833604786,29,34,0.8178511549331926,-0.14803323786076938,0.0,resolved,True,-0.0005619266068935813,0.662461900141141,0.0,0.0,199507.90569583263,37,1044416.8625736292,199507.90569583263,0.0,349784.56372219184,504392.9735653524,499758.6833604786,499758.6833604786,29,34,0.8178511549331926,-0.14803323786076938,0.0,resolved,True,-0.0005619266068935813,0.662461900141141,0.0,0.0,199507.90569583263,37,0.006274333917006968
2025-05-20,499,20,1042974.8685708755,461073.82639387,0.0,230882.21951878496,359371.1819785413,355195.00231838087,355195.00231838087,25,32,0.5659325255901078,-0.12319468697823649,0.0,resolved,True,-0.001380669016775915,0.6324273784080259,0.0,0.0,461073.82639386994,30,1042974.8685708755,461073.82639387,0.0,230882.21951878496,359371.1819785413,355195.00231838087,355195.00231838087,25,32,0.5659325255901078,-0.12319468697823649,0.0,resolved,True,-0.001380669016775915,0.6324273784080259,0.0,0.0,461073.82639386994,30,-0.11015674108049192
2025-05-21,499,20,1043698.2396922265,285214.58066131565,0.0,342711.24278746976,409936.6424573162,412854.52935037867,412854.52935037867,28,28,0.7211355319203493,-0.06441076272167555,0.0,resolved,True,0.0006935652460564601,0.71156267832911,0.0,0.0,285214.58066131565,36,1043698.2396922265,285214.58066131565,0.0,342711.24278746976,409936.6424573162,412854.52935037867,412854.52935037867,28,28,0.7211355319203493,-0.06441076272167555,0.0,resolved,True,0.0006935652460564601,0.71156267832911,0.0,0.0,285214.58066131565,36,0.048357214074138365
2025-05-22,499,20,1047302.3628176585,463220.962152989,0.0,316544.90665657585,259737.72307746406,263637.1085427789,263637.1085427789,26,20,0.5502543011395593,0.05424143551655699,0.0,resolved,True,0.00345322334403364,0.7132320853867514,0.0,0.0,463220.962152989,36,1047302.3628176585,463220.962152989,0.0,316544.90665657585,259737.72307746406,263637.1085427789,263637.1085427789,26,20,0.5502543011395593,0.05424143551655699,0.0,resolved,True,0.00345322334403364,0.7132320853867514,0.0,0.0,463220.962152989,36,0.21413325937348618
2025-05-23,499,20,1046595.0602708466,450057.92976321524,0.0,294480.55386809155,298526.2038877483,300291.39026364405,300291.39026364405,23,24,0.5666057296337483,-0.0038655351751897085,0.0,resolved,True,-0.0006753565846151499,0.8650503819292028,0.0,0.0,450057.92976321524,29,1046595.0602708466,450057.92976321524,0.0,294480.55386809155,298526.2038877483,300291.39026364405,300291.39026364405,23,24,0.5666057296337483,-0.0038655351751897085,0.0,resolved,True,-0.0006753565846151499,0.8650503819292028,0.0,0.0,450057.92976321524,29,0.127271172794031
2025-05-27,499,20,1044863.9134015341,389789.5361724688,0.0,320387.73043282836,343441.85492737097,339064.250861804,339064.250861804,24,28,0.6353263586251295,-0.022064236498981333,0.0,resolved,True,-0.0016540751385397678,0.8053790550469617,0.0,0.0,389789.5361724688,31,1044863.9134015341,389789.5361724688,0.0,320387.73043282836,343441.85492737097,339064.250861804,339064.250861804,24,28,0.6353263586251295,-0.022064236498981333,0.0,resolved,True,-0.0016540751385397678,0.8053790550469617,0.0,0.0,389789.5361724688,31,0.021973069397738878
2025-05-28,499,20,1044550.8924767213,382894.4681878076,0.0,341014.32305303623,325330.464362285,322986.2827990813,322986.2827990813,27,27,0.6379246738618543,0.015014930152003846,0.0,resolved,True,-0.00029958056814660683,0.7400011741454127,0.0,0.0,382894.4681878076,34,1044550.8924767213,382894.4681878076,0.0,341014.32305303623,325330.464362285,322986.2827990813,322986.2827990813,27,27,0.6379246738618543,0.015014930152003846,0.0,resolved,True,-0.00029958056814660683,0.7400011741454127,0.0,0.0,382894.4681878076,34,0.11157861198550525
2025-05-29,499,20,1044540.6715876329,443959.89026255085,0.0,239193.46973791046,363982.9162083409,362685.1138977562,362685.1138977562,23,27,0.577456103293195,-0.11946825036574088,0.0,resolved,True,-9.784960371073126e-06,0.7936579850962052,0.0,0.0,443959.89026255085,31,1044540.6715876329,443959.89026255085,0.0,239193.46973791046,363982.9162083409,362685.1138977562,362685.1138977562,23,27,0.577456103293195,-0.11946825036574088,0.0,resolved,True,-9.784960371073126e-06,0.7936579850962052,0.0,0.0,443959.89026255085,31,0.02506943591500292
2025-05-30,499,20,1048492.6527569682,383332.4606691962,0.0,346336.7911046234,320108.48697171,319465.9439774293,319465.9439774293,25,24,0.6356222681426933,0.0250152483796116,0.0,resolved,True,0.0037834631784405826,0.7880437834648171,0.0,0.0,383332.4606691962,36,1048492.6527569682,383332.4606691962,0.0,346336.7911046234,320108.48697171,319465.9439774293,319465.9439774293,25,24,0.6356222681426933,0.0250152483796116,0.0,resolved,True,0.0037834631784405826,0.7880437834648171,0.0,0.0,383332.4606691962,36,-0.2149604325241914
2025-06-02,499,20,1048465.3081530388,500932.9291555197,0.0,282702.6674146963,271798.49316905095,268314.1023759369,268314.1023759369,26,22,0.5288693448146115,0.010400128798590374,0.0,resolved,True,-2.607991945147159e-05,0.8396347288001818,0.0,0.0,500932.9291555197,23,1048465.3081530388,500932.9291555197,0.0,282702.6674146963,271798.49316905095,268314.1023759369,268314.1023759369,26,22,0.5288693448146115,0.010400128798590374,0.0,resolved,True,-2.607991945147159e-05,0.8396347288001818,0.0,0.0,500932.9291555197,23,0.12238508190459997
2025-06-03,499,20,1052958.531908136,244369.38375363091,0.0,383108.4839844806,436549.49095656263,431015.07756329357,431015.07756329357,26,30,0.778433290678301,-0.050753192412276694,0.0,resolved,True,0.004285524490087678,0.7118661061669028,0.0,0.0,244369.38375363091,42,1052958.531908136,244369.38375363091,0.0,383108.4839844806,436549.49095656263,431015.07756329357,431015.07756329357,26,30,0.778433290678301,-0.050753192412276694,0.0,resolved,True,0.004285524490087678,0.7118661061669028,0.0,0.0,244369.38375363091,42,-0.13899520369028318
2025-06-04,499,20,1053970.7934300024,611387.3553603796,0.0,160178.09911367114,286248.3495646296,284326.84426029073,284326.84426029073,23,23,0.4235662425003899,-0.11961455785760462,0.0,resolved,True,0.0009613498454035252,0.8211517338332084,0.0,0.0,611387.3553603796,28,1053970.7934300024,611387.3553603796,0.0,160178.09911367114,286248.3495646296,284326.84426029073,284326.84426029073,23,23,0.4235662425003899,-0.11961455785760462,0.0,resolved,True,0.0009613498454035252,0.8211517338332084,0.0,0.0,611387.3553603796,28,-0.0700063121498699
2025-06-05,499,20,1051952.1833198913,258024.91978232004,0.0,364137.19051141385,430693.0450037924,430241.55901497486,430241.55901497486,26,24,0.7555763922717236,-0.06326889714923417,0.0,resolved,True,-0.0019152429295898887,0.825703001817328,0.0,0.0,258024.91978232004,24,1051952.1833198913,258024.91978232004,0.0,364137.19051141385,430693.0450037924,430241.55901497486,430241.55901497486,26,24,0.7555763922717236,-0.06326889714923417,0.0,resolved,True,-0.0019152429295898887,0.825703001817328,0.0,0.0,258024.91978232004,24,0.012604878786549523
2025-06-06,499,20,1052204.3746369386,371022.0895819599,0.0,345549.8730965838,340339.95477953716,337986.18336896587,337986.18336896587,28,26,0.6518598899693667,0.00495143191059658,0.0,resolved,True,0.00023973648331754305,0.6020764824845767,0.0,0.0,371022.0895819599,33,1052204.3746369386,371022.0895819599,0.0,345549.8730965838,340339.95477953716,337986.18336896587,337986.18336896587,28,26,0.6518598899693667,0.00495143191059658,0.0,resolved,True,0.00023973648331754305,0.6020764824845767,0.0,0.0,371022.0895819599,33,-0.16062315291696824
2025-06-09,499,20,1048469.7547672953,447491.22662285296,0.0,306748.71042168885,296830.05825298897,295529.93798787124,295529.93798787124,25,28,0.5756758990235634,0.00946012235794184,0.0,resolved,True,-0.0035493293505188817,0.7829317273873617,0.0,0.0,447491.22662285296,25,1048469.7547672953,447491.22662285296,0.0,306748.71042168885,296830.05825298897,295529.93798787124,295529.93798787124,25,28,0.5756758990235634,0.00946012235794184,0.0,resolved,True,-0.0035493293505188817,0.7829317273873617,0.0,0.0,447491.22662285296,25,-0.3890658211776337
2025-06-10,499,20,1040569.0279754392,257958.55086779804,0.0,422082.7490215958,371634.24002973933,366080.98405789235,366080.98405789235,29,26,0.762772067698011,0.048481655359289846,0.0,resolved,True,-0.007535483742790117,0.6721213644033345,0.0,0.0,257958.55086779804,12,1040569.0279754392,257958.55086779804,0.0,422082.7490215958,371634.24002973933,366080.98405789235,366080.98405789235,29,26,0.762772067698011,0.048481655359289846,0.0,resolved,True,-0.007535483742790117,0.6721213644033345,0.0,0.0,257958.55086779804,12,0.16273644680846633
2025-06-11,499,20,1047487.1663696123,140518.12159432672,0.0,486382.1081962041,427486.934185724,424036.93538240273,424036.93538240273,29,29,0.8724393689225055,0.056225198648112686,0.0,resolved,True,0.0066484185173503185,0.3840099353110022,0.0,0.0,140518.12159432672,36,1047487.1663696123,140518.12159432672,0.0,486382.1081962041,427486.934185724,424036.93538240273,424036.93538240273,29,29,0.8724393689225055,0.056225198648112686,0.0,resolved,True,0.0066484185173503185,0.3840099353110022,0.0,0.0,140518.12159432672,36,-0.0758399395880822
2025-06-12,499,20,1046770.6562941198,600695.9955946945,0.0,205849.83567770853,248151.0475267042,244187.9362742105,244187.9362742105,25,27,0.43371571458805624,-0.0404111555808744,0.0,resolved,True,-0.0006840275456317935,0.7055037956580424,0.0,0.0,600695.9955946945,27,1046770.6562941198,600695.9955946945,0.0,205849.83567770853,248151.0475267042,244187.9362742105,244187.9362742105,25,27,0.43371571458805624,-0.0404111555808744,0.0,resolved,True,-0.0006840275456317935,0.7055037956580424,0.0,0.0,600695.9955946945,27,-0.11698559073528011
2025-06-13,499,20,1044109.8972703808,187214.77776526162,0.0,393422.2436136146,469848.4615503631,466660.6687209339,466660.6687209339,28,27,0.8268006149743706,-0.07319748441859404,0.0,resolved,True,-0.0025418739126285006,0.7505543853966562,0.0,0.0,187214.7777652616,37,1044109.8972703808,187214.77776526162,0.0,393422.2436136146,469848.4615503631,466660.6687209339,466660.6687209339,28,27,0.8268006149743706,-0.07319748441859404,0.0,resolved,True,-0.0025418739126285006,0.7505543853966562,0.0,0.0,187214.7777652616,37,0.17304012461870363
2025-06-16,499,20,1043215.9297552705,521497.1969486536,0.0,268874.5432961228,256476.43978454958,254660.31464752185,254660.31464752185,23,26,0.5035879611270077,0.011884503637211245,0.0,resolved,True,-0.0008562005948294926,0.6912881193116933,0.0,0.0,521497.19694865355,39,1043215.9297552705,521497.1969486536,0.0,268874.5432961228,256476.43978454958,254660.31464752185,254660.31464752185,23,26,0.5035879611270077,0.011884503637211245,0.0,resolved,True,-0.0008562005948294926,0.6912881193116933,0.0,0.0,521497.19694865355,39,0.1701549193091657
2025-06-17,499,20,1043011.7192853517,360172.48765806167,0.0,337198.5609433257,351678.1446390141,348659.4076614892,348659.4076614892,22,24,0.6604688066729899,-0.013882474595404823,0.0,resolved,True,-0.00019575091224566243,0.8392974794368778,0.0,0.0,360172.48765806167,28,1043011.7192853517,360172.48765806167,0.0,337198.5609433257,351678.1446390141,348659.4076614892,348659.4076614892,22,24,0.6604688066729899,-0.013882474595404823,0.0,resolved,True,-0.00019575091224566243,0.8392974794368778,0.0,0.0,360172.48765806167,28,0.04732161317101173
2025-06-18,499,20,1043264.0901355409,424151.18403691915,0.0,258341.0031834433,370500.40307610424,365636.1529956414,365636.1529956414,25,30,0.602763396349479,-0.10750815728555287,0.0,resolved,True,0.00024196358058392597,0.7526598684707757,0.0,0.0,424151.18403691915,30,1043264.0901355409,424151.18403691915,0.0,258341.0031834433,370500.40307610424,365636.1529956414,365636.1529956414,25,30,0.602763396349479,-0.10750815728555287,0.0,resolved,True,0.00024196358058392597,0.7526598684707757,0.0,0.0,424151.18403691915,30,-0.07837868208047703
2025-06-20,499,20,1043148.0227315007,306224.9948147158,0.0,362096.31792043376,387115.8934220253,380971.30170918826,380971.30170918826,30,23,0.7182223375936948,-0.023984683818963074,0.0,resolved,True,-0.00011125409676970843,0.6981108806926335,0.0,0.0,306224.9948147158,35,1043148.0227315007,306224.9948147158,0.0,362096.31792043376,387115.8934220253,380971.30170918826,380971.30170918826,30,23,0.7182223375936948,-0.023984683818963074,0.0,resolved,True,-0.00011125409676970843,0.6981108806926335,0.0,0.0,306224.9948147158,35,0.010908135042878382
2025-06-23,499,20,1045971.9918447661,476486.7555840762,0.0,247557.06085516117,333423.3998669723,327675.78763625055,327675.78763625055,27,24,0.5554455236391812,-0.08209238840169121,0.0,resolved,True,0.0027071604908677216,0.749258061221717,0.0,0.0,476486.7555840762,36,1045971.9918447661,476486.7555840762,0.0,247557.06085516117,333423.3998669723,327675.78763625055,327675.78763625055,27,24,0.5554455236391812,-0.08209238840169121,0.0,resolved,True,0.0027071604908677216,0.749258061221717,0.0,0.0,476486.7555840762,36,-0.004010926079437163
2025-06-24,499,20,1043881.1832858892,412140.15940815175,0.0,307462.2193624704,329171.18092881766,326724.99272204237,326724.99272204237,25,23,0.6098715164951224,-0.020796391307689482,0.0,resolved,True,-0.0019989144787608826,0.8685136879775923,0.0,0.0,412140.15940815175,34,1043881.1832858892,412140.15940815175,0.0,307462.2193624704,329171.18092881766,326724.99272204237,326724.99272204237,25,23,0.6098715164951224,-0.020796391307689482,0.0,resolved,True,-0.0019989144787608826,0.8685136879775923,0.0,0.0,412140.15940815175,34,-0.18048958181115476
2025-06-25,499,20,1043841.5071746162,417716.59911579674,0.0,287829.92397119955,340941.92486647883,339618.45447704935,339618.45447704935,24,24,0.6023633324752394,-0.050881288519593795,0.0,resolved,True,-3.800826368771659e-05,0.7937500446307045,0.0,0.0,417716.59911579674,22,1043841.5071746162,417716.59911579674,0.0,287829.92397119955,340941.92486647883,339618.45447704935,339618.45447704935,24,24,0.6023633324752394,-0.050881288519593795,0.0,resolved,True,-3.800826368771659e-05,0.7937500446307045,0.0,0.0,417716.59911579674,22,-0.07328313066993057
2025-06-26,499,20,1043367.7434347817,287848.57698487333,0.0,377322.88751019613,386767.29882782046,382481.78888376633,382481.78888376633,31,29,0.7323306582419546,-0.00905185288413574,0.0,resolved,True,-0.0004538655883850051,0.6778267423222931,0.0,0.0,287848.57698487333,32,1043367.7434347817,287848.57698487333,0.0,377322.88751019613,386767.29882782046,382481.78888376633,382481.78888376633,31,29,0.7323306582419546,-0.00905185288413574,0.0,resolved,True,-0.0004538655883850051,0.6778267423222931,0.0,0.0,287848.57698487333,32,0.03235966079190949
2025-06-27,499,20,1045924.1717203124,446731.47002651176,0.0,257652.14435943836,344404.3647216386,342972.46102800046,342972.46102800046,25,32,0.5756215654628462,-0.08294312600072352,0.0,resolved,True,0.002450169944026692,0.709373131558713,0.0,0.0,446731.47002651176,41,1045924.1717203124,446731.47002651176,0.0,257652.14435943836,344404.3647216386,342972.46102800046,342972.46102800046,25,32,0.5756215654628462,-0.08294312600072352,0.0,resolved,True,0.002450169944026692,0.709373131558713,0.0,0.0,446731.47002651176,41,0.028627621517573927
2025-06-30,499,20,1044357.9149458914,453973.4427990119,0.0,287663.4488394342,307136.1165457594,304928.56992660224,304928.56992660224,22,22,0.5695361301647341,-0.01864558828697542,0.0,resolved,True,-0.0014974859715164435,0.868748674928031,0.0,0.0,453973.4427990119,23,1044357.9149458914,453973.4427990119,0.0,287663.4488394342,307136.1165457594,304928.56992660224,304928.56992660224,22,22,0.5695361301647341,-0.01864558828697542,0.0,resolved,True,-0.0014974859715164435,0.868748674928031,0.0,0.0,453973.4427990119,23,0.21217461067832297
2025-07-01,499,20,1044190.7535569072,301409.35298544576,0.0,338158.10568337125,408786.260583301,406704.7777356956,406704.7777356956,27,23,0.7153332508665665,-0.06763913074248518,0.0,resolved,True,-0.00016006139905866412,0.7229725702920499,0.0,0.0,301409.35298544576,34,1044190.7535569072,301409.35298544576,0.0,338158.10568337125,408786.260583301,406704.7777356956,406704.7777356956,27,23,0.7153332508665665,-0.06763913074248518,0.0,resolved,True,-0.00016006139905866412,0.7229725702920499,0.0,0.0,301409.35298544576,34,-0.2585296366373425
2025-07-02,499,20,1041731.4215927611,479360.2443671463,0.0,284064.84163206484,296861.2883456433,287583.8119695966,287583.8119695966,24,23,0.5576544183427797,-0.012283825224368562,0.0,resolved,True,-0.0023552516202319795,0.7488511309255594,0.0,0.0,479360.2443671463,24,1041731.4215927611,479360.2443671463,0.0,284064.84163206484,296861.2883456433,287583.8119695966,287583.8119695966,24,23,0.5576544183427797,-0.012283825224368562,0.0,resolved,True,-0.0023552516202319795,0.7488511309255594,0.0,0.0,479360.2443671463,24,0.17969648937826305
2025-07-03,499,20,1040022.0528241866,281125.37791875075,0.0,324166.03842311044,455825.1458406355,445277.89116148057,445277.89116148057,24,30,0.7499756203685055,-0.1265926112431981,0.0,resolved,True,-0.001640892012224171,0.7371049320932892,0.0,0.0,281125.37791875075,41,1040022.0528241866,281125.37791875075,0.0,324166.03842311044,455825.1458406355,445277.89116148057,445277.89116148057,24,30,0.7499756203685055,-0.1265926112431981,0.0,resolved,True,-0.001640892012224171,0.7371049320932892,0.0,0.0,281125.37791875075,41,-0.060493386892673834
2025-07-07,499,20,1043857.5952553586,530889.0013778508,0.0,182752.67781724696,341764.82983453036,335990.37294739555,335990.37294739555,22,26,0.5024799455748222,-0.15233126888192475,0.0,resolved,True,0.003687943366928126,0.78033320382208,0.0,0.0,530889.0013778508,28,1043857.5952553586,530889.0013778508,0.0,182752.67781724696,341764.82983453036,335990.37294739555,335990.37294739555,22,26,0.5024799455748222,-0.15233126888192475,0.0,resolved,True,0.003687943366928126,0.78033320382208,0.0,0.0,530889.0013778508,28,0.21423439818764334
2025-07-08,499,20,1039997.4329756487,307191.8147416424,0.0,359614.3688914563,380835.2784004304,377013.2638714903,377013.2638714903,24,24,0.7119725720604005,-0.020404771046652188,0.0,resolved,True,-0.00369797786331727,0.8107805826753608,0.0,0.0,307191.8147416424,31,1039997.4329756487,307191.8147416424,0.0,359614.3688914563,380835.2784004304,377013.2638714903,377013.2638714903,24,24,0.7119725720604005,-0.020404771046652188,0.0,resolved,True,-0.00369797786331727,0.8107805826753608,0.0,0.0,307191.8147416424,31,0.12221237440658404
2025-07-09,499,20,1037987.9703742263,433019.5897342188,0.0,333016.143949309,281785.3790390012,276868.80786484986,276868.80786484986,26,21,0.592301202456764,0.04935583684253833,0.0,resolved,True,-0.0019321803474772192,0.7186993629435299,0.0,0.0,433019.5897342188,36,1037987.9703742263,433019.5897342188,0.0,333016.143949309,281785.3790390012,276868.80786484986,276868.80786484986,26,21,0.592301202456764,0.04935583684253833,0.0,resolved,True,-0.0019321803474772192,0.7186993629435299,0.0,0.0,433019.5897342188,36,-0.09860882430765823
2025-07-10,499,20,1037989.7616824305,451481.0475990846,0.0,328362.76738559693,258976.69636201087,258561.32152987988,258561.32152987988,23,22,0.5658432148652563,0.0668465851831923,0.0,resolved,True,1.7257504472123486e-06,0.8643917377217902,0.0,0.0,451481.0475990846,31,1037989.7616824305,451481.0475990846,0.0,328362.76738559693,258976.69636201087,258561.32152987988,258561.32152987988,23,22,0.5658432148652563,0.0668465851831923,0.0,resolved,True,1.7257504472123486e-06,0.8643917377217902,0.0,0.0,451481.0475990846,31,0.022589101265899518
2025-07-11,499,20,1038012.9135814727,427927.8820083604,0.0,308107.87795804173,301060.750390991,301518.95200303075,301518.95200303075,24,24,0.5868603563391214,0.006789055776518163,0.0,resolved,True,2.230455433838152e-05,0.8450350325537431,0.0,0.0,427927.8820083604,25,1038012.9135814727,427927.8820083604,0.0,308107.87795804173,301060.750390991,301518.95200303075,301518.95200303075,24,24,0.5868603563391214,0.006789055776518163,0.0,resolved,True,2.230455433838152e-05,0.8450350325537431,0.0,0.0,427927.8820083604,25,0.06178498841031422
2025-07-14,499,20,1041032.1830396326,298627.2705209312,0.0,395077.5131436908,347796.8196198276,347562.10949741903,347562.10949741903,30,27,0.7135940126216413,0.0454171295509922,0.0,resolved,True,0.0029087012489492636,0.6973152426791676,0.0,0.0,298627.2705209312,34,1041032.1830396326,298627.2705209312,0.0,395077.5131436908,347796.8196198276,347562.10949741903,347562.10949741903,30,27,0.7135940126216413,0.0454171295509922,0.0,resolved,True,0.0029087012489492636,0.6973152426791676,0.0,0.0,298627.2705209312,34,-0.006239227999780229
2025-07-15,499,20,1042410.3234711953,428064.73776997265,0.0,254967.78146473944,352687.58713524305,356032.69568586315,356032.69568586315,24,30,0.5829329918534462,-0.09374408855152122,0.0,resolved,True,0.0013238211594368554,0.6960671831271995,0.0,0.0,428064.73776997265,29,1042410.3234711953,428064.73776997265,0.0,254967.78146473944,352687.58713524305,356032.69568586315,356032.69568586315,24,30,0.5829329918534462,-0.09374408855152122,0.0,resolved,True,0.0013238211594368554,0.6960671831271995,0.0,0.0,428064.73776997265,29,0.025199762889506254
2025-07-16,499,20,1040700.4206779994,333404.4154551177,0.0,344256.3078034664,363798.96098876756,363419.32920409145,363419.32920409145,23,29,0.6803641612164886,-0.018778365797689836,0.0,resolved,True,-0.0016403356285862314,0.7269053509522311,0.0,0.0,333404.4154551177,39,1040700.4206779994,333404.4154551177,0.0,344256.3078034664,363798.96098876756,363419.32920409145,363419.32920409145,23,29,0.6803641612164886,-0.018778365797689836,0.0,resolved,True,-0.0016403356285862314,0.7269053509522311,0.0,0.0,333404.4154551177,39,-0.07537004625928768
2025-07-17,499,20,1038517.732165972,513380.7435640582,0.0,292271.6392975222,237411.13485723198,235138.24208081176,235138.24208081176,24,23,0.5100372942597982,0.05282577537301271,0.0,resolved,True,-0.0020973264434787087,0.8171422814474839,0.0,0.0,513380.7435640582,24,1038517.732165972,513380.7435640582,0.0,292271.6392975222,237411.13485723198,235138.24208081176,235138.24208081176,24,23,0.5100372942597982,0.05282577537301271,0.0,resolved,True,-0.0020973264434787087,0.8171422814474839,0.0,0.0,513380.7435640582,24,0.06664211312950397
2025-07-18,499,20,1043072.5369253312,287406.4482910451,0.0,400749.0780405574,358506.38224340003,356711.69641856436,356711.69641856436,25,28,0.7279028383989646,0.04049832998352761,0.0,resolved,True,0.004385870956540749,0.7735578028306355,0.0,0.0,287406.4482910451,36,1043072.5369253312,287406.4482910451,0.0,400749.0780405574,358506.38224340003,356711.69641856436,356711.69641856436,25,28,0.7279028383989646,0.04049832998352761,0.0,resolved,True,0.004385870956540749,0.7735578028306355,0.0,0.0,287406.4482910451,36,-0.11949271825298458
2025-07-21,499,20,1040669.2781566541,518178.9441824747,0.0,243678.2209782655,280627.51581177826,279719.81440384605,279719.81440384605,25,27,0.5038159075078595,-0.03550531913362651,0.0,resolved,True,-0.0023040188324401356,0.7727697903526624,0.0,0.0,518178.94418247463,31,1040669.2781566541,518178.9441824747,0.0,243678.2209782655,280627.51581177826,279719.81440384605,279719.81440384605,25,27,0.5038159075078595,-0.03550531913362651,0.0,resolved,True,-0.0023040188324401356,0.7727697903526624,0.0,0.0,518178.94418247463,31,0.016155496777204795
2025-07-22,499,20,1039248.006083935,319313.2970803303,0.0,405299.5913272574,318506.40582254546,316570.76174944645,316570.76174944645,25,26,0.6964709029149145,0.08351537361304504,0.0,resolved,True,-0.001365728865597493,0.8074094831857523,0.0,0.0,319313.2970803303,24,1039248.006083935,319313.2970803303,0.0,405299.5913272574,318506.40582254546,316570.76174944645,316570.76174944645,25,26,0.6964709029149145,0.08351537361304504,0.0,resolved,True,-0.001365728865597493,0.8074094831857523,0.0,0.0,319313.2970803303,24,0.05378725387710554
2025-07-23,499,20,1042910.8331136868,296104.5677930911,0.0,471926.94353183295,280446.19779366197,277662.75979121233,277662.75979121233,31,24,0.7214165558902382,0.18360222145405392,0.0,resolved,True,0.0035244975292796354,0.593768646370475,0.0,0.0,296104.5677930911,42,1042910.8331136868,296104.5677930911,0.0,471926.94353183295,280446.19779366197,277662.75979121233,277662.75979121233,31,24,0.7214165558902382,0.18360222145405392,0.0,resolved,True,0.0035244975292796354,0.593768646370475,0.0,0.0,296104.5677930911,42,-0.0019224001752907959
2025-07-24,499,20,1047591.3190933041,583628.716318618,0.0,220291.60539390417,241920.06601779597,242795.53169928887,242795.53169928887,23,22,0.44121372808983067,-0.02064589523575982,0.0,resolved,True,0.004487906186230184,0.8457110415635163,0.0,0.0,583628.716318618,26,1047591.3190933041,583628.716318618,0.0,220291.60539390417,241920.06601779597,242795.53169928887,242795.53169928887,23,22,0.44121372808983067,-0.02064589523575982,0.0,resolved,True,0.004487906186230184,0.8457110415635163,0.0,0.0,583628.716318618,26,0.008976468044805522
2025-07-25,499,20,1044172.6376372853,264476.1326726263,0.0,431104.75357628235,355799.66497620195,352195.70818228927,352195.70818228927,27,24,0.7536152453995176,0.07211938513393526,0.0,resolved,True,-0.003263373219794974,0.811099072095005,0.0,0.0,264476.1326726263,26,1044172.6376372853,264476.1326726263,0.0,431104.75357628235,355799.66497620195,352195.70818228927,352195.70818228927,27,24,0.7536152453995176,0.07211938513393526,0.0,resolved,True,-0.003263373219794974,0.811099072095005,0.0,0.0,264476.1326726263,26,-0.12513446481973547
2025-07-28,499,20,1043059.4955519056,388898.92606432404,0.0,290116.33287725714,369353.3475083147,366698.79205931956,366698.79205931956,23,26,0.6322455077566137,-0.07596595876741578,0.0,resolved,True,-0.0010660517669744962,0.6286971573230272,0.0,0.0,388898.92606432404,30,1043059.4955519056,388898.92606432404,0.0,290116.33287725714,369353.3475083147,366698.79205931956,366698.79205931956,23,26,0.6322455077566137,-0.07596595876741578,0.0,resolved,True,-0.0010660517669744962,0.6286971573230272,0.0,0.0,388898.92606432404,30,0.14330409571348962
2025-07-29,499,20,1042974.5332898351,385620.64933741227,0.0,293886.188901835,363520.7698175888,363494.23243408836,363494.23243408836,24,23,0.6303192817621128,-0.06676537028771616,0.0,resolved,True,-8.145485701704924e-05,0.7441855346649757,0.0,0.0,385620.64933741227,35,1042974.5332898351,385620.64933741227,0.0,293886.188901835,363520.7698175888,363494.23243408836,363494.23243408836,24,23,0.6303192817621128,-0.06676537028771616,0.0,resolved,True,-8.145485701704924e-05,0.7441855346649757,0.0,0.0,385620.64933741227,35,0.031061799722637826
2025-07-30,499,20,1047149.1877068735,454820.12164069875,0.0,321801.4184455974,270680.6048647777,270604.12624267756,270604.12624267756,24,22,0.5658047871935393,0.04881903570279983,0.0,resolved,True,0.004002642714458604,0.8023506864844546,0.0,0.0,454820.12164069875,31,1047149.1877068735,454820.12164069875,0.0,321801.4184455974,270680.6048647777,270604.12624267756,270604.12624267756,24,22,0.5658047871935393,0.04881903570279983,0.0,resolved,True,0.004002642714458604,0.8023506864844546,0.0,0.0,454820.12164069875,31,-0.08880174481099615
2025-07-31,499,20,1051353.9803441986,358403.0265087943,0.0,372359.5529687202,317822.3301612563,319206.86551397014,319206.86551397014,25,22,0.6564695583346919,0.051873321285766355,0.0,resolved,True,0.004015466646670518,0.7708958317410497,0.0,0.0,358403.0265087943,25,1051353.9803441986,358403.0265087943,0.0,372359.5529687202,317822.3301612563,319206.86551397014,319206.86551397014,25,22,0.6564695583346919,0.051873321285766355,0.0,resolved,True,0.004015466646670518,0.7708958317410497,0.0,0.0,358403.0265087943,25,-0.10274922662782547
2025-08-01,499,20,1040197.6712564712,382500.05915649957,0.0,377725.17612425104,276179.698041059,278076.0670083899,278076.0670083899,28,25,0.6286352029373878,0.097621328031367,0.0,resolved,True,-0.010611372854721135,0.6972368430922183,0.0,0.0,382500.05915649957,24,1040197.6712564712,382500.05915649957,0.0,377725.17612425104,276179.698041059,278076.0670083899,278076.0670083899,28,25,0.6286352029373878,0.097621328031367,0.0,resolved,True,-0.010611372854721135,0.6972368430922183,0.0,0.0,382500.05915649957,24,-0.037161711243872506
2025-08-04,499,20,1039570.5505425003,290797.4112451594,0.0,494241.9275648284,258230.76145866,256380.9865955863,256380.9865955863,33,26,0.723830324580482,0.22702756054700268,0.0,resolved,True,-0.0006028860968447791,0.6481597048144121,0.0,0.0,290797.4112451594,38,1039570.5505425003,290797.4112451594,0.0,494241.9275648284,258230.76145866,256380.9865955863,256380.9865955863,33,26,0.723830324580482,0.22702756054700268,0.0,resolved,True,-0.0006028860968447791,0.6481597048144121,0.0,0.0,290797.4112451594,38,0.08729947310709396
2025-08-05,499,20,1033974.6954578114,489184.528246825,0.0,301706.02524148155,242579.30197811392,242831.7219738094,242831.7219738094,25,26,0.5264010131104834,0.05718391709498092,0.0,resolved,True,-0.005382852642149993,0.7519829184318293,0.0,0.0,489184.528246825,34,1033974.6954578114,489184.528246825,0.0,301706.02524148155,242579.30197811392,242831.7219738094,242831.7219738094,25,26,0.5264010131104834,0.05718391709498092,0.0,resolved,True,-0.005382852642149993,0.7519829184318293,0.0,0.0,489184.528246825,34,0.09301115764381904
2025-08-06,499,20,1033392.1087303681,345521.84091791045,0.0,368464.0475678004,318977.67264475726,319191.9464447073,319191.9464447073,25,22,0.66522834305088,0.04788731644548979,0.0,resolved,True,-0.0005634438927785146,0.8078979653676204,0.0,0.0,345521.84091791045,29,1033392.1087303681,345521.84091791045,0.0,368464.0475678004,318977.67264475726,319191.9464447073,319191.9464447073,25,22,0.66522834305088,0.04788731644548979,0.0,resolved,True,-0.0005634438927785146,0.8078979653676204,0.0,0.0,345521.84091791045,29,0.1283680999180776
2025-08-07,499,20,1033270.0906612258,430546.4556920747,0.0,332505.5514486036,270263.85995375126,270240.97173714946,270240.97173714946,26,23,0.5833609400390383,0.060237581690786884,0.0,resolved,True,-0.000118075286342334,0.7547206919927459,0.0,0.0,430546.4556920747,32,1033270.0906612258,430546.4556920747,0.0,332505.5514486036,270263.85995375126,270240.97173714946,270240.97173714946,26,23,0.5833609400390383,0.060237581690786884,0.0,resolved,True,-0.000118075286342334,0.7547206919927459,0.0,0.0,430546.4556920747,32,-0.01705711533495232
2025-08-08,499,20,1032736.5406440414,435458.01428762364,0.0,292856.6761766738,306068.6603377316,305245.2552587378,305245.2552587378,25,25,0.5799401037372998,-0.012793179713403442,0.0,resolved,True,-0.000516370329507021,0.8380110673714387,0.0,0.0,435458.0142876237,28,1032736.5406440414,435458.01428762364,0.0,292856.6761766738,306068.6603377316,305245.2552587378,305245.2552587378,25,25,0.5799401037372998,-0.012793179713403442,0.0,resolved,True,-0.000516370329507021,0.8380110673714387,0.0,0.0,435458.0142876237,28,-0.004825078820405512
2025-08-11,499,20,1033098.6373323806,323530.9106124041,0.0,361184.8668311962,345674.19690515066,347028.5283969655,347028.5283969655,26,27,0.6842125603432848,0.015013735732046316,0.0,resolved,True,0.00035061864675900445,0.7358376653558083,0.0,0.0,323530.9106124041,31,1033098.6373323806,323530.9106124041,0.0,361184.8668311962,345674.19690515066,347028.5283969655,347028.5283969655,26,27,0.6842125603432848,0.015013735732046316,0.0,resolved,True,0.00035061864675900445,0.7358376653558083,0.0,0.0,323530.9106124041,31,0.08019042814026207
2025-08-12,499,20,1033318.3370324713,436615.7646450979,0.0,308588.2571151365,291703.4393847009,289908.87732846895,289908.87732846895,25,26,0.5809358790861887,0.016340383331361497,0.0,resolved,True,0.00021266091363547623,0.7401665830541491,0.0,0.0,436615.7646450979,32,1033318.3370324713,436615.7646450979,0.0,308588.2571151365,291703.4393847009,289908.87732846895,289908.87732846895,25,26,0.5809358790861887,0.016340383331361497,0.0,resolved,True,0.00021266091363547623,0.7401665830541491,0.0,0.0,436615.7646450979,32,-0.03879604889784051
2025-08-13,499,20,1034460.6357794532,315503.2954825838,0.0,342686.26651080186,385467.58360364544,380869.32869485643,380869.32869485643,22,26,0.703897108241139,-0.04135615760826742,0.0,resolved,True,0.0011054664434413386,0.7264451436388298,0.0,0.0,315503.2954825838,30,1034460.6357794532,315503.2954825838,0.0,342686.26651080186,385467.58360364544,380869.32869485643,380869.32869485643,22,26,0.703897108241139,-0.04135615760826742,0.0,resolved,True,0.0011054664434413386,0.7264451436388298,0.0,0.0,315503.2954825838,30,0.12614901750538512
2025-08-14,499,20,1036465.8251005467,419572.4097773272,0.0,259051.03089039773,365716.02459731774,361779.2045150697,361779.2045150697,23,26,0.6027859678124045,-0.10291221487845248,0.0,resolved,True,0.0019383911303523238,0.705082381071955,0.0,0.0,419572.4097773272,30,1036465.8251005467,419572.4097773272,0.0,259051.03089039773,365716.02459731774,361779.2045150697,361779.2045150697,23,26,0.6027859678124045,-0.10291221487845248,0.0,resolved,True,0.0019383911303523238,0.705082381071955,0.0,0.0,419572.4097773272,30,0.12471780289890005
2025-08-15,499,20,1037057.8238749242,394677.85431076476,0.0,310572.0637810556,333182.79790315207,332495.3518431279,332495.3518431279,24,24,0.6207511740076787,-0.021802770878881526,0.0,resolved,True,0.000571170568330226,0.7918819167939647,0.0,0.0,394677.85431076476,28,1037057.8238749242,394677.85431076476,0.0,310572.0637810556,333182.79790315207,332495.3518431279,332495.3518431279,24,24,0.6207511740076787,-0.021802770878881526,0.0,resolved,True,0.000571170568330226,0.7918819167939647,0.0,0.0,394677.85431076476,28,0.1015463902093316
2025-08-18,499,20,1038849.4011027985,346687.61379014805,0.0,320682.1265943947,372492.62457246333,371986.1426453596,371986.1426453596,24,25,0.6672523952278483,-0.049872963225534736,0.0,resolved,True,0.0017275576989335129,0.7140254238084616,0.0,0.0,346687.61379014805,24,1038849.4011027985,346687.61379014805,0.0,320682.1265943947,372492.62457246333,371986.1426453596,371986.1426453596,24,25,0.6672523952278483,-0.049872963225534736,0.0,resolved,True,0.0017275576989335129,0.7140254238084616,0.0,0.0,346687.61379014805,24,0.3121788724493833
2025-08-19,499,20,1033384.7901413741,368294.18622803036,0.0,286896.23637575755,378497.1760946058,378345.7718160961,378345.7718160961,23,28,0.6438970447584514,-0.08864165661497363,0.0,resolved,True,-0.005260253272152293,0.6881214887167585,0.0,0.0,368294.18622803036,30,1033384.7901413741,368294.18622803036,0.0,286896.23637575755,378497.1760946058,378345.7718160961,378345.7718160961,23,28,0.6438970447584514,-0.08864165661497363,0.0,resolved,True,-0.005260253272152293,0.6881214887167585,0.0,0.0,368294.18622803036,30,-0.011969494713921128
2025-08-20,499,20,1035868.856780333,376139.0652461749,0.0,345460.3069596969,314432.8551201667,314351.1698473139,314351.1698473139,26,21,0.6370431524806437,0.029953069480213073,0.0,resolved,True,0.0024038157544576944,0.7139965564835968,0.0,0.0,376139.0652461749,24,1035868.856780333,376139.0652461749,0.0,345460.3069596969,314432.8551201667,314351.1698473139,314351.1698473139,26,21,0.6370431524806437,0.029953069480213073,0.0,resolved,True,0.0024038157544576944,0.7139965564835968,0.0,0.0,376139.0652461749,24,-0.013343275796691293
2025-08-21,499,20,1036211.7941404704,276117.1029764014,0.0,401864.96598254796,356776.53255791747,357503.1288697194,357503.1288697194,28,24,0.7321297661640231,0.043512758375840524,0.0,resolved,True,0.000331062525813719,0.6268016784757716,0.0,0.0,276117.1029764014,29,1036211.7941404704,276117.1029764014,0.0,401864.96598254796,356776.53255791747,357503.1288697194,357503.1288697194,28,24,0.7321297661640231,0.043512758375840524,0.0,resolved,True,0.000331062525813719,0.6268016784757716,0.0,0.0,276117.1029764014,29,0.07598560735062311
2025-08-22,499,20,1040949.2666363791,353615.94413840276,0.0,376978.1671427948,318950.3073722625,314652.731363722,314652.731363722,24,26,0.6685517698319844,0.05574513728035738,0.0,resolved,True,0.004571915242325808,0.6126906378750213,0.0,0.0,353615.94413840276,38,1040949.2666363791,353615.94413840276,0.0,376978.1671427948,318950.3073722625,314652.731363722,314652.731363722,24,26,0.6685517698319844,0.05574513728035738,0.0,resolved,True,0.004571915242325808,0.6126906378750213,0.0,0.0,353615.94413840276,38,-0.09403461543209535
2025-08-25,499,20,1040088.2850800859,575580.4281240504,0.0,233858.76981479063,233413.69818771878,232031.3926644818,232031.3926644818,21,27,0.44926231234931163,0.0004279171618951412,0.0,resolved,True,-0.0008271119293596918,0.8957419506213736,0.0,0.0,575580.4281240504,28,1040088.2850800859,575580.4281240504,0.0,233858.76981479063,233413.69818771878,232031.3926644818,232031.3926644818,21,27,0.44926231234931163,0.0004279171618951412,0.0,resolved,True,-0.0008271119293596918,0.8957419506213736,0.0,0.0,575580.4281240504,28,-0.045363311446340635
2025-08-26,499,20,1039605.4374702438,256638.77889470922,0.0,398858.7708016292,388142.3386007867,386125.113187346,386125.113187346,26,27,0.7570190391822973,0.010308172518719835,0.0,resolved,True,-0.0004642371390664035,0.8003180866953955,0.0,0.0,256638.77889470922,28,1039605.4374702438,256638.77889470922,0.0,398858.7708016292,388142.3386007867,386125.113187346,386125.113187346,26,27,0.7570190391822973,0.010308172518719835,0.0,resolved,True,-0.0004642371390664035,0.8003180866953955,0.0,0.0,256638.77889470922,28,0.12623863730116786
2025-08-27,499,20,1034828.9109900767,410796.6386834857,0.0,340386.66166252573,287754.3834767648,285699.997060415,285699.997060415,28,26,0.6069998996629443,0.0508608501625692,0.0,resolved,True,-0.004594557038668623,0.647704170914953,0.0,0.0,410796.6386834857,33,1034828.9109900767,410796.6386834857,0.0,340386.66166252573,287754.3834767648,285699.997060415,285699.997060415,28,26,0.6069998996629443,0.0508608501625692,0.0,resolved,True,-0.004594557038668623,0.647704170914953,0.0,0.0,410796.6386834857,33,-0.1265500706932338
2025-08-28,499,20,1032671.4609510731,325802.6489706526,0.0,374463.04509513406,344356.0023394688,338380.8846123776,338380.8846123776,26,24,0.6960771887436326,0.029154521930854153,0.0,resolved,True,-0.002084837422003827,0.714076279436545,0.0,0.0,325802.6489706526,24,1032671.4609510731,325802.6489706526,0.0,374463.04509513406,344356.0023394688,338380.8846123776,338380.8846123776,26,24,0.6960771887436326,0.029154521930854153,0.0,resolved,True,-0.002084837422003827,0.714076279436545,0.0,0.0,325802.6489706526,24,0.18795459928627756
2025-08-29,499,20,1035750.1514028173,320070.40197223925,0.0,341519.44747912156,379661.12180581706,376910.71187863685,376910.71187863685,27,24,0.696288162070914,-0.036825168960908684,0.0,resolved,True,0.0029812874357046937,0.624627669330032,0.0,0.0,320070.40197223925,33,1035750.1514028173,320070.40197223925,0.0,341519.44747912156,379661.12180581706,376910.71187863685,376910.71187863685,27,24,0.696288162070914,-0.036825168960908684,0.0,resolved,True,0.0029812874357046937,0.624627669330032,0.0,0.0,320070.40197223925,33,-0.041834309237279425
2025-09-02,499,20,1035845.8212428056,417235.319028958,0.0,331333.83043632377,295915.773324484,291596.2225510039,291596.2225510039,25,23,0.6055434031758077,0.03419240236867033,0.0,resolved,True,9.236768139375684e-05,0.7030890924116001,0.0,0.0,417235.319028958,23,1035845.8212428056,417235.319028958,0.0,331333.83043632377,295915.773324484,291596.2225510039,291596.2225510039,25,23,0.6055434031758077,0.03419240236867033,0.0,resolved,True,9.236768139375684e-05,0.7030890924116001,0.0,0.0,417235.319028958,23,0.08040604209089773
2025-09-03,499,20,1034594.9399166347,240243.18413375726,0.0,394436.64113683853,405224.1598755152,402569.63726077706,402569.63726077706,23,32,0.7729216238741594,-0.010426804078073212,0.0,resolved,True,-0.0012075941231003418,0.6395613851939245,0.0,0.0,240243.18413375726,32,1034594.9399166347,240243.18413375726,0.0,394436.64113683853,405224.1598755152,402569.63726077706,402569.63726077706,23,32,0.7729216238741594,-0.010426804078073212,0.0,resolved,True,-0.0012075941231003418,0.6395613851939245,0.0,0.0,240243.18413375726,32,-0.032927560116233864
2025-09-04,499,20,1034212.4656812715,408309.18242548406,0.0,310989.335983002,331272.71489216073,323093.3310824731,323093.3310824731,23,28,0.6210155767674705,-0.019612390666551665,0.0,resolved,True,-0.00036968500483292033,0.6272572591454824,0.0,0.0,408309.18242548406,34,1034212.4656812715,408309.18242548406,0.0,310989.335983002,331272.71489216073,323093.3310824731,323093.3310824731,23,28,0.6210155767674705,-0.019612390666551665,0.0,resolved,True,-0.00036968500483292033,0.6272572591454824,0.0,0.0,408309.18242548406,34,0.0868880830622573
2025-09-05,499,20,1034947.3972943525,409973.43263199925,0.0,287391.79543243296,343342.0361134804,340462.10267170036,340462.10267170036,22,24,0.6094356420382634,-0.05406095114333087,0.0,resolved,True,0.0007106195655810499,0.8036054169088485,0.0,0.0,409973.43263199925,30,1034947.3972943525,409973.43263199925,0.0,287391.79543243296,343342.0361134804,340462.10267170036,340462.10267170036,22,24,0.6094356420382634,-0.05406095114333087,0.0,resolved,True,0.0007106195655810499,0.8036054169088485,0.0,0.0,409973.43263199925,30,0.0969029961514769
2025-09-08,499,20,1026429.5319685271,392987.2406769728,0.0,287812.656081578,349420.9506196523,347525.29291481426,347525.29291481426,21,27,0.6208254798350535,-0.06002194268506623,0.0,resolved,True,-0.008230239863488253,0.790644365143951,0.0,0.0,392987.2406769728,28,1026429.5319685271,392987.2406769728,0.0,287812.656081578,349420.9506196523,347525.29291481426,347525.29291481426,21,27,0.6208254798350535,-0.06002194268506623,0.0,resolved,True,-0.008230239863488253,0.790644365143951,0.0,0.0,392987.2406769728,28,0.1439153456527441
2025-09-09,499,20,1029715.5157596245,346471.2140750933,0.0,344736.97276013845,336167.59891054017,337337.46391746646,337337.46391746646,27,26,0.6612550371918725,0.008322078980500384,0.0,resolved,True,0.003201373001023633,0.7192543359295859,0.0,0.0,346471.2140750933,35,1029715.5157596245,346471.2140750933,0.0,344736.97276013845,336167.59891054017,337337.46391746646,337337.46391746646,27,26,0.6612550371918725,0.008322078980500384,0.0,resolved,True,0.003201373001023633,0.7192543359295859,0.0,0.0,346471.2140750933,35,-0.02488491555323388
2025-09-10,499,20,1027064.2110026435,485482.9626650694,0.0,292929.5010500604,256712.98225387142,252682.3647706925,252682.3647706925,25,22,0.535158831761218,0.035262175829136884,0.0,resolved,True,-0.0025747934418810514,0.8065291837732389,0.0,0.0,485482.9626650694,27,1027064.2110026435,485482.9626650694,0.0,292929.5010500604,256712.98225387142,252682.3647706925,252682.3647706925,25,22,0.535158831761218,0.035262175829136884,0.0,resolved,True,-0.0025747934418810514,0.8065291837732389,0.0,0.0,485482.9626650694,27,0.12168413845824794
2025-09-11,499,20,1023803.064527909,300267.2080005214,0.0,335640.83703565237,410067.7036433236,398981.36156752944,398981.36156752944,24,24,0.7283710769344428,-0.07269646789149883,0.0,resolved,True,-0.003175211870688033,0.7657813632984053,0.0,0.0,300267.2080005214,36,1023803.064527909,300267.2080005214,0.0,335640.83703565237,410067.7036433236,398981.36156752944,398981.36156752944,24,24,0.7283710769344428,-0.07269646789149883,0.0,resolved,True,-0.003175211870688033,0.7657813632984053,0.0,0.0,300267.2080005214,36,0.10370053197725203
2025-09-12,499,20,1017525.4593936654,566233.734412017,0.0,226651.49355805363,224694.25122120467,224667.24132239967,224667.24132239967,25,21,0.44357194270913997,0.0019235315625569292,0.0,resolved,True,-0.006131653002170223,0.873291471172147,0.0,0.0,566233.734412017,29,1017525.4593936654,566233.734412017,0.0,226651.49355805363,224694.25122120467,224667.24132239967,224667.24132239967,25,21,0.44357194270913997,0.0019235315625569292,0.0,resolved,True,-0.006131653002170223,0.873291471172147,0.0,0.0,566233.734412017,29,-0.05672320595450859
2025-09-15,499,20,1015684.8533838715,265306.0046944397,0.0,406560.42846873123,348340.6127616824,346079.51649119146,346079.51649119146,30,22,0.7432433778207616,0.057320748176053586,0.0,resolved,True,-0.001808904133849154,0.8171908694922652,0.0,0.0,265306.0046944397,23,1015684.8533838715,265306.0046944397,0.0,406560.42846873123,348340.6127616824,346079.51649119146,346079.51649119146,30,22,0.7432433778207616,0.057320748176053586,0.0,resolved,True,-0.001808904133849154,0.8171908694922652,0.0,0.0,265306.0046944397,23,0.04336725510271338
2025-09-16,499,20,1016704.5280991569,308688.40846413025,0.0,300123.46174911247,408013.9461879038,407953.30203690904,407953.30203690904,25,28,0.6965026596871351,-0.10611783606443133,0.0,resolved,True,0.0010039282479090694,0.5651874583253284,0.0,0.0,308688.40846413025,26,1016704.5280991569,308688.40846413025,0.0,300123.46174911247,408013.9461879038,407953.30203690904,407953.30203690904,25,28,0.6965026596871351,-0.10611783606443133,0.0,resolved,True,0.0010039282479090694,0.5651874583253284,0.0,0.0,308688.40846413025,26,0.08460814659572528
2025-09-17,499,20,1021308.0920304892,300093.89223585895,0.0,373232.23812888534,349900.38559214945,348941.1736289472,348941.1736289472,28,28,0.7080455245227284,0.022845067731079284,0.0,resolved,True,0.00452792704674887,0.5930091471179038,0.0,0.0,300093.89223585895,36,1021308.0920304892,300093.89223585895,0.0,373232.23812888534,349900.38559214945,348941.1736289472,348941.1736289472,28,28,0.7080455245227284,0.022845067731079284,0.0,resolved,True,0.00452792704674887,0.5930091471179038,0.0,0.0,300093.89223585895,36,0.05833752525353931
2025-09-18,499,20,1014089.1795997692,478087.9788624651,0.0,315431.5427962867,226973.04402412515,223771.3509825713,223771.3509825713,30,23,0.5348687252875362,0.0872295065874517,0.0,resolved,True,-0.007068300434561303,0.7755585768295857,0.0,0.0,478087.9788624651,36,1014089.1795997692,478087.9788624651,0.0,315431.5427962867,226973.04402412515,223771.3509825713,223771.3509825713,30,23,0.5348687252875362,0.0872295065874517,0.0,resolved,True,-0.007068300434561303,0.7755585768295857,0.0,0.0,478087.9788624651,36,-0.054275200089164095
2025-09-19,499,20,1013426.8225465126,354222.6882902433,0.0,368616.12122255104,292532.82811129745,291560.42057250784,291560.42057250784,26,25,0.6523894321965256,0.07507527077295376,0.0,resolved,True,-0.0006531546402240851,0.8252420420302299,0.0,0.0,354222.6882902433,30,1013426.8225465126,354222.6882902433,0.0,368616.12122255104,292532.82811129745,291560.42057250784,291560.42057250784,26,25,0.6523894321965256,0.07507527077295376,0.0,resolved,True,-0.0006531546402240851,0.8252420420302299,0.0,0.0,354222.6882902433,30,-0.15454383685147022
2025-09-22,499,20,1012019.8902627086,386633.8911098987,0.0,320737.1055837079,309727.46904462937,307188.1813068657,307188.1813068657,25,26,0.6229764658723022,0.01087887367136685,0.0,resolved,True,-0.001388291934358521,0.7311473854867179,0.0,0.0,386633.8911098987,29,1012019.8902627086,386633.8911098987,0.0,320737.1055837079,309727.46904462937,307188.1813068657,307188.1813068657,25,26,0.6229764658723022,0.01087887367136685,0.0,resolved,True,-0.001388291934358521,0.7311473854867179,0.0,0.0,386633.8911098987,29,0.17296605532484743
2025-09-23,499,20,1014500.9611362226,359422.47757418384,0.0,322268.64032121794,330039.81251258455,331424.8278767026,331424.8278767026,25,24,0.6429845587363751,-0.007660093473606019,0.0,resolved,True,0.0024516028759768993,0.7386661143870044,0.0,0.0,359422.47757418384,31,1014500.9611362226,359422.47757418384,0.0,322268.64032121794,330039.81251258455,331424.8278767026,331424.8278767026,25,24,0.6429845587363751,-0.007660093473606019,0.0,resolved,True,0.0024516028759768993,0.7386661143870044,0.0,0.0,359422.47757418384,31,-0.14636964326723706
2025-09-24,499,20,1011936.234619152,417868.84849495965,0.0,337349.3123273539,252496.27979835664,254607.17679759758,254607.17679759758,29,21,0.5828881029719252,0.08385215355089266,0.0,resolved,True,-0.0025280671140992528,0.7661832404732603,0.0,0.0,417868.84849495965,27,1011936.234619152,417868.84849495965,0.0,337349.3123273539,252496.27979835664,254607.17679759758,254607.17679759758,29,21,0.5828881029719252,0.08385215355089266,0.0,resolved,True,-0.0025280671140992528,0.7661832404732603,0.0,0.0,417868.84849495965,27,0.032248997796246834
2025-09-25,499,20,1012727.1972853228,303637.7266399927,0.0,389122.32725979073,317116.92475589353,318542.03407071653,318542.03407071653,27,25,0.6973637657888538,0.07110049250865592,0.0,resolved,True,0.0007816329123429,0.7112845879281349,0.0,0.0,303637.7266399927,30,1012727.1972853228,303637.7266399927,0.0,389122.32725979073,317116.92475589353,318542.03407071653,318542.03407071653,27,25,0.6973637657888538,0.07110049250865592,0.0,resolved,True,0.0007816329123429,0.7112845879281349,0.0,0.0,303637.7266399927,30,0.01579473455891175
2025-09-26,499,20,1014525.4255608704,373086.4578094196,0.0,344042.95664757467,301648.27397443895,299522.1425391576,299522.1425391576,27,26,0.636446573298101,0.0417876985682229,0.0,resolved,True,0.0017756294887387725,0.6678757074809958,0.0,0.0,373086.4578094196,34,1014525.4255608704,373086.4578094196,0.0,344042.95664757467,301648.27397443895,299522.1425391576,299522.1425391576,27,26,0.636446573298101,0.0417876985682229,0.0,resolved,True,0.0017756294887387725,0.6678757074809958,0.0,0.0,373086.4578094196,34,0.041985629034626715
2025-09-29,499,20,1022961.7183322157,407224.35351286945,0.0,337196.320595579,279908.32119334984,279224.6827085585,279224.6827085585,26,24,0.6032529181981752,0.056002095069235404,0.0,resolved,True,0.008315506500668812,0.7700934502499577,0.0,0.0,407224.35351286945,28,1022961.7183322157,407224.35351286945,0.0,337196.320595579,279908.32119334984,279224.6827085585,279224.6827085585,26,24,0.6032529181981752,0.056002095069235404,0.0,resolved,True,0.008315506500668812,0.7700934502499577,0.0,0.0,407224.35351286945,28,0.014253041699029658
2025-09-30,499,20,1027959.2499779727,370457.2698986656,0.0,330184.58434758655,329416.85154813423,328367.12363992736,328367.12363992736,30,24,0.6416610735394956,0.0007468513946139141,0.0,resolved,True,0.004885355489064436,0.7576636387670451,0.0,0.0,370457.2698986656,38,1027959.2499779727,370457.2698986656,0.0,330184.58434758655,329416.85154813423,328367.12363992736,328367.12363992736,30,24,0.6416610735394956,0.0007468513946139141,0.0,resolved,True,0.004885355489064436,0.7576636387670451,0.0,0.0,370457.2698986656,38,-0.14886778165098272
2025-10-01,499,20,1028075.3199717744,462410.09810961987,0.0,277127.67063484376,295593.0974042717,292065.32431579125,292065.32431579125,26,22,0.5570805532563893,-0.017961161415619743,0.0,resolved,True,0.00011291303016558452,0.810699104314417,0.0,0.0,462410.09810961987,27,1028075.3199717744,462410.09810961987,0.0,277127.67063484376,295593.0974042717,292065.32431579125,292065.32431579125,26,22,0.5570805532563893,-0.017961161415619743,0.0,resolved,True,0.00011291303016558452,0.810699104314417,0.0,0.0,462410.09810961987,27,-0.059474721911616533
2025-10-02,499,20,1027032.0639535901,341569.256463703,0.0,352265.0968924148,338610.4078940819,335904.05924577714,335904.05924577714,28,25,0.6726912713191749,0.013295289872225372,0.0,resolved,True,-0.001014766134268097,0.7884925173419046,0.0,0.0,341569.256463703,37,1027032.0639535901,341569.256463703,0.0,352265.0968924148,338610.4078940819,335904.05924577714,335904.05924577714,28,25,0.6726912713191749,0.013295289872225372,0.0,resolved,True,-0.001014766134268097,0.7884925173419046,0.0,0.0,341569.256463703,37,0.05213726431418594
2025-10-03,499,20,1026158.5985621836,482267.3448374339,0.0,234539.93997230532,313604.4671867311,311477.8904695877,311477.8904695877,24,28,0.5341712362271063,-0.07704903250356052,0.0,resolved,True,-0.000850475289003283,0.8063124068148811,0.0,0.0,482267.3448374339,27,1026158.5985621836,482267.3448374339,0.0,234539.93997230532,313604.4671867311,311477.8904695877,311477.8904695877,24,28,0.5341712362271063,-0.07704903250356052,0.0,resolved,True,-0.000850475289003283,0.8063124068148811,0.0,0.0,482267.3448374339,27,0.03368641435413282
2025-10-06,499,20,1021227.9530464115,267285.85175861267,0.0,356216.43166142737,399304.6850435896,398515.1773349805,398515.1773349805,21,26,0.7398163303807264,-0.042192591040644996,0.0,resolved,True,-0.004804954636330794,0.7352362123063488,0.0,0.0,267285.85175861267,22,1021227.9530464115,267285.85175861267,0.0,356216.43166142737,399304.6850435896,398515.1773349805,398515.1773349805,21,26,0.7398163303807264,-0.042192591040644996,0.0,resolved,True,-0.004804954636330794,0.7352362123063488,0.0,0.0,267285.85175861267,22,0.08973490384571649
2025-10-07,499,20,1024196.3292849385,331463.1340033742,0.0,289998.68634900206,391049.2386909933,396891.8738117778,396891.8738117778,21,28,0.6649583732793511,-0.09866326352930939,0.0,resolved,True,0.0029066735097409424,0.5896213096964995,0.0,0.0,331463.1340033742,20,1024196.3292849385,331463.1340033742,0.0,289998.68634900206,391049.2386909933,396891.8738117778,396891.8738117778,21,28,0.6649583732793511,-0.09866326352930939,0.0,resolved,True,0.0029066735097409424,0.5896213096964995,0.0,0.0,331463.1340033742,20,0.167889325926734
2025-10-08,499,20,1022923.1893815794,253470.69251242199,0.0,291486.90627160814,475243.00914108125,476604.2998693152,476604.2998693152,26,33,0.7495478872428586,-0.17963822188894268,0.0,resolved,True,-0.0012430623572415866,0.5712354578473736,0.0,0.0,253470.69251242199,33,1022923.1893815794,253470.69251242199,0.0,291486.90627160814,475243.00914108125,476604.2998693152,476604.2998693152,26,33,0.7495478872428586,-0.17963822188894268,0.0,resolved,True,-0.0012430623572415866,0.5712354578473736,0.0,0.0,253470.69251242199,33,-0.07056405251159938
2025-10-09,499,20,1021974.2089448096,421850.75929172337,0.0,216839.06040644538,384770.85266659263,384027.62095661677,384027.62095661677,24,30,0.5886742618428712,-0.1643209689543312,0.0,resolved,True,-0.0009277142669368299,0.6539420517980779,0.0,0.0,421850.75929172337,30,1021974.2089448096,421850.75929172337,0.0,216839.06040644538,384770.85266659263,384027.62095661677,384027.62095661677,24,30,0.5886742618428712,-0.1643209689543312,0.0,resolved,True,-0.0009277142669368299,0.6539420517980779,0.0,0.0,421850.75929172337,30,0.010967194801206226
2025-10-10,499,20,1028174.2241407736,336869.0985932788,0.0,310315.6304610506,361573.3313871381,371281.41323679115,371281.41323679115,28,25,0.653477733707703,-0.04985312773126814,0.0,resolved,True,0.0060667041709061564,0.7320496948770885,0.0,0.0,336869.0985932788,23,1028174.2241407736,336869.0985932788,0.0,310315.6304610506,361573.3313871381,371281.41323679115,371281.41323679115,28,25,0.653477733707703,-0.04985312773126814,0.0,resolved,True,0.0060667041709061564,0.7320496948770885,0.0,0.0,336869.0985932788,23,0.3800048946138375
2025-10-13,499,20,1031667.894523107,263893.6104878303,0.0,430017.2747653899,336689.14001134684,337223.0746406168,337223.0746406168,32,27,0.743171730793416,0.09046335089954934,0.0,resolved,True,0.003397936167144122,0.5823782638738549,0.0,0.0,263893.6104878303,46,1031667.894523107,263893.6104878303,0.0,430017.2747653899,336689.14001134684,337223.0746406168,337223.0746406168,32,27,0.743171730793416,0.09046335089954934,0.0,resolved,True,0.003397936167144122,0.5823782638738549,0.0,0.0,263893.6104878303,46,0.1554886093084411
2025-10-14,499,20,1032851.5461600341,573204.2758001601,0.0,201223.08724446179,257750.79575378663,258087.48943459947,258087.48943459947,24,21,0.4443754619960972,-0.054729751549954325,0.0,resolved,True,0.001147318476431014,0.8061808546385264,0.0,0.0,573204.2758001601,38,1032851.5461600341,573204.2758001601,0.0,201223.08724446179,257750.79575378663,258087.48943459947,258087.48943459947,24,21,0.4443754619960972,-0.054729751549954325,0.0,resolved,True,0.001147318476431014,0.8061808546385264,0.0,0.0,573204.2758001601,38,0.11010874012066636
2025-10-15,499,20,1034545.9074673246,384950.9717272917,0.0,317486.0550540324,331288.9642072051,331698.92244660284,331698.92244660284,22,22,0.6271109039999064,-0.013341997734023845,0.0,resolved,True,0.0016404693526284042,0.9316126209466516,0.0,0.0,384950.9717272917,33,1034545.9074673246,384950.9717272917,0.0,317486.0550540324,331288.9642072051,331698.92244660284,331698.92244660284,22,22,0.6271109039999064,-0.013341997734023845,0.0,resolved,True,0.0016404693526284042,0.9316126209466516,0.0,0.0,384950.9717272917,33,-0.1756307916638625
2025-10-16,499,20,1038284.2795336185,477542.21898256335,0.0,285849.92184120795,271660.4412920753,273276.2900009613,273276.2900009613,23,24,0.5369534857868681,0.013666276981007865,0.0,resolved,True,0.0036135390796196987,0.829638407206812,0.0,0.0,477542.21898256335,29,1038284.2795336185,477542.21898256335,0.0,285849.92184120795,271660.4412920753,273276.2900009613,273276.2900009613,23,24,0.5369534857868681,0.013666276981007865,0.0,resolved,True,0.0036135390796196987,0.829638407206812,0.0,0.0,477542.21898256335,29,0.005854847869088245
2025-10-17,499,20,1039274.6631575435,338359.55501855,0.0,361075.19862927165,338643.4512783572,339241.68039403943,339241.68039403943,27,26,0.6732759632393333,0.021584041395526676,0.0,resolved,True,0.0009538655678866803,0.7813528503109972,0.0,0.0,338359.55501855,32,1039274.6631575435,338359.55501855,0.0,361075.19862927165,338643.4512783572,339241.68039403943,339241.68039403943,27,26,0.6732759632393333,0.021584041395526676,0.0,resolved,True,0.0009538655678866803,0.7813528503109972,0.0,0.0,338359.55501855,32,-0.04958598587092221
2025-10-20,499,20,1035696.1071803181,401436.55777217145,0.0,396512.62123449263,243875.29253966495,240811.1103566595,240811.1103566595,29,20,0.6183164244168237,0.14737655924031876,0.0,resolved,True,-0.00344332071596265,0.7148610305855544,0.0,0.0,401436.55777217145,29,1035696.1071803181,401436.55777217145,0.0,396512.62123449263,243875.29253966495,240811.1103566595,240811.1103566595,29,20,0.6183164244168237,0.14737655924031876,0.0,resolved,True,-0.00344332071596265,0.7148610305855544,0.0,0.0,401436.55777217145,29,-0.04584159785633952
2025-10-21,499,20,1036624.8547988458,355938.4002945999,0.0,354471.685299236,332950.8766747484,329582.82293987914,329582.82293987914,27,25,0.663135326913782,0.020760459798799303,0.0,resolved,True,0.0008967375778365927,0.7315041347321185,0.0,0.0,355938.4002945998,34,1036624.8547988458,355938.4002945999,0.0,354471.685299236,332950.8766747484,329582.82293987914,329582.82293987914,27,25,0.663135326913782,0.020760459798799303,0.0,resolved,True,0.0008967375778365927,0.7315041347321185,0.0,0.0,355938.4002945998,34,0.26431381758282274
2025-10-22,499,20,1036514.7179423377,381908.74164819834,0.0,356136.6297889085,296480.0041606677,297474.6753329493,297474.6753329493,26,22,0.6296260175110044,0.05755502029596802,0.0,resolved,True,-0.0001062456258870137,0.7091606430716323,0.0,0.0,381908.74164819834,29,1036514.7179423377,381908.74164819834,0.0,356136.6297889085,296480.0041606677,297474.6753329493,297474.6753329493,26,22,0.6296260175110044,0.05755502029596802,0.0,resolved,True,-0.0001062456258870137,0.7091606430716323,0.0,0.0,381908.74164819834,29,0.29936805112549253
2025-10-23,499,20,1045972.3714709228,353187.5280197443,0.0,408564.9167426986,285409.07950537116,284814.5031069255,284814.5031069255,26,23,0.6634725879730003,0.11774291615765785,0.0,resolved,True,0.009124475865967652,0.7138459575499462,0.0,0.0,353187.5280197443,34,1045972.3714709228,353187.5280197443,0.0,408564.9167426986,285409.07950537116,284814.5031069255,284814.5031069255,26,23,0.6634725879730003,0.11774291615765785,0.0,resolved,True,0.009124475865967652,0.7138459575499462,0.0,0.0,353187.5280197443,34,-0.10920354627585356
2025-10-24,499,20,1058218.072243969,522546.3322220577,0.0,245948.62687301674,290012.625724409,289867.86943665176,289867.86943665176,22,25,0.506475240458624,-0.04163980941844419,0.0,resolved,True,0.011707480146751159,0.8362762461274691,0.0,0.0,522546.3322220577,32,1058218.072243969,522546.3322220577,0.0,245948.62687301674,290012.625724409,289867.86943665176,289867.86943665176,22,25,0.506475240458624,-0.04163980941844419,0.0,resolved,True,0.011707480146751159,0.8362762461274691,0.0,0.0,522546.3322220577,32,-0.08335541364598922
2025-10-27,499,20,1057698.3560801847,382828.5752136892,0.0,314678.90271831263,362352.83721042506,361271.857679304,361271.857679304,24,26,0.6400990755415447,-0.04507328031480673,0.0,resolved,True,-0.0004911238783535943,0.8562579621343205,0.0,0.0,382828.5752136892,28,1057698.3560801847,382828.5752136892,0.0,314678.90271831263,362352.83721042506,361271.857679304,361271.857679304,24,26,0.6400990755415447,-0.04507328031480673,0.0,resolved,True,-0.0004911238783535943,0.8562579621343205,0.0,0.0,382828.5752136892,28,-0.12089968021090336
2025-10-28,499,20,1058838.7044643823,370477.1067809959,0.0,264215.0703168052,424824.9199612012,424485.7236638913,424485.7236638913,23,26,0.6507506642634111,-0.15168490627251968,0.0,resolved,True,0.0010781413979157328,0.7097830128864036,0.0,0.0,370477.1067809959,28,1058838.7044643823,370477.1067809959,0.0,264215.0703168052,424824.9199612012,424485.7236638913,424485.7236638913,23,26,0.6507506642634111,-0.15168490627251968,0.0,resolved,True,0.0010781413979157328,0.7097830128864036,0.0,0.0,370477.1067809959,28,-0.04423254846258012
2025-10-29,499,20,1063850.9915782374,372030.3753266778,0.0,273900.9114309699,419605.9449289991,418762.82487479434,418762.82487479434,23,25,0.6518834515829536,-0.13696000158995372,0.0,resolved,True,0.0047337588744365,0.7045946012761803,0.0,0.0,372030.3753266778,26,1063850.9915782374,372030.3753266778,0.0,273900.9114309699,419605.9449289991,418762.82487479434,418762.82487479434,23,25,0.6518834515829536,-0.13696000158995372,0.0,resolved,True,0.0047337588744365,0.7045946012761803,0.0,0.0,372030.3753266778,26,0.1496299787086127
2025-10-30,499,20,1075384.4757613605,386287.9983226511,0.0,259281.32103728,412192.1869539205,421003.6716776749,421003.6716776749,24,26,0.6244032000887911,-0.1421918108017891,0.0,resolved,True,0.010841259043254725,0.7052029266097879,0.0,0.0,386287.99832265114,41,1075384.4757613605,386287.9983226511,0.0,259281.32103728,412192.1869539205,421003.6716776749,421003.6716776749,24,26,0.6244032000887911,-0.1421918108017891,0.0,resolved,True,0.010841259043254725,0.7052029266097879,0.0,0.0,386287.99832265114,41,-0.049968423575878884
2025-10-31,499,20,1072926.4018528846,573210.8622493581,0.0,257518.7802534284,237483.41594400498,239840.08764705152,239840.08764705152,24,22,0.4613570840857229,0.018673568172824773,0.0,resolved,True,-0.002285762872609509,0.8859890118240829,0.0,0.0,573210.8622493581,26,1072926.4018528846,573210.8622493581,0.0,257518.7802534284,237483.41594400498,239840.08764705152,239840.08764705152,24,22,0.4613570840857229,0.018673568172824773,0.0,resolved,True,-0.002285762872609509,0.8859890118240829,0.0,0.0,573210.8622493581,26,0.038435230948593385
2025-11-03,499,20,1072222.280426274,299849.84876128077,0.0,390948.47425492806,384218.02285081975,382820.9901304424,382820.9901304424,23,25,0.7229531704914504,0.00627710459573042,0.0,resolved,True,-0.0006562625594770388,0.8082465194939216,0.0,0.0,299849.84876128077,30,1072222.280426274,299849.84876128077,0.0,390948.47425492806,384218.02285081975,382820.9901304424,382820.9901304424,23,25,0.7229531704914504,0.00627710459573042,0.0,resolved,True,-0.0006562625594770388,0.8082465194939216,0.0,0.0,299849.84876128077,30,0.05375139058321873
2025-11-04,499,20,1073784.988293498,477831.91983107413,0.0,313758.21951487695,276222.00134940684,279208.4251484769,279208.4251484769,25,24,0.5494398108525469,0.03495692207908789,0.0,resolved,True,0.0014574476726996188,0.7217063124925102,0.0,0.0,477831.91983107413,31,1073784.988293498,477831.91983107413,0.0,313758.21951487695,276222.00134940684,279208.4251484769,279208.4251484769,25,24,0.5494398108525469,0.03495692207908789,0.0,resolved,True,0.0014574476726996188,0.7217063124925102,0.0,0.0,477831.91983107413,31,0.2052595584298482
2025-11-05,499,20,1077209.5345875295,352297.7560751857,0.0,410415.5024787071,314933.5921288257,314714.9340812313,314714.9340812313,29,23,0.6733593338321813,0.08863819645491909,0.0,resolved,True,0.003189229064818555,0.7746034708353843,0.0,0.0,352297.7560751857,33,1077209.5345875295,352297.7560751857,0.0,410415.5024787071,314933.5921288257,314714.9340812313,314714.9340812313,29,23,0.6733593338321813,0.08863819645491909,0.0,resolved,True,0.003189229064818555,0.7746034708353843,0.0,0.0,352297.7560751857,33,0.07473765229924992
2025-11-06,499,20,1077747.747841902,443266.69367428427,0.0,311538.72928877594,323664.1647887163,323303.244833779,323303.244833779,25,25,0.5893799317599427,-0.01125071754890744,0.0,resolved,True,0.0004996365489642329,0.7340114769197366,0.0,0.0,443266.69367428427,27,1077747.747841902,443266.69367428427,0.0,311538.72928877594,323664.1647887163,323303.244833779,323303.244833779,25,25,0.5893799317599427,-0.01125071754890744,0.0,resolved,True,0.0004996365489642329,0.7340114769197366,0.0,0.0,443266.69367428427,27,-0.07281620241316107
2025-11-07,499,20,1080611.2509754251,307303.2170602337,0.0,400362.66255991906,378298.27738674224,375621.8243710072,375621.8243710072,30,26,0.7205745259859129,0.020418429988823615,0.0,resolved,True,0.002656932607149498,0.697548509118905,0.0,0.0,307303.2170602337,34,1080611.2509754251,307303.2170602337,0.0,400362.66255991906,378298.27738674224,375621.8243710072,375621.8243710072,30,26,0.7205745259859129,0.020418429988823615,0.0,resolved,True,0.002656932607149498,0.697548509118905,0.0,0.0,307303.2170602337,34,0.1473064446830341
2025-11-10,499,20,1081998.860458261,487515.2988389716,0.0,297531.6916372284,303080.58217391535,300016.2260779882,300016.2260779882,26,23,0.5550951075463844,-0.005128370037595785,0.0,resolved,True,0.0012840968309217882,0.7412973755772038,0.0,0.0,487515.2988389716,33,1081998.860458261,487515.2988389716,0.0,297531.6916372284,303080.58217391535,300016.2260779882,300016.2260779882,26,23,0.5550951075463844,-0.005128370037595785,0.0,resolved,True,0.0012840968309217882,0.7412973755772038,0.0,0.0,487515.2988389716,33,0.11563089130641728
2025-11-11,499,20,1076634.3622243437,383203.12914506346,0.0,284907.70721132774,421924.575630378,415224.05074916524,415224.05074916524,23,25,0.6565202706157167,-0.1272640677527431,0.0,resolved,True,-0.004957951833373775,0.8061252867314508,0.0,0.0,383203.12914506346,33,1076634.3622243437,383203.12914506346,0.0,284907.70721132774,421924.575630378,415224.05074916524,415224.05074916524,23,25,0.6565202706157167,-0.1272640677527431,0.0,resolved,True,-0.004957951833373775,0.8061252867314508,0.0,0.0,383203.12914506346,33,0.09082336994076991
2025-11-12,498,20,1077931.8685796484,451942.5213014933,0.0,277130.74503906263,358660.53153098666,353759.56688503973,353759.56688503973,24,20,0.5898251040743496,-0.07563537999795186,0.0,resolved,True,0.0012051504213781428,0.7777856024909052,0.0,0.0,451942.5213014933,28,1077931.8685796484,451942.5213014933,0.0,277130.74503906263,358660.53153098666,353759.56688503973,353759.56688503973,24,20,0.5898251040743496,-0.07563537999795186,0.0,resolved,True,0.0012051504213781428,0.7777856024909052,0.0,0.0,451942.5213014933,28,0.059933582183968825
2025-11-13,498,20,1073269.0188083155,430201.51846510824,0.0,310979.52068653103,333010.6161776284,332549.2979171522,332549.2979171522,26,22,0.6000267645657024,-0.020527095355420945,0.0,resolved,True,-0.004325737003654018,0.8196043672136868,0.0,0.0,430201.51846510824,23,1073269.0188083155,430201.51846510824,0.0,310979.52068653103,333010.6161776284,332549.2979171522,332549.2979171522,26,22,0.6000267645657024,-0.020527095355420945,0.0,resolved,True,-0.004325737003654018,0.8196043672136868,0.0,0.0,430201.51846510824,23,-0.0331042464781624
2025-11-14,498,20,1077319.5585240095,326731.89193259017,0.0,417670.85215429973,332105.21231252403,332511.0133748218,332511.0133748218,31,26,0.6959644040010381,0.0794245673577166,0.0,resolved,True,0.003774020906884612,0.7016960525296838,0.0,0.0,326731.89193259017,40,1077319.5585240095,326731.89193259017,0.0,417670.85215429973,332105.21231252403,332511.0133748218,332511.0133748218,31,26,0.6959644040010381,0.0794245673577166,0.0,resolved,True,0.003774020906884612,0.7016960525296838,0.0,0.0,326731.89193259017,40,-0.014745166768758025
2025-11-17,498,20,1078720.7937586752,499918.71334150666,0.0,329806.0627478628,247290.74300096167,248143.38033513364,248143.38033513364,27,25,0.5349825544179961,0.0764936767922923,0.0,resolved,True,0.0013006681476992465,0.7636728907912941,0.0,0.0,499918.71334150666,35,1078720.7937586752,499918.71334150666,0.0,329806.0627478628,247290.74300096167,248143.38033513364,248143.38033513364,27,25,0.5349825544179961,0.0764936767922923,0.0,resolved,True,0.0013006681476992465,0.7636728907912941,0.0,0.0,499918.71334150666,35,-0.06845882030510392
2025-11-18,498,20,1076140.3349786503,389251.73592778976,0.0,344467.95231910126,342644.9880243653,342532.81737806223,342532.81737806223,24,28,0.6384975249135126,0.0016939838007021162,0.0,resolved,True,-0.0023921470643331055,0.8240712460087158,0.0,0.0,389251.73592778976,31,1076140.3349786503,389251.73592778976,0.0,344467.95231910126,342644.9880243653,342532.81737806223,342532.81737806223,24,28,0.6384975249135126,0.0016939838007021162,0.0,resolved,True,-0.0023921470643331055,0.8240712460087158,0.0,0.0,389251.73592778976,31,0.050418269330044736
2025-11-19,498,20,1079559.4715757149,397922.8478902155,0.0,380502.4850489255,300935.8174806282,301034.978058601,301034.978058601,27,26,0.6312188633155454,0.07370290351133925,0.0,resolved,True,0.0031772218603183244,0.7286874073974001,0.0,0.0,397922.84789021546,39,1079559.4715757149,397922.8478902155,0.0,380502.4850489255,300935.8174806282,301034.978058601,301034.978058601,27,26,0.6312188633155454,0.07370290351133925,0.0,resolved,True,0.0031772218603183244,0.7286874073974001,0.0,0.0,397922.84789021546,39,0.19742321676788654
2025-11-20,498,20,1079915.835273183,497405.77470341,0.0,298831.13021938415,267082.0717266104,275380.50103849976,275380.50103849976,23,24,0.5240345436761163,0.029399567499389687,0.0,resolved,True,0.0003301010336631549,0.8304550575953968,0.0,0.0,497405.77470341,36,1079915.835273183,497405.77470341,0.0,298831.13021938415,267082.0717266104,275380.50103849976,275380.50103849976,23,24,0.5240345436761163,0.029399567499389687,0.0,resolved,True,0.0003301010336631549,0.8304550575953968,0.0,0.0,497405.77470341,36,0.029676198878368035
2025-11-21,498,20,1086875.7790768922,435735.4459807882,0.0,383531.20571597264,269588.9321123003,268599.0297462158,268599.0297462158,23,21,0.6009151647329767,0.10483467917598278,0.0,resolved,True,0.006444894663433232,0.8499150501823961,0.0,0.0,435735.4459807882,34,1086875.7790768922,435735.4459807882,0.0,383531.20571597264,269588.9321123003,268599.0297462158,268599.0297462158,23,21,0.6009151647329767,0.10483467917598278,0.0,resolved,True,0.006444894663433232,0.8499150501823961,0.0,0.0,435735.4459807882,34,0.07136926265582451
2025-11-24,498,20,1092573.6647238585,502171.0717185014,0.0,312829.8255127984,282514.12216408196,280043.44482832035,280043.44482832035,24,25,0.5449005105091472,0.027747056631077176,0.0,resolved,True,0.005242444220999731,0.8641733986190675,0.0,0.0,502171.0717185014,31,1092573.6647238585,502171.0717185014,0.0,312829.8255127984,282514.12216408196,280043.44482832035,280043.44482832035,24,25,0.5449005105091472,0.027747056631077176,0.0,resolved,True,0.005242444220999731,0.8641733986190675,0.0,0.0,502171.0717185014,31,0.00975066243025467
2025-11-25,498,20,1086583.0266959746,364065.3187982259,0.0,343174.1789562676,393519.3596738864,386431.4443076837,386431.4443076837,23,27,0.6779910237234733,-0.046333487161773365,0.0,resolved,True,-0.005483051826439489,0.7969462639529342,0.0,0.0,364065.31879822596,26,1086583.0266959746,364065.3187982259,0.0,343174.1789562676,393519.3596738864,386431.4443076837,386431.4443076837,23,27,0.6779910237234733,-0.046333487161773365,0.0,resolved,True,-0.005483051826439489,0.7969462639529342,0.0,0.0,364065.31879822596,26,0.1297549237758085
2025-11-26,498,20,1087125.4680053932,369881.48359135335,0.0,328231.92826209567,403516.49333397846,396264.2747429614,396264.2747429614,24,28,0.6731039269447452,-0.069251036138461,0.0,resolved,True,0.0004992175435207802,0.679836540674721,0.0,0.0,369881.4835913533,33,1087125.4680053932,369881.48359135335,0.0,328231.92826209567,403516.49333397846,396264.2747429614,396264.2747429614,24,28,0.6731039269447452,-0.069251036138461,0.0,resolved,True,0.0004992175435207802,0.679836540674721,0.0,0.0,369881.4835913533,33,-0.2390025826552313
2025-11-28,498,20,1088643.8087020926,454473.70687747723,0.0,284839.66101554665,360663.7614874466,354997.10114825773,354997.10114825773,25,26,0.5929427213411318,-0.06965005437572762,0.0,resolved,True,0.0013966563578766689,0.7621819162648333,0.0,0.0,454473.70687747723,25,1088643.8087020926,454473.70687747723,0.0,284839.66101554665,360663.7614874466,354997.10114825773,354997.10114825773,25,26,0.5929427213411318,-0.06965005437572762,0.0,resolved,True,0.0013966563578766689,0.7621819162648333,0.0,0.0,454473.70687747723,25,-0.05962817824088853
2025-12-01,498,20,1085345.1898076055,321639.93334216904,0.0,398837.5058422523,369437.342348311,367152.54648574744,367152.54648574744,28,28,0.7078622132436521,0.027088306807858013,0.0,resolved,True,-0.003030025861645136,0.7184113746207105,0.0,0.0,321639.93334216904,22,1085345.1898076055,321639.93334216904,0.0,398837.5058422523,369437.342348311,367152.54648574744,367152.54648574744,28,28,0.7078622132436521,0.027088306807858013,0.0,resolved,True,-0.003030025861645136,0.7184113746207105,0.0,0.0,321639.93334216904,22,-0.0995439227020332
2025-12-02,498,20,1081051.5096117998,267245.81050419435,0.0,396773.9663104164,424946.89004996733,420989.31142357836,420989.31142357836,30,29,0.7601125839558373,-0.02606066731239077,0.0,resolved,True,-0.003956050329542382,0.5435130356471689,0.0,0.0,267245.81050419435,29,1081051.5096117998,267245.81050419435,0.0,396773.9663104164,424946.89004996733,420989.31142357836,420989.31142357836,30,29,0.7601125839558373,-0.02606066731239077,0.0,resolved,True,-0.003956050329542382,0.5435130356471689,0.0,0.0,267245.81050419435,29,-0.29447117580107274
2025-12-03,498,20,1071771.8005848508,318925.4637597306,0.0,340237.6647489271,433435.2095268942,423021.94080154377,423021.94080154377,24,30,0.7218634357179754,-0.08695651884767867,0.0,resolved,True,-0.008583965652368741,0.5414468070328989,0.0,0.0,318925.4637597306,26,1071771.8005848508,318925.4637597306,0.0,340237.6647489271,433435.2095268942,423021.94080154377,423021.94080154377,24,30,0.7218634357179754,-0.08695651884767867,0.0,resolved,True,-0.008583965652368741,0.5414468070328989,0.0,0.0,318925.4637597306,26,-0.14604889493987203
2025-12-04,498,20,1074734.1238391248,351047.2201645451,0.0,394597.66995406494,342473.505916476,335781.3698184953,335781.3698184953,28,26,0.6858172263458083,0.04849958969516381,0.0,resolved,True,0.002763949613768135,0.6299395862341547,0.0,0.0,351047.2201645451,31,1074734.1238391248,351047.2201645451,0.0,394597.66995406494,342473.505916476,335781.3698184953,335781.3698184953,28,26,0.6858172263458083,0.04849958969516381,0.0,resolved,True,0.002763949613768135,0.6299395862341547,0.0,0.0,351047.2201645451,31,-0.18406322781751955
2025-12-05,498,20,1072642.27645849,367914.12134568964,0.0,354010.8169096915,368100.0650491868,359408.7016261479,359408.7016261479,27,24,0.673207552794814,-0.013135085618677421,0.0,resolved,True,-0.0019463859332599087,0.6710570773913241,0.0,0.0,367914.12134568964,18,1072642.27645849,367914.12134568964,0.0,354010.8169096915,368100.0650491868,359408.7016261479,359408.7016261479,27,24,0.673207552794814,-0.013135085618677421,0.0,resolved,True,-0.0019463859332599087,0.6710570773913241,0.0,0.0,367914.12134568964,18,-0.0265911253640946
2025-12-08,498,20,1069444.9647159805,190412.87840714114,0.0,441225.06648277026,451494.5770999467,444650.79846300796,444650.79846300796,31,27,0.8347504294620737,-0.009602654606825665,0.0,resolved,True,-0.0029807810233490883,0.5257518349643138,0.0,0.0,190412.87840714114,36,1069444.9647159805,190412.87840714114,0.0,441225.06648277026,451494.5770999467,444650.79846300796,444650.79846300796,31,27,0.8347504294620737,-0.009602654606825665,0.0,resolved,True,-0.0029807810233490883,0.5257518349643138,0.0,0.0,190412.87840714114,36,-0.024770456056929107
2025-12-09,498,20,1067206.4651140391,582098.4754949703,0.0,251328.2581843572,237929.0557746821,235854.39360469696,235854.39360469696,26,25,0.4584467298057067,0.012555398461012205,0.0,resolved,True,-0.0020931414666446324,0.7334057291843057,0.0,0.0,582098.4754949703,23,1067206.4651140391,582098.4754949703,0.0,251328.2581843572,237929.0557746821,235854.39360469696,235854.39360469696,26,25,0.4584467298057067,0.012555398461012205,0.0,resolved,True,-0.0020931414666446324,0.7334057291843057,0.0,0.0,582098.4754949703,23,0.014656705287094503
2025-12-10,498,20,1069260.2100992005,154333.1713913479,0.0,445817.1141275064,481261.4185469497,475185.67156364804,475185.67156364804,27,29,0.8670279918004677,-0.03314843672725366,0.0,resolved,True,0.0019244120536150433,0.6904408671955742,0.0,0.0,154333.1713913479,27,1069260.2100992005,154333.1713913479,0.0,445817.1141275064,481261.4185469497,475185.67156364804,475185.67156364804,27,29,0.8670279918004677,-0.03314843672725366,0.0,resolved,True,0.0019244120536150433,0.6904408671955742,0.0,0.0,154333.1713913479,27,-0.0012387164123043035
2025-12-11,498,20,1071610.6620859548,469832.6441193783,0.0,247037.54403675997,369235.0334493403,361987.7536895784,361987.7536895784,28,30,0.5750900017049928,-0.11403161030025175,0.0,resolved,True,0.002198203921322639,0.5804571979798345,0.0,0.0,469832.6441193783,37,1071610.6620859548,469832.6441193783,0.0,247037.54403675997,369235.0334493403,361987.7536895784,361987.7536895784,28,30,0.5750900017049928,-0.11403161030025175,0.0,resolved,True,0.002198203921322639,0.5804571979798345,0.0,0.0,469832.6441193783,37,0.04508165910252622
2025-12-12,499,20,1078443.7538044704,363035.76662549214,0.0,333905.3142419477,377335.15993913705,379418.9164380838,379418.9164380838,26,23,0.6595063225801183,-0.04027084912308136,0.0,resolved,True,0.006376468581615891,0.7771668138249338,0.0,0.0,363035.76662549214,32,1078443.7538044704,363035.76662549214,0.0,333905.3142419477,377335.15993913705,379418.9164380838,379418.9164380838,26,23,0.6595063225801183,-0.04027084912308136,0.0,resolved,True,0.006376468581615891,0.7771668138249338,0.0,0.0,363035.76662549214,32,-0.09542235837688666
2025-12-15,499,20,1078696.4330767284,465601.73478828976,0.0,353596.4788453357,257817.29055654953,258657.75499982623,258657.75499982623,29,23,0.5668080014485364,0.08879160563792589,0.0,resolved,True,0.00023429990796142164,0.7682850809545411,0.0,0.0,465601.73478828976,27,1078696.4330767284,465601.73478828976,0.0,353596.4788453357,257817.29055654953,258657.75499982623,258657.75499982623,29,23,0.5668080014485364,0.08879160563792589,0.0,resolved,True,0.00023429990796142164,0.7682850809545411,0.0,0.0,465601.73478828976,27,0.049378438565206795
2025-12-16,499,20,1076932.2450961035,360078.8110503429,0.0,417300.65317876,298451.3161149057,299002.0484909531,299002.0484909531,30,23,0.664621170508079,0.11035915918113161,0.0,resolved,True,-0.0016354814260328698,0.7619051569898044,0.0,0.0,360078.8110503429,28,1076932.2450961035,360078.8110503429,0.0,417300.65317876,298451.3161149057,299002.0484909531,299002.0484909531,30,23,0.664621170508079,0.11035915918113161,0.0,resolved,True,-0.0016354814260328698,0.7619051569898044,0.0,0.0,360078.8110503429,28,0.18972475032524283
2025-12-17,499,20,1077054.9555204776,367407.7429035384,0.0,368896.1188049606,335203.8802404421,337977.4870262103,337977.4870262103,25,25,0.6537270874030309,0.031281819364766796,0.0,resolved,True,0.00011394442401813087,0.674669447477302,0.0,0.0,367407.7429035384,24,1077054.9555204776,367407.7429035384,0.0,368896.1188049606,335203.8802404421,337977.4870262103,337977.4870262103,25,25,0.6537270874030309,0.031281819364766796,0.0,resolved,True,0.00011394442401813087,0.674669447477302,0.0,0.0,367407.7429035384,24,0.2848494225409626
2025-12-18,499,20,1076174.7507616845,289346.24438021984,0.0,430224.36794582976,359587.00437994313,358095.57140778896,358095.57140778896,28,25,0.7339062468867328,0.06563744737171319,0.0,resolved,True,-0.0008172329130297085,0.6083915254792931,0.0,0.0,289346.24438021984,41,1076174.7507616845,289346.24438021984,0.0,430224.36794582976,359587.00437994313,358095.57140778896,358095.57140778896,28,25,0.7339062468867328,0.06563744737171319,0.0,resolved,True,-0.0008172329130297085,0.6083915254792931,0.0,0.0,289346.24438021984,41,-0.19286162169763008
2025-12-19,499,20,1077034.252462558,602930.5884405064,0.0,250827.2400401899,232305.2693440643,227790.84666296295,227790.84666296295,23,26,0.44857673586481395,0.017197197446391813,0.0,resolved,True,0.0007986636931085478,0.8333724146811886,0.0,0.0,602930.5884405064,30,1077034.252462558,602930.5884405064,0.0,250827.2400401899,232305.2693440643,227790.84666296295,227790.84666296295,23,26,0.44857673586481395,0.017197197446391813,0.0,resolved,True,0.0007986636931085478,0.8333724146811886,0.0,0.0,602930.5884405064,30,-0.15450847298578568
2025-12-22,499,20,1076800.3361602805,320888.08355186984,0.0,387209.15669710835,373246.0770207063,370974.58646600443,370974.58646600443,27,27,0.7062174928636182,0.012967194759794026,0.0,resolved,True,-0.00021718557394312388,0.8673410657515644,0.0,0.0,320888.08355186984,31,1076800.3361602805,320888.08355186984,0.0,387209.15669710835,373246.0770207063,370974.58646600443,370974.58646600443,27,27,0.7062174928636182,0.012967194759794026,0.0,resolved,True,-0.00021718557394312388,0.8673410657515644,0.0,0.0,320888.08355186984,31,-0.015963461150390136
2025-12-23,499,20,1076881.5350811193,469941.72976594744,0.0,305160.68392937834,302471.2292153085,302125.175300551,302125.175300551,29,27,0.5642513993880628,0.0024974471438655044,0.0,resolved,True,7.54075923938835e-05,0.7351987223285517,0.0,0.0,469941.72976594744,25,1076881.5350811193,469941.72976594744,0.0,305160.68392937834,302471.2292153085,302125.175300551,302125.175300551,29,27,0.5642513993880628,0.0024974471438655044,0.0,resolved,True,7.54075923938835e-05,0.7351987223285517,0.0,0.0,469941.72976594744,25,0.21705534988978278
2025-12-24,499,20,1078488.3708465004,274335.806976847,0.0,391904.2809867045,414214.3513592546,413231.31712110183,413231.31712110183,30,30,0.7474523176483029,-0.02068642646099099,0.0,resolved,True,0.0014921193399979327,0.6907013916830538,0.0,0.0,274335.806976847,38,1078488.3708465004,274335.806976847,0.0,391904.2809867045,414214.3513592546,413231.31712110183,413231.31712110183,30,30,0.7474523176483029,-0.02068642646099099,0.0,resolved,True,0.0014921193399979327,0.6907013916830538,0.0,0.0,274335.806976847,38,-0.004587692574479046
2025-12-26,499,20,1079946.7287028625,531616.6888852251,0.0,258519.21877116465,287504.5267194945,288657.67388298374,288657.67388298374,26,24,0.5056024811024661,-0.026839571969577102,0.0,resolved,True,0.0013522239977585837,0.7489485647896051,0.0,0.0,531616.6888852251,30,1079946.7287028625,531616.6888852251,0.0,258519.21877116465,287504.5267194945,288657.67388298374,288657.67388298374,26,24,0.5056024811024661,-0.026839571969577102,0.0,resolved,True,0.0013522239977585837,0.7489485647896051,0.0,0.0,531616.6888852251,30,0.027016719829007257
2025-12-29,499,20,1082347.899294645,320167.8583657505,0.0,384309.24952855695,374652.00996259507,376261.40068146633,376261.40068146633,26,23,0.7012174735921409,0.00892249116227361,0.0,resolved,True,0.002223415774097237,0.784982700976622,0.0,0.0,320167.8583657505,30,1082347.899294645,320167.8583657505,0.0,384309.24952855695,374652.00996259507,376261.40068146633,376261.40068146633,26,23,0.7012174735921409,0.00892249116227361,0.0,resolved,True,0.002223415774097237,0.784982700976622,0.0,0.0,320167.8583657505,30,-0.26213686772384803
2025-12-30,499,20,1082723.0463686066,468983.30759037123,0.0,331277.27545652643,280209.8772507783,281336.1702862436,281336.1702862436,30,25,0.5647678367595471,0.047165707220350905,0.0,resolved,True,0.00034660488943161205,0.7275181318405762,0.0,0.0,468983.30759037123,25,1082723.0463686066,468983.30759037123,0.0,331277.27545652643,280209.8772507783,281336.1702862436,281336.1702862436,30,25,0.5647678367595471,0.047165707220350905,0.0,resolved,True,0.00034660488943161205,0.7275181318405762,0.0,0.0,468983.30759037123,25,-0.24103379648328624
2025-12-31,499,20,1081594.783954862,279340.4683106647,0.0,448363.7394028271,350371.9699850754,352131.2731132229,352131.2731132229,31,24,0.7384796240116076,0.09059933615752457,0.0,resolved,True,-0.0010420600332917695,0.6869806260026028,0.0,0.0,279340.4683106647,28,1081594.783954862,279340.4683106647,0.0,448363.7394028271,350371.9699850754,352131.2731132229,352131.2731132229,31,24,0.7384796240116076,0.09059933615752457,0.0,resolved,True,-0.0010420600332917695,0.6869806260026028,0.0,0.0,279340.4683106647,28,
